{
  "positive_frequencies": [
    0.0,
    0.07734375,
    0.1546875,
    0.23203125000000002,
    0.309375,
    0.38671875,
    0.46406250000000004,
    0.54140625,
    0.61875,
    0.6960937500000001,
    0.7734375,
    0.85078125,
    0.9281250000000001,
    1.0054687500000001,
    1.0828125,
    1.16015625,
    1.2375,
    1.31484375,
    1.3921875000000001,
    1.46953125,
    1.546875,
    1.62421875,
    1.7015625,
    1.7789062500000001,
    1.8562500000000002,
    1.93359375,
    2.0109375000000003,
    2.08828125,
    2.165625,
    2.24296875,
    2.3203125,
    2.3976562500000003,
    2.475,
    2.55234375,
    2.6296875,
    2.70703125,
    2.7843750000000003,
    2.86171875,
    2.9390625,
    3.01640625,
    3.09375,
    3.1710937500000003,
    3.2484375,
    3.32578125,
    3.403125,
    3.48046875,
    3.5578125000000003,
    3.63515625,
    3.7125000000000004,
    3.78984375,
    3.8671875,
    3.9445312500000003,
    4.0218750000000005,
    4.09921875,
    4.1765625,
    4.25390625,
    4.33125,
    4.4085937500000005,
    4.4859375,
    4.56328125,
    4.640625,
    4.71796875,
    4.7953125000000005,
    4.87265625,
    4.95
  ],
  "mx_fft_pos": [
    0.0743136260530348,
    0.08204009191324958,
    0.084570642455678,
    0.062354684312066144,
    0.026751018801331208,
    0.007925806187367478,
    0.03694935673576963,
    0.04778196248641828,
    0.04487887187463531,
    0.04802272525236008,
    0.0485651380483426,
    0.04808132896647463,
    0.0547085114027171,
    0.04425883903810684,
    0.011022445223716594,
    0.04264054913147119,
    0.04006480386705388,
    0.004999781876693339,
    0.024325800453929246,
    0.01754366397333597,
    0.0028103500761984482,
    0.010798337651756166,
    0.02477237841249233,
    0.039512078767643274,
    0.04556537385926895,
    0.03428321020123806,
    0.017492858501128517,
    0.009158849830235086,
    0.009253834063245753,
    0.006488476716970332,
    0.01598053617582586,
    0.018620711103964273,
    0.01180898886261382,
    0.01089798645348228,
    0.012142904339903324,
    0.0055042310194073326,
    0.0009880875592464644,
    0.00264011893312582,
    0.007392485528220812,
    0.009275331308239643,
    0.006032717332956402,
    0.0021126512323925086,
    0.0020657700513729326,
    0.0031003425744249007,
    0.002258451489682423,
    0.0005836856993921856,
    0.0007892809636828714,
    0.0034901035431296923,
    0.0037770905087384054,
    0.0008967422588922597,
    0.0014135356910580073,
    0.0026553183470454916,
    0.002007500215775883,
    0.00100327781534992,
    0.0012679720420214998,
    0.00082674187452751,
    0.00048448645984969013,
    0.0005946759264959967,
    0.00038591618760010064,
    0.0005573058195367933,
    0.00019144054723407153,
    0.0004891655984949649,
    0.00037559215323628705,
    0.00019523219964710087,
    0.0004949756040218611
  ],
  "my_fft_pos": [
    0.0300304650925918,
    0.047742802473222906,
    0.05285319391996052,
    0.036394216300748995,
    0.026057065270216326,
    0.025350524047868635,
    0.027059555930195475,
    0.031874534386395904,
    0.03654720447487508,
    0.03286525136968747,
    0.030690301855467048,
    0.0349113261447016,
    0.030675377785099597,
    0.03357561866166491,
    0.050611105376255565,
    0.05510629709279273,
    0.02945358481704742,
    0.017602031358148015,
    0.03204359936295981,
    0.03223285057464989,
    0.020631830329006187,
    0.03147396570603634,
    0.0345621102835109,
    0.02679485762014651,
    0.0065859674742776665,
    0.016778052353346676,
    0.02246836088097337,
    0.019427138168787186,
    0.01922586375349626,
    0.021810694487903695,
    0.020304959484352122,
    0.012660678924272748,
    0.008436687740520364,
    0.0056254787659674,
    0.006865950993580438,
    0.005934228718627595,
    0.012876813314187463,
    0.01057874789339999,
    0.0062614913536642915,
    0.008521400373077843,
    0.0062663596370673355,
    0.004525920014933915,
    0.0039942863816492475,
    0.0071369424926934185,
    0.008538620503329892,
    0.004689694707369443,
    0.0014117241742710482,
    0.0013036522955554109,
    0.0018474021706421668,
    0.001141832173963129,
    0.002201320690561305,
    0.0017733348602219803,
    0.00029132184161652857,
    0.000928275139208855,
    0.00017000963917336627,
    0.00023999107636588646,
    0.001609751586030898,
    0.0011095759494516267,
    0.0009124036196167396,
    0.0004491476039077122,
    0.00020887075058165856,
    0.00042367818556129444,
    0.0003731185277135895,
    0.00044693443322647375,
    7.868497593199519e-05
  ],
  "mz_fft_pos": [
    0.00944580747978257,
    0.02162352594648184,
    0.03572552928681899,
    0.039074455134233126,
    0.025017688987730987,
    0.026708242546292848,
    0.06835201258502002,
    0.04996167305520678,
    0.03181573303606913,
    0.07535346927774463,
    0.06291753757398405,
    0.02773921292782271,
    0.03166027623178737,
    0.007015131600019785,
    0.02553530260515697,
    0.018278438315195666,
    0.02378967577621403,
    0.03612832282408911,
    0.02846554424897945,
    0.017668277062764172,
    0.016119854855518426,
    0.02818435242129686,
    0.03366002900644256,
    0.030017002444292677,
    0.02696274142473709,
    0.026098344912745524,
    0.01801782063836281,
    0.011997994464220533,
    0.009259039783513865,
    0.005531150313611166,
    0.01274687757316254,
    0.014115086527601215,
    0.01165966466894375,
    0.010817268781441158,
    0.009869861199178782,
    0.00884168200397488,
    0.0034440965327757495,
    0.00584191628772845,
    0.00586721617229986,
    0.005499930473413141,
    0.003413309112212598,
    0.001752616557021669,
    0.004150065271397139,
    0.002074981601063292,
    0.0005583462255745926,
    0.0014814821426501717,
    0.0015206297001194398,
    0.0007356065265060483,
    0.0004816633514084024,
    0.00037892751419312936,
    0.0007701186393267897,
    0.000403542886421893,
    0.0008907532246933899,
    0.0004562709605835638,
    0.00034156624071881496,
    0.0004240914950950213,
    0.0003286445536446212,
    0.00021187440937738556,
    0.00013323729956471627,
    8.531456397163307e-05,
    2.9687776011236686e-05,
    1.78379561264033e-05,
    8.93027388320753e-06,
    7.517972250083615e-07,
    1.488980222785763e-08
  ]
}