{
  "positive_frequencies": [
    0.0,
    0.07734375,
    0.1546875,
    0.23203125000000002,
    0.309375,
    0.38671875,
    0.46406250000000004,
    0.54140625,
    0.61875,
    0.6960937500000001,
    0.7734375,
    0.85078125,
    0.9281250000000001,
    1.0054687500000001,
    1.0828125,
    1.16015625,
    1.2375,
    1.31484375,
    1.3921875000000001,
    1.46953125,
    1.546875,
    1.62421875,
    1.7015625,
    1.7789062500000001,
    1.8562500000000002,
    1.93359375,
    2.0109375000000003,
    2.08828125,
    2.165625,
    2.24296875,
    2.3203125,
    2.3976562500000003,
    2.475,
    2.55234375,
    2.6296875,
    2.70703125,
    2.7843750000000003,
    2.86171875,
    2.9390625,
    3.01640625,
    3.09375,
    3.1710937500000003,
    3.2484375,
    3.32578125,
    3.403125,
    3.48046875,
    3.5578125000000003,
    3.63515625,
    3.7125000000000004,
    3.78984375,
    3.8671875,
    3.9445312500000003,
    4.0218750000000005,
    4.09921875,
    4.1765625,
    4.25390625,
    4.33125,
    4.4085937500000005,
    4.4859375,
    4.56328125,
    4.640625,
    4.71796875,
    4.7953125000000005,
    4.87265625,
    4.95
  ],
  "mx_fft_pos": [
    0.00442908545937636,
    0.019241218711256794,
    0.046553518562840505,
    0.04243441706796032,
    0.028896033379857276,
    0.03674024426498348,
    0.025928587996145603,
    0.008199037967779389,
    0.030726902578537094,
    0.03833267422342661,
    0.032163978405890976,
    0.037026381217554825,
    0.03811263599684245,
    0.038573812771812446,
    0.025200944925009683,
    0.005426979895798023,
    0.013371744422126684,
    0.019179497840555393,
    0.017515773760486433,
    0.01709323860026529,
    0.008870448696942842,
    0.009115473906667707,
    0.012605454846819474,
    0.00694682000623968,
    0.011320814627819621,
    0.007047570169883807,
    0.007612211428067097,
    0.00556955265347124,
    0.0029396849659280772,
    0.004473584172652872,
    0.002675470648476036,
    0.004032543250923813,
    0.003967354757033165,
    0.0011039313096095741,
    0.0008329660215556366,
    0.0018529840321478129,
    0.0018330987917687858,
    0.0006468615806722602,
    0.0005900845434475082,
    0.0005059170879982971,
    0.0004902789775574052,
    0.0002861476168464697,
    0.0006725636401297024,
    0.00030539236815223665,
    0.00014043773730265376,
    0.00011537030493585155,
    0.00013197706881315567,
    0.00015079232185807187,
    2.921529890497151e-05,
    5.158221323031803e-05,
    2.4264470604699775e-05,
    1.5489760395811333e-05,
    2.4327051341610934e-05,
    1.009889995248033e-05,
    1.3993126222930218e-05,
    4.926935737765485e-06,
    1.3635448285694458e-06,
    3.762883657551161e-06,
    1.1498578336913665e-06,
    3.3593029809575936e-06,
    1.1843856446042801e-06,
    9.774241607585664e-07,
    5.996512624241796e-07,
    4.991391753513631e-07,
    1.0199994735893281e-07
  ],
  "my_fft_pos": [
    0.09473507454020556,
    0.073146062739157,
    0.03730483513138164,
    0.019990762999478807,
    0.009845096620191542,
    0.014909046109722612,
    0.03773934800128042,
    0.04911129912924503,
    0.04332331111809123,
    0.0327313845116792,
    0.012619669835471534,
    0.018494479699044976,
    0.04022655624523476,
    0.042002621076452355,
    0.03673726546248643,
    0.04024041679618417,
    0.031911429586245633,
    0.00996879890973683,
    0.0036772023368592394,
    0.010161209413726044,
    0.010748038997726013,
    0.018321075497781135,
    0.02113846789372915,
    0.01725159067010659,
    0.0166780144353498,
    0.010363380905385376,
    0.002026961864616967,
    0.0024158057836164443,
    0.0031105964023076444,
    0.002962854209660124,
    0.0023465998767316543,
    0.001200231052167431,
    0.0005860810029579465,
    0.0015974427684425365,
    0.001537704505539831,
    0.0007954753368963672,
    0.000494957616158685,
    0.00107171405868214,
    0.000704790488227027,
    0.0006254599795309756,
    0.0002997842754937135,
    0.0001407432327721214,
    0.00033037369073601343,
    1.4130027595650786e-05,
    0.0002206212502608962,
    6.0264553539540794e-05,
    5.8583048092517264e-05,
    4.7607247539919e-05,
    5.3521078568328314e-05,
    6.59130365267971e-05,
    1.8389532589641303e-05,
    1.2440203533442285e-05,
    1.7924070219196573e-05,
    1.406347428042497e-06,
    8.686258481768004e-06,
    1.6564531126410516e-06,
    1.4200800793585694e-06,
    2.2396629877244177e-06,
    2.57977936512864e-06,
    1.778146230434774e-06,
    1.7139751317322463e-06,
    2.067258563131526e-06,
    2.1564050019844387e-06,
    1.8019085724734965e-06,
    1.3785638677532574e-06
  ],
  "mz_fft_pos": [
    0.068096416242462,
    0.04719887497182741,
    0.025063824454003115,
    0.058759500421186515,
    0.06881204614779281,
    0.06657762347016818,
    0.06789748560515997,
    0.04937599639961119,
    0.024243452363348038,
    0.03497801806621451,
    0.034928315712116895,
    0.032391351327201084,
    0.025890010849169084,
    0.0009021557217953932,
    0.016307291150432994,
    0.010298107272637365,
    0.025785067378339046,
    0.01673852291276365,
    0.005247002514404485,
    0.015056256518752878,
    0.021444476618725644,
    0.01763479988864754,
    0.0058586614646092775,
    0.011503311773204721,
    0.01806559529640613,
    0.007866386332250251,
    0.005361699186179951,
    0.004028635157341897,
    0.006690396179148288,
    0.00615878726463022,
    0.0007475230816187117,
    0.00320659101997433,
    0.0023645972488534716,
    0.0009817580799737567,
    0.001070201436301591,
    0.0015461531523827646,
    0.0012910116408438416,
    0.0002509107554685927,
    0.0008511559002694307,
    0.0007854674761317713,
    0.0006678752186552891,
    0.0003854494049529533,
    0.0005245734348647783,
    0.00026250550691515455,
    0.0002536766252349144,
    0.00025309297793553714,
    0.00019685820971176779,
    0.00015108690646037606,
    5.67968919711304e-05,
    8.505697377923976e-05,
    4.4949125893455755e-05,
    3.4121574817514294e-05,
    2.350458186639262e-05,
    1.8811499238858333e-05,
    1.1091758685548187e-05,
    7.534521969273902e-06,
    3.488256908857505e-06,
    2.6906132590700196e-06,
    8.294497200400225e-07,
    1.0858466087786727e-06,
    5.816888435856311e-07,
    6.404620843383593e-07,
    3.66197995520374e-07,
    1.5232822404919184e-07,
    2.2942596114905455e-07
  ]
}