{
  "positive_frequencies": [
    0.0,
    0.07734375,
    0.1546875,
    0.23203125000000002,
    0.309375,
    0.38671875,
    0.46406250000000004,
    0.54140625,
    0.61875,
    0.6960937500000001,
    0.7734375,
    0.85078125,
    0.9281250000000001,
    1.0054687500000001,
    1.0828125,
    1.16015625,
    1.2375,
    1.31484375,
    1.3921875000000001,
    1.46953125,
    1.546875,
    1.62421875,
    1.7015625,
    1.7789062500000001,
    1.8562500000000002,
    1.93359375,
    2.0109375000000003,
    2.08828125,
    2.165625,
    2.24296875,
    2.3203125,
    2.3976562500000003,
    2.475,
    2.55234375,
    2.6296875,
    2.70703125,
    2.7843750000000003,
    2.86171875,
    2.9390625,
    3.01640625,
    3.09375,
    3.1710937500000003,
    3.2484375,
    3.32578125,
    3.403125,
    3.48046875,
    3.5578125000000003,
    3.63515625,
    3.7125000000000004,
    3.78984375,
    3.8671875,
    3.9445312500000003,
    4.0218750000000005,
    4.09921875,
    4.1765625,
    4.25390625,
    4.33125,
    4.4085937500000005,
    4.4859375,
    4.56328125,
    4.640625,
    4.71796875,
    4.7953125000000005,
    4.87265625,
    4.95
  ],
  "mx_fft_pos": [
    0.0743136260530348,
    0.08204009191324958,
    0.084570642455678,
    0.06235468431206615,
    0.026751018801331208,
    0.007925806187367476,
    0.03694935673576963,
    0.047781962486418285,
    0.04487887187463531,
    0.048022725252360086,
    0.04856513804834261,
    0.04808132896647461,
    0.05470851140271708,
    0.04425883903810684,
    0.011022445223716587,
    0.04264054913147119,
    0.040064803867053876,
    0.004999781876693343,
    0.02432580045392926,
    0.01754366397333597,
    0.0028103500761984374,
    0.010798337651756175,
    0.02477237841249234,
    0.039512078767643274,
    0.04556537385926895,
    0.034283210201238055,
    0.01749285850112851,
    0.009158849830235086,
    0.009253834063245757,
    0.006488476716970338,
    0.01598053617582587,
    0.01862071110396427,
    0.011808988862613818,
    0.010897986453482287,
    0.012142904339903338,
    0.005504231019407339,
    0.000988087559246475,
    0.0026401189331258295,
    0.007392485528220821,
    0.009275331308239657,
    0.006032717332956416,
    0.0021126512323925133,
    0.0020657700513729265,
    0.00310034257442489,
    0.002258451489682426,
    0.000583685699392188,
    0.0007892809636828695,
    0.0034901035431297066,
    0.003777090508738408,
    0.0008967422588922482,
    0.001413535691057999,
    0.002655318347045487,
    0.002007500215775875,
    0.0010032778153499153,
    0.0012679720420214968,
    0.0008267418745275335,
    0.00048448645984968677,
    0.0005946759264959906,
    0.0003859161876001091,
    0.0005573058195368051,
    0.00019144054723407974,
    0.0004891655984949686,
    0.00037559215323628917,
    0.0001952321996471124,
    0.0004949756040218922
  ],
  "my_fft_pos": [
    0.0300304650925918,
    0.04774280247322291,
    0.05285319391996053,
    0.036394216300749,
    0.02605706527021633,
    0.02535052404786864,
    0.027059555930195472,
    0.031874534386395904,
    0.036547204474875084,
    0.03286525136968747,
    0.030690301855467044,
    0.0349113261447016,
    0.03067537778509961,
    0.0335756186616649,
    0.05061110537625558,
    0.055106297092792744,
    0.02945358481704742,
    0.017602031358148022,
    0.032043599362959814,
    0.03223285057464989,
    0.020631830329006177,
    0.03147396570603633,
    0.03456211028351092,
    0.02679485762014652,
    0.0065859674742776665,
    0.016778052353346683,
    0.02246836088097338,
    0.019427138168787193,
    0.01922586375349626,
    0.021810694487903702,
    0.020304959484352136,
    0.012660678924272742,
    0.008436687740520364,
    0.0056254787659674056,
    0.0068659509935804375,
    0.005934228718627593,
    0.012876813314187465,
    0.010578747893399987,
    0.006261491353664289,
    0.00852140037307784,
    0.006266359637067331,
    0.004525920014933915,
    0.003994286381649246,
    0.007136942492693417,
    0.008538620503329887,
    0.0046896947073694385,
    0.0014117241742710453,
    0.001303652295555418,
    0.00184740217064217,
    0.0011418321739631212,
    0.0022013206905613174,
    0.001773334860221989,
    0.0002913218416165294,
    0.0009282751392088591,
    0.0001700096391733529,
    0.00023999107636588684,
    0.0016097515860308967,
    0.0011095759494516289,
    0.0009124036196167336,
    0.00044914760390770054,
    0.00020887075058165293,
    0.00042367818556129276,
    0.000373118527713584,
    0.00044693443322647164,
    7.868497593199519e-05
  ],
  "mz_fft_pos": [
    0.009445807479782568,
    0.021623525946481835,
    0.03572552928681899,
    0.03907445513423314,
    0.025017688987730997,
    0.02670824254629283,
    0.06835201258502002,
    0.04996167305520677,
    0.03181573303606913,
    0.07535346927774463,
    0.06291753757398404,
    0.027739212927822707,
    0.03166027623178736,
    0.007015131600019794,
    0.02553530260515695,
    0.018278438315195666,
    0.023789675776214034,
    0.03612832282408912,
    0.028465544248979454,
    0.017668277062764182,
    0.016119854855518426,
    0.028184352421296858,
    0.03366002900644255,
    0.030017002444292677,
    0.026962741424737095,
    0.026098344912745527,
    0.01801782063836281,
    0.011997994464220537,
    0.009259039783513865,
    0.005531150313611167,
    0.012746877573162532,
    0.0141150865276012,
    0.011659664668943739,
    0.01081726878144116,
    0.009869861199178775,
    0.008841682003974876,
    0.0034440965327757443,
    0.005841916287728454,
    0.0058672161722998625,
    0.005499930473413151,
    0.0034133091122125914,
    0.0017526165570216615,
    0.004150065271397147,
    0.0020749816010632994,
    0.000558346225574609,
    0.0014814821426501795,
    0.0015206297001194439,
    0.0007356065265060596,
    0.0004816633514084137,
    0.00037892751419312676,
    0.000770118639326788,
    0.00040354288642189553,
    0.0008907532246933893,
    0.0004562709605835548,
    0.00034156624071880986,
    0.00042409149509500756,
    0.0003286445536446204,
    0.00021187440937738252,
    0.00013323729956471632,
    8.531456397164001e-05,
    2.9687776011249114e-05,
    1.7837956126409222e-05,
    8.930273883215355e-06,
    7.517972250170421e-07,
    1.4889802243400752e-08
  ]
}