{
  "times": [
    0.0,
    0.10101010101010101,
    0.20202020202020202,
    0.30303030303030304,
    0.40404040404040403,
    0.5050505050505051,
    0.6060606060606061,
    0.7070707070707071,
    0.8080808080808081,
    0.9090909090909091,
    1.0101010101010102,
    1.1111111111111112,
    1.2121212121212122,
    1.3131313131313131,
    1.4141414141414141,
    1.5151515151515151,
    1.6161616161616161,
    1.7171717171717171,
    1.8181818181818181,
    1.9191919191919191,
    2.0202020202020203,
    2.121212121212121,
    2.2222222222222223,
    2.323232323232323,
    2.4242424242424243,
    2.525252525252525,
    2.6262626262626263,
    2.727272727272727,
    2.8282828282828283,
    2.929292929292929,
    3.0303030303030303,
    3.131313131313131,
    3.2323232323232323,
    3.3333333333333335,
    3.4343434343434343,
    3.5353535353535355,
    3.6363636363636362,
    3.7373737373737375,
    3.8383838383838382,
    3.9393939393939394,
    4.040404040404041,
    4.141414141414141,
    4.242424242424242,
    4.343434343434343,
    4.444444444444445,
    4.545454545454545,
    4.646464646464646,
    4.747474747474747,
    4.848484848484849,
    4.94949494949495,
    5.05050505050505,
    5.151515151515151,
    5.252525252525253,
    5.353535353535354,
    5.454545454545454,
    5.555555555555555,
    5.656565656565657,
    5.757575757575758,
    5.858585858585858,
    5.959595959595959,
    6.0606060606060606,
    6.161616161616162,
    6.262626262626262,
    6.363636363636363,
    6.4646464646464645,
    6.565656565656566,
    6.666666666666667,
    6.767676767676767,
    6.8686868686868685,
    6.96969696969697,
    7.070707070707071,
    7.171717171717171,
    7.2727272727272725,
    7.373737373737374,
    7.474747474747475,
    7.575757575757575,
    7.6767676767676765,
    7.777777777777778,
    7.878787878787879,
    7.979797979797979,
    8.080808080808081,
    8.181818181818182,
    8.282828282828282,
    8.383838383838384,
    8.484848484848484,
    8.585858585858587,
    8.686868686868687,
    8.787878787878787,
    8.88888888888889,
    8.98989898989899,
    9.09090909090909,
    9.191919191919192,
    9.292929292929292,
    9.393939393939394,
    9.494949494949495,
    9.595959595959595,
    9.696969696969697,
    9.797979797979798,
    9.8989898989899,
    10.0
  ],
  "mx": [
    1.0,
    0.24823122415641333,
    0.014916717179353186,
    -0.005505033862004009,
    -0.028068821765311208,
    -0.009683418867101098,
    0.013095908610663327,
    0.025035992607701913,
    0.008149010646204217,
    -0.01006349336532155,
    -0.030299950898231207,
    -0.03283423947753916,
    0.002708924022676069,
    0.009206529010245419,
    -0.05586839153834471,
    -0.0305178539181079,
    0.045073691932821285,
    0.04231958001958028,
    0.03545806086432271,
    -0.0027609408318405378,
    0.0018259998998945797,
    -0.030368731657478838,
    -0.04238929930801368,
    -0.002905077933952972,
    0.002338473524972143,
    -0.027652550308106122,
    -0.05053321651972817,
    -0.04153239500132656,
    -0.015431640634754322,
    -0.0022311371304124415,
    -0.005347552975239695,
    0.011747478798997851,
    -0.0026106750723183785,
    -0.01668615966522282,
    -5.5283827873234e-05,
    -0.002393556044757707,
    -0.0028769041133890213,
    0.007456858765811905,
    0.015511817016053373,
    0.0012347117866541464,
    -0.01520434703489626,
    -0.00844829200775097,
    0.008770933653243461,
    0.009507632144579465,
    -0.009058141535381124,
    -0.0013405910636517674,
    0.00399009799729089,
    -0.03604525883944898,
    -0.04892576032458699,
    -0.010105050174922213,
    0.0072334128494062865,
    0.008712237441562456,
    0.03662055873276507,
    0.03668130556804521,
    -0.0058388072465483465,
    -0.027615604885760536,
    0.019886339850652454,
    0.027314994351201174,
    0.010727683409916623,
    0.009452743903804241,
    0.00987326724330589,
    -0.02098980126774894,
    0.017318685246700088,
    0.030461774908895227,
    -0.005422980989831951,
    0.0009781459537228643,
    0.028952963296573424,
    -0.02733287016304425,
    -0.01709385170470017,
    -0.014187409992972431,
    -0.005012276396945455,
    0.03533005069109384,
    -0.013654102540136822,
    -0.0270851411104325,
    -0.018579133314006978,
    -0.0048235869673575495,
    0.003252384637359114,
    0.013516867093345219,
    -0.008078814894439389,
    -0.008170757777011964,
    -0.0045173272445150495,
    -0.042815101215886636,
    -0.012099005339903397,
    -0.030422287017522833,
    -0.015448559848711185,
    0.01626545326445972,
    0.015012951383770531,
    -0.0071715859692149725,
    -0.009687622800995721,
    -0.006884048443052012,
    0.0024995184678654123,
    -0.009485356208194361,
    -0.0036872718336526133,
    0.029997797119951423,
    0.022675935728577085,
    -0.01642875315191479,
    -0.044103177859867185,
    -0.024116075879256946,
    -0.013252125380341635,
    -0.011398179763518052
  ],
  "my": [
    0.0,
    0.05382145240090426,
    -0.006325016197967249,
    0.00033615531214026235,
    0.024105784283737317,
    0.011126818909194163,
    0.009483710553344328,
    0.022768737685299405,
    -0.033548047125531305,
    -0.0035077754127364877,
    0.015671084615602855,
    0.02726189187206195,
    0.046540314039677746,
    0.0021880166486509867,
    -0.026101823297350484,
    -0.08295249115481045,
    -0.002403152700260628,
    0.05689653795090229,
    0.021004127071644826,
    -0.023180040347026906,
    0.028004127770582286,
    0.04628417082923317,
    0.03787404978983072,
    -0.01562955270271709,
    -0.017851289029948,
    -0.010208945987921445,
    -0.03854636974375636,
    -0.03979072245436039,
    -0.027799845637588232,
    -0.026715573024850447,
    -0.03095679525954884,
    -0.02181707011411947,
    0.021096937556900796,
    0.025531120535434305,
    6.11057002554932e-05,
    -0.007820117130226421,
    -0.0008815291295156078,
    0.008598726188667784,
    0.015046616463511943,
    0.022621730043377537,
    0.020488481630884795,
    0.016630776791283552,
    0.012922545681561768,
    0.003365502127080981,
    -0.013065653582420494,
    -0.024321945715829133,
    -0.006471618853097149,
    0.009615396077242102,
    -0.004242954319859737,
    -0.024800569849855306,
    -0.0007348256889053296,
    0.017105618739761456,
    0.01146619708064571,
    0.013573405774720408,
    0.001585144898102356,
    -0.018469959697376588,
    -0.008776501499216745,
    0.01602113191942516,
    -0.009441560963530934,
    0.00015752344271713272,
    0.03834987028445837,
    0.02584947590601053,
    0.022836557397627136,
    -0.003134676884877348,
    0.001704034531851542,
    -0.009922625394889638,
    0.008332066804957915,
    -0.023295839275221955,
    0.002444969240837506,
    -0.002263628942654057,
    -0.02115295810656628,
    0.015985903847546775,
    -0.019517964719885712,
    0.01672135829298164,
    -0.018029153010771636,
    0.01578152676361585,
    -0.002464606944066373,
    -0.045312166749332916,
    -0.03776016715552277,
    0.00931442496381447,
    0.03770463788312262,
    0.004949468270699729,
    -0.010555030726264947,
    0.017800118426557952,
    -0.039792607330017854,
    0.004641407061359148,
    0.00637925209961004,
    -0.016595947617297005,
    0.02414886366206725,
    0.02444064921314481,
    -0.01412173109908424,
    0.006776990437840158,
    0.0203762720701931,
    0.01186776448083073,
    -0.009041577116309426,
    0.010647816060507596,
    -0.03306822361670889,
    -0.047833083426863335,
    -0.025789811356091777,
    -0.007172939841172007
  ],