{
  "positive_frequencies": [
    0.0,
    0.07734375,
    0.1546875,
    0.23203125000000002,
    0.309375,
    0.38671875,
    0.46406250000000004,
    0.54140625,
    0.61875,
    0.6960937500000001,
    0.7734375,
    0.85078125,
    0.9281250000000001,
    1.0054687500000001,
    1.0828125,
    1.16015625,
    1.2375,
    1.31484375,
    1.3921875000000001,
    1.46953125,
    1.546875,
    1.62421875,
    1.7015625,
    1.7789062500000001,
    1.8562500000000002,
    1.93359375,
    2.0109375000000003,
    2.08828125,
    2.165625,
    2.24296875,
    2.3203125,
    2.3976562500000003,
    2.475,
    2.55234375,
    2.6296875,
    2.70703125,
    2.7843750000000003,
    2.86171875,
    2.9390625,
    3.01640625,
    3.09375,
    3.1710937500000003,
    3.2484375,
    3.32578125,
    3.403125,
    3.48046875,
    3.5578125000000003,
    3.63515625,
    3.7125000000000004,
    3.78984375,
    3.8671875,
    3.9445312500000003,
    4.0218750000000005,
    4.09921875,
    4.1765625,
    4.25390625,
    4.33125,
    4.4085937500000005,
    4.4859375,
    4.56328125,
    4.640625,
    4.71796875,
    4.7953125000000005,
    4.87265625,
    4.95
  ],
  "mx_fft_pos": [
    0.0020958237647152513,
    0.0017034741512872206,
    0.003704215157605511,
    0.0031522652380512758,
    0.0016122757380150126,
    0.0034041656640088104,
    0.004261540770558065,
    0.003920001819200981,
    0.0017661841647454207,
    0.0001617284926998063,
    0.0019996118035251675,
    0.004025489799117782,
    0.0031482111252050552,
    0.0016693875323293883,
    0.00230808592438379,
    0.0027784653811058595,
    0.0016837389284173531,
    0.0017430412752066588,
    0.004991914281119109,
    0.0070195942754549216,
    0.004659544733066357,
    0.0017154736899606857,
    0.003147562348976787,
    0.002376718625702834,
    0.0011748860091530242,
    0.0007953269651768361,
    0.002585647676042982,
    0.002969477688206645,
    0.002372061594500852,
    0.0008333739999356821,
    0.0021057958628208835,
    0.0024195294684088505,
    0.0010390374406205772,
    0.0009350360497651673,
    0.0020498425792012083,
    0.004163368167233488,
    0.004222270230482976,
    0.0031560270523053476,
    0.003066367960056925,
    0.003136996461851628,
    0.0026074110877857435,
    0.002516415108503645,
    0.0020700255430939375,
    0.0012297546504964354,
    0.001669832279250397,
    0.0025280374879226514,
    0.002465299730373353,
    0.001101946750591301,
    0.0015475200921414845,
    0.0008687266314639437,
    0.0004177277384497011,
    0.0009217045372882006,
    0.0007087820044782675,
    0.0007427225942518065,
    0.0006311712348378329,
    0.0007002188677324296,
    0.0010236282751910038,
    0.00025327408610546136,
    0.0010737570790765724,
    0.0008595519203849844,
    0.0007570289973247349,
    0.0007968477773401069,
    0.0005835837942972616,
    0.00070656208292109,
    0.0009089868484984096
  ],
  "my_fft_pos": [
    0.0003989836977287307,
    0.0009586064712158919,
    0.002150819755134203,
    0.0021013999668968546,
    0.000801294743944518,
    0.004155836409756456,
    0.0053381592583948,
    0.004290365518309753,
    0.002752743673997519,
    0.0028076719330113954,
    0.0024728381766578795,
    0.0007364545679999744,
    0.004326291657884825,
    0.005503271769593968,
    0.002712414514472084,
    0.00036720217426630577,
    0.0004847523822720104,
    0.0007575201042728086,
    0.0034017959493107225,
    0.0035299867396496537,
    0.001460857242292409,
    0.0006530446635797609,
    0.002061506445124718,
    0.0006511777494742004,
    0.0017660087489197957,
    0.002229208417935521,
    0.0037714513288508605,
    0.00348810396924589,
    0.002813099515964402,
    0.002480502140112423,
    0.0016688407129344838,
    0.0010079683013155486,
    0.0020356569054849737,
    0.0023270807937525893,
    0.0011994942842771094,
    0.0035589077627569527,
    0.002811221738618788,
    0.0008899046059797283,
    0.0007401991233607326,
    0.0017639241113784948,
    0.0017800664657178459,
    0.0018051020689302027,
    0.0013088477504643284,
    0.0014020904707640154,
    0.0016466255944984007,
    0.0014483120635705128,
    0.0006588877240178026,
    0.0008904694210123926,
    0.001020375035952089,
    0.00017500104167878194,
    0.001386762373246814,
    0.0008649583809833659,
    0.001081465945811262,
    0.0014328233853508996,
    0.0013795958901201403,
    0.0017257689450499512,
    0.0021768969470305263,
    0.0016053614163249483,
    0.001624677167930924,
    0.0013374377940540071,
    0.0009764493710263443,
    0.0013393174984502433,
    0.0004778956364789836,
    0.0008878352111090621,
    0.00017742151008869257
  ],
  "mz_fft_pos": [
    0.00495876468547287,
    0.0035462664338105705,
    0.0015107070127585156,
    0.0007952430230271913,
    0.0013264337245118862,
    0.0023164878765383474,
    0.0034352977689958795,
    0.004528955126058858,
    0.004414221285111473,
    0.0028866604868651446,
    0.0012805469958997355,
    0.001234337915450606,
    0.0015456926900209937,
    0.0010263388604307769,
    0.0021693009959241594,
    0.0031886654138147913,
    0.0021405129953514608,
    0.0008423860478379673,
    0.0006143009730912932,
    0.0006901612606716188,
    0.0014649171776803757,
    0.0007160830962122937,
    0.001590603168248384,
    0.0026109648515224813,
    0.0017081338445871803,
    0.001215956226592551,
    0.0016784720739844389,
    0.0013746621904117185,
    0.0018721349467758553,
    0.0023928805644760215,
    0.0010846979007876254,
    0.0023315973368492646,
    0.003098729724525408,
    0.0020096504081863094,
    0.001743451790090487,
    0.0022842297496152904,
    0.002032519424955064,
    0.0013660372791826554,
    0.001739996524596682,
    0.0018173214491881786,
    0.001484701201723391,
    0.0022087326575953377,
    0.0020797573820529767,
    0.0016818445106522016,
    0.0021147199294963377,
    0.0012059295192317738,
    0.0014508926819112556,
    0.0015737504645831268,
    0.0008127070481458344,
    0.00103652237338153,
    0.001143361092574891,
    0.000408679011143544,
    0.0002574894538589682,
    0.0004730078414071647,
    0.0004619274633016944,
    0.0006592188516960091,
    0.0010923758822999653,
    0.0008681396134080776,
    0.0009624489901848638,
    0.0011641930266447537,
    0.0011952984385351965,
    0.001682352455558817,
    0.0016948349287337437,
    0.0017415214619236,
    0.0018969687083914616
  ]
}