{
  "positive_frequencies": [
    0.0,
    0.07734375,
    0.1546875,
    0.23203125000000002,
    0.309375,
    0.38671875,
    0.46406250000000004,
    0.54140625,
    0.61875,
    0.6960937500000001,
    0.7734375,
    0.85078125,
    0.9281250000000001,
    1.0054687500000001,
    1.0828125,
    1.16015625,
    1.2375,
    1.31484375,
    1.3921875000000001,
    1.46953125,
    1.546875,
    1.62421875,
    1.7015625,
    1.7789062500000001,
    1.8562500000000002,
    1.93359375,
    2.0109375000000003,
    2.08828125,
    2.165625,
    2.24296875,
    2.3203125,
    2.3976562500000003,
    2.475,
    2.55234375,
    2.6296875,
    2.70703125,
    2.7843750000000003,
    2.86171875,
    2.9390625,
    3.01640625,
    3.09375,
    3.1710937500000003,
    3.2484375,
    3.32578125,
    3.403125,
    3.48046875,
    3.5578125000000003,
    3.63515625,
    3.7125000000000004,
    3.78984375,
    3.8671875,
    3.9445312500000003,
    4.0218750000000005,
    4.09921875,
    4.1765625,
    4.25390625,
    4.33125,
    4.4085937500000005,
    4.4859375,
    4.56328125,
    4.640625,
    4.71796875,
    4.7953125000000005,
    4.87265625,
    4.95
  ],
  "mx_fft_pos": [
    0.06356106818925741,
    0.08281392229340317,
    0.09291199812347214,
    0.06742165210183082,
    0.07201870175312516,
    0.12219110444925278,
    0.12462633215072856,
    0.06728174016134703,
    0.04007395080762069,
    0.04748197011006433,
    0.04689307477137668,
    0.02779528027036653,
    0.020749928372256483,
    0.02881480755479417,
    0.026797611521854846,
    0.019558247625427266,
    0.011486513172694217,
    0.007706206151326329,
    0.007393189633027506,
    0.006368963591761826,
    0.006349789284831136,
    0.006780781888882098,
    0.004437640689970174,
    0.0022842636592484014,
    0.000964474466042721,
    0.0002622371572658634,
    0.0003683205025920386,
    0.0002636392702143649,
    5.7340796467976177e-05,
    1.7187796180967845e-05,
    6.45730476817619e-06,
    1.164445574966151e-06,
    2.243549968821971e-06,
    3.464175940595252e-06,
    3.079039326830223e-06,
    1.8427722635027069e-06,
    1.1393312002270228e-06,
    1.6262932051025276e-06,
    1.80078982502471e-06,
    1.4153598562737243e-06,
    9.136716778178484e-07,
    9.185770072679179e-07,
    1.0959499865781964e-06,
    1.0049911589586613e-06,
    7.226450514962322e-07,
    5.875320764826171e-07,
    6.827484037468789e-07,
    6.97090862267307e-07,
    5.552708746506518e-07,
    4.110936728333361e-07,
    4.3164157735731023e-07,
    4.754225078605431e-07,
    4.15482063394854e-07,
    3.0125270734150314e-07,
    2.747526591441941e-07,
    3.180498483475292e-07,
    3.0357173307503436e-07,
    2.2379559688780937e-07,
    1.7659248732964346e-07,
    2.1279612771544318e-07,
    2.2389587655213394e-07,
    1.721695707782738e-07,
    1.2432586766341925e-07,
    1.6235405435400245e-07,
    1.9265056271589033e-07
  ],
  "my_fft_pos": [
    0.1008435428273557,
    0.07535301097544127,
    0.047399406565039125,
    0.0677258110612811,
    0.07880892108612537,
    0.046570959790215596,
    0.023149771934773036,
    0.036226527874021155,
    0.039927179646169,
    0.03762726977907678,
    0.034419524267354486,
    0.0368300141542382,
    0.02628615163155109,
    0.017819194257491087,
    0.019957232894913333,
    0.015823831452463546,
    0.010579507740765461,
    0.0055113041595871,
    0.00259612989617279,
    0.000594400717342627,
    0.002269095689092643,
    0.003191754458032858,
    0.002028488881786777,
    0.0011619481336556982,
    0.0008786584327680224,
    0.0004736564238882523,
    0.0003542074878659981,
    0.0002532545111527245,
    4.8241298237747725e-05,
    1.2603960124308886e-05,
    6.322312849474997e-06,
    4.797748677018074e-06,
    2.9927817614213097e-06,
    1.3945750995086875e-06,
    1.7876740219087981e-06,
    2.2875449827736672e-06,
    1.9139413020546397e-06,
    1.003203952775783e-06,
    6.994122607510301e-07,
    1.2011653651992953e-06,
    1.2696677920551886e-06,
    8.602599150918948e-07,
    4.0624603188790316e-07,
    6.286112933637752e-07,
    8.237230640430774e-07,
    6.875976435794787e-07,
    3.615576750845446e-07,
    3.201336074924008e-07,
    5.108447568847635e-07,
    5.141311241355191e-07,
    3.3229933066664784e-07,
    1.7768518748463592e-07,
    2.937855019122897e-07,
    3.575294901174292e-07,
    2.7941331265897764e-07,
    1.3584034796651525e-07,
    1.506993352516977e-07,
    2.2854634296534308e-07,
    2.13816128361002e-07,
    1.2065906491354734e-07,
    6.899817116116532e-08,
    1.404293242566898e-07,
    1.6163569810625975e-07,
    1.1051296049030748e-07,
    4.228454931087811e-08
  ],
  "mz_fft_pos": [
    0.10819320949157282,
    0.13665873760282743,
    0.14032038930314614,
    0.0875199162168448,
    0.05398464799652051,
    0.04035312639494657,
    0.03424773329318965,
    0.014046317773855217,
    0.01588553390876465,
    0.02229049242598651,
    0.03798689418403297,
    0.04957622963343045,
    0.03530166159306478,
    0.01301346473400498,
    0.009492639689320466,
    0.008560280271810314,
    0.005772845995526461,
    0.003547302767348442,
    0.0031883201521478227,
    0.001654878342249176,
    0.0004644972015441615,
    0.00017730400815436535,
    0.00011640812047023078,
    3.3034750235434245e-05,
    7.6245672605538275e-06,
    1.4365503964840392e-05,
    1.8343185950459292e-05,
    1.3716430512390562e-05,
    5.000643131493771e-06,
    3.331516887934789e-06,
    7.749752426894277e-06,
    7.710853291788789e-06,
    4.36138593366616e-06,
    1.7173418874217147e-07,
    3.4661439405536854e-06,
    4.589733561441377e-06,
    3.465282712199304e-06,
    1.0799184284578342e-06,
    1.3973842369588465e-06,
    2.7036772203448606e-06,
    2.582930799561017e-06,
    1.3570765702157738e-06,
    4.1244577708306174e-07,
    1.5026736551509178e-06,
    1.8128565393070383e-06,
    1.274065160054842e-06,
    3.393167631770731e-07,
    7.40872102952506e-07,
    1.1817596695484934e-06,
    1.0322803960850454e-06,
    4.6877803042480046e-07,
    2.9311868663848043e-07,
    6.937789637915197e-07,
    7.340578451352167e-07,
    4.448843403327836e-07,
    1.1089517255822379e-07,
    3.461584177832236e-07,
    4.388248888737054e-07,
    3.101162929338575e-07,
    8.625200207698364e-08,
    1.3229677452412436e-07,
    1.8628657347052494e-07,
    1.173379645879714e-07,
    1.9064803998759477e-08,
    4.716769991475189e-08
  ]
}