{
  "positive_frequencies": [
    0.0,
    0.07734375,
    0.1546875,
    0.23203125000000002,
    0.309375,
    0.38671875,
    0.46406250000000004,
    0.54140625,
    0.61875,
    0.6960937500000001,
    0.7734375,
    0.85078125,
    0.9281250000000001,
    1.0054687500000001,
    1.0828125,
    1.16015625,
    1.2375,
    1.31484375,
    1.3921875000000001,
    1.46953125,
    1.546875,
    1.62421875,
    1.7015625,
    1.7789062500000001,
    1.8562500000000002,
    1.93359375,
    2.0109375000000003,
    2.08828125,
    2.165625,
    2.24296875,
    2.3203125,
    2.3976562500000003,
    2.475,
    2.55234375,
    2.6296875,
    2.70703125,
    2.7843750000000003,
    2.86171875,
    2.9390625,
    3.01640625,
    3.09375,
    3.1710937500000003,
    3.2484375,
    3.32578125,
    3.403125,
    3.48046875,
    3.5578125000000003,
    3.63515625,
    3.7125000000000004,
    3.78984375,
    3.8671875,
    3.9445312500000003,
    4.0218750000000005,
    4.09921875,
    4.1765625,
    4.25390625,
    4.33125,
    4.4085937500000005,
    4.4859375,
    4.56328125,
    4.640625,
    4.71796875,
    4.7953125000000005,
    4.87265625,
    4.95
  ],
  "mx_fft_pos": [
    0.07431362605303482,
    0.08204009191324958,
    0.084570642455678,
    0.06235468431206612,
    0.026751018801331208,
    0.007925806187367476,
    0.03694935673576964,
    0.047781962486418285,
    0.044878871874635316,
    0.04802272525236011,
    0.04856513804834262,
    0.04808132896647461,
    0.05470851140271708,
    0.04425883903810682,
    0.011022445223716591,
    0.042640549131471195,
    0.04006480386705387,
    0.004999781876693333,
    0.02432580045392926,
    0.017543663973335975,
    0.0028103500761984435,
    0.010798337651756178,
    0.02477237841249234,
    0.03951207876764329,
    0.045565373859268954,
    0.034283210201238055,
    0.01749285850112851,
    0.00915884983023508,
    0.009253834063245746,
    0.006488476716970333,
    0.015980536175825864,
    0.01862071110396427,
    0.011808988862613818,
    0.01089798645348228,
    0.012142904339903327,
    0.005504231019407331,
    0.0009880875592464654,
    0.0026401189331258248,
    0.007392485528220821,
    0.009275331308239647,
    0.006032717332956405,
    0.002112651232392502,
    0.0020657700513729256,
    0.0031003425744248886,
    0.0022584514896824104,
    0.0005836856993921732,
    0.0007892809636828695,
    0.003490103543129695,
    0.0037770905087383976,
    0.0008967422588922451,
    0.001413535691057995,
    0.002655318347045479,
    0.002007500215775875,
    0.0010032778153499112,
    0.0012679720420215013,
    0.0008267418745275179,
    0.0004844864598496836,
    0.0005946759264959965,
    0.00038591618760011007,
    0.0005573058195368054,
    0.0001914405472340885,
    0.0004891655984949845,
    0.00037559215323630093,
    0.0001952321996471067,
    0.0004949756040218967
  ],
  "my_fft_pos": [
    0.0300304650925918,
    0.047742802473222906,
    0.05285319391996052,
    0.036394216300748995,
    0.02605706527021633,
    0.02535052404786863,
    0.02705955593019546,
    0.0318745343863959,
    0.036547204474875084,
    0.03286525136968748,
    0.030690301855467048,
    0.0349113261447016,
    0.030675377785099604,
    0.0335756186616649,
    0.05061110537625558,
    0.05510629709279272,
    0.02945358481704741,
    0.017602031358148015,
    0.03204359936295981,
    0.032232850574649884,
    0.020631830329006184,
    0.03147396570603633,
    0.034562110283510916,
    0.026794857620146516,
    0.006585967474277668,
    0.016778052353346676,
    0.02246836088097337,
    0.01942713816878719,
    0.019225863753496268,
    0.021810694487903695,
    0.020304959484352132,
    0.012660678924272748,
    0.008436687740520367,
    0.005625478765967397,
    0.006865950993580439,
    0.0059342287186276,
    0.01287681331418747,
    0.010578747893399989,
    0.0062614913536642855,
    0.008521400373077838,
    0.006266359637067326,
    0.004525920014933906,
    0.003994286381649242,
    0.0071369424926934185,
    0.008538620503329892,
    0.004689694707369441,
    0.0014117241742710469,
    0.0013036522955554132,
    0.0018474021706421644,
    0.0011418321739631331,
    0.0022013206905613075,
    0.0017733348602219825,
    0.00029132184161652196,
    0.0009282751392088579,
    0.00017000963917335803,
    0.00023999107636588936,
    0.0016097515860308987,
    0.001109575949451622,
    0.0009124036196167448,
    0.00044914760390771464,
    0.00020887075058166323,
    0.0004236781855612933,
    0.0003731185277135961,
    0.00044693443322646985,
    7.868497593198854e-05
  ],
  "mz_fft_pos": [
    0.009445807479782582,
    0.02162352594648184,
    0.03572552928681899,
    0.039074455134233126,
    0.025017688987730977,
    0.02670824254629285,
    0.06835201258502002,
    0.049961673055206796,
    0.03181573303606914,
    0.07535346927774463,
    0.06291753757398404,
    0.02773921292782271,
    0.03166027623178737,
    0.007015131600019799,
    0.025535302605156948,
    0.01827843831519565,
    0.023789675776214037,
    0.03612832282408911,
    0.028465544248979444,
    0.017668277062764172,
    0.016119854855518426,
    0.028184352421296847,
    0.03366002900644255,
    0.03001700244429267,
    0.026962741424737105,
    0.026098344912745538,
    0.01801782063836282,
    0.011997994464220545,
    0.009259039783513867,
    0.005531150313611169,
    0.012746877573162547,
    0.01411508652760121,
    0.011659664668943743,
    0.010817268781441156,
    0.009869861199178778,
    0.008841682003974886,
    0.0034440965327757465,
    0.005841916287728457,
    0.0058672161722998824,
    0.005499930473413172,
    0.0034133091122126235,
    0.0017526165570216881,
    0.00415006527139716,
    0.002074981601063311,
    0.0005583462255746179,
    0.0014814821426501759,
    0.001520629700119438,
    0.0007356065265060617,
    0.0004816633514084225,
    0.00037892751419311163,
    0.0007701186393267812,
    0.0004035428864218921,
    0.0008907532246933926,
    0.00045627096058355925,
    0.00034156624071881393,
    0.00042409149509501867,
    0.00032864455364461947,
    0.0002118744093773767,
    0.0001332372995647155,
    8.531456397163288e-05,
    2.9687776011229056e-05,
    1.783795612639252e-05,
    8.930273883203242e-06,
    7.517972250127368e-07,
    1.4889802233408744e-08
  ]
}