{
  "times": [
    0.0,
    0.10101010101010101,
    0.20202020202020202,
    0.30303030303030304,
    0.40404040404040403,
    0.5050505050505051,
    0.6060606060606061,
    0.7070707070707071,
    0.8080808080808081,
    0.9090909090909091,
    1.0101010101010102,
    1.1111111111111112,
    1.2121212121212122,
    1.3131313131313131,
    1.4141414141414141,
    1.5151515151515151,
    1.6161616161616161,
    1.7171717171717171,
    1.8181818181818181,
    1.9191919191919191,
    2.0202020202020203,
    2.121212121212121,
    2.2222222222222223,
    2.323232323232323,
    2.4242424242424243,
    2.525252525252525,
    2.6262626262626263,
    2.727272727272727,
    2.8282828282828283,
    2.929292929292929,
    3.0303030303030303,
    3.131313131313131,
    3.2323232323232323,
    3.3333333333333335,
    3.4343434343434343,
    3.5353535353535355,
    3.6363636363636362,
    3.7373737373737375,
    3.8383838383838382,
    3.9393939393939394,
    4.040404040404041,
    4.141414141414141,
    4.242424242424242,
    4.343434343434343,
    4.444444444444445,
    4.545454545454545,
    4.646464646464646,
    4.747474747474747,
    4.848484848484849,
    4.94949494949495,
    5.05050505050505,
    5.151515151515151,
    5.252525252525253,
    5.353535353535354,
    5.454545454545454,
    5.555555555555555,
    5.656565656565657,
    5.757575757575758,
    5.858585858585858,
    5.959595959595959,
    6.0606060606060606,
    6.161616161616162,
    6.262626262626262,
    6.363636363636363,
    6.4646464646464645,
    6.565656565656566,
    6.666666666666667,
    6.767676767676767,
    6.8686868686868685,
    6.96969696969697,
    7.070707070707071,
    7.171717171717171,
    7.2727272727272725,
    7.373737373737374,
    7.474747474747475,
    7.575757575757575,
    7.6767676767676765,
    7.777777777777778,
    7.878787878787879,
    7.979797979797979,
    8.080808080808081,
    8.181818181818182,
    8.282828282828282,
    8.383838383838384,
    8.484848484848484,
    8.585858585858587,
    8.686868686868687,
    8.787878787878787,
    8.88888888888889,
    8.98989898989899,
    9.09090909090909,
    9.191919191919192,
    9.292929292929292,
    9.393939393939394,
    9.494949494949495,
    9.595959595959595,
    9.696969696969697,
    9.797979797979798,
    9.8989898989899,
    10.0
  ],
  "mx": [
    1.0,
    0.8378573621611031,
    0.4571150714525436,
    0.12321662644223778,
    -0.018703303306384172,
    -0.06679846591915724,
    0.11585968965734134,
    0.21930816663339764,
    0.11657559227848047,
    -0.04666161426562901,
    -0.1780250954247836,
    -0.21985592594348052,
    -0.1726202345621632,
    -0.10738216607052627,
    -0.06111319883060503,
    -0.030438041199515202,
    -0.003852148513995047,
    0.031111371590953445,
    0.05368983128827144,
    0.037013247132981555,
    -0.019011083635654086,
    -0.0657029924181802,
    -0.06330336764755015,
    -0.01753610402037419,
    0.05283910047835337,
    0.09577546837545126,
    0.07694320650652925,
    0.021013008015128176,
    -0.0484695013515921,
    -0.09215240005555037,
    -0.09161643609116635,
    -0.0457839174575561,
    0.006741874238788021,
    0.04099457154568209,
    0.0475648280656394,
    0.02542287711676224,
    -0.003616312739091643,
    -0.004173162849293653,
    0.022479346338572893,
    0.041041515666045914,
    0.049771717104793674,
    0.06968174890932415,
    0.09272184947456863,
    0.08965555805005025,
    0.06759316405546818,
    0.061618134120003165,
    0.08384160828963952,
    0.1075375366352798,
    0.09158103282524059,
    0.012649095416618978,
    -0.06436695976453136,
    -0.10140315759322202,
    -0.13047700622679864,
    -0.1687011744682747,
    -0.22093002379699878,
    -0.24999999999999972,
    -0.21247358080378398,
    -0.11468393929931359,
    -0.012018926107366108,
    0.03775876730883783,
    0.0190888898142295,
    -0.019251658085004553,
    -0.023299458554399043,
    0.017934794294141257,
    0.06688093751843179,
    0.08436768510792211,
    0.07448662574889067,
    0.045388819494693235,
    0.005831365221061848,
    -0.013343152855163323,
    -0.009885599983472623,
    -0.00214671076558147,
    0.0073371327000748745,
    0.0040473580436156086,
    -0.007139933415097152,
    0.0031238884693610275,
    0.025568245220733407,
    0.02562887687408901,
    -0.003140113142946179,
    -0.01857484419674809,
    -0.002695980119234137,
    0.007080024429147881,
    0.003558435462463469,
    0.0025223927947013807,
    0.0065489921615000226,
    0.007864450329926047,
    0.001026628403651178,
    -0.008590469872147441,
    -0.012874665143263138,
    -0.0019973929538416556,
    0.005822123736685188,
    -0.011272515917084145,
    -0.029004940672859927,
    -0.011582898808918366,
    0.023508679696828492,
    0.050464387179546946,
    0.0603699078494038,
    0.05133794899512284,
    0.029343419474750575,
    0.0022253792989723256
  ],
  "my": [
    0.0,
    0.0015710697806866959,
    0.01583194455661774,
    0.042876228232426795,
    0.017030116806914356,
    0.014995482188672535,
    0.1204779558854718,
    0.13471129939294854,
    0.07288780054059732,
    0.02531320408232107,
    -0.0037710356642215483,
    -0.007054193493185544,
    0.00046336634861227717,
    -0.0004693410220295716,
    -0.029328858167356246,
    -0.05476413671010108,
    -0.05682544632225131,
    -0.042587577391360196,
    -0.024836550937295504,
    -0.017053600590670428,
    -0.01741152598822187,
    -0.014588682191581593,
    -0.0015713793192588463,
    0.004288354803152388,
    -0.013803298967171,
    -0.021810981944136533,
    0.0036689689280199646,
    0.029118609577244735,
    0.050137679985333305,
    0.05904541247277699,
    0.0428690890662818,
    0.01891639435353102,
    0.007421850599906816,
    0.016500819787389875,
    0.0005987062257643942,
    -0.03227476602246632,
    -0.034471877705333956,
    -0.0065437127593540485,
    0.008367114427220436,
    0.008476505392196907,
    0.01768128387124341,
    0.025082467589108207,
    0.025212043302421862,
    0.009003584075780613,
    -0.005102735206892149,
    -0.010508747951729583,
    -0.023678928928686498,
    -0.023970430298102335,
    0.0036820859232528967,
    0.036422166565926575,
    0.04591157410426034,
    0.03640978380487975,
    0.026810326474638567,
    0.01327254147132204,
    0.0027818599283854243,
    -8.738669510233166e-17,
    0.002074677922788389,
    0.003816836191513588,
    -0.001646023534530071,
    -0.008699835124468818,
    -0.013263426758883467,
    -0.016958663987964313,
    -0.011148030764975957,
    -0.0011418446727381618,
    0.007868852605258622,
    0.0028678291176257613,
    -0.02173922989922242,
    -0.03704637885394303,
    -0.032152862639571435,
    -0.021970577370710037,
    -0.0006460122488732376,
    0.015742115487059807,
    0.0008773607431507083,
    -0.015748211457952615,
    -0.007618460754694372,
    0.008263422868010937,
    0.01572272663244785,
    0.01134652790160195,
    0.006943111368063557,
    0.011172802521132303,
    0.01261233697579758,
    0.006135479857845282,
    -0.001672673312055453,
    0.00498361581835132,
    0.0025530935038064646,
    -0.029907180264933598,
    -0.06653116074626858,
    -0.06737507889022507,
    -0.04433401677877678,
    -0.01901292469086276,
    0.0026327374999659515,
    0.017554722014274493,
    0.01709973481627714,
    -0.010531600564358382,
    -0.033945135459388744,
    -0.02444442906135505,
    0.0008445496213688149,
    0.015526780619233838,
    0.008665538274074147,
    -0.005754690550567861
  ],