{
  "times": [
    0.0,
    0.10101010101010101,
    0.20202020202020202,
    0.30303030303030304,
    0.40404040404040403,
    0.5050505050505051,
    0.6060606060606061,
    0.7070707070707071,
    0.8080808080808081,
    0.9090909090909091,
    1.0101010101010102,
    1.1111111111111112,
    1.2121212121212122,
    1.3131313131313131,
    1.4141414141414141,
    1.5151515151515151,
    1.6161616161616161,
    1.7171717171717171,
    1.8181818181818181,
    1.9191919191919191,
    2.0202020202020203,
    2.121212121212121,
    2.2222222222222223,
    2.323232323232323,
    2.4242424242424243,
    2.525252525252525,
    2.6262626262626263,
    2.727272727272727,
    2.8282828282828283,
    2.929292929292929,
    3.0303030303030303,
    3.131313131313131,
    3.2323232323232323,
    3.3333333333333335,
    3.4343434343434343,
    3.5353535353535355,
    3.6363636363636362,
    3.7373737373737375,
    3.8383838383838382,
    3.9393939393939394,
    4.040404040404041,
    4.141414141414141,
    4.242424242424242,
    4.343434343434343,
    4.444444444444445,
    4.545454545454545,
    4.646464646464646,
    4.747474747474747,
    4.848484848484849,
    4.94949494949495,
    5.05050505050505,
    5.151515151515151,
    5.252525252525253,
    5.353535353535354,
    5.454545454545454,
    5.555555555555555,
    5.656565656565657,
    5.757575757575758,
    5.858585858585858,
    5.959595959595959,
    6.0606060606060606,
    6.161616161616162,
    6.262626262626262,
    6.363636363636363,
    6.4646464646464645,
    6.565656565656566,
    6.666666666666667,
    6.767676767676767,
    6.8686868686868685,
    6.96969696969697,
    7.070707070707071,
    7.171717171717171,
    7.2727272727272725,
    7.373737373737374,
    7.474747474747475,
    7.575757575757575,
    7.6767676767676765,
    7.777777777777778,
    7.878787878787879,
    7.979797979797979,
    8.080808080808081,
    8.181818181818182,
    8.282828282828282,
    8.383838383838384,
    8.484848484848484,
    8.585858585858587,
    8.686868686868687,
    8.787878787878787,
    8.88888888888889,
    8.98989898989899,
    9.09090909090909,
    9.191919191919192,
    9.292929292929292,
    9.393939393939394,
    9.494949494949495,
    9.595959595959595,
    9.696969696969697,
    9.797979797979798,
    9.8989898989899,
    10.0
  ],
  "mx": [
    1.0,
    0.3051636661994813,
    0.11165235487590136,
    0.1704351408314601,
    0.3017776997234962,
    0.35097163745621607,
    0.3505098560762214,
    0.2558593832734272,
    -0.09991920298102691,
    -0.22804497026274795,
    -0.016497781893561686,
    0.08975481672631436,
    -0.0007429752276428281,
    -0.29121437191238164,
    -0.20280979629101498,
    0.2361399734337882,
    0.14167694157798308,
    0.3021757445781519,
    0.5834740061796104,
    0.24076531382233612,
    -0.19911391614588334,
    -0.7092132250762634,
    -0.8709812121880127,
    -0.09086770175204809,
    0.3612304737894468,
    0.20620222512842132,
    -0.188100760839792,
    -0.8811212583460707,
    -0.921161981955253,
    -0.7335554008265069,
    -0.5212708476247015,
    -0.2976026720795736,
    -0.5502376167239205,
    -0.7348070582149546,
    -0.5341019616905016,
    -0.1262476830610822,
    0.09092931194680903,
    0.24805007514440977,
    0.41810522615510126,
    -0.1483915015518867,
    -0.26586498453447904,
    -0.14116706974578386,
    -0.1526665291526325,
    0.05924094110725808,
    0.05753320878002536,
    -0.15300192434196366,
    -0.1684030943347341,
    -0.12756261289945856,
    -0.14985420652065617,
    -0.07085876564347032,
    0.19990050574147816,
    0.4821587318834166,
    0.21123190664947894,
    -0.1571773426574133,
    0.5598862880539696,
    1.0000000000000009,
    0.8936361349007615,
    0.646747792674629,
    0.5190689582417267,
    0.1217486009949683,
    -0.3805834039338085,
    -0.6526683122701021,
    -0.4309085757336343,
    0.04371801629100222,
    0.22087075924423222,
    0.1740074793715359,
    0.055091442747651875,
    -0.16007943409305458,
    -0.38395055443781,
    0.23066172575900945,
    0.39910325615896447,
    -0.03859533609018896,
    0.500408189453359,
    0.5506269021285473,
    -0.12836013791981243,
    5.5394026405974905e-05,
    0.3261677141884506,
    0.0746629395431383,
    -0.03393173439465247,
    0.1477893663323647,
    0.17347480837929016,
    -0.22661187258097168,
    -0.8841936238597317,
    -0.8951165331841006,
    -0.36488151610612907,
    0.029453714101501993,
    0.10424493233195059,
    -0.02568310660661141,
    -0.14763118079254062,
    -0.08043646172167845,
    0.03887055372474452,
    0.39635986698478726,
    0.3432394476156114,
    0.17739852190498195,
    0.17399157042999885,
    0.06205086517470906,
    0.1266541220669658,
    0.2689946132433688,
    0.41263994309201013,
    0.5078893019455019
  ],
  "my": [
    0.0,
    0.20633706093499649,
    0.28519418513796113,
    0.3397790148531122,
    0.24986105194642963,
    0.06909325423257723,
    0.32760213978969016,
    0.4314125353495504,
    -0.0945499504341695,
    -0.6263492100715093,
    -0.6430636804821652,
    -0.36306179937048977,
    0.015321294192584711,
    0.3889499799051278,
    0.3676426668217332,
    0.1467798830948413,
    0.4945385034967163,
    0.7651927989230536,
    0.35416877527805957,
    0.08842307683031825,
    0.09418479734115709,
    0.03437858673544014,
    -2.074730953471208e-17,
    0.03526220652333975,
    0.007541730635917482,
    -0.051960985601094495,
    -0.14614010096599747,
    -0.13071027319947062,
    0.16735136242714221,
    0.2712154326497606,
    -0.003686855910331188,
    -0.24011688498486122,
    -0.2531819547327919,
    -0.0425208268332595,
    0.327054206391543,
    0.6677771428794387,
    0.31367539009546946,
    -0.275786915486803,
    -0.006111250102877941,
    0.16532502583538156,
    -0.16308445360982965,
    -0.15039667624766573,
    -0.11933873091417263,
    -0.17344819375643492,
    -7.703719777548943e-34,
    0.28868615723254737,
    0.3254719974023803,
    0.13334977193976988,
    0.010873024840859308,
    -0.043238825721823027,
    -0.060296741620650574,
    0.010547003920888198,
    0.05102711657890052,
    -0.24137105769429276,
    -0.3535552870694404,
    -1.1102230246251565e-16,
    0.10962869919285831,
    0.17360581137865888,
    0.08239785586548161,
    -0.0185068394602112,
    -0.008810302356924204,
    -0.17952495534413065,
    -0.4450647423360036,
    -0.3816768201080458,
    -0.14636376629775913,
    0.0021527118013289284,
    -2.933841456881031e-16,
    -0.27910970349843117,
    -0.35942826037054587,
    -0.14176217276729455,
    -0.3640936108585836,
    -0.7542768864262761,
    -0.5254531122834712,
    -0.07781627442679481,
    -0.08201911637022055,
    -0.2749136855562181,
    -0.22797422028920883,
    0.0590165782395225,
    0.13049362343233833,
    0.07851923783318554,
    0.19484621682152398,
    0.26959048095862226,
    0.12149637813384834,
    -0.11764495123754601,
    -0.30349898095400346,
    -0.3770727571085962,
    -0.34714989912119665,
    -0.1919608175967599,
    0.0,
    -0.1514397865742797,
    -0.5708133180535042,
    -0.7001397417045581,
    -0.2633575135614018,
    -0.0523248081205456,
    -0.3702687194254466,
    -0.5849028134718153,
    -0.4344038991133742,
    -0.1948200944081327,
    -0.0876039501604271,
    0.06705755077675146
  ],