{
  "positive_frequencies": [
    0.0,
    0.07734375,
    0.1546875,
    0.23203125000000002,
    0.309375,
    0.38671875,
    0.46406250000000004,
    0.54140625,
    0.61875,
    0.6960937500000001,
    0.7734375,
    0.85078125,
    0.9281250000000001,
    1.0054687500000001,
    1.0828125,
    1.16015625,
    1.2375,
    1.31484375,
    1.3921875000000001,
    1.46953125,
    1.546875,
    1.62421875,
    1.7015625,
    1.7789062500000001,
    1.8562500000000002,
    1.93359375,
    2.0109375000000003,
    2.08828125,
    2.165625,
    2.24296875,
    2.3203125,
    2.3976562500000003,
    2.475,
    2.55234375,
    2.6296875,
    2.70703125,
    2.7843750000000003,
    2.86171875,
    2.9390625,
    3.01640625,
    3.09375,
    3.1710937500000003,
    3.2484375,
    3.32578125,
    3.403125,
    3.48046875,
    3.5578125000000003,
    3.63515625,
    3.7125000000000004,
    3.78984375,
    3.8671875,
    3.9445312500000003,
    4.0218750000000005,
    4.09921875,
    4.1765625,
    4.25390625,
    4.33125,
    4.4085937500000005,
    4.4859375,
    4.56328125,
    4.640625,
    4.71796875,
    4.7953125000000005,
    4.87265625,
    4.95
  ],
  "mx_fft_pos": [
    0.01243134361725503,
    0.08061950832677653,
    0.12872119212434888,
    0.11159922466624357,
    0.06722599412482869,
    0.029775448543305386,
    0.07529702188156785,
    0.1378242464230765,
    0.11954510613032611,
    0.06941497989959915,
    0.04029846455415434,
    0.026398529848636398,
    0.06921070526400339,
    0.08342242374857424,
    0.05373421624940069,
    0.03262447529396374,
    0.06631728628351814,
    0.05604637425553255,
    0.06893460274055405,
    0.11599985902426098,
    0.09430570659887084,
    0.06062323603580462,
    0.024383738448848166,
    0.032829308886273556,
    0.010525671155837071,
    0.02890340117326049,
    0.0303411956488534,
    0.01299862379902666,
    0.024065949208167875,
    0.041969886542171514,
    0.04017859877880418,
    0.033756819745104444,
    0.02566519243785473,
    0.02648263788594003,
    0.03188437548433015,
    0.03760745645389552,
    0.041582966109764904,
    0.03594305742455262,
    0.016671722487230686,
    0.01296391753786885,
    0.027923233070112817,
    0.026767505748151482,
    0.017623878458176888,
    0.016505352851564768,
    0.030400853496546646,
    0.02427441708209481,
    0.006019853722862448,
    0.010602232901910806,
    0.011978884436064543,
    0.01932083861688643,
    0.014495411590096525,
    0.005615422738723142,
    0.00746076504953249,
    0.00789327910395865,
    0.004492859786544043,
    0.00752292627900526,
    0.009909436564039347,
    0.008542914148771034,
    0.006283316812460935,
    0.004412341929025649,
    0.0023001434792578306,
    0.0023055475290081414,
    0.0042800793262683014,
    0.005216134189162236,
    0.005091298424082367
  ],
  "my_fft_pos": [
    0.03641566882097101,
    0.06627176424759856,
    0.056047313080673664,
    0.035502656687007764,
    0.03615514612620146,
    0.0178848230884289,
    0.03973015088249375,
    0.0078029052215517,
    0.04237154625508999,
    0.03590589361260785,
    0.01948368681815049,
    0.03977425204308778,
    0.07006756624097207,
    0.06266078610622386,
    0.02794058001999604,
    0.005576017154434438,
    0.026833493122432325,
    0.04496108090107702,
    0.029004196320374695,
    0.006767797353892536,
    0.019320669346501344,
    0.03318261664411121,
    0.05213457525121402,
    0.05289583592880895,
    0.0450171795280653,
    0.030481012569878164,
    0.026105924135121653,
    0.019805228756807364,
    0.018374860741071804,
    0.04397223829867564,
    0.04013743469321903,
    0.019342613057654875,
    0.01173570503647121,
    0.013988839884504589,
    0.020588743657474536,
    0.008128956111315633,
    0.025483381402912685,
    0.03161393920651616,
    0.024039559454718896,
    0.017180820031113632,
    0.02043047868470538,
    0.023447533972048743,
    0.014420345695619763,
    0.0012436586607006235,
    0.0075459563081437244,
    0.01129460176302346,
    0.014280509372798683,
    0.012635127115727176,
    0.007750331488203829,
    0.004378658353272329,
    0.002079384993059946,
    0.0011675603959274189,
    0.0038075207387400258,
    0.005027164698687972,
    0.004869547909764157,
    0.003866676855908141,
    0.00298247603065292,
    0.002692713702930058,
    0.0021097681382187404,
    0.0013541603373475777,
    0.0010706357320807536,
    0.001020866412941389,
    0.0012312170990349423,
    0.0016594066653574432,
    0.001829709656000349
  ],
  "mz_fft_pos": [
    0.026844287493694018,
    0.021733481304251435,
    0.03299963460260516,
    0.06601619703855824,
    0.08867210967505884,
    0.10816728954047025,
    0.14955795902647673,
    0.1582858733043916,
    0.09969966817244628,
    0.034123886079392374,
    0.004887269775493228,
    0.03132657576792835,
    0.06510083866906913,
    0.0509055045199088,
    0.025059709606367053,
    0.016364907954644795,
    0.042875075449584035,
    0.0756023752165411,
    0.08913684226916221,
    0.10972836370360989,
    0.08687394503497256,
    0.030488632284955446,
    0.03543788611380536,
    0.04872449043081274,
    0.00914962376697186,
    0.032702484762076274,
    0.034262328861136414,
    0.012764066263517759,
    0.021987838590441632,
    0.04223819926400551,
    0.04447360109621709,
    0.040915654798178484,
    0.02819140642219601,
    0.020351888235775592,
    0.03186701146578104,
    0.03478069754085215,
    0.03634395477524363,
    0.034639266449275466,
    0.01762332255467269,
    0.010684868097242554,
    0.02821717017402143,
    0.02851601291498754,
    0.01710709588074054,
    0.014044837490379098,
    0.02870569950185567,
    0.023377687885134505,
    0.005880159747788998,
    0.010030633834933798,
    0.012164226356544176,
    0.01924812185980414,
    0.014241777060052568,
    0.005320802564531647,
    0.007206438553369891,
    0.008342529698496533,
    0.005462724957265391,
    0.007820392836721566,
    0.009497537678980018,
    0.007193457900847628,
    0.004460250961713378,
    0.0033425901054914002,
    0.002229000704850151,
    0.0025335809146016038,
    0.0035707121008206654,
    0.004610100322091679,
    0.00509557798976415
  ]
}