{
  "positive_frequencies": [
    0.0,
    0.07734375,
    0.1546875,
    0.23203125000000002,
    0.309375,
    0.38671875,
    0.46406250000000004,
    0.54140625,
    0.61875,
    0.6960937500000001,
    0.7734375,
    0.85078125,
    0.9281250000000001,
    1.0054687500000001,
    1.0828125,
    1.16015625,
    1.2375,
    1.31484375,
    1.3921875000000001,
    1.46953125,
    1.546875,
    1.62421875,
    1.7015625,
    1.7789062500000001,
    1.8562500000000002,
    1.93359375,
    2.0109375000000003,
    2.08828125,
    2.165625,
    2.24296875,
    2.3203125,
    2.3976562500000003,
    2.475,
    2.55234375,
    2.6296875,
    2.70703125,
    2.7843750000000003,
    2.86171875,
    2.9390625,
    3.01640625,
    3.09375,
    3.1710937500000003,
    3.2484375,
    3.32578125,
    3.403125,
    3.48046875,
    3.5578125000000003,
    3.63515625,
    3.7125000000000004,
    3.78984375,
    3.8671875,
    3.9445312500000003,
    4.0218750000000005,
    4.09921875,
    4.1765625,
    4.25390625,
    4.33125,
    4.4085937500000005,
    4.4859375,
    4.56328125,
    4.640625,
    4.71796875,
    4.7953125000000005,
    4.87265625,
    4.95
  ],
  "mx_fft_pos": [
    0.07431362605303482,
    0.08204009191324958,
    0.08457064245567797,
    0.062354684312066144,
    0.026751018801331204,
    0.00792580618736748,
    0.03694935673576963,
    0.047781962486418285,
    0.04487887187463531,
    0.048022725252360086,
    0.04856513804834261,
    0.04808132896647461,
    0.05470851140271708,
    0.04425883903810683,
    0.011022445223716587,
    0.04264054913147119,
    0.04006480386705387,
    0.004999781876693331,
    0.024325800453929257,
    0.01754366397333597,
    0.0028103500761984374,
    0.01079833765175617,
    0.024772378412492337,
    0.03951207876764328,
    0.045565373859268954,
    0.03428321020123806,
    0.01749285850112851,
    0.009158849830235079,
    0.009253834063245751,
    0.0064884767169703225,
    0.01598053617582587,
    0.01862071110396428,
    0.011808988862613832,
    0.010897986453482294,
    0.012142904339903336,
    0.00550423101940733,
    0.0009880875592464804,
    0.002640118933125823,
    0.00739248552822081,
    0.009275331308239649,
    0.006032717332956411,
    0.0021126512323925146,
    0.002065770051372926,
    0.0031003425744248864,
    0.002258451489682414,
    0.0005836856993921795,
    0.0007892809636828657,
    0.003490103543129691,
    0.0037770905087383976,
    0.000896742258892252,
    0.0014135356910579986,
    0.002655318347045488,
    0.0020075002157758726,
    0.0010032778153499155,
    0.0012679720420214907,
    0.0008267418745275114,
    0.0004844864598496886,
    0.0005946759264959976,
    0.00038591618760010557,
    0.0005573058195367947,
    0.00019144054723407522,
    0.0004891655984949812,
    0.000375592153236297,
    0.00019523219964710467,
    0.0004949756040218833
  ],
  "my_fft_pos": [
    0.03003046509259179,
    0.04774280247322291,
    0.05285319391996052,
    0.03639421630074901,
    0.02605706527021633,
    0.025350524047868642,
    0.02705955593019548,
    0.03187453438639592,
    0.036547204474875084,
    0.03286525136968747,
    0.030690301855467048,
    0.0349113261447016,
    0.03067537778509961,
    0.033575618661664926,
    0.05061110537625558,
    0.05510629709279275,
    0.029453584817047424,
    0.017602031358148022,
    0.03204359936295981,
    0.032232850574649884,
    0.020631830329006177,
    0.03147396570603633,
    0.0345621102835109,
    0.026794857620146516,
    0.006585967474277673,
    0.01677805235334668,
    0.022468360880973374,
    0.01942713816878719,
    0.019225863753496265,
    0.02181069448790371,
    0.020304959484352136,
    0.01266067892427274,
    0.008436687740520355,
    0.005625478765967401,
    0.006865950993580439,
    0.0059342287186275955,
    0.012876813314187462,
    0.01057874789339999,
    0.006261491353664292,
    0.008521400373077834,
    0.006266359637067325,
    0.00452592001493391,
    0.003994286381649243,
    0.0071369424926934185,
    0.008538620503329894,
    0.004689694707369442,
    0.001411724174271046,
    0.0013036522955554083,
    0.0018474021706421644,
    0.001141832173963128,
    0.002201320690561312,
    0.0017733348602219823,
    0.00029132184161652244,
    0.0009282751392088573,
    0.0001700096391733526,
    0.000239991076365889,
    0.0016097515860309002,
    0.0011095759494516336,
    0.000912403619616727,
    0.000449147603907708,
    0.00020887075058165949,
    0.00042367818556129054,
    0.0003731185277135818,
    0.00044693443322648004,
    7.868497593199741e-05
  ],
  "mz_fft_pos": [
    0.009445807479782568,
    0.021623525946481842,
    0.035725529286819005,
    0.039074455134233126,
    0.02501768898773098,
    0.02670824254629285,
    0.06835201258502005,
    0.0499616730552068,
    0.031815733036069146,
    0.07535346927774463,
    0.06291753757398405,
    0.027739212927822714,
    0.03166027623178737,
    0.007015131600019792,
    0.02553530260515696,
    0.018278438315195666,
    0.02378967577621403,
    0.03612832282408911,
    0.028465544248979444,
    0.017668277062764182,
    0.016119854855518426,
    0.028184352421296865,
    0.03366002900644256,
    0.030017002444292683,
    0.02696274142473711,
    0.026098344912745538,
    0.018017820638362818,
    0.011997994464220554,
    0.009259039783513877,
    0.005531150313611172,
    0.012746877573162547,
    0.01411508652760121,
    0.01165966466894375,
    0.01081726878144117,
    0.009869861199178799,
    0.008841682003974895,
    0.0034440965327757604,
    0.00584191628772845,
    0.005867216172299869,
    0.005499930473413171,
    0.0034133091122126157,
    0.0017526165570216844,
    0.004150065271397153,
    0.0020749816010632955,
    0.0005583462255746095,
    0.0014814821426501676,
    0.0015206297001194393,
    0.0007356065265060579,
    0.0004816633514084102,
    0.0003789275141931259,
    0.0007701186393267846,
    0.0004035428864219004,
    0.0008907532246933972,
    0.00045627096058356944,
    0.0003415662407188229,
    0.00042409149509501016,
    0.0003286445536446093,
    0.00021187440937736976,
    0.00013323729956471467,
    8.531456397163682e-05,
    2.9687776011247772e-05,
    1.7837956126406105e-05,
    8.930273883213275e-06,
    7.517972250153198e-07,
    1.488980223229852e-08
  ]
}