{
  "positive_frequencies": [
    0.0,
    0.07734375,
    0.1546875,
    0.23203125000000002,
    0.309375,
    0.38671875,
    0.46406250000000004,
    0.54140625,
    0.61875,
    0.6960937500000001,
    0.7734375,
    0.85078125,
    0.9281250000000001,
    1.0054687500000001,
    1.0828125,
    1.16015625,
    1.2375,
    1.31484375,
    1.3921875000000001,
    1.46953125,
    1.546875,
    1.62421875,
    1.7015625,
    1.7789062500000001,
    1.8562500000000002,
    1.93359375,
    2.0109375000000003,
    2.08828125,
    2.165625,
    2.24296875,
    2.3203125,
    2.3976562500000003,
    2.475,
    2.55234375,
    2.6296875,
    2.70703125,
    2.7843750000000003,
    2.86171875,
    2.9390625,
    3.01640625,
    3.09375,
    3.1710937500000003,
    3.2484375,
    3.32578125,
    3.403125,
    3.48046875,
    3.5578125000000003,
    3.63515625,
    3.7125000000000004,
    3.78984375,
    3.8671875,
    3.9445312500000003,
    4.0218750000000005,
    4.09921875,
    4.1765625,
    4.25390625,
    4.33125,
    4.4085937500000005,
    4.4859375,
    4.56328125,
    4.640625,
    4.71796875,
    4.7953125000000005,
    4.87265625,
    4.95
  ],
  "mx_fft_pos": [
    0.0743136260530348,
    0.08204009191324958,
    0.084570642455678,
    0.062354684312066117,
    0.026751018801331197,
    0.007925806187367476,
    0.03694935673576962,
    0.04778196248641828,
    0.04487887187463529,
    0.048022725252360086,
    0.04856513804834261,
    0.04808132896647461,
    0.05470851140271708,
    0.04425883903810683,
    0.011022445223716594,
    0.04264054913147119,
    0.04006480386705388,
    0.004999781876693334,
    0.02432580045392925,
    0.017543663973335965,
    0.0028103500761984548,
    0.010798337651756173,
    0.024772378412492337,
    0.03951207876764328,
    0.04556537385926896,
    0.03428321020123806,
    0.017492858501128514,
    0.00915884983023508,
    0.009253834063245744,
    0.006488476716970327,
    0.015980536175825864,
    0.018620711103964273,
    0.011808988862613824,
    0.010897986453482288,
    0.012142904339903336,
    0.005504231019407328,
    0.0009880875592464733,
    0.002640118933125821,
    0.007392485528220813,
    0.009275331308239657,
    0.006032717332956411,
    0.0021126512323925138,
    0.0020657700513729343,
    0.0031003425744249003,
    0.0022584514896824277,
    0.0005836856993921831,
    0.0007892809636828661,
    0.0034901035431296958,
    0.003777090508738406,
    0.0008967422588922598,
    0.0014135356910579989,
    0.002655318347045491,
    0.0020075002157758834,
    0.0010032778153499244,
    0.0012679720420215093,
    0.0008267418745275316,
    0.0004844864598496993,
    0.0005946759264960096,
    0.0003859161876001111,
    0.000557305819536798,
    0.00019144054723407866,
    0.0004891655984949827,
    0.00037559215323629123,
    0.0001952321996471236,
    0.0004949756040218967
  ],
  "my_fft_pos": [
    0.0300304650925918,
    0.047742802473222906,
    0.05285319391996052,
    0.036394216300748995,
    0.026057065270216326,
    0.02535052404786864,
    0.027059555930195472,
    0.0318745343863959,
    0.03654720447487508,
    0.03286525136968747,
    0.03069030185546705,
    0.034911326144701604,
    0.030675377785099604,
    0.03357561866166491,
    0.05061110537625558,
    0.05510629709279272,
    0.02945358481704742,
    0.017602031358148015,
    0.03204359936295981,
    0.03223285057464989,
    0.020631830329006187,
    0.03147396570603634,
    0.0345621102835109,
    0.02679485762014651,
    0.006585967474277668,
    0.016778052353346676,
    0.02246836088097338,
    0.01942713816878719,
    0.01922586375349626,
    0.021810694487903695,
    0.020304959484352122,
    0.012660678924272736,
    0.008436687740520359,
    0.005625478765967401,
    0.006865950993580438,
    0.005934228718627585,
    0.012876813314187462,
    0.010578747893399994,
    0.00626149135366429,
    0.008521400373077838,
    0.006266359637067334,
    0.004525920014933914,
    0.003994286381649245,
    0.00713694249269342,
    0.008538620503329888,
    0.004689694707369438,
    0.001411724174271042,
    0.0013036522955554122,
    0.00184740217064217,
    0.0011418321739631381,
    0.0022013206905613096,
    0.0017733348602219764,
    0.0002913218416165271,
    0.0009282751392088603,
    0.00017000963917336006,
    0.00023999107636588722,
    0.0016097515860308978,
    0.0011095759494516183,
    0.0009124036196167345,
    0.0004491476039077079,
    0.00020887075058166103,
    0.0004236781855612933,
    0.00037311852771358846,
    0.0004469344332264728,
    7.868497593199075e-05
  ],
  "mz_fft_pos": [
    0.009445807479782577,
    0.02162352594648184,
    0.035725529286819,
    0.03907445513423313,
    0.025017688987730994,
    0.02670824254629284,
    0.06835201258502002,
    0.04996167305520676,
    0.03181573303606913,
    0.07535346927774464,
    0.06291753757398405,
    0.027739212927822707,
    0.03166027623178736,
    0.007015131600019788,
    0.02553530260515696,
    0.018278438315195666,
    0.023789675776214034,
    0.03612832282408911,
    0.028465544248979454,
    0.01766827706276418,
    0.016119854855518426,
    0.02818435242129686,
    0.03366002900644256,
    0.03001700244429267,
    0.026962741424737095,
    0.026098344912745527,
    0.018017820638362814,
    0.011997994464220531,
    0.009259039783513856,
    0.005531150313611161,
    0.012746877573162532,
    0.0141150865276012,
    0.011659664668943739,
    0.010817268781441155,
    0.009869861199178775,
    0.008841682003974876,
    0.003444096532775752,
    0.00584191628772844,
    0.005867216172299853,
    0.0054999304734131395,
    0.0034133091122126014,
    0.0017526165570216701,
    0.004150065271397147,
    0.002074981601063298,
    0.0005583462255745909,
    0.00148148214265018,
    0.001520629700119446,
    0.0007356065265060523,
    0.00048166335140840873,
    0.00037892751419312936,
    0.0007701186393267925,
    0.000403542886421889,
    0.000890753224693382,
    0.0004562709605835543,
    0.00034156624071880325,
    0.00042409149509500804,
    0.00032864455364461665,
    0.0002118744093773848,
    0.00013323729956471876,
    8.531456397163924e-05,
    2.968777601124605e-05,
    1.783795612641025e-05,
    8.930273883213649e-06,
    7.51797225012628e-07,
    1.4889802230078075e-08
  ]
}