{
  "times": [
    0.0,
    0.10101010101010101,
    0.20202020202020202,
    0.30303030303030304,
    0.40404040404040403,
    0.5050505050505051,
    0.6060606060606061,
    0.7070707070707071,
    0.8080808080808081,
    0.9090909090909091,
    1.0101010101010102,
    1.1111111111111112,
    1.2121212121212122,
    1.3131313131313131,
    1.4141414141414141,
    1.5151515151515151,
    1.6161616161616161,
    1.7171717171717171,
    1.8181818181818181,
    1.9191919191919191,
    2.0202020202020203,
    2.121212121212121,
    2.2222222222222223,
    2.323232323232323,
    2.4242424242424243,
    2.525252525252525,
    2.6262626262626263,
    2.727272727272727,
    2.8282828282828283,
    2.929292929292929,
    3.0303030303030303,
    3.131313131313131,
    3.2323232323232323,
    3.3333333333333335,
    3.4343434343434343,
    3.5353535353535355,
    3.6363636363636362,
    3.7373737373737375,
    3.8383838383838382,
    3.9393939393939394,
    4.040404040404041,
    4.141414141414141,
    4.242424242424242,
    4.343434343434343,
    4.444444444444445,
    4.545454545454545,
    4.646464646464646,
    4.747474747474747,
    4.848484848484849,
    4.94949494949495,
    5.05050505050505,
    5.151515151515151,
    5.252525252525253,
    5.353535353535354,
    5.454545454545454,
    5.555555555555555,
    5.656565656565657,
    5.757575757575758,
    5.858585858585858,
    5.959595959595959,
    6.0606060606060606,
    6.161616161616162,
    6.262626262626262,
    6.363636363636363,
    6.4646464646464645,
    6.565656565656566,
    6.666666666666667,
    6.767676767676767,
    6.8686868686868685,
    6.96969696969697,
    7.070707070707071,
    7.171717171717171,
    7.2727272727272725,
    7.373737373737374,
    7.474747474747475,
    7.575757575757575,
    7.6767676767676765,
    7.777777777777778,
    7.878787878787879,
    7.979797979797979,
    8.080808080808081,
    8.181818181818182,
    8.282828282828282,
    8.383838383838384,
    8.484848484848484,
    8.585858585858587,
    8.686868686868687,
    8.787878787878787,
    8.88888888888889,
    8.98989898989899,
    9.09090909090909,
    9.191919191919192,
    9.292929292929292,
    9.393939393939394,
    9.494949494949495,
    9.595959595959595,
    9.696969696969697,
    9.797979797979798,
    9.8989898989899,
    10.0
  ],
  "mx": [
    1.0,
    0.5638420808013737,
    0.11843657912701949,
    -0.003078204217832564,
    -0.015281850456534272,
    -0.0339034135103405,
    -0.025519039120283218,
    -0.0009966554259521884,
    0.036163975098779694,
    0.040250668027094455,
    0.04200689956590191,
    0.02416857333995643,
    0.034752885344360517,
    0.026591470128806857,
    0.02024427452591408,
    0.009837258717408894,
    0.011580269299480141,
    0.03675532441796441,
    0.05775583888504455,
    0.04001109105640555,
    0.04597577150789003,
    0.02263726059039162,
    -0.023547721027900467,
    -0.03744753238691077,
    -0.02448411972469717,
    -0.01738212810170304,
    -0.014158870982582172,
    -0.017845218334043473,
    -0.04579363346293517,
    -0.05708077314903468,
    -0.03151695849277972,
    0.014701325392970208,
    0.06267072081038624,
    0.06091059800615492,
    0.03131701583625899,
    0.0004981739300348913,
    -0.002042048257806733,
    9.157129355412755e-05,
    -0.0052861918916252,
    0.019959807986614043,
    0.045833898045174716,
    0.04119532568076986,
    0.028262874054131904,
    0.020746515007806145,
    0.022272252642790265,
    0.023755977976783138,
    0.004096528544027648,
    -0.02695694031363401,
    -0.03813041201426416,
    -0.020778055463470956,
    0.005488189786920361,
    0.022825465455463358,
    0.029206638451579076,
    0.025263534767487317,
    0.0109345019435357,
    -0.004672190801728791,
    -0.014041715306671905,
    -0.01582225727665318,
    -0.010016912282655183,
    0.001967921358560362,
    0.017613238956889734,
    0.03268588469896883,
    0.03878073275951812,
    0.027727222098968312,
    0.005648441862897487,
    -0.004886687764003833,
    0.008955612477050606,
    0.02982972655750584,
    0.031569945951420944,
    0.01085787119272122,
    -0.01724071539519914,
    -0.039371761841853405,
    -0.044736935780639475,
    -0.03537013566024399,
    -0.026419885052884534,
    -0.020308043318535952,
    -0.00992059784555339,
    -0.005378997819888442,
    -0.019691789745076956,
    -0.024082729597182943,
    0.014739667809299133,
    0.07226762377646072,
    0.08705076478016543,
    0.04943421401044243,
    0.012541241308031272,
    0.006937434085575658,
    0.015370569736029857,
    0.006203912004722891,
    -0.012121634799690513,
    -0.00352221782098005,
    0.027202343238751932,
    0.0401083598566631,
    0.004846035153765778,
    -0.011843188431588336,
    -0.021501858408905117,
    -0.01769163634431576,
    0.00469264568599968,
    0.03733177543075559,
    0.02628869603861666,
    -0.03239469931459947
  ],
  "my": [
    0.0,
    0.08804567866212724,
    0.034463920281545955,
    -0.0034365811358947505,
    -0.018532435326238012,
    -0.026468852259882422,
    -0.014085501313290939,
    -0.0060713654389364284,
    0.03819143292717664,
    0.07575994471720568,
    0.04085070100653931,
    -0.0012864460845578838,
    -0.03131387982392094,
    -0.02079506666015581,
    -0.04331399727456037,
    -0.036920963299977905,
    -0.028637939092249785,
    0.0054595049246184135,
    0.005052420764773795,
    0.029062795250982897,
    0.007446141089356765,
    -0.03876903400859116,
    -0.057954498216525326,
    -0.06135627649847483,
    -0.06220848233200437,
    -0.02928409596695769,
    -0.010083622169057211,
    0.02441209681481774,
    0.03038274030404577,
    0.0020202126830646105,
    0.008108178291111585,
    0.030861590259173725,
    0.03218489089364219,
    0.03126194396459516,
    0.030653489698897484,
    0.013649195692547257,
    -0.002812396807761447,
    -0.0006803349251185947,
    -0.006752222525624178,
    -0.016509349913453764,
    -0.0003480404193952763,
    0.009792188279826777,
    0.018901093290451816,
    0.033440179728428845,
    0.05157574935531323,
    0.06910254362547052,
    0.07446117211420616,
    0.07077231417376756,
    0.06440331226719101,
    0.06367236709497448,
    0.06840001471633325,
    0.0711293062880051,
    0.07268015192588131,
    0.07813777680137493,
    0.07749986377957452,
    0.058744358988044525,
    0.02729255144974397,
    -0.00022471762695380672,
    -0.011840635867552882,
    -0.010056158845022804,
    -0.0027039994838151506,
    0.009253880265161132,
    0.028045646865674165,
    0.04748768927645193,
    0.05358558023222176,
    0.04284278295122241,
    0.031814939874192906,
    0.03661124098552568,
    0.04978893206808108,
    0.05065845764426492,
    0.033651342733305646,
    0.008736423664996738,
    -0.01331299628733677,
    -0.021601388677810113,
    -0.016413234769137704,
    -0.008910484971610835,
    -0.0020591579562319272,
    0.007078271932035252,
    0.008376135991474281,
    8.787881634887999e-05,
    -0.006061880785143834,
    0.00416746873167321,
    0.030728911403216166,
    0.04382686433588696,
    0.027241447222795662,
    0.0033506618374946253,
    0.005992093508999157,
    0.02507648626843383,
    0.024054379186715564,
    0.010546610276798176,
    -0.0013046179859972952,
    0.007736377447128738,
    -0.024663245099277455,
    -0.062284880209260304,
    -0.04402900727494843,
    -0.027900074930430858,
    -0.002727691911381084,
    0.026583041688207243,
    0.02831069947093997,
    -0.017440147737930435
  ],