{
  "positive_frequencies": [
    0.0,
    0.07734375,
    0.1546875,
    0.23203125000000002,
    0.309375,
    0.38671875,
    0.46406250000000004,
    0.54140625,
    0.61875,
    0.6960937500000001,
    0.7734375,
    0.85078125,
    0.9281250000000001,
    1.0054687500000001,
    1.0828125,
    1.16015625,
    1.2375,
    1.31484375,
    1.3921875000000001,
    1.46953125,
    1.546875,
    1.62421875,
    1.7015625,
    1.7789062500000001,
    1.8562500000000002,
    1.93359375,
    2.0109375000000003,
    2.08828125,
    2.165625,
    2.24296875,
    2.3203125,
    2.3976562500000003,
    2.475,
    2.55234375,
    2.6296875,
    2.70703125,
    2.7843750000000003,
    2.86171875,
    2.9390625,
    3.01640625,
    3.09375,
    3.1710937500000003,
    3.2484375,
    3.32578125,
    3.403125,
    3.48046875,
    3.5578125000000003,
    3.63515625,
    3.7125000000000004,
    3.78984375,
    3.8671875,
    3.9445312500000003,
    4.0218750000000005,
    4.09921875,
    4.1765625,
    4.25390625,
    4.33125,
    4.4085937500000005,
    4.4859375,
    4.56328125,
    4.640625,
    4.71796875,
    4.7953125000000005,
    4.87265625,
    4.95
  ],
  "mx_fft_pos": [
    0.07431362605303482,
    0.08204009191324958,
    0.08457064245567798,
    0.062354684312066144,
    0.026751018801331197,
    0.007925806187367485,
    0.03694935673576963,
    0.047781962486418285,
    0.04487887187463531,
    0.048022725252360086,
    0.0485651380483426,
    0.0480813289664746,
    0.05470851140271708,
    0.04425883903810682,
    0.011022445223716586,
    0.042640549131471195,
    0.04006480386705388,
    0.004999781876693342,
    0.024325800453929243,
    0.017543663973335965,
    0.002810350076198441,
    0.010798337651756175,
    0.02477237841249234,
    0.03951207876764328,
    0.045565373859268954,
    0.03428321020123807,
    0.017492858501128517,
    0.009158849830235082,
    0.00925383406324576,
    0.006488476716970341,
    0.01598053617582587,
    0.018620711103964283,
    0.011808988862613829,
    0.010897986453482288,
    0.012142904339903324,
    0.005504231019407331,
    0.0009880875592464802,
    0.002640118933125835,
    0.0073924855282208254,
    0.009275331308239662,
    0.0060327173329564245,
    0.0021126512323925203,
    0.0020657700513729282,
    0.003100342574424891,
    0.0022584514896824186,
    0.0005836856993921786,
    0.0007892809636828664,
    0.003490103543129698,
    0.0037770905087384054,
    0.0008967422588922453,
    0.0014135356910579958,
    0.002655318347045486,
    0.0020075002157758782,
    0.0010032778153499112,
    0.001267972042021496,
    0.0008267418745275188,
    0.00048448645984969474,
    0.0005946759264960006,
    0.00038591618760010514,
    0.0005573058195367929,
    0.00019144054723407955,
    0.0004891655984949775,
    0.00037559215323628917,
    0.0001952321996471131,
    0.0004949756040218967
  ],
  "my_fft_pos": [
    0.03003046509259179,
    0.04774280247322293,
    0.05285319391996052,
    0.03639421630074901,
    0.026057065270216326,
    0.02535052404786864,
    0.027059555930195472,
    0.031874534386395904,
    0.036547204474875084,
    0.03286525136968747,
    0.03069030185546706,
    0.03491132614470161,
    0.030675377785099614,
    0.03357561866166491,
    0.05061110537625558,
    0.05510629709279273,
    0.02945358481704741,
    0.01760203135814802,
    0.03204359936295981,
    0.03223285057464989,
    0.020631830329006184,
    0.03147396570603634,
    0.03456211028351092,
    0.02679485762014653,
    0.006585967474277672,
    0.01677805235334668,
    0.02246836088097338,
    0.019427138168787196,
    0.019225863753496265,
    0.021810694487903695,
    0.02030495948435214,
    0.012660678924272742,
    0.008436687740520355,
    0.005625478765967403,
    0.006865950993580441,
    0.005934228718627596,
    0.012876813314187467,
    0.010578747893399987,
    0.006261491353664285,
    0.008521400373077841,
    0.006266359637067335,
    0.004525920014933912,
    0.00399428638164924,
    0.007136942492693414,
    0.008538620503329887,
    0.004689694707369434,
    0.0014117241742710356,
    0.00130365229555541,
    0.0018474021706421629,
    0.001141832173963135,
    0.0022013206905613157,
    0.0017733348602219916,
    0.0002913218416165153,
    0.0009282751392088495,
    0.00017000963917335928,
    0.00023999107636588426,
    0.001609751586030896,
    0.0011095759494516263,
    0.00091240361961674,
    0.0004491476039077187,
    0.0002088707505816647,
    0.0004236781855612819,
    0.0003731185277135945,
    0.00044693443322648546,
    7.868497593199741e-05
  ],
  "mz_fft_pos": [
    0.009445807479782603,
    0.021623525946481852,
    0.035725529286819,
    0.03907445513423313,
    0.025017688987730997,
    0.02670824254629284,
    0.06835201258502002,
    0.04996167305520679,
    0.031815733036069146,
    0.07535346927774463,
    0.06291753757398405,
    0.027739212927822714,
    0.031660276231787354,
    0.007015131600019781,
    0.02553530260515696,
    0.018278438315195662,
    0.02378967577621403,
    0.03612832282408911,
    0.028465544248979444,
    0.017668277062764165,
    0.016119854855518423,
    0.028184352421296865,
    0.03366002900644257,
    0.030017002444292694,
    0.02696274142473711,
    0.026098344912745527,
    0.01801782063836281,
    0.011997994464220545,
    0.00925903978351387,
    0.005531150313611162,
    0.012746877573162538,
    0.014115086527601201,
    0.011659664668943734,
    0.010817268781441142,
    0.00986986119917877,
    0.00884168200397488,
    0.003444096532775749,
    0.00584191628772845,
    0.0058672161722998625,
    0.00549993047341316,
    0.0034133091122126014,
    0.001752616557021678,
    0.004150065271397149,
    0.0020749816010633072,
    0.0005583462255746123,
    0.0014814821426501782,
    0.0015206297001194452,
    0.0007356065265060646,
    0.0004816633514084154,
    0.0003789275141931144,
    0.0007701186393267817,
    0.00040354288642188485,
    0.0008907532246933755,
    0.000456270960583544,
    0.0003415662407188083,
    0.0004240914950950244,
    0.0003286445536446331,
    0.00021187440937740662,
    0.00013323729956472947,
    8.531456397165357e-05,
    2.9687776011249216e-05,
    1.7837956126397415e-05,
    8.930273883205323e-06,
    7.517972250097965e-07,
    1.488980223229852e-08
  ]
}