{
  "times": [
    0.0,
    0.10101010101010101,
    0.20202020202020202,
    0.30303030303030304,
    0.40404040404040403,
    0.5050505050505051,
    0.6060606060606061,
    0.7070707070707071,
    0.8080808080808081,
    0.9090909090909091,
    1.0101010101010102,
    1.1111111111111112,
    1.2121212121212122,
    1.3131313131313131,
    1.4141414141414141,
    1.5151515151515151,
    1.6161616161616161,
    1.7171717171717171,
    1.8181818181818181,
    1.9191919191919191,
    2.0202020202020203,
    2.121212121212121,
    2.2222222222222223,
    2.323232323232323,
    2.4242424242424243,
    2.525252525252525,
    2.6262626262626263,
    2.727272727272727,
    2.8282828282828283,
    2.929292929292929,
    3.0303030303030303,
    3.131313131313131,
    3.2323232323232323,
    3.3333333333333335,
    3.4343434343434343,
    3.5353535353535355,
    3.6363636363636362,
    3.7373737373737375,
    3.8383838383838382,
    3.9393939393939394,
    4.040404040404041,
    4.141414141414141,
    4.242424242424242,
    4.343434343434343,
    4.444444444444445,
    4.545454545454545,
    4.646464646464646,
    4.747474747474747,
    4.848484848484849,
    4.94949494949495,
    5.05050505050505,
    5.151515151515151,
    5.252525252525253,
    5.353535353535354,
    5.454545454545454,
    5.555555555555555,
    5.656565656565657,
    5.757575757575758,
    5.858585858585858,
    5.959595959595959,
    6.0606060606060606,
    6.161616161616162,
    6.262626262626262,
    6.363636363636363,
    6.4646464646464645,
    6.565656565656566,
    6.666666666666667,
    6.767676767676767,
    6.8686868686868685,
    6.96969696969697,
    7.070707070707071,
    7.171717171717171,
    7.2727272727272725,
    7.373737373737374,
    7.474747474747475,
    7.575757575757575,
    7.6767676767676765,
    7.777777777777778,
    7.878787878787879,
    7.979797979797979,
    8.080808080808081,
    8.181818181818182,
    8.282828282828282,
    8.383838383838384,
    8.484848484848484,
    8.585858585858587,
    8.686868686868687,
    8.787878787878787,
    8.88888888888889,
    8.98989898989899,
    9.09090909090909,
    9.191919191919192,
    9.292929292929292,
    9.393939393939394,
    9.494949494949495,
    9.595959595959595,
    9.696969696969697,
    9.797979797979798,
    9.8989898989899,
    10.0
  ],
  "mx": [
    1.0,
    0.020569404842964326,
    -0.033840776083839744,
    0.029774784836514467,
    0.031868715749176234,
    0.026591470128807068,
    0.007690278335133966,
    0.054837069453297055,
    0.029683721909830006,
    -0.03135992172788957,
    -0.014158870982582217,
    -0.05798231310173249,
    0.026101641207836014,
    0.03817894405842479,
    0.000396593513398563,
    0.019959807986614043,
    0.033031791008895375,
    0.02337065331074181,
    -0.021404058654554328,
    -0.010011637075883652,
    0.02920663845157889,
    0.0010499894609326283,
    -0.015248637702230361,
    0.014345728811742153,
    0.03654842500408296,
    -0.004886687764003861,
    0.03404476477494812,
    -0.02251231558596146,
    -0.037643074596603654,
    -0.016718161018798448,
    -0.019691789745076686,
    0.05110287138010386,
    0.04018210806722455,
    0.014195492689795742,
    -0.012221143916119101,
    0.040108359856662806,
    -0.017140060102991943,
    0.011027840393962034,
    -0.021120486142467927,
    -0.021456396115842408,
    -0.05152896001900225,
    -0.009960320423938091,
    0.04744806510746949,
    -0.0015081279700780016,
    -0.09088998583661353,
    -0.04533086853143479,
    0.024653400606519844,
    -0.031130823808273794,
    -0.012240236301906073,
    -0.05617757917668627,
    -0.0010928637930540334,
    -0.025837421558448544,
    -0.007729716745997555,
    -0.024545084299399687,
    0.012132736537243265,
    0.06587946057983224,
    0.012074589809848596,
    -0.0522472767106596,
    -0.015310467566758225,
    0.017065683263262514,
    -0.04818034807970033,
    -0.4952422343193559,
    -0.10543730277213735,
    0.008825182124404848,
    -0.05102230036871415,
    -0.014775860671884312,
    -0.031082048571026387,
    0.032742471070573605,
    0.018307814609334047,
    0.0012512023761540349,
    -0.04248540076363268,
    -0.004126023639714681,
    -0.008014223637907877,
    -0.0037953968398382245,
    -0.019934574137378706,
    -0.03454901057399497,
    -0.05064312595299712,
    -0.03418576851115751,
    -0.057924938409561845,
    0.010266535312662011,
    0.011002100068850745,
    0.027933386045200737,
    0.012620531490818463,
    -0.007646049180249264,
    0.0030110355123938847,
    0.0036706831367231242,
    -0.04410027480150436,
    0.037756576318962586,
    0.004108202558278569,
    -0.02349342973743993,
    -0.012502002205726106,
    -0.019168496533143953,
    0.0011396642015163595,
    -0.023108728490683798,
    0.03621985491773999,
    0.019506089039552754,
    0.0008621977736408427,
    -0.09036542649650514,
    -0.005016573996539746,
    0.020068886724857297
  ],
  "my": [
    0.0,
    0.01518512883390118,
    -0.02799823736748023,
    0.022264420004025794,
    0.025008286093292413,
    -0.02079506666015592,
    -0.03753838151799917,
    0.008164086291146774,
    -0.028125188742956875,
    -0.06748024879751535,
    -0.010083622169057303,
    0.011383859367770258,
    0.03347472531187829,
    0.031749980809157724,
    -0.0035504809220943947,
    -0.016509349913453552,
    0.014438895103020148,
    0.05558149363407962,
    0.07194714893213267,
    0.06534160574265543,
    0.07268015192588115,
    0.06847617699331214,
    -0.0039476092676803435,
    -0.0044552175212780425,
    0.03649675745911747,
    0.04284278295122256,
    0.044910552660919784,
    0.028942856616458106,
    -0.021293132220586777,
    -0.006417555469058606,
    0.008376135991474434,
    -0.0027420210486950687,
    0.042755027299717,
    0.0030029353523651093,
    0.018929370087397535,
    0.007736377447128811,
    -0.053647438610368844,
    0.0033001482218361433,
    -0.007601973955598592,
    -0.04885049610155942,
    -0.01231517118866202,
    -0.0173997538159069,
    -0.024781858446493166,
    0.015926401960850437,
    0.030794205089590774,
    -0.022269194773379547,
    -0.007829153592279208,
    -0.03226644750588004,
    -0.009725914791047915,
    -0.0013860326467878378,
    0.019401876633952812,
    0.07491477048601035,
    0.0014209721759899808,
    -0.01112051911793426,
    0.005963006609343954,
    0.032684126919305785,
    0.027912282081519146,
    0.007447528355523014,
    -0.06064790197531829,
    -0.003100100187384127,
    0.055926511985160056,
    -0.020980379085754158,
    -0.04399632674311515,
    0.06588774042780793,
    0.024656771452671974,
    -0.05289120527085752,
    -0.054559040973981864,
    -0.013390076562105911,
    -0.03479323013453478,
    -0.02209184364243065,
    -0.03147402691768478,
    -0.02469447064096273,
    0.017414032561775664,
    0.019340928703729988,
    0.03880114361203388,
    0.058042481845446296,
    -0.003899535707791513,
    0.006866463232166365,
    -0.0016585573921367625,
    -0.04824736690431334,
    0.003129130769217203,
    -0.04061767519827364,
    -0.020214444459335817,
    0.0320924992097238,
    0.04083276204459604,
    -0.018532062893084525,
    0.017867664028846326,
    -0.0004572595668822406,
    0.06134552725751151,
    -0.01293286353900232,
    0.048486204400362214,
    0.003112550393007049,
    0.02679801577261611,
    0.0393434548534568,
    0.0054146687142968015,
    -0.046030357209693576,
    -0.033202559894662045,
    0.07503853370010138,
    -0.013496480578549304,
    0.027161502931465187
  ],