{
  "positive_frequencies": [
    0.0,
    0.07734375,
    0.1546875,
    0.23203125000000002,
    0.309375,
    0.38671875,
    0.46406250000000004,
    0.54140625,
    0.61875,
    0.6960937500000001,
    0.7734375,
    0.85078125,
    0.9281250000000001,
    1.0054687500000001,
    1.0828125,
    1.16015625,
    1.2375,
    1.31484375,
    1.3921875000000001,
    1.46953125,
    1.546875,
    1.62421875,
    1.7015625,
    1.7789062500000001,
    1.8562500000000002,
    1.93359375,
    2.0109375000000003,
    2.08828125,
    2.165625,
    2.24296875,
    2.3203125,
    2.3976562500000003,
    2.475,
    2.55234375,
    2.6296875,
    2.70703125,
    2.7843750000000003,
    2.86171875,
    2.9390625,
    3.01640625,
    3.09375,
    3.1710937500000003,
    3.2484375,
    3.32578125,
    3.403125,
    3.48046875,
    3.5578125000000003,
    3.63515625,
    3.7125000000000004,
    3.78984375,
    3.8671875,
    3.9445312500000003,
    4.0218750000000005,
    4.09921875,
    4.1765625,
    4.25390625,
    4.33125,
    4.4085937500000005,
    4.4859375,
    4.56328125,
    4.640625,
    4.71796875,
    4.7953125000000005,
    4.87265625,
    4.95
  ],
  "mx_fft_pos": [
    0.017816148552098995,
    0.017529175236321845,
    0.014012889735179501,
    0.008327136045335248,
    0.006029636013645689,
    0.007624777088032902,
    0.010897024940139862,
    0.014111289912788287,
    0.014475300979214106,
    0.012926754049059692,
    0.013336054842877507,
    0.013815083747902981,
    0.012783810102614736,
    0.009141031030756098,
    0.006879263073180362,
    0.011293526830959865,
    0.012028324260692613,
    0.008560553750386614,
    0.0059475710118478105,
    0.00501104413905085,
    0.004242820599825944,
    0.003691981435245241,
    0.007927332783397478,
    0.012022781870888193,
    0.011958444084520743,
    0.008269232998492061,
    0.005089806821888988,
    0.008747346793351457,
    0.012138021209449094,
    0.014964360966451852,
    0.017003243747548732,
    0.015930560506052936,
    0.014000298148657058,
    0.010796607354850935,
    0.005762057731143605,
    0.007596788766538444,
    0.011471703618072728,
    0.011613993226336416,
    0.010713013810125169,
    0.009273146128560068,
    0.006074985789451445,
    0.0056430262304875325,
    0.006968122512252776,
    0.006194693053024119,
    0.006241235070864988,
    0.008659421555565722,
    0.009755178416425868,
    0.00658292403871687,
    0.004256983429997725,
    0.005674534781475714,
    0.006441463640588455,
    0.007569750115044837,
    0.008441944509070374,
    0.008906073986136541,
    0.008147933248390776,
    0.0066260933493697575,
    0.007345953601623013,
    0.006874480766393083,
    0.003471733745461852,
    0.0021865355573112357,
    0.0061821136893081986,
    0.008202060496853418,
    0.006918380050585273,
    0.004660164664540967,
    0.003810146636511831
  ],
  "my_fft_pos": [
    0.0023839389945426843,
    0.003356364492881658,
    0.003193276601245027,
    0.004232346326437533,
    0.008081083937425201,
    0.006442365548103758,
    0.003247241698608253,
    0.003264576737176204,
    0.000452624472004029,
    0.0040641719094000875,
    0.002856817704166576,
    0.003962032970336022,
    0.006567515211537335,
    0.005755706412779618,
    0.0035197355819350544,
    0.0026967636597510837,
    0.0038484074050137546,
    0.002626727974046182,
    0.001977930753316933,
    0.001616878436736761,
    0.005992770218207507,
    0.006929438519669454,
    0.0048078486532954975,
    0.0024354478289374927,
    0.001114882652934715,
    0.001470884315647932,
    0.0034493852397564904,
    0.004317764075456132,
    0.0036328895769524917,
    0.005465065754303201,
    0.006740218080261931,
    0.0059861331807770195,
    0.005717140243490808,
    0.006000106892649524,
    0.004887926898434229,
    0.003575928385037766,
    0.002743986503472823,
    0.0016139572083737315,
    0.004820652035839254,
    0.006350160600836859,
    0.005033769539112238,
    0.003996417186150871,
    0.0032461678605772543,
    0.002141787039971378,
    0.004146967182156274,
    0.006069375267123186,
    0.004842941814375929,
    0.003567133669053126,
    0.004115566355299064,
    0.0020857620750154952,
    0.0004939656455753696,
    0.0011126644191477321,
    0.0003932296058618975,
    0.0018916725566227011,
    0.0025219380035863908,
    0.002624039198609114,
    0.002094981246927919,
    0.0017397701633310137,
    0.0012295755749789819,
    0.000623000242004289,
    0.0012429081209430221,
    0.0023882118512620707,
    0.0022117739747567794,
    0.001157781139308619,
    0.0005376157381793306
  ],
  "mz_fft_pos": [
    0.0009219312448873594,
    0.0023786823182725715,
    0.0028613595310790305,
    0.002007436932685624,
    0.0018123220063819064,
    0.003586573629566719,
    0.0035149513295677833,
    0.004153209051055874,
    0.0032424118468791976,
    0.0016853724236673656,
    0.0026568074103592455,
    0.004236553674750819,
    0.006196320798808849,
    0.005965774004226986,
    0.0028854909795902072,
    0.000818391645732189,
    0.0010498050718434956,
    0.0010272030782492241,
    0.0021452126984490955,
    0.00254977643923922,
    0.001019453443372924,
    0.004303309839996557,
    0.0057595316952431,
    0.005673862021275011,
    0.004630603328841679,
    0.0033938602181591464,
    0.0032961620480816784,
    0.0044192753973728224,
    0.004166471867005394,
    0.0032038273953477387,
    0.0032235553609189444,
    0.0031314105056003943,
    0.002897858317921197,
    0.0021028027177764784,
    0.00022639039227414893,
    0.0008811003518226992,
    0.0013540438724195492,
    0.0014043308341380083,
    0.001143634437974485,
    0.0009655492737732453,
    0.00011541177247830468,
    0.0008232607869939986,
    0.0008088565386814074,
    0.0008840040430016792,
    0.002626416057479972,
    0.0030107498623214934,
    0.0021179079310406235,
    0.0005816955917195024,
    0.0011095348459690165,
    0.0016911149096833064,
    0.0009621899159428056,
    0.0002048881133351699,
    0.0008639937826704438,
    0.0016166967919147353,
    0.0019355203285753475,
    0.002570444412446528,
    0.002268892774660529,
    0.00229051982777323,
    0.0032876806407922572,
    0.0038018938784396324,
    0.003938787250208298,
    0.0034996047610030543,
    0.0018937671812071974,
    0.00039514669551306286,
    0.00012720972703142
  ]
}