{
  "positive_frequencies": [
    0.0,
    0.07734375,
    0.1546875,
    0.23203125000000002,
    0.309375,
    0.38671875,
    0.46406250000000004,
    0.54140625,
    0.61875,
    0.6960937500000001,
    0.7734375,
    0.85078125,
    0.9281250000000001,
    1.0054687500000001,
    1.0828125,
    1.16015625,
    1.2375,
    1.31484375,
    1.3921875000000001,
    1.46953125,
    1.546875,
    1.62421875,
    1.7015625,
    1.7789062500000001,
    1.8562500000000002,
    1.93359375,
    2.0109375000000003,
    2.08828125,
    2.165625,
    2.24296875,
    2.3203125,
    2.3976562500000003,
    2.475,
    2.55234375,
    2.6296875,
    2.70703125,
    2.7843750000000003,
    2.86171875,
    2.9390625,
    3.01640625,
    3.09375,
    3.1710937500000003,
    3.2484375,
    3.32578125,
    3.403125,
    3.48046875,
    3.5578125000000003,
    3.63515625,
    3.7125000000000004,
    3.78984375,
    3.8671875,
    3.9445312500000003,
    4.0218750000000005,
    4.09921875,
    4.1765625,
    4.25390625,
    4.33125,
    4.4085937500000005,
    4.4859375,
    4.56328125,
    4.640625,
    4.71796875,
    4.7953125000000005,
    4.87265625,
    4.95
  ],
  "mx_fft_pos": [
    0.0030375939129675266,
    0.0031255683845210634,
    0.002545937330319022,
    0.005933803892700515,
    0.009437699297432468,
    0.00922987057980331,
    0.005558206628068706,
    0.0030586141577530405,
    0.009264357162701778,
    0.009293374583235571,
    0.007705857791374162,
    0.00447408056750351,
    0.004267028490661023,
    0.005294167350630177,
    0.0032193945331519774,
    0.0024515340970779407,
    0.004773164348762877,
    0.0056066476870516475,
    0.004666465654371929,
    0.004409480494175693,
    0.0027283906285386346,
    0.001803817033794792,
    0.002452741621395878,
    0.0014419499704736985,
    0.0009224968639121437,
    0.0007135054069239154,
    0.0003930524938410364,
    0.0003038375838020144,
    0.0005009875734531134,
    0.0010208683067284392,
    0.001173395708759485,
    0.0013522487746424033,
    0.0010438622481569481,
    0.0015593156137197668,
    0.0012580572742612011,
    0.0006466101961045065,
    0.0011538883319998886,
    0.001722164082648463,
    0.0018057094683603015,
    0.0010986458941899995,
    0.0009042107738510665,
    0.001286308315933874,
    0.0009856519677064704,
    0.0005035944102370119,
    0.0006827291180337198,
    0.0004061481104101057,
    0.00014546676463005607,
    0.0002703563502693478,
    0.0002058793883936927,
    0.0002676726597277171,
    0.0002676180045696674,
    0.00024891599955338266,
    0.00020867527394314328,
    0.00018825923775621543,
    7.2163406557043e-05,
    0.00014243559072403344,
    4.526348576502378e-05,
    0.00012739580118909335,
    5.119219772421245e-05,
    4.54632093641702e-05,
    2.306248469569591e-05,
    4.4802462889093906e-05,
    7.886335099492007e-05,
    7.07498514863632e-05,
    2.2377219200654385e-05
  ],
  "my_fft_pos": [
    0.004848183678834831,
    0.0011742199209571656,
    0.006800720387851786,
    0.010688048886854502,
    0.010064758250723276,
    0.0018045593684506195,
    0.007919810643303691,
    0.00983018857611707,
    0.008997457391599665,
    0.007148392397873604,
    0.005589572105854482,
    0.007863541912700955,
    0.007599133028501047,
    0.0031328788048186305,
    0.0017736703564210554,
    0.004350006491977851,
    0.0038431067954920305,
    0.004771466752994119,
    0.0057738025386672,
    0.002498256489589021,
    0.0018131981849180672,
    0.004142701099361195,
    0.004528094109412965,
    0.0032633374288295876,
    0.0026164168315551445,
    0.0035736307741700375,
    0.003987944819274989,
    0.003342912397532502,
    0.0013277117383965436,
    0.0011541294683914945,
    0.0010134730221968988,
    0.00034957070953879366,
    0.001625457601808379,
    0.0026097698756745087,
    0.001888291564037561,
    0.0006452253000947264,
    0.0010216604810394019,
    0.0014400829607627572,
    0.0008111969331504208,
    0.0003964877665319698,
    0.0008657861985113119,
    0.000724532748914468,
    0.0006721834657162209,
    0.000714093536758676,
    0.00033524512293740664,
    0.0005185013630831752,
    0.0005710463846883212,
    0.00023919108372909062,
    0.00011939693579899889,
    0.0003928681507114151,
    0.00045230624125462915,
    0.00016257881699059386,
    0.00036869387122557,
    0.0002973513626498787,
    0.0003274150822750562,
    0.00019377528796128433,
    0.00019577246754385865,
    8.238986001300425e-05,
    0.00011362285901615541,
    0.0001539461568217293,
    0.0001412822488640743,
    0.00010479367599788061,
    0.00010946699273336552,
    6.062630875748456e-05,
    0.00014157388736999647
  ],
  "mz_fft_pos": [
    0.007508242654225244,
    0.007966386602052287,
    0.006719908398829693,
    0.0040763061353203235,
    0.0018099744809128462,
    0.0020209526495345875,
    0.0032429336852339862,
    0.006360289958249994,
    0.00688916128265697,
    0.004739698978333277,
    0.002497843974480043,
    0.005010059416019277,
    0.004616996103395258,
    0.0037595547068019737,
    0.003052371462076996,
    0.002516611342227286,
    0.005192728192908181,
    0.0053035670642371845,
    0.003929295605860755,
    0.003476968629776056,
    0.002515769795123101,
    0.0009769265844479277,
    0.0020114585033158207,
    0.002771881160590811,
    0.0015246605123841266,
    0.001268080620754866,
    0.0014163751147864782,
    0.0018389647405487397,
    0.0026665075680894854,
    0.00204990934129084,
    0.0013648331976971392,
    0.00168067847209749,
    0.001041757584273216,
    0.00031881221891016877,
    0.00038405770835057284,
    0.0011774639861761732,
    0.001058059483501353,
    0.00034737284718239626,
    0.0008345660712675762,
    0.0013503079110378968,
    0.0015220321349661372,
    0.0007418197136471439,
    0.0008822364160785322,
    0.0020779984702875964,
    0.0018646892164362354,
    0.0007793946854383402,
    0.000705441794212891,
    0.0008101313958579001,
    0.00043236490436591107,
    0.00011094143257571647,
    5.10318348704357e-05,
    0.00024251596025272424,
    0.00038257722167158,
    0.00038727992100521304,
    0.00019399533578480984,
    0.0001287231897275488,
    0.00015776576237529972,
    0.0001710859721086284,
    0.00030840845924802706,
    0.00015525678105515482,
    2.0398135507300012e-05,
    2.286644931544034e-05,
    7.35474599966366e-05,
    8.983949206442789e-05,
    9.638101489741202e-05
  ]
}