{
  "positive_frequencies": [
    0.0,
    0.07734375,
    0.1546875,
    0.23203125000000002,
    0.309375,
    0.38671875,
    0.46406250000000004,
    0.54140625,
    0.61875,
    0.6960937500000001,
    0.7734375,
    0.85078125,
    0.9281250000000001,
    1.0054687500000001,
    1.0828125,
    1.16015625,
    1.2375,
    1.31484375,
    1.3921875000000001,
    1.46953125,
    1.546875,
    1.62421875,
    1.7015625,
    1.7789062500000001,
    1.8562500000000002,
    1.93359375,
    2.0109375000000003,
    2.08828125,
    2.165625,
    2.24296875,
    2.3203125,
    2.3976562500000003,
    2.475,
    2.55234375,
    2.6296875,
    2.70703125,
    2.7843750000000003,
    2.86171875,
    2.9390625,
    3.01640625,
    3.09375,
    3.1710937500000003,
    3.2484375,
    3.32578125,
    3.403125,
    3.48046875,
    3.5578125000000003,
    3.63515625,
    3.7125000000000004,
    3.78984375,
    3.8671875,
    3.9445312500000003,
    4.0218750000000005,
    4.09921875,
    4.1765625,
    4.25390625,
    4.33125,
    4.4085937500000005,
    4.4859375,
    4.56328125,
    4.640625,
    4.71796875,
    4.7953125000000005,
    4.87265625,
    4.95
  ],
  "mx_fft_pos": [
    0.0017586582704380372,
    0.0005723519297752866,
    0.0034994942660063057,
    0.008862221956579442,
    0.010609774925186171,
    0.0064475032336444036,
    0.0032465408536887057,
    0.002128865372974088,
    0.007225931780736484,
    0.00833072584666299,
    0.006348066897293333,
    0.004236886644883506,
    0.005098292469918534,
    0.006409868945206815,
    0.007991187056782539,
    0.008457386026693632,
    0.00529160815666551,
    0.0017963251626132034,
    0.0018757915667592833,
    0.0019982123505814732,
    0.0017171240193231945,
    0.002021649255410859,
    0.003178012360633045,
    0.003076635174574496,
    0.0015068933116908817,
    0.0003513200186057915,
    0.00020313344495932154,
    0.0008993612538495639,
    0.0015356689899223318,
    0.0011508915512004137,
    0.00020416203981763918,
    0.0009515675816737837,
    0.001366110746466987,
    0.0014581636901238137,
    0.0010627911602408592,
    0.00016763419204931626,
    0.0004980737846910207,
    0.0002085609728538493,
    0.00017844276800429686,
    0.00026050274688652406,
    8.22272905283969e-05,
    0.00024405008438320636,
    0.00036768407514203524,
    0.00018991457084813367,
    8.47949095389353e-05,
    0.00014982007474891013,
    9.657268572707875e-05,
    0.0001151954009430054,
    8.982339274248477e-05,
    5.826015395259015e-05,
    4.43040841327911e-05,
    4.948626649459331e-05,
    5.3229730504182144e-05,
    5.766410697994061e-05,
    6.606605471215346e-05,
    2.6582899844456083e-05,
    3.8412338293239956e-05,
    3.82880179818286e-05,
    2.7991662622314765e-05,
    1.3688116984009102e-05,
    1.0014563380487255e-05,
    9.459610579094663e-06,
    7.314380322507318e-06,
    5.20840204110417e-06,
    2.643755719833746e-06
  ],
  "my_fft_pos": [
    0.014516681845473667,
    0.012479436276533496,
    0.006896442750854808,
    0.003932067324999594,
    0.0073154724466708,
    0.005113827934318661,
    0.0030004689252927695,
    0.005556687261832275,
    0.007176383188748334,
    0.006899947008988643,
    0.0057047090561940916,
    0.00407546157554325,
    0.007651004725437912,
    0.0037862498998031684,
    0.002052107198655979,
    0.004615809394211881,
    0.0036276465117809804,
    0.006387513836843637,
    0.0065297585537689,
    0.004554079012631467,
    0.003870531292584081,
    0.0017372661503746664,
    0.001774070302495772,
    0.0025828775426039903,
    0.0021713953604316372,
    0.0007232230461607492,
    0.0010654952696268851,
    0.0009537993216037886,
    0.0007632822226860065,
    0.0007719056543857251,
    0.0004496790528834445,
    6.035574063011353e-05,
    0.0004839204142602335,
    0.0006037655769593873,
    0.0003013585758042467,
    0.0008141214469166234,
    0.0006041618780907083,
    0.00010592209985355611,
    0.0004171504637184544,
    0.0002174939665029865,
    0.0001134176338731845,
    0.0001497479638188066,
    5.192294262592342e-05,
    7.605880222857305e-05,
    5.23172590927838e-05,
    8.339688979837054e-05,
    9.42034222410821e-05,
    8.17974996727943e-05,
    4.254395150213101e-05,
    1.9851906220266793e-05,
    3.9233038641402234e-05,
    5.243510043283195e-05,
    3.4939574101371794e-05,
    1.0045011338758482e-05,
    3.543090629043634e-05,
    4.212169515710131e-05,
    2.881337015677051e-05,
    2.128492866564983e-06,
    1.552733110227997e-05,
    1.5711940200723685e-05,
    1.2716007192057127e-05,
    6.804826628534529e-06,
    4.771193990878244e-06,
    8.241894430897893e-06,
    8.473321874167271e-06
  ],
  "mz_fft_pos": [
    0.004865945227131049,
    0.004462698355318139,
    0.014389212641689185,
    0.012702836480851971,
    0.0035365456453649814,
    0.006153660333072395,
    0.005122194596815815,
    0.006104930185198929,
    0.0074431671006957405,
    0.0039055591885589942,
    0.004506757064918448,
    0.002747475708371136,
    0.0055815586126440175,
    0.00964309045238129,
    0.006099862459236183,
    0.0035411479518120442,
    0.0030154995928760807,
    0.00431170536652998,
    0.0010278434445814707,
    0.002625632442080385,
    0.0027897058612820127,
    0.0023811385503711615,
    0.0016242423339192685,
    0.001132920580347719,
    0.0011975886581475218,
    0.0006728416460671613,
    0.00022958723068987227,
    0.0005727414780730202,
    0.0008980668301539276,
    0.00020855121997737092,
    0.0011547474823315792,
    0.0009088139779972773,
    0.00021734449315512962,
    0.000463660673061669,
    0.00022263634565374612,
    0.0002869983021689053,
    0.0005262386042750351,
    0.0003560875217235269,
    0.0001438806947458878,
    0.00017339478057923504,
    0.0004606692662665135,
    0.0004500059532615455,
    0.0003548093975789123,
    0.0004603557698607906,
    0.00029333369999932636,
    7.877113109996954e-05,
    4.589304455317181e-05,
    6.163589241909811e-05,
    5.438327762124023e-05,
    3.163869814376723e-05,
    2.150077039911585e-05,
    3.858184651054167e-05,
    6.286020302331575e-05,
    4.987641419325846e-05,
    3.4953162171082744e-05,
    2.2804306814405e-05,
    3.484157278585318e-06,
    1.1394225823028605e-05,
    1.2896091106732401e-05,
    8.95365586412358e-06,
    5.177324172888468e-06,
    1.116907329966963e-06,
    3.5888815886883652e-06,
    2.9072926614238193e-06,
    1.493168724864824e-06
  ]
}