{
  "times": [
    0.0,
    0.10101010101010101,
    0.20202020202020202,
    0.30303030303030304,
    0.40404040404040403,
    0.5050505050505051,
    0.6060606060606061,
    0.7070707070707071,
    0.8080808080808081,
    0.9090909090909091,
    1.0101010101010102,
    1.1111111111111112,
    1.2121212121212122,
    1.3131313131313131,
    1.4141414141414141,
    1.5151515151515151,
    1.6161616161616161,
    1.7171717171717171,
    1.8181818181818181,
    1.9191919191919191,
    2.0202020202020203,
    2.121212121212121,
    2.2222222222222223,
    2.323232323232323,
    2.4242424242424243,
    2.525252525252525,
    2.6262626262626263,
    2.727272727272727,
    2.8282828282828283,
    2.929292929292929,
    3.0303030303030303,
    3.131313131313131,
    3.2323232323232323,
    3.3333333333333335,
    3.4343434343434343,
    3.5353535353535355,
    3.6363636363636362,
    3.7373737373737375,
    3.8383838383838382,
    3.9393939393939394,
    4.040404040404041,
    4.141414141414141,
    4.242424242424242,
    4.343434343434343,
    4.444444444444445,
    4.545454545454545,
    4.646464646464646,
    4.747474747474747,
    4.848484848484849,
    4.94949494949495,
    5.05050505050505,
    5.151515151515151,
    5.252525252525253,
    5.353535353535354,
    5.454545454545454,
    5.555555555555555,
    5.656565656565657,
    5.757575757575758,
    5.858585858585858,
    5.959595959595959,
    6.0606060606060606,
    6.161616161616162,
    6.262626262626262,
    6.363636363636363,
    6.4646464646464645,
    6.565656565656566,
    6.666666666666667,
    6.767676767676767,
    6.8686868686868685,
    6.96969696969697,
    7.070707070707071,
    7.171717171717171,
    7.2727272727272725,
    7.373737373737374,
    7.474747474747475,
    7.575757575757575,
    7.6767676767676765,
    7.777777777777778,
    7.878787878787879,
    7.979797979797979,
    8.080808080808081,
    8.181818181818182,
    8.282828282828282,
    8.383838383838384,
    8.484848484848484,
    8.585858585858587,
    8.686868686868687,
    8.787878787878787,
    8.88888888888889,
    8.98989898989899,
    9.09090909090909,
    9.191919191919192,
    9.292929292929292,
    9.393939393939394,
    9.494949494949495,
    9.595959595959595,
    9.696969696969697,
    9.797979797979798,
    9.8989898989899,
    10.0
  ],
  "mx": [
    0.0,
    0.1003244282613427,
    0.1965683060741649,
    0.2848170534544828,
    0.36148128073973024,
    0.4234427818014917,
    0.4681813625521424,
    0.4938773461800419,
    0.4994855858616784,
    0.48477797459116184,
    0.4503527231014777,
    0.39761002851152455,
    0.32869512334138773,
    0.24641102129446174,
    0.15410450874503842,
    0.05553001906206486,
    -0.045303073516703866,
    -0.14429352936021622,
    -0.23741505541111974,
    -0.3208800688096939,
    -0.3912937513271011,
    -0.4457921286675701,
    -0.4821585584643891,
    -0.4989138889896063,
    -0.49537662150283857,
    -0.4716906292229998,
    -0.42881930549402586,
    -0.36850637915945667,
    -0.2932049909236175,
    -0.2059779154154314,
    -0.11037298727753167,
    -0.010278798143630032,
    0.09023346617995547,
    0.18707561528560998,
    0.27630873537320294,
    0.3543033988496091,
    0.41788728602612946,
    0.46447421461562566,
    0.4921693289419118,
    0.49984617044305585,
    0.4871924947377679,
    0.45472297171223125,
    0.4037582520697813,
    0.33637125178113236,
    0.2553028392371415,
    0.16385035440674992,
    0.06573349432147921,
    -0.035056980200323384,
    -0.13442156295519203,
    -0.22831874381688688,
    -0.3129293912925081,
    -0.3848120901505955,
    -0.4410431159887312,
    -0.4793353534783647,
    -0.49813132145991107,
    -0.4966665212274553,
    -0.4750005314035633,
    -0.43401458466531767,
    -0.37537572488472704,
    -0.30146900253977676,
    -0.21530046624933172,
    -0.12037489611034274,
    -0.02055325185634331,
    0.0801043660736044,
    0.17750385522499965,
    0.26768363280060925,
    0.3469757672885281,
    0.41215516625059123,
    0.46057075227446603,
    0.4902532916980326,
    0.49999549032926677,
    0.48940109838450985,
    0.4589010273730638,
    0.4097358233972346,
    0.3439052097408923,
    0.2640867510284979,
    0.1735269471718226,
    0.07590918669995647,
    -0.024796069720836884,
    -0.12449278200961268,
    -0.21912593115359388,
    -0.3048464512186215,
    -0.37816778451719596,
    -0.43610769227993057,
    -0.4763095528872854,
    -0.49713821403213515,
    -0.4977465001656157,
    -0.47810967013247957,
    -0.4390264234816581,
    -0.38208641452182424,
    -0.3096055954405598,
    -0.2245320183118879,
    -0.13032592735873721,
    -0.03081901854343643,
    0.06994140910192047,
    0.1678570714869408,
    0.2589453912175984,
    0.3395014831490313,
    0.40624884520932814,
    0.45647262536381383
  ],
  "my": [
    0.5,
    0.4898316129998499,
    0.4597400363761388,
    0.410949201315085,
    0.3454436041885337,
    0.2658875900455196,
    0.1755169842460251,
    0.07800747996287927,
    -0.02267486530094262,
    -0.12243494334253946,
    -0.21721515783914283,
    -0.3031604611869177,
    -0.3767751529647223,
    -0.4350650624729827,
    -0.47565933227936397,
    -0.496906849402347,
    -0.49794340193433645,
    -0.47872682960616736,
    -0.4400387385948366,
    -0.38345271082714505,
    -0.31127030081966506,
    -0.22642742329063542,
    -0.13237493909174144,
    -0.03293829645362339,
    0.06783806356635956,
    0.16585520885160798,
    0.2571264343384813,
    0.3379394154560648,
    0.4050072015378015,
    0.4556019077672013,
    0.48766566793186683,
    0.49989433514366066,
    0.4917905261197605,
    0.46368385152548763,
    0.4167175095390897,
    0.35280178792576267,
    0.2745363658565398,
    0.1851045757327401,
    0.08814392576274449,
    -0.01240185040272392,
    -0.11244319931054086,
    -0.20791108435385863,
    -0.29492248792785364,
    -0.36993834753265853,
    -0.429907502001831,
    -0.4723907930525133,
    -0.4956602745069329,
    -0.49876949399420384,
    -0.4815919885262662,
    -0.4448264281963008,
    -0.389968198787158,
    -0.3192485791259375,
    -0.23554398705751464,
    -0.1422589853252551,
    -0.043187805924852926,
    0.05763997477287522,
    0.1561233331899254,
    0.2482566017204614,
    0.33029239344445355,
    0.3988940216494502,
    0.45127121471773535,
    0.48529360637290925,
    0.49957738523489004,
    0.4935415793385052,
    0.46743168632460336,
    0.42230968817997605,
    0.3600108566620418,
    0.2830691062849274,
    0.19461393102584523,
    0.09824311670159777,
    -0.0021235937455407446,
    -0.10240393010053536,
    -0.1985191352891366,
    -0.28655986289951735,
    -0.3629451841712091,
    -0.42456823707292585,
    -0.46892259340452713,
    -0.49420420412472327,
    -0.4993847764263538,
    -0.4842535980532381,
    -0.44942610771523994,
    -0.39631886301236363,
    -0.32709192401121073,
    -0.24456099593817773,
    -0.15208290445778008,
    -0.0534190616628465,
    0.04741752390077619,
    0.14632547052995107,
    0.23928184110981718,
    0.3225057702396295,
    0.3926122454431298,
    0.44674978763597645,
    0.4827164308971522,
    0.49904928423555456,
    0.49508403255693656,
    0.47098195671578336,
    0.4277233736507334,
    0.36706776341652236,
    0.2914822048875151,
    0.20404103090669598
  ],