{
  "positive_frequencies": [
    0.0,
    0.07734375,
    0.1546875,
    0.23203125000000002,
    0.309375,
    0.38671875,
    0.46406250000000004,
    0.54140625,
    0.61875,
    0.6960937500000001,
    0.7734375,
    0.85078125,
    0.9281250000000001,
    1.0054687500000001,
    1.0828125,
    1.16015625,
    1.2375,
    1.31484375,
    1.3921875000000001,
    1.46953125,
    1.546875,
    1.62421875,
    1.7015625,
    1.7789062500000001,
    1.8562500000000002,
    1.93359375,
    2.0109375000000003,
    2.08828125,
    2.165625,
    2.24296875,
    2.3203125,
    2.3976562500000003,
    2.475,
    2.55234375,
    2.6296875,
    2.70703125,
    2.7843750000000003,
    2.86171875,
    2.9390625,
    3.01640625,
    3.09375,
    3.1710937500000003,
    3.2484375,
    3.32578125,
    3.403125,
    3.48046875,
    3.5578125000000003,
    3.63515625,
    3.7125000000000004,
    3.78984375,
    3.8671875,
    3.9445312500000003,
    4.0218750000000005,
    4.09921875,
    4.1765625,
    4.25390625,
    4.33125,
    4.4085937500000005,
    4.4859375,
    4.56328125,
    4.640625,
    4.71796875,
    4.7953125000000005,
    4.87265625,
    4.95
  ],
  "mx_fft_pos": [
    0.0016042145355025148,
    0.00660761752926605,
    0.026362149102982138,
    0.1490718798494125,
    0.246330362031071,
    0.1812457890250213,
    0.04760914904458309,
    0.0058439248742556205,
    8.165428052032439e-05,
    0.0010237721821904483,
    0.0008603865449390166,
    0.0004457900441840356,
    9.896936392856714e-05,
    0.0001088849669072588,
    0.0001614635625674265,
    0.00012407322595997685,
    5.320815310748193e-05,
    2.0745859501452428e-05,
    4.919783108626492e-05,
    5.005663199195755e-05,
    3.0610521730698784e-05,
    9.745596855362459e-06,
    1.7968041549724722e-05,
    2.3638100681523207e-05,
    1.8585887785228286e-05,
    8.514018602752992e-06,
    7.213810271517851e-06,
    1.196093052971306e-05,
    1.1606186248697924e-05,
    7.090017758007065e-06,
    3.6507108681371525e-06,
    6.1899086553562845e-06,
    7.303855657714813e-06,
    5.555169822619471e-06,
    2.804358424538373e-06,
    3.2177340675310525e-06,
    4.55181733686802e-06,
    4.170938784857375e-06,
    2.51205815257283e-06,
    1.7620648948540273e-06,
    2.7597160817867676e-06,
    3.0127259910663404e-06,
    2.18618940304639e-06,
    1.1905779289570099e-06,
    1.5941620914782311e-06,
    2.07836314198395e-06,
    1.7946013329850802e-06,
    1.0176374126185026e-06,
    8.591753839274009e-07,
    1.3396238162036105e-06,
    1.3791553013779427e-06,
    9.142213072747721e-07,
    4.501392039941714e-07,
    7.612972612095176e-07,
    9.708034586440463e-07,
    7.740360701001956e-07,
    3.2305505427241934e-07,
    3.0864321843533747e-07,
    5.846312738727008e-07,
    5.838435967196739e-07,
    3.4424835586604803e-07,
    6.08868972846514e-08,
    2.406606676782305e-07,
    3.457949376399285e-07,
    3.632264820249698e-07
  ],
  "my_fft_pos": [
    0.002474261965809069,
    0.006456713865705671,
    0.02588512769120965,
    0.14947075302129795,
    0.24612652395357162,
    0.18127524196620903,
    0.04768091502275418,
    0.005941707647789609,
    0.00011499046057624698,
    0.0009966081046466474,
    0.0008731471570983811,
    0.00047909833525875333,
    0.00013030081942143443,
    9.041933151849941e-05,
    0.00016063755076261261,
    0.00013647184657290058,
    6.917008827731682e-05,
    1.4427836822570535e-05,
    4.5069543360446655e-05,
    5.421500313316067e-05,
    3.899949467899686e-05,
    1.434870731536427e-05,
    1.3695323429622128e-05,
    2.423891415714361e-05,
    2.2870100613572937e-05,
    1.2947523175075077e-05,
    4.75523892259051e-06,
    1.1040656762395774e-05,
    1.3543585015016933e-05,
    1.0169242879733629e-05,
    4.144386963584543e-06,
    4.786387683553043e-06,
    7.88512061849648e-06,
    7.46017069619188e-06,
    4.251454753902203e-06,
    2.0870720735606745e-06,
    4.3861228287336555e-06,
    5.196639576251298e-06,
    3.815337339561431e-06,
    1.5765428350277002e-06,
    2.2562084551072957e-06,
    3.4280280229050554e-06,
    3.1015733350581933e-06,
    1.6557060336734419e-06,
    1.0722888236694598e-06,
    2.1129437893713656e-06,
    2.3272869420421615e-06,
    1.5682638181590397e-06,
    6.214494272820911e-07,
    1.1877830457899324e-06,
    1.6129687293966048e-06,
    1.3063995023570464e-06,
    5.592199701883204e-07,
    5.821946742609927e-07,
    1.019707705996633e-06,
    9.60447745350867e-07,
    4.867048193819612e-07,
    2.1255098924074092e-07,
    5.71947136582853e-07,
    6.082314556049867e-07,
    3.386477513974666e-07,
    6.488561387518754e-08,
    2.8431472799199875e-07,
    3.019525515383975e-07,
    2.355018224979577e-07
  ],
  "mz_fft_pos": [
    0.000521803476006929,
    0.0005128943406963734,
    0.00036778396342797585,
    0.00026085516286359565,
    0.001936002564501453,
    0.006043631645414683,
    0.01752875841998636,
    0.13267715699994587,
    0.24241844320497727,
    0.1959700607043144,
    0.060452148474749716,
    0.004420315395183186,
    0.0009384241119179777,
    0.001394530832110682,
    0.0009211896123575218,
    0.0003848620422402353,
    1.7325587708050602e-05,
    0.0001563094552124579,
    0.00017821180574235237,
    0.00011777631112036143,
    3.6029513244224285e-05,
    2.756318045941746e-05,
    5.505303041862773e-05,
    4.998181950314469e-05,
    2.5988643291722685e-05,
    2.8788530094223672e-06,
    1.9504040644003552e-05,
    2.4091349078861435e-05,
    1.7263670359588888e-05,
    5.186901714733351e-06,
    6.556313118814294e-06,
    1.2105631115063633e-05,
    1.1226943208799117e-05,
    5.7963318971630766e-06,
    1.621496007753717e-06,
    5.9742823794298365e-06,
    7.164781339051836e-06,
    5.038298636751519e-06,
    1.3607772040264953e-06,
    2.694744124155453e-06,
    4.439235275851291e-06,
    3.963821232313971e-06,
    1.873647297000042e-06,
    9.645590327936018e-07,
    2.619364459906597e-06,
    2.934686639636303e-06,
    1.9041724186649075e-06,
    3.757939291454567e-07,
    1.4220165959646857e-06,
    2.0686155754935024e-06,
    1.6868611331482835e-06,
    5.980606765695605e-07,
    6.596756010534042e-07,
    1.3972994971834044e-06,
    1.3851434012334705e-06,
    7.141283836921226e-07,
    2.1783650918976284e-07,
    9.312687322106474e-07,
    1.1013068935549053e-06,
    7.012550965561056e-07,
    1.2993175113204052e-07,
    6.884480040097812e-07,
    9.213251686668795e-07,
    6.507848395305493e-07,
    1.7906496581177044e-07
  ]
}