{
  "times": [
    0.0,
    0.10101010101010101,
    0.20202020202020202,
    0.30303030303030304,
    0.40404040404040403,
    0.5050505050505051,
    0.6060606060606061,
    0.7070707070707071,
    0.8080808080808081,
    0.9090909090909091,
    1.0101010101010102,
    1.1111111111111112,
    1.2121212121212122,
    1.3131313131313131,
    1.4141414141414141,
    1.5151515151515151,
    1.6161616161616161,
    1.7171717171717171,
    1.8181818181818181,
    1.9191919191919191,
    2.0202020202020203,
    2.121212121212121,
    2.2222222222222223,
    2.323232323232323,
    2.4242424242424243,
    2.525252525252525,
    2.6262626262626263,
    2.727272727272727,
    2.8282828282828283,
    2.929292929292929,
    3.0303030303030303,
    3.131313131313131,
    3.2323232323232323,
    3.3333333333333335,
    3.4343434343434343,
    3.5353535353535355,
    3.6363636363636362,
    3.7373737373737375,
    3.8383838383838382,
    3.9393939393939394,
    4.040404040404041,
    4.141414141414141,
    4.242424242424242,
    4.343434343434343,
    4.444444444444445,
    4.545454545454545,
    4.646464646464646,
    4.747474747474747,
    4.848484848484849,
    4.94949494949495,
    5.05050505050505,
    5.151515151515151,
    5.252525252525253,
    5.353535353535354,
    5.454545454545454,
    5.555555555555555,
    5.656565656565657,
    5.757575757575758,
    5.858585858585858,
    5.959595959595959,
    6.0606060606060606,
    6.161616161616162,
    6.262626262626262,
    6.363636363636363,
    6.4646464646464645,
    6.565656565656566,
    6.666666666666667,
    6.767676767676767,
    6.8686868686868685,
    6.96969696969697,
    7.070707070707071,
    7.171717171717171,
    7.2727272727272725,
    7.373737373737374,
    7.474747474747475,
    7.575757575757575,
    7.6767676767676765,
    7.777777777777778,
    7.878787878787879,
    7.979797979797979,
    8.080808080808081,
    8.181818181818182,
    8.282828282828282,
    8.383838383838384,
    8.484848484848484,
    8.585858585858587,
    8.686868686868687,
    8.787878787878787,
    8.88888888888889,
    8.98989898989899,
    9.09090909090909,
    9.191919191919192,
    9.292929292929292,
    9.393939393939394,
    9.494949494949495,
    9.595959595959595,
    9.696969696969697,
    9.797979797979798,
    9.8989898989899,
    10.0
  ],
  "mx": [
    1.0,
    0.030213868552770924,
    0.0030627095217195623,
    0.04515979296572651,
    -0.015933855228515766,
    -0.03915541748480372,
    0.024719839088242598,
    0.009333100609656912,
    0.003473038076775197,
    -0.01743841472835501,
    -0.0014066536357568717,
    0.022505743548069466,
    -0.012802635655066154,
    0.013078185598489826,
    0.02152058357056859,
    -0.0009067459182422713,
    -0.013001967421174734,
    -0.017002933427446836,
    0.020646992961988145,
    0.0018600744312579523,
    0.025588836124664026,
    0.016364664483386235,
    0.009990774530317466,
    -0.009534795260784674,
    -0.007885468512401416,
    -0.011339441420390452,
    -0.013568099088361004,
    0.004196913798223508,
    0.004078862902924367,
    0.0062243230549680105,
    0.0007580104270900673,
    0.011455839188242077,
    0.005257591846214625,
    -0.002270172838961638,
    0.017336023551557795,
    -0.00022913169213023747,
    -0.03239395583573354,
    -0.5331478078760354,
    -0.05575723437138724,
    -0.01511143760345139,
    0.007000671282121309,
    -0.034096707147123775,
    0.008526219899579716,
    -0.024786439832268317,
    -0.01706482406472235,
    0.014147608457425262,
    -0.009816603787811842,
    0.0019029194039898575,
    -0.001716247048965719,
    0.0024057316157821565,
    0.009693523315233642,
    0.01570876174707089,
    -0.00016837594529859454,
    0.00849263581742642,
    -0.0063147425737657735,
    -0.0002337135692774476,
    0.022547882850331664,
    -0.01799440601981571,
    -0.03325189470487647,
    0.020300478038361863,
    0.02094706226616588,
    -0.008901148410677299,
    -0.012312249494039218,
    0.015546950209090237,
    0.021608215281618066,
    -0.001830723783014206,
    -0.011830454287740502,
    -0.002261811118852216,
    0.006892495135010248,
    0.036205739807128434,
    0.0014654813393799497,
    -0.0020558920085695575,
    0.01315963462740053,
    -0.01774439485797663,
    0.8611237404426807,
    0.19828915161665198,
    6.559737826636325e-06,
    -0.0009079270524391669,
    -0.04444245708650653,
    -0.005157948298952588,
    -0.007375738392502256,
    0.023751342319633204,
    -0.014648204069352917,
    0.011500291692129481,
    0.00541922971524072,
    -0.003906387525424059,
    0.022048264912315017,
    0.009538490851059898,
    0.005908853823183886,
    -0.017777859979127245,
    -0.042525347769468036,
    0.006444404105500569,
    -0.012398324077437788,
    0.0038777133059110505,
    -0.01911327755623254,
    -0.003928381939442678,
    -0.0021972446056921094,
    -0.0069461151955871265,
    -0.00825227638882059,
    -0.00830517028830964
  ],
  "my": [
    0.0,
    0.052335102696353386,
    -0.00882483913512294,
    0.018856415661467493,
    0.009774423983258805,
    0.006838960901138937,
    0.0017808162529086994,
    -0.026299666942136438,
    0.01693831321141302,
    -0.0028463567405646087,
    -0.003822647227371481,
    0.03607610535139525,
    -0.006711848175998197,
    0.02294797375602553,
    0.02032186063507626,
    0.004137294944655391,
    -0.007922867818240531,
    0.0015670712318847592,
    0.0007811170212336731,
    0.012533271837978047,
    0.0020724151625998314,
    -0.01970601126315895,
    0.0023610394369619533,
    0.0020411904653909662,
    -0.003386804582347561,
    0.02811269288435721,
    0.0024427876864809533,
    0.0034925226289521044,
    -0.005621434297395613,
    0.015456148254578658,
    -0.011013086311384992,
    -0.034629836780684035,
    -0.006358241123460917,
    0.01926711428391592,
    0.018812983454414192,
    0.02010239304238897,
    0.028634161854099633,
    0.00021349676457419324,
    -0.0046548612897151865,
    0.029750719972953595,
    -0.0005776210292265722,
    -0.0016828929957253176,
    -0.01014667151893411,
    -0.026379658053973038,
    -0.03265157687324093,
    0.0017905701421133706,
    0.008900658405538636,
    -0.021208455316583955,
    -0.012872021683085787,
    0.01521154547028662,
    -0.005895633394519763,
    0.0058174503089947205,
    -0.005361471803471461,
    0.013398755753431598,
    0.010603749971606617,
    -0.029868226115396093,
    -0.02435614198819641,
    0.00330665600680744,
    -0.009638194514399036,
    0.01593988432224737,
    -0.02793261320686026,
    0.008993224311454029,
    0.029508233381191476,
    -0.02423308815330631,
    0.004012535526748213,
    -0.028101320625617012,
    -0.006417723940666602,
    0.013886197558953269,
    0.007938246787693596,
    0.004987258695160694,
    -0.0015964728661399161,
    0.008992707221029012,
    -0.009637748518997166,
    0.001431904974602179,
    -0.007490770337769598,
    -0.007452565972928639,
    0.012533847009043116,
    0.01988574829530268,
    -0.004219116587537797,
    0.0009246967203027152,
    -0.0023341529183208065,
    0.005462702312987055,
    -0.019048706422230614,
    -0.00859901573874489,
    0.0035563584865493016,
    0.014071247585245802,
    -0.0018966985530838294,
    0.00430410710986567,
    -0.0021695614925850907,
    -0.01947273824745731,
    -0.014155363719404953,
    0.0045429199617832835,
    0.005508337755163335,
    -0.008596173705646455,
    -0.0005991442886065817,
    0.0030191527861696127,
    0.002684041467885088,
    -0.022393762960646553,
    -0.000750962501777995,
    0.0075605097390135136
  ],