{
  "positive_frequencies": [
    0.0,
    0.07734375,
    0.1546875,
    0.23203125000000002,
    0.309375,
    0.38671875,
    0.46406250000000004,
    0.54140625,
    0.61875,
    0.6960937500000001,
    0.7734375,
    0.85078125,
    0.9281250000000001,
    1.0054687500000001,
    1.0828125,
    1.16015625,
    1.2375,
    1.31484375,
    1.3921875000000001,
    1.46953125,
    1.546875,
    1.62421875,
    1.7015625,
    1.7789062500000001,
    1.8562500000000002,
    1.93359375,
    2.0109375000000003,
    2.08828125,
    2.165625,
    2.24296875,
    2.3203125,
    2.3976562500000003,
    2.475,
    2.55234375,
    2.6296875,
    2.70703125,
    2.7843750000000003,
    2.86171875,
    2.9390625,
    3.01640625,
    3.09375,
    3.1710937500000003,
    3.2484375,
    3.32578125,
    3.403125,
    3.48046875,
    3.5578125000000003,
    3.63515625,
    3.7125000000000004,
    3.78984375,
    3.8671875,
    3.9445312500000003,
    4.0218750000000005,
    4.09921875,
    4.1765625,
    4.25390625,
    4.33125,
    4.4085937500000005,
    4.4859375,
    4.56328125,
    4.640625,
    4.71796875,
    4.7953125000000005,
    4.87265625,
    4.95
  ],
  "mx_fft_pos": [
    0.0743136260530348,
    0.08204009191324958,
    0.08457064245567798,
    0.06235468431206612,
    0.026751018801331194,
    0.007925806187367488,
    0.036949356735769635,
    0.047781962486418285,
    0.04487887187463531,
    0.048022725252360086,
    0.04856513804834261,
    0.048081328966474615,
    0.05470851140271708,
    0.04425883903810682,
    0.011022445223716587,
    0.0426405491314712,
    0.040064803867053876,
    0.004999781876693331,
    0.02432580045392926,
    0.017543663973335975,
    0.002810350076198445,
    0.010798337651756173,
    0.024772378412492337,
    0.039512078767643274,
    0.045565373859268954,
    0.03428321020123806,
    0.017492858501128524,
    0.009158849830235094,
    0.009253834063245757,
    0.0064884767169703286,
    0.015980536175825868,
    0.01862071110396428,
    0.011808988862613827,
    0.010897986453482292,
    0.012142904339903329,
    0.005504231019407328,
    0.0009880875592464698,
    0.002640118933125819,
    0.007392485528220802,
    0.009275331308239643,
    0.006032717332956411,
    0.0021126512323925146,
    0.0020657700513729265,
    0.0031003425744249038,
    0.002258451489682435,
    0.0005836856993921888,
    0.0007892809636828669,
    0.003490103543129687,
    0.00377709050873839,
    0.0008967422588922404,
    0.001413535691057994,
    0.0026553183470454838,
    0.0020075002157758782,
    0.00100327781534992,
    0.001267972042021491,
    0.0008267418745275192,
    0.00048448645984968726,
    0.0005946759264959976,
    0.0003859161876001091,
    0.0005573058195367897,
    0.00019144054723408235,
    0.0004891655984949933,
    0.00037559215323630516,
    0.0001952321996471074,
    0.0004949756040218878
  ],
  "my_fft_pos": [
    0.0300304650925918,
    0.047742802473222906,
    0.05285319391996052,
    0.036394216300749,
    0.026057065270216336,
    0.025350524047868635,
    0.027059555930195472,
    0.0318745343863959,
    0.03654720447487507,
    0.032865251369687466,
    0.030690301855467044,
    0.0349113261447016,
    0.03067537778509961,
    0.03357561866166491,
    0.05061110537625558,
    0.05510629709279272,
    0.029453584817047407,
    0.01760203135814802,
    0.0320435993629598,
    0.03223285057464989,
    0.020631830329006184,
    0.03147396570603633,
    0.03456211028351091,
    0.02679485762014651,
    0.006585967474277663,
    0.016778052353346683,
    0.02246836088097338,
    0.01942713816878719,
    0.019225863753496268,
    0.021810694487903706,
    0.02030495948435213,
    0.012660678924272745,
    0.008436687740520367,
    0.005625478765967413,
    0.006865950993580441,
    0.005934228718627587,
    0.012876813314187463,
    0.010578747893399989,
    0.006261491353664293,
    0.008521400373077845,
    0.0062663596370673355,
    0.004525920014933912,
    0.003994286381649237,
    0.007136942492693414,
    0.008538620503329887,
    0.004689694707369436,
    0.0014117241742710434,
    0.001303652295555412,
    0.0018474021706421703,
    0.0011418321739631342,
    0.0022013206905613144,
    0.001773334860221986,
    0.00029132184161652174,
    0.0009282751392088584,
    0.00017000963917336006,
    0.00023999107636588212,
    0.0016097515860309009,
    0.0011095759494516202,
    0.0009124036196167305,
    0.00044914760390770645,
    0.00020887075058165116,
    0.0004236781855612901,
    0.0003731185277135912,
    0.00044693443322647137,
    7.868497593198631e-05
  ],
  "mz_fft_pos": [
    0.00944580747978257,
    0.021623525946481842,
    0.03572552928681899,
    0.039074455134233126,
    0.025017688987730994,
    0.02670824254629284,
    0.06835201258502002,
    0.04996167305520678,
    0.031815733036069146,
    0.07535346927774464,
    0.06291753757398402,
    0.0277392129278227,
    0.031660276231787354,
    0.007015131600019781,
    0.025535302605156966,
    0.01827843831519566,
    0.023789675776214037,
    0.03612832282408911,
    0.02846554424897945,
    0.017668277062764175,
    0.016119854855518426,
    0.02818435242129686,
    0.03366002900644257,
    0.030017002444292683,
    0.0269627414247371,
    0.02609834491274553,
    0.01801782063836281,
    0.011997994464220538,
    0.009259039783513874,
    0.005531150313611173,
    0.01274687757316254,
    0.014115086527601205,
    0.011659664668943732,
    0.010817268781441146,
    0.009869861199178771,
    0.008841682003974878,
    0.0034440965327757513,
    0.005841916287728442,
    0.0058672161722998625,
    0.005499930473413171,
    0.003413309112212606,
    0.001752616557021674,
    0.0041500652713971475,
    0.0020749816010632986,
    0.0005583462255746124,
    0.0014814821426501759,
    0.0015206297001194402,
    0.0007356065265060529,
    0.00048166335140841003,
    0.0003789275141931269,
    0.0007701186393267953,
    0.0004035428864218849,
    0.0008907532246933837,
    0.0004562709605835601,
    0.00034156624071881566,
    0.00042409149509501645,
    0.0003286445536446222,
    0.0002118744093773845,
    0.00013323729956471713,
    8.531456397164716e-05,
    2.9687776011243534e-05,
    1.783795612640401e-05,
    8.930273883211569e-06,
    7.517972250131322e-07,
    1.4889802237849637e-08
  ]
}