{
  "positive_frequencies": [
    0.0,
    0.07734375,
    0.1546875,
    0.23203125000000002,
    0.309375,
    0.38671875,
    0.46406250000000004,
    0.54140625,
    0.61875,
    0.6960937500000001,
    0.7734375,
    0.85078125,
    0.9281250000000001,
    1.0054687500000001,
    1.0828125,
    1.16015625,
    1.2375,
    1.31484375,
    1.3921875000000001,
    1.46953125,
    1.546875,
    1.62421875,
    1.7015625,
    1.7789062500000001,
    1.8562500000000002,
    1.93359375,
    2.0109375000000003,
    2.08828125,
    2.165625,
    2.24296875,
    2.3203125,
    2.3976562500000003,
    2.475,
    2.55234375,
    2.6296875,
    2.70703125,
    2.7843750000000003,
    2.86171875,
    2.9390625,
    3.01640625,
    3.09375,
    3.1710937500000003,
    3.2484375,
    3.32578125,
    3.403125,
    3.48046875,
    3.5578125000000003,
    3.63515625,
    3.7125000000000004,
    3.78984375,
    3.8671875,
    3.9445312500000003,
    4.0218750000000005,
    4.09921875,
    4.1765625,
    4.25390625,
    4.33125,
    4.4085937500000005,
    4.4859375,
    4.56328125,
    4.640625,
    4.71796875,
    4.7953125000000005,
    4.87265625,
    4.95
  ],
  "mx_fft_pos": [
    0.0012692934830534192,
    0.0031124532312118936,
    0.003770581983708007,
    0.0014964267676115417,
    0.00399235894200936,
    0.0031564791554934656,
    0.0014815769431246989,
    0.0035706607797133705,
    0.0029915372552940943,
    0.0005121232571961508,
    0.0031315796021384678,
    0.0037530825407221043,
    0.0074178596163016,
    0.007935160042385526,
    0.004914045659118106,
    0.004409326473135635,
    0.0033709880257671906,
    0.0016790719854293465,
    0.0036592299745012474,
    0.0011313810710065497,
    0.0019341787995465684,
    0.0022476860115207735,
    0.0010337847296573578,
    0.0018735989157676837,
    0.002091334165861854,
    0.0011077672471570992,
    0.0009494472828928988,
    0.0023964569033177933,
    0.00045050594750630136,
    0.0018459200183112295,
    0.0025694664064396244,
    0.0011920949439951315,
    0.00019488603588784707,
    0.0010284602847251566,
    0.0024281551268615855,
    0.002247819721460327,
    0.0021684493677801816,
    0.0014211790194528981,
    0.0032532859872130655,
    0.0028441323216824516,
    0.003773792676517479,
    0.002407338124336168,
    0.0010661283804943571,
    0.002230170482415748,
    0.003221243796983721,
    0.0015383123946876435,
    0.0013252085797636542,
    0.0020773594930162628,
    0.00199940469608649,
    0.003396004521301419,
    0.0014236533314659116,
    0.00154577639831608,
    0.0039907497246233345,
    0.002928802160520522,
    0.0003774479491458465,
    0.0005703155929888885,
    0.0014212953488372993,
    0.0033850214462011977,
    0.002855231077337991,
    0.0007479205781736033,
    0.0023104801652367663,
    0.0010557892470579027,
    0.002083364886578378,
    0.0025991408351756524,
    0.0020375594356148463
  ],
  "my_fft_pos": [
    0.0005910507717065808,
    0.0009395649076508458,
    0.000826080208950533,
    0.0006749883041963312,
    0.000582333381126857,
    0.0004242400426910455,
    0.00044449591865411447,
    0.000742361675825008,
    0.0009915714109995184,
    0.0014371602714622596,
    0.001295888123046865,
    0.00036852588021817176,
    0.0007397689033799416,
    0.002267886843006532,
    0.003718444682993387,
    0.003892727415256413,
    0.0024711338958246613,
    0.0012635278137795808,
    0.0006478881649824525,
    0.0009256774084331569,
    0.0017194368104753504,
    0.0020092179514554884,
    0.001526261655719969,
    0.0019107932278730943,
    0.0011460548159883956,
    0.0012077788068036836,
    0.0017064403283554564,
    0.0007547360655800875,
    0.00023157317026331468,
    0.0005152670179615154,
    0.0010214215415496643,
    0.0020743014885897314,
    0.0020317127112012404,
    0.0007647134541027729,
    0.0007256459926801465,
    0.0023941223133504643,
    0.0031780745954187077,
    0.0021934881949122456,
    0.0006706416472858376,
    0.0014283578035922553,
    0.001272581284432957,
    0.0007037008239630632,
    0.001126975689238751,
    0.0002970184727707325,
    0.001195497415980692,
    0.000749663173368898,
    0.0008212587837546775,
    0.0007112256128474166,
    0.0008586179097167998,
    0.0014847611634914806,
    0.0013204801436296023,
    0.0004915430503159014,
    0.0014571078658894706,
    0.0017674723633156395,
    0.0011626385415641391,
    0.00045280614649435293,
    0.0006115677668637112,
    0.0015826623890877873,
    0.0019198812007254482,
    0.001634472047632697,
    0.0012394074332998002,
    0.0009843821030361883,
    0.0014957407693214657,
    0.0030789247221677187,
    0.004228803193155642
  ],
  "mz_fft_pos": [
    0.0026117279024900405,
    0.0019458634482824855,
    0.0009760681149176506,
    0.0013590509524976945,
    0.001241502654419153,
    0.0010809899461758886,
    0.00048227135332100433,
    0.0016480800684649374,
    0.002933334718506857,
    0.0025835646544829886,
    0.0032862806807316776,
    0.0033375419091369305,
    0.002442489693256089,
    0.0028922909594103104,
    0.0030059586720040084,
    0.0023664019045977914,
    0.0013896549758296158,
    0.00015729497209864265,
    0.0009490285267341268,
    0.0010145688915863388,
    0.0011791223207164234,
    0.0011391011127097023,
    0.0009779366108053438,
    0.0005929575104374201,
    0.0011435843757851274,
    0.001877562417391776,
    0.0024042537836086696,
    0.0021837416388622087,
    0.0008792855090185049,
    0.0007937843922661232,
    0.0014671578018434278,
    0.0014894803845340145,
    0.001566340996093103,
    0.0014851875116444855,
    0.0010072472442420348,
    0.00021829812938954152,
    0.000652674504886679,
    0.0008963460609860603,
    0.0023051517396922984,
    0.002304888252556493,
    0.0017455505363976945,
    0.002212897297797933,
    0.0016255291369579974,
    0.0011192757705931436,
    0.00046852247661140114,
    0.0015165793359196208,
    0.001815621890235112,
    0.0004778144069861227,
    0.0028480525268996036,
    0.0035403790248250376,
    0.0019603298211417846,
    0.0020421157601846762,
    0.00263956247837231,
    0.0007451258372553386,
    0.0014823926668089485,
    0.0020741240021612366,
    0.002977635146955496,
    0.003008572250398824,
    0.0019474128941517873,
    0.0014439522722026563,
    0.0005391668866195573,
    0.0012422166432357641,
    0.0012561403796421536,
    0.001281748559018572,
    0.0006289264933377343
  ]
}