{
  "positive_frequencies": [
    0.0,
    0.07734375,
    0.1546875,
    0.23203125000000002,
    0.309375,
    0.38671875,
    0.46406250000000004,
    0.54140625,
    0.61875,
    0.6960937500000001,
    0.7734375,
    0.85078125,
    0.9281250000000001,
    1.0054687500000001,
    1.0828125,
    1.16015625,
    1.2375,
    1.31484375,
    1.3921875000000001,
    1.46953125,
    1.546875,
    1.62421875,
    1.7015625,
    1.7789062500000001,
    1.8562500000000002,
    1.93359375,
    2.0109375000000003,
    2.08828125,
    2.165625,
    2.24296875,
    2.3203125,
    2.3976562500000003,
    2.475,
    2.55234375,
    2.6296875,
    2.70703125,
    2.7843750000000003,
    2.86171875,
    2.9390625,
    3.01640625,
    3.09375,
    3.1710937500000003,
    3.2484375,
    3.32578125,
    3.403125,
    3.48046875,
    3.5578125000000003,
    3.63515625,
    3.7125000000000004,
    3.78984375,
    3.8671875,
    3.9445312500000003,
    4.0218750000000005,
    4.09921875,
    4.1765625,
    4.25390625,
    4.33125,
    4.4085937500000005,
    4.4859375,
    4.56328125,
    4.640625,
    4.71796875,
    4.7953125000000005,
    4.87265625,
    4.95
  ],
  "mx_fft_pos": [
    0.0743136260530348,
    0.08204009191324961,
    0.084570642455678,
    0.06235468431206615,
    0.026751018801331208,
    0.00792580618736748,
    0.03694935673576964,
    0.047781962486418285,
    0.044878871874635316,
    0.04802272525236009,
    0.04856513804834261,
    0.048081328966474615,
    0.05470851140271708,
    0.04425883903810682,
    0.011022445223716587,
    0.0426405491314712,
    0.04006480386705388,
    0.0049997818766933325,
    0.02432580045392926,
    0.01754366397333597,
    0.0028103500761984344,
    0.010798337651756182,
    0.024772378412492347,
    0.03951207876764328,
    0.045565373859268954,
    0.034283210201238055,
    0.017492858501128517,
    0.009158849830235087,
    0.009253834063245755,
    0.006488476716970333,
    0.01598053617582586,
    0.01862071110396427,
    0.011808988862613824,
    0.010897986453482288,
    0.012142904339903336,
    0.005504231019407328,
    0.00098808755924647,
    0.002640118933125835,
    0.007392485528220822,
    0.009275331308239656,
    0.006032717332956406,
    0.0021126512323925146,
    0.002065770051372927,
    0.003100342574424896,
    0.002258451489682417,
    0.0005836856993921747,
    0.0007892809636828742,
    0.0034901035431297,
    0.0037770905087383933,
    0.0008967422588922507,
    0.0014135356910579993,
    0.002655318347045486,
    0.002007500215775875,
    0.0010032778153499112,
    0.0012679720420214903,
    0.0008267418745275121,
    0.0004844864598496869,
    0.0005946759264959936,
    0.0003859161876001046,
    0.0005573058195367914,
    0.00019144054723407454,
    0.0004891655984949867,
    0.0003755921532362872,
    0.00019523219964712152,
    0.0004949756040219011
  ],
  "my_fft_pos": [
    0.0300304650925918,
    0.047742802473222906,
    0.05285319391996052,
    0.036394216300748995,
    0.026057065270216326,
    0.02535052404786864,
    0.02705955593019546,
    0.0318745343863959,
    0.036547204474875084,
    0.03286525136968747,
    0.030690301855467044,
    0.0349113261447016,
    0.030675377785099607,
    0.03357561866166491,
    0.05061110537625558,
    0.05510629709279272,
    0.029453584817047424,
    0.017602031358148015,
    0.03204359936295981,
    0.03223285057464989,
    0.020631830329006184,
    0.031473965706036326,
    0.034562110283510895,
    0.02679485762014651,
    0.006585967474277668,
    0.016778052353346676,
    0.022468360880973374,
    0.019427138168787193,
    0.01922586375349627,
    0.021810694487903706,
    0.020304959484352122,
    0.012660678924272742,
    0.008436687740520364,
    0.005625478765967399,
    0.006865950993580438,
    0.0059342287186275955,
    0.01287681331418747,
    0.01057874789339998,
    0.006261491353664281,
    0.008521400373077836,
    0.006266359637067327,
    0.004525920014933915,
    0.003994286381649251,
    0.007136942492693422,
    0.008538620503329892,
    0.004689694707369438,
    0.0014117241742710451,
    0.0013036522955554158,
    0.0018474021706421692,
    0.0011418321739631234,
    0.002201320690561298,
    0.0017733348602219762,
    0.00029132184161652835,
    0.000928275139208858,
    0.0001700096391733602,
    0.00023999107636588795,
    0.001609751586030898,
    0.0011095759494516245,
    0.0009124036196167385,
    0.00044914760390770954,
    0.00020887075058165363,
    0.00042367818556129385,
    0.0003731185277135929,
    0.00044693443322647093,
    7.868497593199075e-05
  ],
  "mz_fft_pos": [
    0.00944580747978258,
    0.02162352594648185,
    0.035725529286819,
    0.039074455134233126,
    0.025017688987730994,
    0.02670824254629283,
    0.06835201258502001,
    0.04996167305520678,
    0.031815733036069146,
    0.07535346927774464,
    0.06291753757398405,
    0.027739212927822707,
    0.031660276231787354,
    0.007015131600019791,
    0.02553530260515695,
    0.01827843831519566,
    0.02378967577621405,
    0.03612832282408913,
    0.028465544248979454,
    0.01766827706276418,
    0.01611985485551842,
    0.02818435242129686,
    0.03366002900644256,
    0.030017002444292683,
    0.026962741424737105,
    0.02609834491274553,
    0.01801782063836281,
    0.011997994464220531,
    0.009259039783513865,
    0.005531150313611166,
    0.012746877573162528,
    0.014115086527601206,
    0.01165966466894374,
    0.01081726878144115,
    0.00986986119917877,
    0.00884168200397489,
    0.0034440965327757595,
    0.00584191628772844,
    0.005867216172299867,
    0.005499930473413163,
    0.003413309112212607,
    0.0017526165570216717,
    0.004150065271397147,
    0.002074981601063297,
    0.0005583462255746078,
    0.0014814821426501735,
    0.0015206297001194415,
    0.0007356065265060573,
    0.0004816633514084092,
    0.0003789275141931327,
    0.0007701186393267946,
    0.000403542886421892,
    0.0008907532246933904,
    0.0004562709605835612,
    0.00034156624071881344,
    0.00042409149509500837,
    0.0003286445536446173,
    0.00021187440937738832,
    0.00013323729956471795,
    8.531456397163928e-05,
    2.9687776011237798e-05,
    1.7837956126401226e-05,
    8.930273883211442e-06,
    7.517972250106189e-07,
    1.4889802226747406e-08
  ]
}