{
  "positive_frequencies": [
    0.0,
    0.07734375,
    0.1546875,
    0.23203125000000002,
    0.309375,
    0.38671875,
    0.46406250000000004,
    0.54140625,
    0.61875,
    0.6960937500000001,
    0.7734375,
    0.85078125,
    0.9281250000000001,
    1.0054687500000001,
    1.0828125,
    1.16015625,
    1.2375,
    1.31484375,
    1.3921875000000001,
    1.46953125,
    1.546875,
    1.62421875,
    1.7015625,
    1.7789062500000001,
    1.8562500000000002,
    1.93359375,
    2.0109375000000003,
    2.08828125,
    2.165625,
    2.24296875,
    2.3203125,
    2.3976562500000003,
    2.475,
    2.55234375,
    2.6296875,
    2.70703125,
    2.7843750000000003,
    2.86171875,
    2.9390625,
    3.01640625,
    3.09375,
    3.1710937500000003,
    3.2484375,
    3.32578125,
    3.403125,
    3.48046875,
    3.5578125000000003,
    3.63515625,
    3.7125000000000004,
    3.78984375,
    3.8671875,
    3.9445312500000003,
    4.0218750000000005,
    4.09921875,
    4.1765625,
    4.25390625,
    4.33125,
    4.4085937500000005,
    4.4859375,
    4.56328125,
    4.640625,
    4.71796875,
    4.7953125000000005,
    4.87265625,
    4.95
  ],
  "mx_fft_pos": [
    0.004429085459376363,
    0.01924121871125679,
    0.04655351856284049,
    0.04243441706796032,
    0.02889603337985728,
    0.03674024426498348,
    0.0259285879961456,
    0.00819903796777939,
    0.030726902578537094,
    0.03833267422342661,
    0.032163978405890976,
    0.037026381217554825,
    0.038112635996842455,
    0.03857381277181246,
    0.025200944925009693,
    0.005426979895798023,
    0.013371744422126679,
    0.01917949784055539,
    0.01751577376048643,
    0.01709323860026529,
    0.008870448696942843,
    0.0091154739066677,
    0.01260545484681947,
    0.00694682000623968,
    0.011320814627819625,
    0.007047570169883812,
    0.0076122114280671015,
    0.0055695526534712495,
    0.0029396849659280772,
    0.004473584172652875,
    0.002675470648476042,
    0.004032543250923815,
    0.003967354757033167,
    0.0011039313096095728,
    0.0008329660215556435,
    0.001852984032147809,
    0.001833098791768776,
    0.0006468615806722637,
    0.0005900845434475159,
    0.0005059170879982916,
    0.0004902789775574034,
    0.0002861476168464703,
    0.0006725636401296914,
    0.0003053923681522259,
    0.00014043773730266408,
    0.00011537030493584466,
    0.00013197706881315182,
    0.00015079232185807794,
    2.9215298904976427e-05,
    5.1582213230311746e-05,
    2.426447060469687e-05,
    1.5489760395820467e-05,
    2.4327051341597636e-05,
    1.0098899952471762e-05,
    1.3993126222942173e-05,
    4.9269357377704e-06,
    1.363544828574451e-06,
    3.7628836575531124e-06,
    1.149857833697758e-06,
    3.3593029809535604e-06,
    1.1843856446057383e-06,
    9.774241607539128e-07,
    5.996512624152252e-07,
    4.991391753545157e-07,
    1.0199994736670437e-07
  ],
  "my_fft_pos": [
    0.09473507454020556,
    0.07314606273915698,
    0.03730483513138164,
    0.01999076299947881,
    0.009845096620191542,
    0.014909046109722612,
    0.03773934800128042,
    0.04911129912924503,
    0.04332331111809122,
    0.032731384511679194,
    0.012619669835471532,
    0.018494479699044976,
    0.04022655624523477,
    0.04200262107645236,
    0.03673726546248643,
    0.04024041679618417,
    0.031911429586245633,
    0.00996879890973683,
    0.003677202336859232,
    0.010161209413726035,
    0.010748038997726014,
    0.018321075497781135,
    0.021138467893729147,
    0.017251590670106585,
    0.01667801443534979,
    0.010363380905385373,
    0.0020269618646169677,
    0.0024158057836164404,
    0.0031105964023076375,
    0.0029628542096601235,
    0.002346599876731657,
    0.0012002310521674233,
    0.0005860810029579545,
    0.0015974427684425365,
    0.001537704505539836,
    0.0007954753368963668,
    0.0004949576161586908,
    0.0010717140586821502,
    0.000704790488227029,
    0.000625459979530975,
    0.00029978427549371886,
    0.00014074323277211674,
    0.0003303736907360094,
    1.4130027595655497e-05,
    0.000220621250260902,
    6.026455353953893e-05,
    5.8583048092521533e-05,
    4.760724753991821e-05,
    5.352107856831886e-05,
    6.591303652679514e-05,
    1.8389532589638705e-05,
    1.2440203533435815e-05,
    1.7924070219194435e-05,
    1.4063474280410727e-06,
    8.68625848177044e-06,
    1.656453112636111e-06,
    1.4200800793678054e-06,
    2.239662987730648e-06,
    2.5797793651256928e-06,
    1.7781462304376286e-06,
    1.7139751317305478e-06,
    2.0672585631308723e-06,
    2.1564050019799384e-06,
    1.8019085724742449e-06,
    1.3785638677621392e-06
  ],
  "mz_fft_pos": [
    0.068096416242462,
    0.047198874971827405,
    0.02506382445400312,
    0.0587595004211865,
    0.06881204614779281,
    0.06657762347016818,
    0.06789748560515997,
    0.04937599639961121,
    0.024243452363348038,
    0.03497801806621451,
    0.034928315712116895,
    0.03239135132720108,
    0.025890010849169073,
    0.0009021557217953957,
    0.016307291150432997,
    0.010298107272637353,
    0.025785067378339036,
    0.016738522912763655,
    0.0052470025144044806,
    0.01505625651875288,
    0.021444476618725637,
    0.017634799888647537,
    0.005858661464609274,
    0.011503311773204716,
    0.018065595296406136,
    0.007866386332250253,
    0.005361699186179961,
    0.004028635157341908,
    0.006690396179148284,
    0.006158787264630213,
    0.000747523081618718,
    0.0032065910199743338,
    0.002364597248853474,
    0.0009817580799737567,
    0.0010702014363015966,
    0.0015461531523827704,
    0.0012910116408438373,
    0.00025091075546859287,
    0.0008511559002694375,
    0.0007854674761317741,
    0.0006678752186552862,
    0.0003854494049529517,
    0.0005245734348647723,
    0.00026250550691514626,
    0.0002536766252349225,
    0.0002530929779355446,
    0.00019685820971176787,
    0.00015108690646037257,
    5.679689197113031e-05,
    8.505697377923638e-05,
    4.4949125893454745e-05,
    3.41215748175172e-05,
    2.3504581866387494e-05,
    1.8811499238852657e-05,
    1.1091758685545822e-05,
    7.534521969273685e-06,
    3.4882569088621996e-06,
    2.6906132590758497e-06,
    8.294497200434392e-07,
    1.0858466087845534e-06,
    5.816888435885647e-07,
    6.404620843313403e-07,
    3.6619799552084756e-07,
    1.523282240473292e-07,
    2.2942596114905455e-07
  ]
}