{
  "times": [
    0.0,
    0.10101010101010101,
    0.20202020202020202,
    0.30303030303030304,
    0.40404040404040403,
    0.5050505050505051,
    0.6060606060606061,
    0.7070707070707071,
    0.8080808080808081,
    0.9090909090909091,
    1.0101010101010102,
    1.1111111111111112,
    1.2121212121212122,
    1.3131313131313131,
    1.4141414141414141,
    1.5151515151515151,
    1.6161616161616161,
    1.7171717171717171,
    1.8181818181818181,
    1.9191919191919191,
    2.0202020202020203,
    2.121212121212121,
    2.2222222222222223,
    2.323232323232323,
    2.4242424242424243,
    2.525252525252525,
    2.6262626262626263,
    2.727272727272727,
    2.8282828282828283,
    2.929292929292929,
    3.0303030303030303,
    3.131313131313131,
    3.2323232323232323,
    3.3333333333333335,
    3.4343434343434343,
    3.5353535353535355,
    3.6363636363636362,
    3.7373737373737375,
    3.8383838383838382,
    3.9393939393939394,
    4.040404040404041,
    4.141414141414141,
    4.242424242424242,
    4.343434343434343,
    4.444444444444445,
    4.545454545454545,
    4.646464646464646,
    4.747474747474747,
    4.848484848484849,
    4.94949494949495,
    5.05050505050505,
    5.151515151515151,
    5.252525252525253,
    5.353535353535354,
    5.454545454545454,
    5.555555555555555,
    5.656565656565657,
    5.757575757575758,
    5.858585858585858,
    5.959595959595959,
    6.0606060606060606,
    6.161616161616162,
    6.262626262626262,
    6.363636363636363,
    6.4646464646464645,
    6.565656565656566,
    6.666666666666667,
    6.767676767676767,
    6.8686868686868685,
    6.96969696969697,
    7.070707070707071,
    7.171717171717171,
    7.2727272727272725,
    7.373737373737374,
    7.474747474747475,
    7.575757575757575,
    7.6767676767676765,
    7.777777777777778,
    7.878787878787879,
    7.979797979797979,
    8.080808080808081,
    8.181818181818182,
    8.282828282828282,
    8.383838383838384,
    8.484848484848484,
    8.585858585858587,
    8.686868686868687,
    8.787878787878787,
    8.88888888888889,
    8.98989898989899,
    9.09090909090909,
    9.191919191919192,
    9.292929292929292,
    9.393939393939394,
    9.494949494949495,
    9.595959595959595,
    9.696969696969697,
    9.797979797979798,
    9.8989898989899,
    10.0
  ],
  "mx": [
    1.0,
    0.2463454031669413,
    -0.0072329925947224516,
    -0.03249157525946197,
    -0.016739664320805224,
    0.0361639750987798,
    0.04702553291090798,
    0.024642409681300676,
    0.02982537925896003,
    0.01876924452009145,
    0.011580269299480105,
    0.05560811975369131,
    0.04014127933668622,
    0.029683721909829965,
    -0.03747961354241403,
    -0.024484119724697197,
    -0.016798022031224605,
    -0.022172344309527955,
    -0.058500050891554245,
    -0.015810899668815832,
    0.06267072081038612,
    0.04465680974916285,
    -0.002454176387668124,
    0.000895123801095396,
    0.0004939104920256435,
    0.0458338980451747,
    0.03303179100889538,
    0.020220086686882015,
    0.02472343534697031,
    -0.00870888784376539,
    -0.03813041201426416,
    -0.004600893295917039,
    0.02487056765349694,
    0.027007048628540847,
    0.004233966448412563,
    -0.014041715306671856,
    -0.013197253300241083,
    0.004897985482249901,
    0.03005779224910499,
    0.03654842500408296,
    0.0056484418628973965,
    0.0009856177812344429,
    0.03224851055849158,
    0.016122615870571712,
    -0.02745930266620682,
    -0.0447369357806393,
    -0.029353385232870316,
    -0.0186469248112502,
    -0.004732555362821961,
    -0.025314045728192233,
    0.014739667809298924,
    0.08889592575263992,
    0.04018210806722441,
    0.0059561162883144635,
    0.014984673235703093,
    -0.012121634799690304,
    0.013355364205704608,
    0.035229667343746,
    -0.01043287045672241,
    -0.02324278953971874,
    0.00469264568599949,
    0.039675418975971856,
    -0.042042263771659316,
    -0.05105267476935151,
    -0.0009019974638775526,
    -0.05152896001900209,
    -0.04783298034287523,
    -0.007452861555075556,
    0.03977106339667393,
    0.030594212069471757,
    -0.007707926382153367,
    -0.057066232125606776,
    -0.09895998711014667,
    -0.05179822846588534,
    -0.006865235720218513,
    0.03217763680846868,
    -0.00502344442922582,
    -0.032757423470326494,
    -0.01224023630190607,
    -0.007903410495683917,
    -0.06598782701292046,
    0.00615698893406669,
    -0.012988212218191804,
    -0.028312901697508032,
    -0.000958411744140103,
    0.002740696932927801,
    -0.022561846918905674,
    -0.024365732974750837,
    0.03039665776179378,
    0.045152789249474606,
    0.04766615799138969,
    0.012074589809848704,
    -0.03791383194164025,
    -0.050784538955618776,
    -0.03188350705534135,
    -0.014977596095810395,
    0.021229512500875687,
    0.02249917151300813,
    -0.22222870216466029,
    -0.49999999999999983
  ],
  "my": [
    0.0,
    0.05141672825598132,
    -0.011568834871821072,
    -0.02362923779204599,
    -0.005551065574170019,
    0.038191432927176985,
    0.057047922296526665,
    -0.010585628091839088,
    -0.0215622179954998,
    -0.04198244383640172,
    -0.02863793909224975,
    0.005038423604089787,
    0.029751054243794692,
    -0.028125188742956893,
    -0.05453853950642834,
    -0.06220848233200438,
    -0.018043153544142623,
    0.02996052063084479,
    0.005788973447830588,
    0.017024764926392932,
    0.0321848908936419,
    0.032171132519097,
    0.009136641697022713,
    -0.0017800087065788488,
    -0.013583433576567371,
    -0.00034804041939525245,
    0.0144388951030201,
    0.03671176914772033,
    0.06637680822800626,
    0.0737113922050914,
    0.06440331226719115,
    0.06636551725540034,
    0.07128659046446935,
    0.0769855553802087,
    0.07228087381362204,
    0.02729255144974408,
    -0.009243635151452215,
    -0.008872308514173153,
    0.00633011878694865,
    0.03649675745911747,
    0.05358558023222174,
    0.03484274061239704,
    0.03924100951016645,
    0.05207970446033597,
    0.024019234546412832,
    -0.013312996287336641,
    -0.019407323163195492,
    -0.00766108186741886,
    0.005444162191844723,
    0.005609003340341622,
    -0.006061880785143767,
    0.019826494202378097,
    0.04275502729971687,
    0.006708311150139326,
    0.013995841262654986,
    0.024054379186715928,
    0.001811763920859858,
    0.007070833896747276,
    -0.060326386748611856,
    -0.03670605918870769,
    -0.0027276919113813384,
    0.03455005829036546,
    -0.026138126207200192,
    -0.05322871244535379,
    -0.02110338228096912,
    -0.01231517118866255,
    -0.026105577384075443,
    -0.027389655260590135,
    -0.045494071800311106,
    0.05437207279752947,
    0.012176613067989568,
    0.03163737631564527,
    0.010572796676343518,
    -0.023248510187967836,
    -0.011420836776169648,
    -0.0011238246498444567,
    -0.00103674893447771,
    -0.0467971198960291,
    -0.0097259147910479,
    -0.00564903090875403,
    -0.0021595766476246773,
    0.00948891627644817,
    0.055885982163401085,
    0.07309876323082015,
    0.03401396562918282,
    -0.012465993722967975,
    -0.01321007065037748,
    0.03753930146059844,
    0.009369960538305628,
    0.037043034322589805,
    0.009005624544115066,
    0.027912282081519284,
    0.04565479366546672,
    -0.027918653300721668,
    -0.08630267371535268,
    0.018623480558786223,
    -0.009865665498027728,
    0.006562599685661412,
    0.10149717206232196,
    -1.1817803680091998e-17
  ],