{
  "positive_frequencies": [
    0.0,
    0.07734375,
    0.1546875,
    0.23203125000000002,
    0.309375,
    0.38671875,
    0.46406250000000004,
    0.54140625,
    0.61875,
    0.6960937500000001,
    0.7734375,
    0.85078125,
    0.9281250000000001,
    1.0054687500000001,
    1.0828125,
    1.16015625,
    1.2375,
    1.31484375,
    1.3921875000000001,
    1.46953125,
    1.546875,
    1.62421875,
    1.7015625,
    1.7789062500000001,
    1.8562500000000002,
    1.93359375,
    2.0109375000000003,
    2.08828125,
    2.165625,
    2.24296875,
    2.3203125,
    2.3976562500000003,
    2.475,
    2.55234375,
    2.6296875,
    2.70703125,
    2.7843750000000003,
    2.86171875,
    2.9390625,
    3.01640625,
    3.09375,
    3.1710937500000003,
    3.2484375,
    3.32578125,
    3.403125,
    3.48046875,
    3.5578125000000003,
    3.63515625,
    3.7125000000000004,
    3.78984375,
    3.8671875,
    3.9445312500000003,
    4.0218750000000005,
    4.09921875,
    4.1765625,
    4.25390625,
    4.33125,
    4.4085937500000005,
    4.4859375,
    4.56328125,
    4.640625,
    4.71796875,
    4.7953125000000005,
    4.87265625,
    4.95
  ],
  "mx_fft_pos": [
    0.0006046357269219785,
    0.005497408001289112,
    0.005329017202921362,
    0.0034223156425380306,
    0.004511973715689349,
    0.004654304015620579,
    0.003384082196818835,
    0.004215031517969736,
    0.006981924330115296,
    0.007383906251068504,
    0.0054908848683056745,
    0.002683644501048469,
    0.0019504325267503974,
    0.005610834770615527,
    0.007572761931350681,
    0.007340018806799362,
    0.006333194437048151,
    0.002241638960070059,
    0.004700758147588768,
    0.003126781448038867,
    0.003825507591541912,
    0.0074096008317906595,
    0.0054939282625687345,
    0.0008916837225765411,
    0.003833772151327256,
    0.003010996875334307,
    0.002470690313351538,
    0.004693729938668982,
    0.007352168439893356,
    0.007604421634209674,
    0.004299661763719152,
    0.0015610217209561397,
    0.0019022755346577661,
    0.0012835094673343914,
    0.0020697295912001958,
    0.004208131058839191,
    0.0045606598917874025,
    0.00411690582211646,
    0.00385253605516303,
    0.003745807363736505,
    0.003755800362654196,
    0.003921879131905617,
    0.0033040367102440526,
    0.0024920280852881536,
    0.0015431959774736585,
    0.0017138948047653374,
    0.002745352687374566,
    0.0018120484814792576,
    0.0008566638701985173,
    0.0013380200325586098,
    0.0024243321612286996,
    0.0024763126405631707,
    0.0018096925680650322,
    0.0019071370177059105,
    0.0010457739397038966,
    0.00037065718967602975,
    0.0008074756450615086,
    0.0009252846746452046,
    0.0012625922473985549,
    0.0010453295988270541,
    0.0006172058500639436,
    0.00037517759980691256,
    0.0008484160425607453,
    0.00020833070631363928,
    0.001048397341852991
  ],
  "my_fft_pos": [
    0.010709005572272976,
    0.011355043877934724,
    0.013158359093052045,
    0.009562219318122444,
    0.0023205600889463856,
    0.004246899411766848,
    0.004802550816766608,
    0.004470659358748055,
    0.002268414731890164,
    0.0050708732625349695,
    0.007244723843723738,
    0.005844308271593136,
    0.008736942972993574,
    0.008703180828920567,
    0.004250468405906143,
    0.0015621956720773948,
    0.0007620706735157577,
    0.0024977718175788147,
    0.005265916907824439,
    0.003768067103676665,
    0.0007773819952354085,
    0.0010892898216075487,
    0.00033601280396022273,
    0.0038139262317507692,
    0.005021769326062275,
    0.002489695403586216,
    0.0016674396634134168,
    0.002949399739820739,
    0.00593854368065451,
    0.007227822625744785,
    0.004702748449225638,
    0.0025982306371387085,
    0.0026726084614559003,
    0.002006998828526748,
    0.0008469192743367458,
    0.0017825760807352704,
    0.0017491443765467493,
    0.0017902534560917326,
    0.0009078152732320103,
    0.00018068356786583737,
    0.00016429411454543658,
    0.0005898433491296237,
    0.0014335882305754647,
    0.0025127836539988683,
    0.0033457742858382118,
    0.0022198342344353066,
    0.0003601783443688223,
    0.0002467101438669669,
    0.00028514523963941714,
    0.0009981286458193204,
    0.001577954287210364,
    0.0024085273445649115,
    0.002584054658584284,
    0.0024346512944795357,
    0.0024117291501811427,
    0.0017852453742564335,
    0.0012931981481991508,
    0.0005788809638006458,
    0.0009215296115107575,
    0.001184386898464196,
    0.0016765725230565725,
    0.0019907078118609023,
    0.001709141062674252,
    0.0018846363228609288,
    0.0020222971600446647
  ],
  "mz_fft_pos": [
    0.0022752544125525477,
    0.0012147821732470293,
    0.002958694553501703,
    0.006999342793447453,
    0.00832260018026524,
    0.0053969281075963394,
    0.002151787928594533,
    0.0037945149770200683,
    0.0067214474429987715,
    0.005102736691995195,
    0.0007103718224431077,
    0.003780804696716931,
    0.005334729573513014,
    0.004927566516833486,
    0.003632072516055321,
    0.0022189789866242644,
    0.0024974240102732044,
    0.002239897888048312,
    0.0007737954524296139,
    0.0002180094159264689,
    0.0022724395055298222,
    0.0026843929815386696,
    0.0010604335487896816,
    0.002845973027579881,
    0.0024781414028183578,
    0.0013130192193475676,
    0.0011011141771418511,
    0.0010147472537138749,
    0.0010470328278866427,
    0.0017989368140444862,
    0.002736854641967403,
    0.002446159455737784,
    0.0017155007590851361,
    0.001590644354243436,
    0.0012620881756009116,
    3.4429849340366435e-05,
    0.0009610707666883474,
    0.0009307437073940606,
    0.0011035126596438815,
    0.0001624596305681562,
    0.0022319184304619493,
    0.0031410704023109577,
    0.002089769653589796,
    0.0020819963695252793,
    0.0020412592701908806,
    0.0012659728789893218,
    0.0016183196830613742,
    0.0021155417370766756,
    0.0014921597175429127,
    0.001917524798525176,
    0.002549574543307562,
    0.0017947332364317502,
    0.0019906556200513987,
    0.0012178597194774374,
    0.001562677496261211,
    0.0018208372447433283,
    0.0014048901736573333,
    0.001525785689538739,
    0.0014817632248712127,
    0.0019014096772799497,
    0.001309894341981762,
    0.0006895484748057588,
    0.0015365365885929975,
    0.0016115845890196524,
    0.0008652461976203215
  ]
}