{
  "times": [
    0.0,
    0.10101010101010101,
    0.20202020202020202,
    0.30303030303030304,
    0.40404040404040403,
    0.5050505050505051,
    0.6060606060606061,
    0.7070707070707071,
    0.8080808080808081,
    0.9090909090909091,
    1.0101010101010102,
    1.1111111111111112,
    1.2121212121212122,
    1.3131313131313131,
    1.4141414141414141,
    1.5151515151515151,
    1.6161616161616161,
    1.7171717171717171,
    1.8181818181818181,
    1.9191919191919191,
    2.0202020202020203,
    2.121212121212121,
    2.2222222222222223,
    2.323232323232323,
    2.4242424242424243,
    2.525252525252525,
    2.6262626262626263,
    2.727272727272727,
    2.8282828282828283,
    2.929292929292929,
    3.0303030303030303,
    3.131313131313131,
    3.2323232323232323,
    3.3333333333333335,
    3.4343434343434343,
    3.5353535353535355,
    3.6363636363636362,
    3.7373737373737375,
    3.8383838383838382,
    3.9393939393939394,
    4.040404040404041,
    4.141414141414141,
    4.242424242424242,
    4.343434343434343,
    4.444444444444445,
    4.545454545454545,
    4.646464646464646,
    4.747474747474747,
    4.848484848484849,
    4.94949494949495,
    5.05050505050505,
    5.151515151515151,
    5.252525252525253,
    5.353535353535354,
    5.454545454545454,
    5.555555555555555,
    5.656565656565657,
    5.757575757575758,
    5.858585858585858,
    5.959595959595959,
    6.0606060606060606,
    6.161616161616162,
    6.262626262626262,
    6.363636363636363,
    6.4646464646464645,
    6.565656565656566,
    6.666666666666667,
    6.767676767676767,
    6.8686868686868685,
    6.96969696969697,
    7.070707070707071,
    7.171717171717171,
    7.2727272727272725,
    7.373737373737374,
    7.474747474747475,
    7.575757575757575,
    7.6767676767676765,
    7.777777777777778,
    7.878787878787879,
    7.979797979797979,
    8.080808080808081,
    8.181818181818182,
    8.282828282828282,
    8.383838383838384,
    8.484848484848484,
    8.585858585858587,
    8.686868686868687,
    8.787878787878787,
    8.88888888888889,
    8.98989898989899,
    9.09090909090909,
    9.191919191919192,
    9.292929292929292,
    9.393939393939394,
    9.494949494949495,
    9.595959595959595,
    9.696969696969697,
    9.797979797979798,
    9.8989898989899,
    10.0
  ],
  "mx": [
    1.0,
    0.9917910316088275,
    0.9671968447828895,
    0.9267872668044388,
    0.8718259138373783,
    0.8042045597440272,
    0.72637362019801,
    0.6413039374613207,
    0.5524073163407213,
    0.4632856167856554,
    0.37725932586593913,
    0.29682122491187024,
    0.2233231786846902,
    0.15716872063808549,
    0.0985083623497304,
    0.048067345488877554,
    0.0075392836019476045,
    -0.02085664847230577,
    -0.03557629427144005,
    -0.03711265088538101,
    -0.028712315572218945,
    -0.015904701957098547,
    -0.004915008190401061,
    -0.0006368220261508699,
    -0.005085222226307575,
    -0.017005893737639183,
    -0.03273893716103368,
    -0.04785882848823821,
    -0.05882948357001968,
    -0.06402490640069912,
    -0.06385195345183822,
    -0.060137154145145484,
    -0.05519882404531341,
    -0.05104045899221426,
    -0.04892785666074799,
    -0.04937854111969057,
    -0.05241651614480483,
    -0.05788536639752209,
    -0.06565778113086079,
    -0.07567838812966657,
    -0.08787236966598796,
    -0.1020065596901175,
    -0.11759174913440834,
    -0.1338773262340509,
    -0.1499377296111937,
    -0.1648104101775247,
    -0.17763226104043273,
    -0.18773504110241657,
    -0.1946868145098352,
    -0.1982894619406634,
    -0.19855207854731288,
    -0.1956569422255398,
    -0.1899258481455083,
    -0.1817873320021426,
    -0.17174282316907152,
    -0.1603309241757361,
    -0.14809098927348271,
    -0.13552812388246355,
    -0.12308162701154608,
    -0.11109877471220277,
    -0.09981644215730102,
    -0.08935402062455469,
    -0.07972106961661803,
    -0.07084086474099228,
    -0.06258644852040628,
    -0.054820764311850644,
    -0.047429807831016836,
    -0.040339631559332484,
    -0.033514352302749156,
    -0.026940320969252307,
    -0.02060737230648459,
    -0.014498636159049493,
    -0.008595502454775255,
    -0.002896527298053995,
    0.002557805815088601,
    0.007665453889732309,
    0.01225742881631544,
    0.016110627941361352,
    0.0189769717423085,
    0.02062244996482884,
    0.02086745672123793,
    0.019619678279802513,
    0.01689232237688467,
    0.012803405781144004,
    0.007555999486549049,
    0.001404169727601522,
    -0.005386499333226326,
    -0.012573148160684833,
    -0.019955687276392273,
    -0.02737847739836172,
    -0.034715562464235766,
    -0.041846359228753426,
    -0.04863084073086143,
    -0.05489220354715675,
    -0.06041177262635945,
    -0.06493701434014969,
    -0.06820027467722625,
    -0.06994389797172101,
    -0.06994688795244947,
    -0.06804914657959388
  ],
  "my": [
    0.0,
    -1.8279982116448137e-05,
    -0.00012067617917256709,
    -0.00035801508619573257,
    -0.0007648987199176189,
    -0.0012883225579026674,
    -0.0016978637709834255,
    -0.0016245228193020951,
    -0.0008042847688599483,
    0.0005762879505092365,
    0.0016900389492711864,
    0.0012791146717755773,
    -0.0017119315970921117,
    -0.007366871696860565,
    -0.014366081496903783,
    -0.020267678734312858,
    -0.022509114234086722,
    -0.019701887828834128,
    -0.01255699710724745,
    -0.003904182864358489,
    0.002296658201787361,
    0.0025411212425758656,
    -0.004760975059487065,
    -0.01862794065294123,
    -0.03594180572916182,
    -0.05275297470833463,
    -0.06583508358610321,
    -0.07378449416775096,
    -0.07721055166440985,
    -0.07801787122070046,
    -0.07820968881395464,
    -0.07883196834274057,
    -0.07955017373960296,
    -0.0789911459314663,
    -0.07559331750691657,
    -0.06849068223702888,
    -0.05800030195091491,
    -0.04553207533112601,
    -0.033037244542492177,
    -0.022303366866397414,
    -0.014415564603071165,
    -0.009568125196812544,
    -0.0072233571514015715,
    -0.0064737731987477565,
    -0.006420288633054116,
    -0.006425917128092183,
    -0.0061955168089608504,
    -0.005715144707795567,
    -0.005126454612512025,
    -0.004607848235349471,
    -0.004302214730210448,
    -0.004295359510159589,
    -0.004626877435312988,
    -0.00531052644204376,
    -0.006348231928163236,
    -0.007731983862272005,
    -0.0094354380884244,
    -0.011400858078304016,
    -0.013528348710616764,
    -0.015674100658151398,
    -0.017662443501473266,
    -0.019312547691185223,
    -0.020475226791052452,
    -0.021070284503398803,
    -0.021112476436712917,
    -0.020715961613757886,
    -0.020073082420560807,
    -0.019411607039458705,
    -0.01894208501780932,
    -0.018810538781629235,
    -0.019069643546575317,
    -0.0196746405589317,
    -0.020501597523744364,
    -0.021379170905395824,
    -0.022123339041116182,
    -0.022567579788512714,
    -0.022586060145911448,
    -0.022111106418471853,
    -0.021146298673864434,
    -0.019773351872190217,
    -0.018147269974146497,
    -0.016473577196589543,
    -0.014965764829806015,
    -0.013789516241234446,
    -0.013009029470155899,
    -0.01255502580444668,
    -0.012230483724251605,
    -0.011758908451618375,
    -0.010864925015589257,
    -0.009364158183418424,
    -0.007234088839312482,
    -0.00464215572459472,
    -0.00192016854422344,
    0.0005095200389271903,
    0.002236214051633949,
    0.002963475716417168,
    0.002584346634187781,
    0.0012093191071829465,
    -0.0008596878554837419,
    -0.003201411192509332
  ],