{
  "positive_frequencies": [
    0.0,
    0.07734375,
    0.1546875,
    0.23203125000000002,
    0.309375,
    0.38671875,
    0.46406250000000004,
    0.54140625,
    0.61875,
    0.6960937500000001,
    0.7734375,
    0.85078125,
    0.9281250000000001,
    1.0054687500000001,
    1.0828125,
    1.16015625,
    1.2375,
    1.31484375,
    1.3921875000000001,
    1.46953125,
    1.546875,
    1.62421875,
    1.7015625,
    1.7789062500000001,
    1.8562500000000002,
    1.93359375,
    2.0109375000000003,
    2.08828125,
    2.165625,
    2.24296875,
    2.3203125,
    2.3976562500000003,
    2.475,
    2.55234375,
    2.6296875,
    2.70703125,
    2.7843750000000003,
    2.86171875,
    2.9390625,
    3.01640625,
    3.09375,
    3.1710937500000003,
    3.2484375,
    3.32578125,
    3.403125,
    3.48046875,
    3.5578125000000003,
    3.63515625,
    3.7125000000000004,
    3.78984375,
    3.8671875,
    3.9445312500000003,
    4.0218750000000005,
    4.09921875,
    4.1765625,
    4.25390625,
    4.33125,
    4.4085937500000005,
    4.4859375,
    4.56328125,
    4.640625,
    4.71796875,
    4.7953125000000005,
    4.87265625,
    4.95
  ],
  "mx_fft_pos": [
    0.07673652989636266,
    0.07750464798824355,
    0.059669185808562404,
    0.028786145160332427,
    0.022445474539971616,
    0.015901530777738707,
    0.007018913059301312,
    0.00636268979774598,
    0.006470114664712628,
    0.004692109450229751,
    0.002916087477453105,
    0.0020831425695536864,
    0.0014820284645458833,
    0.0012871936831898535,
    0.001280598280789306,
    0.0009222350141341336,
    0.0005414667839679278,
    0.00023253704109778777,
    8.84458944932874e-05,
    8.098158541102352e-05,
    7.066611833283484e-05,
    5.684311306488258e-05,
    4.198377539075917e-05,
    3.071327474416134e-05,
    2.4457571272813962e-05,
    2.2381738880386625e-05,
    2.1618248192090085e-05,
    1.9032188491305656e-05,
    1.5445137673470916e-05,
    1.3548651290578676e-05,
    1.3305916496825999e-05,
    1.2451818871148022e-05,
    1.0484496292898206e-05,
    8.852408019349253e-06,
    8.528463509386943e-06,
    8.37364781590555e-06,
    7.419261496837635e-06,
    6.180944086537352e-06,
    5.67749412181331e-06,
    5.6938768362669035e-06,
    5.322594199752787e-06,
    4.502518545495506e-06,
    3.923206600007206e-06,
    3.8795832337746e-06,
    3.7905523464312934e-06,
    3.320539381836897e-06,
    2.793754613139699e-06,
    2.6336774190854553e-06,
    2.6301864241062515e-06,
    2.399971379684022e-06,
    2.00017658021362e-06,
    1.7639753993506032e-06,
    1.7371933550073836e-06,
    1.6339634172955972e-06,
    1.3690328769146693e-06,
    1.1266590622797592e-06,
    1.0423840781996594e-06,
    9.748940699011204e-07,
    8.061070144785978e-07,
    6.067816204571246e-07,
    4.851402491642309e-07,
    3.983354077216159e-07,
    2.670111747741534e-07,
    1.1758412016347286e-07,
    7.621523505640937e-09
  ],
  "my_fft_pos": [
    0.023160266638059736,
    0.01585117943400534,
    0.008541712499770964,
    0.012254688014785051,
    0.010335709867713901,
    0.007362059328892096,
    0.005151274127332026,
    0.0036379526392146234,
    0.0031921477378510092,
    0.001998809486142163,
    0.00033258409975477494,
    0.0008475081563132401,
    0.0012563430354057292,
    0.001546195277364996,
    0.0013813902572924939,
    0.0010252379197857669,
    0.0006184080387038307,
    0.0003390822577366981,
    0.00014029880415071327,
    4.505100302612215e-05,
    8.381201719445308e-06,
    3.118453921080649e-06,
    3.097423975442421e-06,
    2.4730785739133143e-06,
    1.2393081195797028e-06,
    8.554009058214545e-08,
    1.686845528612054e-07,
    1.7527103268651683e-07,
    1.6355654585075405e-07,
    1.0767515786275775e-07,
    8.189566558137296e-08,
    8.562892243206948e-08,
    8.013377308040576e-08,
    6.384956321829299e-08,
    5.233473541484233e-08,
    4.996169108238376e-08,
    4.695322344165686e-08,
    4.016914684085099e-08,
    3.4269769191336614e-08,
    3.195908405422254e-08,
    3.017561973308505e-08,
    2.681413737531567e-08,
    2.3403055308946816e-08,
    2.162141557705971e-08,
    2.0517763458531597e-08,
    1.8723410061736685e-08,
    1.6622407986876822e-08,
    1.5260215063531023e-08,
    1.4510036753058727e-08,
    1.3523223607320356e-08,
    1.2211935470173783e-08,
    1.1176424605667564e-08,
    1.0614543078425096e-08,
    1.0068226991364963e-08,
    9.278200145408725e-09,
    8.526210448129817e-09,
    8.096211403322223e-09,
    7.813916186070617e-09,
    7.400808669764093e-09,
    6.9216587409961815e-09,
    6.6333345008599995e-09,
    6.552367383752633e-09,
    6.453150085889521e-09,
    6.256588630501328e-09,
    6.144446389466651e-09
  ],
  "mz_fft_pos": [
    0.023724087049824035,
    0.02408786508807924,
    0.018848085837588662,
    0.02446571093851492,
    0.02281482355592593,
    0.01444181844995521,
    0.0036323733870428105,
    0.0051297004692977145,
    0.004868875714649448,
    0.002058524641888562,
    0.0008105668827822858,
    0.000733908540929999,
    0.0007303842797789148,
    0.0006036760128936944,
    0.0004549491067486209,
    0.0002911756822746904,
    0.00017326117962176423,
    0.00011010410701546378,
    8.035482898848244e-05,
    6.68501574935755e-05,
    5.5216660844148224e-05,
    3.684945995930805e-05,
    1.8288556840131078e-05,
    5.627741589057898e-06,
    3.544108231417402e-06,
    3.4287139520575945e-06,
    3.0578201282407275e-06,
    2.562295855135116e-06,
    1.9746563821074985e-06,
    1.6707339560031475e-06,
    1.6084900760563437e-06,
    1.4670149589434608e-06,
    1.1914229980611286e-06,
    9.674052684864323e-07,
    9.157304875536774e-07,
    8.928588554079222e-07,
    7.787957195861937e-07,
    6.29034455928738e-07,
    5.632484245722283e-07,
    5.658100203784582e-07,
    5.312163738015156e-07,
    4.443238025025136e-07,
    3.7739967990020875e-07,
    3.73506752709757e-07,
    3.7301290155889803e-07,
    3.313109171131338e-07,
    2.7642290612386294e-07,
    2.6035789048207086e-07,
    2.69594629536023e-07,
    2.565638431868214e-07,
    2.1904541492941403e-07,
    1.9556868464698022e-07,
    2.0262290400828067e-07,
    2.0569794659338457e-07,
    1.8501030346513986e-07,
    1.6078263824871934e-07,
    1.613094681614859e-07,
    1.7189074717424947e-07,
    1.6519658928471854e-07,
    1.4506050971905566e-07,
    1.3902524579636058e-07,
    1.515138416124913e-07,
    1.5591141631771814e-07,
    1.4266458758177412e-07,
    1.3201099591242382e-07
  ]
}