{
  "positive_frequencies": [
    0.0,
    0.07734375,
    0.1546875,
    0.23203125000000002,
    0.309375,
    0.38671875,
    0.46406250000000004,
    0.54140625,
    0.61875,
    0.6960937500000001,
    0.7734375,
    0.85078125,
    0.9281250000000001,
    1.0054687500000001,
    1.0828125,
    1.16015625,
    1.2375,
    1.31484375,
    1.3921875000000001,
    1.46953125,
    1.546875,
    1.62421875,
    1.7015625,
    1.7789062500000001,
    1.8562500000000002,
    1.93359375,
    2.0109375000000003,
    2.08828125,
    2.165625,
    2.24296875,
    2.3203125,
    2.3976562500000003,
    2.475,
    2.55234375,
    2.6296875,
    2.70703125,
    2.7843750000000003,
    2.86171875,
    2.9390625,
    3.01640625,
    3.09375,
    3.1710937500000003,
    3.2484375,
    3.32578125,
    3.403125,
    3.48046875,
    3.5578125000000003,
    3.63515625,
    3.7125000000000004,
    3.78984375,
    3.8671875,
    3.9445312500000003,
    4.0218750000000005,
    4.09921875,
    4.1765625,
    4.25390625,
    4.33125,
    4.4085937500000005,
    4.4859375,
    4.56328125,
    4.640625,
    4.71796875,
    4.7953125000000005,
    4.87265625,
    4.95
  ],
  "mx_fft_pos": [
    0.0743136260530348,
    0.08204009191324958,
    0.084570642455678,
    0.06235468431206612,
    0.026751018801331204,
    0.00792580618736748,
    0.03694935673576964,
    0.04778196248641829,
    0.044878871874635316,
    0.04802272525236011,
    0.0485651380483426,
    0.04808132896647461,
    0.05470851140271708,
    0.04425883903810683,
    0.011022445223716593,
    0.042640549131471195,
    0.04006480386705388,
    0.004999781876693341,
    0.024325800453929257,
    0.01754366397333597,
    0.002810350076198434,
    0.010798337651756178,
    0.024772378412492344,
    0.03951207876764328,
    0.045565373859268954,
    0.034283210201238055,
    0.017492858501128514,
    0.009158849830235082,
    0.009253834063245757,
    0.00648847671697033,
    0.015980536175825857,
    0.018620711103964262,
    0.011808988862613804,
    0.01089798645348227,
    0.012142904339903322,
    0.005504231019407328,
    0.000988087559246469,
    0.0026401189331258295,
    0.007392485528220819,
    0.00927533130823966,
    0.006032717332956416,
    0.0021126512323925138,
    0.0020657700513729226,
    0.0031003425744248903,
    0.0022584514896824186,
    0.0005836856993921851,
    0.0007892809636828686,
    0.003490103543129708,
    0.003777090508738409,
    0.0008967422588922608,
    0.0014135356910579917,
    0.00265531834704548,
    0.0020075002157758674,
    0.0010032778153499062,
    0.0012679720420214957,
    0.0008267418745275246,
    0.0004844864598496961,
    0.0005946759264959906,
    0.0003859161876001121,
    0.0005573058195368013,
    0.00019144054723408026,
    0.000489165598494972,
    0.00037559215323628684,
    0.00019523219964712014,
    0.0004949756040218878
  ],
  "my_fft_pos": [
    0.030030465092591788,
    0.0477428024732229,
    0.05285319391996052,
    0.036394216300749,
    0.026057065270216336,
    0.02535052404786864,
    0.02705955593019546,
    0.031874534386395904,
    0.036547204474875084,
    0.03286525136968747,
    0.030690301855467048,
    0.03491132614470161,
    0.03067537778509961,
    0.0335756186616649,
    0.050611105376255565,
    0.05510629709279272,
    0.02945358481704742,
    0.01760203135814802,
    0.03204359936295981,
    0.032232850574649884,
    0.020631830329006177,
    0.031473965706036326,
    0.0345621102835109,
    0.026794857620146516,
    0.006585967474277671,
    0.016778052353346676,
    0.022468360880973374,
    0.01942713816878719,
    0.01922586375349626,
    0.021810694487903695,
    0.02030495948435213,
    0.012660678924272745,
    0.008436687740520362,
    0.005625478765967406,
    0.006865950993580438,
    0.005934228718627598,
    0.01287681331418747,
    0.010578747893399989,
    0.00626149135366429,
    0.008521400373077841,
    0.006266359637067337,
    0.004525920014933914,
    0.003994286381649251,
    0.007136942492693421,
    0.008538620503329892,
    0.004689694707369444,
    0.0014117241742710445,
    0.0013036522955554139,
    0.001847402170642167,
    0.0011418321739631342,
    0.002201320690561304,
    0.001773334860221979,
    0.00029132184161652743,
    0.0009282751392088565,
    0.00017000963917336635,
    0.00023999107636588944,
    0.0016097515860309098,
    0.0011095759494516334,
    0.00091240361961674,
    0.00044914760390771637,
    0.00020887075058166347,
    0.00042367818556128734,
    0.0003731185277135873,
    0.00044693443322646806,
    7.868497593199297e-05
  ],
  "mz_fft_pos": [
    0.009445807479782574,
    0.02162352594648184,
    0.03572552928681899,
    0.03907445513423313,
    0.025017688987730997,
    0.026708242546292834,
    0.06835201258502002,
    0.04996167305520679,
    0.03181573303606915,
    0.07535346927774465,
    0.06291753757398405,
    0.027739212927822707,
    0.03166027623178736,
    0.007015131600019779,
    0.02553530260515697,
    0.018278438315195666,
    0.023789675776214034,
    0.03612832282408911,
    0.028465544248979444,
    0.017668277062764172,
    0.016119854855518426,
    0.028184352421296858,
    0.03366002900644255,
    0.030017002444292677,
    0.026962741424737095,
    0.02609834491274553,
    0.018017820638362818,
    0.011997994464220542,
    0.009259039783513874,
    0.0055311503136111695,
    0.012746877573162545,
    0.014115086527601205,
    0.011659664668943737,
    0.010817268781441158,
    0.009869861199178785,
    0.00884168200397489,
    0.003444096532775753,
    0.005841916287728443,
    0.005867216172299866,
    0.005499930473413172,
    0.00341330911221261,
    0.0017526165570216842,
    0.004150065271397157,
    0.0020749816010633125,
    0.0005583462255746117,
    0.00148148214265017,
    0.00152062970011943,
    0.0007356065265060483,
    0.0004816633514084012,
    0.0003789275141931258,
    0.0007701186393267925,
    0.0004035428864218866,
    0.0008907532246933862,
    0.00045627096058355876,
    0.00034156624071881344,
    0.0004240914950950143,
    0.0003286445536446175,
    0.00021187440937738358,
    0.00013323729956470973,
    8.531456397164074e-05,
    2.9687776011249053e-05,
    1.7837956126396744e-05,
    8.930273883206029e-06,
    7.517972250159638e-07,
    1.4889802226192295e-08
  ]
}