{
  "positive_frequencies": [
    0.0,
    0.07734375,
    0.1546875,
    0.23203125000000002,
    0.309375,
    0.38671875,
    0.46406250000000004,
    0.54140625,
    0.61875,
    0.6960937500000001,
    0.7734375,
    0.85078125,
    0.9281250000000001,
    1.0054687500000001,
    1.0828125,
    1.16015625,
    1.2375,
    1.31484375,
    1.3921875000000001,
    1.46953125,
    1.546875,
    1.62421875,
    1.7015625,
    1.7789062500000001,
    1.8562500000000002,
    1.93359375,
    2.0109375000000003,
    2.08828125,
    2.165625,
    2.24296875,
    2.3203125,
    2.3976562500000003,
    2.475,
    2.55234375,
    2.6296875,
    2.70703125,
    2.7843750000000003,
    2.86171875,
    2.9390625,
    3.01640625,
    3.09375,
    3.1710937500000003,
    3.2484375,
    3.32578125,
    3.403125,
    3.48046875,
    3.5578125000000003,
    3.63515625,
    3.7125000000000004,
    3.78984375,
    3.8671875,
    3.9445312500000003,
    4.0218750000000005,
    4.09921875,
    4.1765625,
    4.25390625,
    4.33125,
    4.4085937500000005,
    4.4859375,
    4.56328125,
    4.640625,
    4.71796875,
    4.7953125000000005,
    4.87265625,
    4.95
  ],
  "mx_fft_pos": [
    0.0030375939129675266,
    0.0031255683845210643,
    0.0025459373303190216,
    0.005933803892700511,
    0.009437699297432468,
    0.00922987057980331,
    0.005558206628068707,
    0.0030586141577530392,
    0.009264357162701777,
    0.009293374583235571,
    0.007705857791374163,
    0.004474080567503512,
    0.004267028490661023,
    0.0052941673506301775,
    0.0032193945331519787,
    0.002451534097077942,
    0.004773164348762877,
    0.0056066476870516475,
    0.004666465654371928,
    0.004409480494175692,
    0.0027283906285386333,
    0.0018038170337947917,
    0.0024527416213958784,
    0.0014419499704736993,
    0.000922496863912144,
    0.0007135054069239157,
    0.00039305249384103633,
    0.00030383758380201373,
    0.0005009875734531149,
    0.0010208683067284396,
    0.0011733957087594839,
    0.0013522487746424024,
    0.0010438622481569466,
    0.0015593156137197661,
    0.0012580572742612011,
    0.0006466101961045065,
    0.001153888331999889,
    0.0017221640826484647,
    0.0018057094683603019,
    0.0010986458941899995,
    0.0009042107738510678,
    0.0012863083159338753,
    0.0009856519677064704,
    0.0005035944102370112,
    0.0006827291180337195,
    0.00040614811041010516,
    0.00014546676463005713,
    0.0002703563502693474,
    0.00020587938839369192,
    0.0002676726597277171,
    0.0002676180045696686,
    0.00024891599955338255,
    0.00020867527394314298,
    0.00018825923775621486,
    7.216340655704353e-05,
    0.00014243559072403393,
    4.526348576502378e-05,
    0.0001273958011890934,
    5.119219772421314e-05,
    4.5463209364170005e-05,
    2.306248469569437e-05,
    4.480246288909499e-05,
    7.886335099492106e-05,
    7.074985148636321e-05,
    2.2377219200654108e-05
  ],
  "my_fft_pos": [
    0.00484818367883483,
    0.0011742199209571645,
    0.006800720387851786,
    0.0106880488868545,
    0.010064758250723276,
    0.0018045593684506193,
    0.007919810643303691,
    0.009830188576117073,
    0.008997457391599665,
    0.007148392397873604,
    0.005589572105854482,
    0.007863541912700955,
    0.007599133028501047,
    0.0031328788048186314,
    0.0017736703564210548,
    0.00435000649197785,
    0.0038431067954920305,
    0.004771466752994119,
    0.005773802538667199,
    0.0024982564895890207,
    0.0018131981849180676,
    0.004142701099361195,
    0.004528094109412965,
    0.0032633374288295876,
    0.002616416831555145,
    0.003573630774170036,
    0.003987944819274989,
    0.0033429123975325017,
    0.0013277117383965445,
    0.0011541294683914945,
    0.0010134730221968995,
    0.0003495707095387927,
    0.0016254576018083786,
    0.0026097698756745095,
    0.0018882915640375617,
    0.0006452253000947268,
    0.001021660481039401,
    0.0014400829607627561,
    0.0008111969331504196,
    0.00039648776653197,
    0.000865786198511312,
    0.000724532748914468,
    0.0006721834657162215,
    0.0007140935367586767,
    0.00033524512293740724,
    0.0005185013630831758,
    0.0005710463846883217,
    0.00023919108372909067,
    0.00011939693579899927,
    0.0003928681507114157,
    0.0004523062412546302,
    0.00016257881699059386,
    0.00036869387122557,
    0.00029735136264987823,
    0.0003274150822750569,
    0.00019377528796128468,
    0.00019577246754385827,
    8.238986001300441e-05,
    0.00011362285901615525,
    0.00015394615682172997,
    0.00014128224886407503,
    0.00010479367599788271,
    0.00010946699273336606,
    6.06263087574849e-05,
    0.00014157388736999704
  ],
  "mz_fft_pos": [
    0.007508242654225245,
    0.007966386602052287,
    0.006719908398829693,
    0.0040763061353203235,
    0.0018099744809128475,
    0.0020209526495345875,
    0.0032429336852339862,
    0.006360289958249994,
    0.006889161282656971,
    0.004739698978333279,
    0.002497843974480042,
    0.005010059416019278,
    0.004616996103395259,
    0.0037595547068019746,
    0.0030523714620769964,
    0.002516611342227286,
    0.005192728192908181,
    0.0053035670642371845,
    0.003929295605860753,
    0.0034769686297760555,
    0.002515769795123101,
    0.0009769265844479283,
    0.002011458503315822,
    0.002771881160590811,
    0.0015246605123841266,
    0.0012680806207548672,
    0.0014163751147864792,
    0.0018389647405487395,
    0.0026665075680894863,
    0.0020499093412908414,
    0.001364833197697141,
    0.0016806784720974893,
    0.0010417575842732157,
    0.00031881221891016985,
    0.0003840577083505726,
    0.0011774639861761723,
    0.001058059483501352,
    0.0003473728471823976,
    0.0008345660712675765,
    0.0013503079110378966,
    0.0015220321349661361,
    0.0007418197136471426,
    0.0008822364160785334,
    0.0020779984702875972,
    0.0018646892164362354,
    0.0007793946854383401,
    0.0007054417942128923,
    0.0008101313958579026,
    0.0004323649043659136,
    0.00011094143257571645,
    5.103183487043438e-05,
    0.0002425159602527229,
    0.0003825772216715792,
    0.0003872799210052113,
    0.00019399533578480936,
    0.0001287231897275503,
    0.0001577657623753011,
    0.00017108597210862688,
    0.0003084084592480262,
    0.00015525678105515357,
    2.0398135507298142e-05,
    2.2866449315439046e-05,
    7.354745999663699e-05,
    8.983949206442956e-05,
    9.638101489741369e-05
  ]
}