{
  "positive_frequencies": [
    0.0,
    0.07734375,
    0.1546875,
    0.23203125000000002,
    0.309375,
    0.38671875,
    0.46406250000000004,
    0.54140625,
    0.61875,
    0.6960937500000001,
    0.7734375,
    0.85078125,
    0.9281250000000001,
    1.0054687500000001,
    1.0828125,
    1.16015625,
    1.2375,
    1.31484375,
    1.3921875000000001,
    1.46953125,
    1.546875,
    1.62421875,
    1.7015625,
    1.7789062500000001,
    1.8562500000000002,
    1.93359375,
    2.0109375000000003,
    2.08828125,
    2.165625,
    2.24296875,
    2.3203125,
    2.3976562500000003,
    2.475,
    2.55234375,
    2.6296875,
    2.70703125,
    2.7843750000000003,
    2.86171875,
    2.9390625,
    3.01640625,
    3.09375,
    3.1710937500000003,
    3.2484375,
    3.32578125,
    3.403125,
    3.48046875,
    3.5578125000000003,
    3.63515625,
    3.7125000000000004,
    3.78984375,
    3.8671875,
    3.9445312500000003,
    4.0218750000000005,
    4.09921875,
    4.1765625,
    4.25390625,
    4.33125,
    4.4085937500000005,
    4.4859375,
    4.56328125,
    4.640625,
    4.71796875,
    4.7953125000000005,
    4.87265625,
    4.95
  ],
  "mx_fft_pos": [
    0.0743136260530348,
    0.08204009191324958,
    0.084570642455678,
    0.06235468431206612,
    0.026751018801331208,
    0.007925806187367476,
    0.036949356735769635,
    0.047781962486418285,
    0.044878871874635316,
    0.04802272525236011,
    0.04856513804834261,
    0.04808132896647463,
    0.05470851140271708,
    0.04425883903810682,
    0.011022445223716582,
    0.04264054913147119,
    0.04006480386705387,
    0.0049997818766933395,
    0.02432580045392926,
    0.01754366397333598,
    0.002810350076198439,
    0.010798337651756182,
    0.02477237841249234,
    0.039512078767643274,
    0.045565373859268954,
    0.034283210201238055,
    0.017492858501128514,
    0.009158849830235086,
    0.009253834063245751,
    0.006488476716970326,
    0.015980536175825864,
    0.018620711103964266,
    0.011808988862613811,
    0.010897986453482285,
    0.012142904339903324,
    0.005504231019407323,
    0.0009880875592464659,
    0.002640118933125832,
    0.007392485528220815,
    0.009275331308239643,
    0.006032717332956402,
    0.00211265123239251,
    0.0020657700513729243,
    0.003100342574424891,
    0.0022584514896824216,
    0.000583685699392174,
    0.0007892809636828671,
    0.0034901035431296958,
    0.003777090508738402,
    0.0008967422588922524,
    0.0014135356910579939,
    0.0026553183470454773,
    0.002007500215775875,
    0.0010032778153499155,
    0.0012679720420214844,
    0.0008267418745275087,
    0.0004844864598496857,
    0.0005946759264959965,
    0.0003859161876001096,
    0.0005573058195368018,
    0.0001914405472340806,
    0.0004891655984949779,
    0.0003755921532362872,
    0.00019523219964711274,
    0.0004949756040218833
  ],
  "my_fft_pos": [
    0.0300304650925918,
    0.04774280247322291,
    0.05285319391996053,
    0.03639421630074901,
    0.02605706527021633,
    0.02535052404786864,
    0.027059555930195472,
    0.031874534386395904,
    0.036547204474875084,
    0.03286525136968747,
    0.03069030185546705,
    0.034911326144701604,
    0.03067537778509961,
    0.03357561866166491,
    0.050611105376255565,
    0.05510629709279273,
    0.02945358481704742,
    0.017602031358148015,
    0.03204359936295981,
    0.03223285057464989,
    0.020631830329006187,
    0.03147396570603634,
    0.0345621102835109,
    0.02679485762014652,
    0.006585967474277672,
    0.016778052353346676,
    0.022468360880973374,
    0.019427138168787196,
    0.019225863753496268,
    0.021810694487903695,
    0.02030495948435213,
    0.012660678924272742,
    0.008436687740520366,
    0.0056254787659674,
    0.0068659509935804375,
    0.005934228718627595,
    0.012876813314187465,
    0.010578747893399985,
    0.006261491353664281,
    0.008521400373077838,
    0.00626635963706733,
    0.0045259200149339145,
    0.00399428638164925,
    0.007136942492693417,
    0.008538620503329892,
    0.0046896947073694385,
    0.0014117241742710462,
    0.001303652295555411,
    0.0018474021706421664,
    0.0011418321739631327,
    0.002201320690561305,
    0.0017733348602219777,
    0.0002913218416165234,
    0.0009282751392088565,
    0.00017000963917336521,
    0.000239991076365889,
    0.0016097515860309026,
    0.0011095759494516293,
    0.0009124036196167381,
    0.00044914760390771426,
    0.00020887075058165192,
    0.00042367818556129715,
    0.0003731185277135956,
    0.00044693443322648004,
    7.868497593199741e-05
  ],
  "mz_fft_pos": [
    0.009445807479782586,
    0.021623525946481842,
    0.03572552928681899,
    0.03907445513423314,
    0.025017688987730997,
    0.02670824254629283,
    0.06835201258502001,
    0.04996167305520677,
    0.031815733036069146,
    0.07535346927774464,
    0.06291753757398404,
    0.02773921292782271,
    0.03166027623178736,
    0.007015131600019796,
    0.02553530260515695,
    0.018278438315195652,
    0.023789675776214048,
    0.03612832282408912,
    0.028465544248979454,
    0.017668277062764186,
    0.01611985485551842,
    0.02818435242129685,
    0.03366002900644256,
    0.030017002444292666,
    0.0269627414247371,
    0.026098344912745538,
    0.01801782063836281,
    0.01199799446422053,
    0.009259039783513862,
    0.00553115031361116,
    0.012746877573162533,
    0.014115086527601213,
    0.011659664668943755,
    0.010817268781441163,
    0.009869861199178783,
    0.008841682003974888,
    0.0034440965327757578,
    0.00584191628772843,
    0.005867216172299855,
    0.005499930473413161,
    0.0034133091122126157,
    0.0017526165570216814,
    0.004150065271397154,
    0.0020749816010632955,
    0.0005583462255746033,
    0.001481482142650168,
    0.001520629700119435,
    0.0007356065265060443,
    0.0004816633514084014,
    0.0003789275141931378,
    0.0007701186393267942,
    0.0004035428864218957,
    0.0008907532246933893,
    0.0004562709605835603,
    0.00034156624071881957,
    0.00042409149509501867,
    0.0003286445536446113,
    0.00021187440937738399,
    0.00013323729956472453,
    8.531456397163784e-05,
    2.9687776011225035e-05,
    1.783795612639011e-05,
    8.93027388319883e-06,
    7.517972250072133e-07,
    1.4889802229522964e-08
  ]
}