{
  "times": [
    0.0,
    0.10101010101010101,
    0.20202020202020202,
    0.30303030303030304,
    0.40404040404040403,
    0.5050505050505051,
    0.6060606060606061,
    0.7070707070707071,
    0.8080808080808081,
    0.9090909090909091,
    1.0101010101010102,
    1.1111111111111112,
    1.2121212121212122,
    1.3131313131313131,
    1.4141414141414141,
    1.5151515151515151,
    1.6161616161616161,
    1.7171717171717171,
    1.8181818181818181,
    1.9191919191919191,
    2.0202020202020203,
    2.121212121212121,
    2.2222222222222223,
    2.323232323232323,
    2.4242424242424243,
    2.525252525252525,
    2.6262626262626263,
    2.727272727272727,
    2.8282828282828283,
    2.929292929292929,
    3.0303030303030303,
    3.131313131313131,
    3.2323232323232323,
    3.3333333333333335,
    3.4343434343434343,
    3.5353535353535355,
    3.6363636363636362,
    3.7373737373737375,
    3.8383838383838382,
    3.9393939393939394,
    4.040404040404041,
    4.141414141414141,
    4.242424242424242,
    4.343434343434343,
    4.444444444444445,
    4.545454545454545,
    4.646464646464646,
    4.747474747474747,
    4.848484848484849,
    4.94949494949495,
    5.05050505050505,
    5.151515151515151,
    5.252525252525253,
    5.353535353535354,
    5.454545454545454,
    5.555555555555555,
    5.656565656565657,
    5.757575757575758,
    5.858585858585858,
    5.959595959595959,
    6.0606060606060606,
    6.161616161616162,
    6.262626262626262,
    6.363636363636363,
    6.4646464646464645,
    6.565656565656566,
    6.666666666666667,
    6.767676767676767,
    6.8686868686868685,
    6.96969696969697,
    7.070707070707071,
    7.171717171717171,
    7.2727272727272725,
    7.373737373737374,
    7.474747474747475,
    7.575757575757575,
    7.6767676767676765,
    7.777777777777778,
    7.878787878787879,
    7.979797979797979,
    8.080808080808081,
    8.181818181818182,
    8.282828282828282,
    8.383838383838384,
    8.484848484848484,
    8.585858585858587,
    8.686868686868687,
    8.787878787878787,
    8.88888888888889,
    8.98989898989899,
    9.09090909090909,
    9.191919191919192,
    9.292929292929292,
    9.393939393939394,
    9.494949494949495,
    9.595959595959595,
    9.696969696969697,
    9.797979797979798,
    9.8989898989899,
    10.0
  ],
  "mx": [
    1.0,
    0.06865179536408633,
    -0.005505033862003975,
    -0.019025024389941428,
    0.01309590861066335,
    0.017954741802257652,
    -0.01006349336532155,
    -0.024358207918570893,
    0.0027089240226760053,
    -0.019609822466603352,
    -0.03051785391810787,
    0.04286880245406804,
    0.03545806086432271,
    -0.004281104057561156,
    -0.03036873165747883,
    -0.02116405530373732,
    0.0023384735249721497,
    -0.04193773088352595,
    -0.041532395001326605,
    -0.0031905694699235366,
    -0.00534755297523968,
    0.010503961829569563,
    -0.016686159665222806,
    0.0012346336715645782,
    -0.0028769041133890213,
    0.01283724750059771,
    0.0012347117866541779,
    -0.01435672709733796,
    0.008770933653243461,
    2.613473014364018e-05,
    -0.0013405910636518613,
    -0.013187563162187646,
    -0.04892576032458696,
    0.004238762841875919,
    0.008712237441562461,
    0.044626405976172435,
    -0.005838807246548395,
    -0.003370484583692143,
    0.027314994351201036,
    -0.00018654159075535314,
    0.009873267243305959,
    -0.004033934453869329,
    0.03046177490889521,
    -0.016049273902014168,
    0.02895296329657336,
    -0.02308066474018781,
    -0.014187409992972475,
    0.025657707766413573,
    -0.013654102540136822,
    -0.038980106754612366,
    -0.004823586967357173,
    0.003483284841741726,
    -0.00807881489443921,
    -0.0014100156949435711,
    -0.04281510121588647,
    -0.021766677248205808,
    -0.015448559848711185,
    0.020812345439087193,
    -0.007171585969214784,
    -0.01059683561597565,
    0.002499518467865591,
    -0.008563729954928108,
    0.029997797119951417,
    0.0072788247098402835,
    -0.04410317785986702,
    -0.019607079758382304,
    -0.011398179763517978,
    -0.023139688486560315,
    -0.012623989057748648,
    -0.00949303445363111,
    0.004161936882679074,
    0.007350244387340132,
    -0.013839590122304167,
    0.004438274741383228,
    0.10304504117917249,
    0.054315730597091195,
    -0.03705865589959445,
    -0.0018667667334823378,
    -0.005629033210996684,
    -0.04899896435060325,
    -0.013520068326806536,
    -0.00625234704260466,
    -0.0417828547550457,
    0.0008566394866546765,
    0.01848393172151221,
    -0.020503457917556582,
    0.015257601424751013,
    0.03646350463653976,
    -0.004591368349615031,
    -0.005090219901750074,
    0.008468085797788273,
    -0.0017627327161775052,
    -0.014876564622217326,
    -0.07124214416555721,
    -0.03696368107496345,
    -0.011182599613836157,
    -0.004094316805314076,
    -0.03100295861074799,
    0.027497542956291473,
    -0.002219549877724658
  ],
  "my": [
    0.0,
    0.02022253129108466,
    0.00033615531214026696,
    0.026496568114132445,
    0.00948371055334435,
    0.004169540831047516,
    -0.0035077754127364877,
    0.02299920426367123,
    0.04654031403967799,
    0.005619641087451158,
    -0.08295249115481042,
    0.047116349466990316,
    0.021004127071644826,
    0.0013460764727940835,
    0.046284170829233175,
    0.011157259743080624,
    -0.017851289029948002,
    -0.024587401578741768,
    -0.039790722454360467,
    -0.027623011008475414,
    -0.030956795259548833,
    -0.0005846045106387406,
    0.025531120535434233,
    -0.006513435571293466,
    -0.0008815291295156078,
    0.011438262432565315,
    0.022621730043377527,
    0.018452247051652083,
    0.012922545681561738,
    -0.004079799562902646,
    -0.02432194571582921,
    0.005362238130341312,
    -0.004242954319859759,
    -0.017480191799275232,
    0.017105618739761373,
    0.01411704856939343,
    0.001585144898102256,
    -0.02406238479941076,
    0.01602113191942547,
    -0.008226023102807446,
    0.03834987028445823,
    0.024614900853857112,
    -0.0031346768848773696,
    -0.01325518059500624,
    0.008332066804958056,
    -0.008324182064585217,
    -0.0022636289426539204,
    -0.0036639326922881087,
    -0.019517964719885712,
    0.009117779603395416,
    0.01578152676361558,
    -0.023446009506432407,
    -0.0377601671555225,
    0.026392213174967212,
    0.004949468270700013,
    -0.01043208363007483,
    -0.039792607330017854,
    0.010327271811634668,
    -0.016595947617297317,
    0.04048971371229721,
    -0.014121731099084264,
    0.004382774430233593,
    0.011867764480831752,
    -0.0005642697208231843,
    -0.033068223616708484,
    -0.037517376348484434,
    -0.007172939841171893,
    -0.0416520983824116,
    0.0018295290225385503,
    0.053139532857772835,
    0.019278543671882795,
    0.009141025676007018,
    0.017031214052480773,
    -0.028809820612661647,
    -0.028840139481367884,
    0.058563704110745296,
    0.009038040387273913,
    -0.033897245423427196,
    -0.0037987109107666317,
    -0.0011265204425221606,
    -0.021677930372407547,
    0.0433083571695794,
    0.03421236939143622,
    0.012823887714972155,
    0.027214290361231505,
    -7.512106256752422e-05,
    0.03363914921662034,
    0.03718892866212099,
    0.008085330378458957,
    -0.0020979079604688928,
    0.014181471537114817,
    -0.018200270339616798,
    -0.01332113781080537,
    -0.029448074538468587,
    -0.050570275742998216,
    -0.022877193570599495,
    0.047080713075107555,
    0.03524561374575362,
    -0.023146544365928685,
    0.0028042374924956365
  ],