{
  "positive_frequencies": [
    0.0,
    0.07734375,
    0.1546875,
    0.23203125000000002,
    0.309375,
    0.38671875,
    0.46406250000000004,
    0.54140625,
    0.61875,
    0.6960937500000001,
    0.7734375,
    0.85078125,
    0.9281250000000001,
    1.0054687500000001,
    1.0828125,
    1.16015625,
    1.2375,
    1.31484375,
    1.3921875000000001,
    1.46953125,
    1.546875,
    1.62421875,
    1.7015625,
    1.7789062500000001,
    1.8562500000000002,
    1.93359375,
    2.0109375000000003,
    2.08828125,
    2.165625,
    2.24296875,
    2.3203125,
    2.3976562500000003,
    2.475,
    2.55234375,
    2.6296875,
    2.70703125,
    2.7843750000000003,
    2.86171875,
    2.9390625,
    3.01640625,
    3.09375,
    3.1710937500000003,
    3.2484375,
    3.32578125,
    3.403125,
    3.48046875,
    3.5578125000000003,
    3.63515625,
    3.7125000000000004,
    3.78984375,
    3.8671875,
    3.9445312500000003,
    4.0218750000000005,
    4.09921875,
    4.1765625,
    4.25390625,
    4.33125,
    4.4085937500000005,
    4.4859375,
    4.56328125,
    4.640625,
    4.71796875,
    4.7953125000000005,
    4.87265625,
    4.95
  ],
  "mx_fft_pos": [
    0.03613126059417302,
    0.03634011419431889,
    0.030262486384939873,
    0.019958654245405688,
    0.013174021396231535,
    0.007371273122066348,
    0.004696141918462427,
    0.0038221174735702497,
    0.0010978340114360515,
    0.003603559788972385,
    0.004950318245064188,
    0.00422828803802569,
    0.0012482699864672846,
    0.003106830024575814,
    0.004208404967999676,
    0.0031071704487195813,
    0.0021607609518413903,
    0.0020099087030253523,
    0.0012509051261045468,
    0.0011975566544907145,
    0.002167702256632443,
    0.0023678474116143834,
    0.0012115932041629482,
    0.0006998402093794808,
    0.0011161525882737973,
    0.0013138827863682387,
    0.0014195630850602644,
    0.0010272912051249136,
    0.0011535144049747632,
    0.0007215137126338582,
    0.0012181626344068912,
    0.0016090258152008186,
    0.0021049273368046713,
    0.0020121104889514216,
    0.0015178083430025821,
    0.001214515121355464,
    0.001301208536316073,
    0.001371582294762899,
    0.0013149510374183056,
    0.0009622801798007025,
    0.000872906987845341,
    0.0012237532622025936,
    0.0010524565820944905,
    0.0005009868871006237,
    0.00013287728640679191,
    0.00024486090115339345,
    0.0002046909254643958,
    5.978956445955671e-05,
    0.0003489542324536844,
    0.0004576783053879935,
    0.0004410411958406682,
    0.0002496101512701125,
    0.00019619968947100604,
    0.0003695467572437296,
    0.0002673078738844781,
    0.000136331641480119,
    0.00010703987206475842,
    2.9901873851055387e-05,
    0.00020244538540357604,
    0.00019330057044428063,
    6.744426927027477e-05,
    0.00011318709790680876,
    5.3328503969778813e-05,
    0.00015589795263622793,
    8.359958903582987e-05
  ],
  "my_fft_pos": [
    0.010316531136019802,
    0.007353155283230143,
    0.005148106593998423,
    0.006895383720848537,
    0.0038821499721072915,
    0.003412722708268216,
    0.005830881777949127,
    0.008218392880728122,
    0.008120908278158714,
    0.005199588956175386,
    0.0014618306081972282,
    0.0013512572579342972,
    0.0007254439366785687,
    0.0018601489150392835,
    0.0016252290445702196,
    0.001353194354671644,
    0.0011772370666868243,
    0.001708109098548407,
    0.0038321473259176953,
    0.00405756006864972,
    0.0035301739902041333,
    0.002464222643963643,
    0.0037564100271735516,
    0.0037556506774438876,
    0.0024436423210441654,
    0.0008528516398056398,
    0.000684833954678803,
    0.000976737395227953,
    0.0012533295991132701,
    0.0007155328630124029,
    0.0013782587789072413,
    0.002509767808178381,
    0.0015735795959749088,
    0.00044303128120643534,
    0.0013666364640097172,
    0.00107375023912787,
    0.0003465761989048107,
    0.0006779388060782955,
    0.0011552068925622708,
    0.0011802376184897757,
    0.0003923708552069785,
    0.0006117399263241191,
    0.0008386188111760934,
    0.0004857081202724654,
    0.00047423683470243646,
    0.0003405934036080574,
    0.0002785211808329143,
    0.00023828078974056144,
    0.00022977912181167904,
    0.00022743071213309548,
    0.00013212373780182018,
    0.00022306017240635598,
    0.00018346294069386104,
    0.00015283300234848513,
    0.00030773175925107526,
    0.0002604543556890349,
    0.00015696415528589146,
    0.00021830095529892367,
    0.00015250061989245168,
    6.866047179155383e-05,
    3.9906305201266244e-05,
    0.00015704062366108683,
    0.00022648317920897747,
    4.321448201285882e-05,
    0.00015874537910307685
  ],
  "mz_fft_pos": [
    0.0047991864644603074,
    0.00416293954077454,
    0.004198172193336361,
    0.005759987913289411,
    0.005494935699384266,
    0.002961409596224049,
    0.002115580956007568,
    0.003453617341424165,
    0.004385591341877737,
    0.0026638168058118277,
    0.004546864024046644,
    0.004756476742704042,
    0.00255878889727709,
    0.0037727004467712527,
    0.004809698795078293,
    0.002011118306250351,
    0.004522853013246533,
    0.00321608157550477,
    0.002217693095037387,
    0.003199155674734627,
    0.002333808111375078,
    0.0022838948477616593,
    0.0022299504330955387,
    0.0015397419043179936,
    0.0006052975140373473,
    0.0009653480993921213,
    0.0026317940600652876,
    0.0035150142967665093,
    0.002452663345450044,
    0.0008988356518626581,
    0.00036555333117798056,
    0.0008019287161358954,
    0.000736803443037006,
    0.0011989646759469322,
    0.0020247699704099074,
    0.0016447774529912765,
    0.0009175489894245212,
    0.0005386305844006182,
    0.0004450047196033036,
    0.00031764870408954065,
    0.0003640574905630943,
    0.0007483296366061661,
    0.0004977190521097091,
    0.0007254020994191777,
    0.0011031148527360136,
    0.0006638330772802084,
    5.830911524706548e-05,
    0.00015121253313698618,
    0.00018326567410816748,
    7.31570273993917e-05,
    0.00015303400979097014,
    0.00015690385487378988,
    0.00033161761291784325,
    0.000233020813407036,
    5.484729850634806e-05,
    0.00014747643781327227,
    9.652198659575741e-05,
    9.642958809555971e-05,
    6.761386191353294e-05,
    0.0001092420544866644,
    9.407359125340043e-05,
    6.404457799030083e-05,
    0.00013764336404110947,
    6.890507162501574e-05,
    4.400530379162243e-05
  ]
}