{
  "positive_frequencies": [
    0.0,
    0.07734375,
    0.1546875,
    0.23203125000000002,
    0.309375,
    0.38671875,
    0.46406250000000004,
    0.54140625,
    0.61875,
    0.6960937500000001,
    0.7734375,
    0.85078125,
    0.9281250000000001,
    1.0054687500000001,
    1.0828125,
    1.16015625,
    1.2375,
    1.31484375,
    1.3921875000000001,
    1.46953125,
    1.546875,
    1.62421875,
    1.7015625,
    1.7789062500000001,
    1.8562500000000002,
    1.93359375,
    2.0109375000000003,
    2.08828125,
    2.165625,
    2.24296875,
    2.3203125,
    2.3976562500000003,
    2.475,
    2.55234375,
    2.6296875,
    2.70703125,
    2.7843750000000003,
    2.86171875,
    2.9390625,
    3.01640625,
    3.09375,
    3.1710937500000003,
    3.2484375,
    3.32578125,
    3.403125,
    3.48046875,
    3.5578125000000003,
    3.63515625,
    3.7125000000000004,
    3.78984375,
    3.8671875,
    3.9445312500000003,
    4.0218750000000005,
    4.09921875,
    4.1765625,
    4.25390625,
    4.33125,
    4.4085937500000005,
    4.4859375,
    4.56328125,
    4.640625,
    4.71796875,
    4.7953125000000005,
    4.87265625,
    4.95
  ],
  "mx_fft_pos": [
    0.0743136260530348,
    0.08204009191324958,
    0.08457064245567797,
    0.06235468431206612,
    0.026751018801331208,
    0.007925806187367476,
    0.03694935673576963,
    0.047781962486418285,
    0.04487887187463531,
    0.048022725252360086,
    0.04856513804834262,
    0.04808132896647461,
    0.05470851140271708,
    0.04425883903810683,
    0.011022445223716593,
    0.04264054913147119,
    0.04006480386705387,
    0.0049997818766933265,
    0.02432580045392925,
    0.01754366397333597,
    0.002810350076198447,
    0.010798337651756173,
    0.02477237841249234,
    0.03951207876764328,
    0.045565373859268954,
    0.034283210201238055,
    0.017492858501128514,
    0.009158849830235077,
    0.009253834063245755,
    0.006488476716970327,
    0.015980536175825864,
    0.01862071110396427,
    0.011808988862613818,
    0.010897986453482285,
    0.012142904339903332,
    0.0055042310194073326,
    0.000988087559246479,
    0.0026401189331258248,
    0.0073924855282208116,
    0.009275331308239656,
    0.006032717332956411,
    0.0021126512323925172,
    0.002065770051372925,
    0.003100342574424883,
    0.002258451489682411,
    0.000583685699392173,
    0.0007892809636828612,
    0.0034901035431296997,
    0.003777090508738411,
    0.0008967422588922624,
    0.0014135356910580019,
    0.0026553183470454916,
    0.0020075002157758813,
    0.00100327781534992,
    0.0012679720420214879,
    0.0008267418745275149,
    0.00048448645984969,
    0.0005946759264959976,
    0.00038591618760010704,
    0.0005573058195367937,
    0.0001914405472340768,
    0.0004891655984949779,
    0.0003755921532362951,
    0.00019523219964711204,
    0.0004949756040218922
  ],
  "my_fft_pos": [
    0.030030465092591784,
    0.04774280247322291,
    0.05285319391996052,
    0.036394216300749,
    0.026057065270216326,
    0.02535052404786864,
    0.02705955593019547,
    0.0318745343863959,
    0.036547204474875084,
    0.03286525136968747,
    0.030690301855467048,
    0.03491132614470161,
    0.03067537778509961,
    0.03357561866166491,
    0.050611105376255565,
    0.05510629709279272,
    0.02945358481704741,
    0.017602031358148022,
    0.03204359936295981,
    0.032232850574649884,
    0.020631830329006173,
    0.03147396570603634,
    0.03456211028351092,
    0.02679485762014652,
    0.006585967474277668,
    0.016778052353346683,
    0.02246836088097338,
    0.019427138168787193,
    0.01922586375349627,
    0.02181069448790371,
    0.02030495948435213,
    0.012660678924272748,
    0.008436687740520364,
    0.005625478765967399,
    0.006865950993580432,
    0.005934228718627599,
    0.012876813314187467,
    0.010578747893399987,
    0.006261491353664284,
    0.008521400373077845,
    0.006266359637067326,
    0.004525920014933906,
    0.0039942863816492345,
    0.00713694249269341,
    0.008538620503329885,
    0.0046896947073694385,
    0.001411724174271048,
    0.0013036522955554091,
    0.0018474021706421703,
    0.0011418321739631396,
    0.0022013206905613083,
    0.0017733348602219825,
    0.00029132184161651605,
    0.0009282751392088506,
    0.0001700096391733574,
    0.00023999107636589158,
    0.0016097515860309002,
    0.0011095759494516245,
    0.0009124036196167416,
    0.000449147603907716,
    0.00020887075058165775,
    0.000423678185561289,
    0.0003731185277135929,
    0.0004469344332264746,
    7.868497593199741e-05
  ],
  "mz_fft_pos": [
    0.00944580747978259,
    0.021623525946481835,
    0.03572552928681899,
    0.03907445513423313,
    0.025017688987730987,
    0.026708242546292834,
    0.06835201258502002,
    0.04996167305520679,
    0.03181573303606915,
    0.07535346927774463,
    0.06291753757398404,
    0.027739212927822696,
    0.031660276231787354,
    0.007015131600019792,
    0.02553530260515695,
    0.018278438315195666,
    0.023789675776214034,
    0.0361283228240891,
    0.028465544248979444,
    0.01766827706276418,
    0.016119854855518423,
    0.02818435242129685,
    0.033660029006442556,
    0.030017002444292683,
    0.026962741424737105,
    0.02609834491274553,
    0.01801782063836282,
    0.011997994464220549,
    0.009259039783513877,
    0.0055311503136111695,
    0.012746877573162521,
    0.014115086527601198,
    0.011659664668943748,
    0.01081726878144117,
    0.009869861199178778,
    0.008841682003974888,
    0.0034440965327757504,
    0.0058419162877284495,
    0.005867216172299867,
    0.005499930473413164,
    0.003413309112212611,
    0.0017526165570216782,
    0.004150065271397154,
    0.0020749816010633046,
    0.0005583462255746212,
    0.0014814821426501776,
    0.0015206297001194389,
    0.0007356065265060559,
    0.0004816633514084146,
    0.0003789275141931295,
    0.0007701186393267848,
    0.0004035428864219009,
    0.0008907532246933925,
    0.0004562709605835637,
    0.0003415662407188211,
    0.00042409149509501374,
    0.00032864455364461703,
    0.00021187440937739388,
    0.0001332372995647328,
    8.531456397165275e-05,
    2.9687776011246265e-05,
    1.783795612639775e-05,
    8.93027388320066e-06,
    7.517972250120541e-07,
    1.4889802221751402e-08
  ]
}