{
  "times": [
    0.0,
    0.10101010101010101,
    0.20202020202020202,
    0.30303030303030304,
    0.40404040404040403,
    0.5050505050505051,
    0.6060606060606061,
    0.7070707070707071,
    0.8080808080808081,
    0.9090909090909091,
    1.0101010101010102,
    1.1111111111111112,
    1.2121212121212122,
    1.3131313131313131,
    1.4141414141414141,
    1.5151515151515151,
    1.6161616161616161,
    1.7171717171717171,
    1.8181818181818181,
    1.9191919191919191,
    2.0202020202020203,
    2.121212121212121,
    2.2222222222222223,
    2.323232323232323,
    2.4242424242424243,
    2.525252525252525,
    2.6262626262626263,
    2.727272727272727,
    2.8282828282828283,
    2.929292929292929,
    3.0303030303030303,
    3.131313131313131,
    3.2323232323232323,
    3.3333333333333335,
    3.4343434343434343,
    3.5353535353535355,
    3.6363636363636362,
    3.7373737373737375,
    3.8383838383838382,
    3.9393939393939394,
    4.040404040404041,
    4.141414141414141,
    4.242424242424242,
    4.343434343434343,
    4.444444444444445,
    4.545454545454545,
    4.646464646464646,
    4.747474747474747,
    4.848484848484849,
    4.94949494949495,
    5.05050505050505,
    5.151515151515151,
    5.252525252525253,
    5.353535353535354,
    5.454545454545454,
    5.555555555555555,
    5.656565656565657,
    5.757575757575758,
    5.858585858585858,
    5.959595959595959,
    6.0606060606060606,
    6.161616161616162,
    6.262626262626262,
    6.363636363636363,
    6.4646464646464645,
    6.565656565656566,
    6.666666666666667,
    6.767676767676767,
    6.8686868686868685,
    6.96969696969697,
    7.070707070707071,
    7.171717171717171,
    7.2727272727272725,
    7.373737373737374,
    7.474747474747475,
    7.575757575757575,
    7.6767676767676765,
    7.777777777777778,
    7.878787878787879,
    7.979797979797979,
    8.080808080808081,
    8.181818181818182,
    8.282828282828282,
    8.383838383838384,
    8.484848484848484,
    8.585858585858587,
    8.686868686868687,
    8.787878787878787,
    8.88888888888889,
    8.98989898989899,
    9.09090909090909,
    9.191919191919192,
    9.292929292929292,
    9.393939393939394,
    9.494949494949495,
    9.595959595959595,
    9.696969696969697,
    9.797979797979798,
    9.8989898989899,
    10.0
  ],
  "mx": [
    -0.06363773025428264,
    -0.06444520571148628,
    -0.04545364442303103,
    -0.01838153843103212,
    -0.01298279220296821,
    -0.047577988551739614,
    -0.1031333333491333,
    -0.1422304316171351,
    -0.15293564570679127,
    -0.14954044683721116,
    -0.1432226992243282,
    -0.12855242690650956,
    -0.10581595280116907,
    -0.10064699245667122,
    -0.12192474384567668,
    -0.14606876154146364,
    -0.15559165330992453,
    -0.15552967604633933,
    -0.16352921593896322,
    -0.18372328760905074,
    -0.18661956050214204,
    -0.13636540803700453,
    -0.03841193876497957,
    0.041009835170617605,
    0.043473179470941176,
    -0.009075592938269534,
    -0.07218303821879549,
    -0.11862401900756857,
    -0.10872477237505312,
    -0.04124640864340867,
    0.007614603364565768,
    -0.021630775370078268,
    -0.10036534343046861,
    -0.16328877342418519,
    -0.1944875296813834,
    -0.213250052139939,
    -0.23578179537880573,
    -0.25764089991485994,
    -0.26492673279322515,
    -0.2775917455506295,
    -0.31090215604173926,
    -0.3229064640065966,
    -0.27232678307443436,
    -0.1784029385846192,
    -0.07512400615734716,
    0.027891697615147728,
    0.10938983836793516,
    0.1266220581579848,
    0.07382238511979317,
    0.004058093148683147,
    -0.03667792139367457,
    -0.05417552317322553,
    -0.06486873562337597,
    -0.0627025060000706,
    -0.04089864592505233,
    -0.015189439495590793,
    -0.01591395875900144,
    -0.05626274281889841,
    -0.11144903969516776,
    -0.14571525207632657,
    -0.1528708627757995,
    -0.1486620854030381,
    -0.14167597721745273,
    -0.12493037707419546,
    -0.10301833545931775,
    -0.1027242121576938,
    -0.12640688458416438,
    -0.14875624605811552,
    -0.15583018515297062,
    -0.15582683065220523,
    -0.16639161057039162,
    -0.18651216846367502,
    -0.18262801538489964,
    -0.12248289952936615,
    -0.021869534916193187,
    0.047087896284375395,
    0.03719644750449522,
    -0.019447692483495354,
    -0.08180225475966922,
    -0.12188755583003869,
    -0.10030571378116371,
    -0.02951787661895794,
    0.008510176772191527,
    -0.032988187643806205,
    -0.11300124051255248,
    -0.17015894666256465,
    -0.19787535446863908,
    -0.21642815667356885,
    -0.23994369306641752,
    -0.25978871677319376,
    -0.2657092792512523,
    -0.2820537488099218,
    -0.31599393135328985,
    -0.3191159648806867,
    -0.2587847592578323,
    -0.16163618417391518,
    -0.05809011259566978,
    0.04379328991110684,
    0.11756844912874365,
    0.12190006312401695
  ],
  "my": [
    -0.04214453187393577,
    -0.008370709426826283,
    0.03363794132796952,
    0.05306736218186628,
    0.029430704339028366,
    -0.0353666222155496,
    -0.10443229299955376,
    -0.1248286059484702,
    -0.0941468784065344,
    -0.05543156974038593,
    -0.02319015328010551,
    0.03276561775208345,
    0.11360009180915702,
    0.14517190637260502,
    0.090432533623614,
    0.02020794319272823,
    -0.008732205582439666,
    -0.014316100057046212,
    -0.018497971393434846,
    -0.017305197269389266,
    0.010751309384659687,
    0.0665150587338224,
    0.09120988405927875,
    0.043845991491028476,
    -0.02242960860558797,
    -0.04894176578335443,
    -0.04374501047693899,
    -0.04422351487376833,
    -0.04530384017661945,
    -0.01718537992824464,
    -0.0015680384503018946,
    -0.05142363868524988,
    -0.10643785147232934,
    -0.10412639628184737,
    -0.07049197006718458,
    -0.03944214897800033,
    -0.030156078730072176,
    -0.020518212866998446,
    0.059985587239991936,
    0.17402383305781355,
    0.1801494981932151,
    0.07383606989594202,
    -0.02035877533460817,
    -0.04472447262103797,
    -0.03032520386296696,
    -0.011856826044488646,
    0.0004381950141477856,
    -0.004779580713284255,
    -0.03472337390554132,
    -0.06253230102534875,
    -0.06550409543436093,
    -0.05602216441407563,
    -0.03803077525820823,
    -0.0013066355349147518,
    0.039143609633701275,
    0.052408016922397244,
    0.021161837958175358,
    -0.04791379882186955,
    -0.11208054164581566,
    -0.122338650534897,
    -0.087287673437085,
    -0.0501704019918575,
    -0.016586302611874867,
    0.04554524243166694,
    0.1244784783627586,
    0.14124276172804795,
    0.07748354260883178,
    0.012477385086100154,
    -0.010345749080751908,
    -0.014912742580114305,
    -0.019104459943365546,
    -0.015164939464034383,
    0.018851705734067845,
    0.07474749063328237,
    0.08801287716785199,
    0.03208671787118121,
    -0.030093791514953932,
    -0.049234790654406876,
    -0.04275439036060781,
    -0.04538905449256631,
    -0.04277922969048073,
    -0.011522746196980044,
    -0.005403861755801013,
    -0.0628025675302169,
    -0.11010021726727556,
    -0.09955084331144494,
    -0.06464370304548393,
    -0.036118987557175214,
    -0.030390682302560788,
    -0.013463300210891994,
    0.08001226383660465,
    0.18524614433537423,
    0.167558794871375,
    0.05453820673982435,
    -0.028937378397237708,
    -0.043768695683919376,
    -0.027100446087094308,
    -0.009273185200650102,
    0.0012420668210214947,
    -0.008270978556461354
  ],