{
  "positive_frequencies": [
    0.0,
    0.07734375,
    0.1546875,
    0.23203125000000002,
    0.309375,
    0.38671875,
    0.46406250000000004,
    0.54140625,
    0.61875,
    0.6960937500000001,
    0.7734375,
    0.85078125,
    0.9281250000000001,
    1.0054687500000001,
    1.0828125,
    1.16015625,
    1.2375,
    1.31484375,
    1.3921875000000001,
    1.46953125,
    1.546875,
    1.62421875,
    1.7015625,
    1.7789062500000001,
    1.8562500000000002,
    1.93359375,
    2.0109375000000003,
    2.08828125,
    2.165625,
    2.24296875,
    2.3203125,
    2.3976562500000003,
    2.475,
    2.55234375,
    2.6296875,
    2.70703125,
    2.7843750000000003,
    2.86171875,
    2.9390625,
    3.01640625,
    3.09375,
    3.1710937500000003,
    3.2484375,
    3.32578125,
    3.403125,
    3.48046875,
    3.5578125000000003,
    3.63515625,
    3.7125000000000004,
    3.78984375,
    3.8671875,
    3.9445312500000003,
    4.0218750000000005,
    4.09921875,
    4.1765625,
    4.25390625,
    4.33125,
    4.4085937500000005,
    4.4859375,
    4.56328125,
    4.640625,
    4.71796875,
    4.7953125000000005,
    4.87265625,
    4.95
  ],
  "mx_fft_pos": [
    0.06189039031969808,
    0.06724651463651825,
    0.07588245983124038,
    0.06672888273031206,
    0.04015483401859958,
    0.02149111034508339,
    0.03233967065843568,
    0.061401610148878884,
    0.057916916288997505,
    0.024258194651316387,
    0.004612422557264432,
    0.010392485462020505,
    0.02098283717480257,
    0.016023127369709636,
    0.004756525039022886,
    0.014085981959807436,
    0.004192097255779346,
    0.007275216973029347,
    0.006500654375871263,
    0.0005390143237625272,
    0.003213251077589292,
    0.0005473983805622243,
    0.0020863085752398465,
    0.0026065504536705547,
    0.00311529022604759,
    0.002544606559916555,
    0.0017287194103568953,
    0.0049245672214975125,
    0.0029755970825641135,
    0.0016000296833518402,
    0.00310419884345918,
    0.0017169134448369316,
    0.0005917795845017524,
    0.00018689007210434937,
    0.0002541276997294816,
    0.000409247235032194,
    0.0002411835079877294,
    0.00021536238997624992,
    0.00015981647499087426,
    7.785827235387793e-05,
    4.7958375394411835e-05,
    3.830525777325879e-05,
    8.322293830684235e-05,
    5.0982795355592714e-05,
    3.5401373220841604e-05,
    3.630312230443751e-05,
    1.3380042233301524e-05,
    1.8310271962918978e-05,
    9.779840184795444e-06,
    4.312916714351358e-06,
    6.2080616976027505e-06,
    3.0516787161058086e-06,
    1.5108333358192157e-06,
    1.0847383608941066e-06,
    7.473794966872135e-07,
    5.779515569154824e-07,
    3.334679167311268e-07,
    6.4224531420231e-08,
    1.9920433834292684e-07,
    3.4001445345605635e-07,
    1.9146946533964716e-07,
    1.4035244751308975e-07,
    1.3473957228740162e-07,
    1.7178046525257274e-07,
    1.6946763647940344e-07
  ],
  "my_fft_pos": [
    0.11266105099236672,
    0.08684675383283237,
    0.048448195311918685,
    0.03430802454229397,
    0.042108991517579186,
    0.05558536926285517,
    0.05351472265994141,
    0.04858226455977741,
    0.03666331470488104,
    0.025015879181613233,
    0.032616919109604174,
    0.01760847360778718,
    0.014157514679086871,
    0.016593475097275392,
    0.017676381730483567,
    0.01863393674407455,
    0.0020234191193112517,
    0.01672000051389473,
    0.015899548836402905,
    0.004420033202837864,
    0.0012093961879121465,
    0.0023303841145066607,
    0.004783672955206953,
    0.003138130204048002,
    0.0022919917231084756,
    0.003694322478405816,
    0.003188033425909119,
    0.0027871212924542644,
    0.000985389918616964,
    0.0023467152000552906,
    0.003281856148082129,
    0.0014805414025254417,
    8.793598617602595e-05,
    0.00019385643038737335,
    0.0004255044970424217,
    0.00034672012024690647,
    0.00019094387481191177,
    0.0005480147838574694,
    0.000334439570161063,
    0.00010517950083040105,
    0.0001735652369588163,
    2.9864443099222865e-05,
    0.00011381532282200027,
    6.525249947284102e-05,
    1.7854557854803142e-05,
    3.316803405117079e-05,
    1.0307354329621341e-05,
    3.490901960368895e-06,
    3.2403043006895908e-06,
    2.005875570924894e-06,
    6.349828004746527e-07,
    1.5880306127137286e-06,
    1.6857618888898118e-06,
    9.904576170260151e-07,
    1.0815167978166408e-06,
    9.051604174667179e-07,
    3.3280770404907175e-07,
    4.692344059442974e-07,
    2.3164016165833714e-07,
    3.4462226275704493e-07,
    1.374570684573308e-07,
    1.8030395589349362e-07,
    1.7179849219031223e-07,
    2.1127739800471957e-07,
    1.9348819189524135e-07
  ],
  "mz_fft_pos": [
    0.05164005820805127,
    0.0693202190696876,
    0.10079876269480584,
    0.09888572282775954,
    0.06654770752244658,
    0.04096808104322555,
    0.013934341938881269,
    0.025260319801273957,
    0.02814927187477897,
    0.014355845952445349,
    0.021288742393116157,
    0.020975770278812547,
    0.020103901030777985,
    0.009859564700647201,
    0.01670340754696434,
    0.026972204114752363,
    0.010997489036379997,
    0.009126122354513065,
    0.009129534288372406,
    0.0013467601036726987,
    0.003159406639835124,
    0.001179184663745816,
    0.0016671605557500321,
    0.0012359660365338604,
    0.00025064213801194674,
    0.000833900812806348,
    0.000587765694689906,
    0.0003447083029551646,
    0.00021753176524341722,
    5.962919167244413e-05,
    2.5247705456361605e-05,
    5.344831542349849e-05,
    0.00010392104388626867,
    8.725801814373885e-05,
    9.407356133404498e-05,
    7.974055295413346e-05,
    1.1737525002204756e-05,
    3.3758642799298786e-05,
    2.948040144112604e-05,
    1.016802556736454e-05,
    8.440956792706193e-06,
    1.475955744065763e-06,
    3.7020681040062257e-06,
    3.915316704257107e-06,
    1.1429081497205408e-06,
    2.0978022904416765e-06,
    1.2875882962822412e-06,
    1.1761682330462566e-06,
    4.752072701613088e-07,
    6.043380276703862e-07,
    8.148377009003798e-07,
    7.802712241421868e-07,
    5.148490872013479e-07,
    3.5332717951906294e-07,
    4.884274955404909e-07,
    5.311451127957386e-07,
    3.959347802750188e-07,
    2.329079076852342e-07,
    2.634746802031356e-07,
    3.1261092898890813e-07,
    2.5872532265393835e-07,
    1.6328917828215444e-07,
    1.424791006795856e-07,
    1.6896201867769257e-07,
    1.776257846319851e-07
  ]
}