{
  "times": [
    0.0,
    0.10101010101010101,
    0.20202020202020202,
    0.30303030303030304,
    0.40404040404040403,
    0.5050505050505051,
    0.6060606060606061,
    0.7070707070707071,
    0.8080808080808081,
    0.9090909090909091,
    1.0101010101010102,
    1.1111111111111112,
    1.2121212121212122,
    1.3131313131313131,
    1.4141414141414141,
    1.5151515151515151,
    1.6161616161616161,
    1.7171717171717171,
    1.8181818181818181,
    1.9191919191919191,
    2.0202020202020203,
    2.121212121212121,
    2.2222222222222223,
    2.323232323232323,
    2.4242424242424243,
    2.525252525252525,
    2.6262626262626263,
    2.727272727272727,
    2.8282828282828283,
    2.929292929292929,
    3.0303030303030303,
    3.131313131313131,
    3.2323232323232323,
    3.3333333333333335,
    3.4343434343434343,
    3.5353535353535355,
    3.6363636363636362,
    3.7373737373737375,
    3.8383838383838382,
    3.9393939393939394,
    4.040404040404041,
    4.141414141414141,
    4.242424242424242,
    4.343434343434343,
    4.444444444444445,
    4.545454545454545,
    4.646464646464646,
    4.747474747474747,
    4.848484848484849,
    4.94949494949495,
    5.05050505050505,
    5.151515151515151,
    5.252525252525253,
    5.353535353535354,
    5.454545454545454,
    5.555555555555555,
    5.656565656565657,
    5.757575757575758,
    5.858585858585858,
    5.959595959595959,
    6.0606060606060606,
    6.161616161616162,
    6.262626262626262,
    6.363636363636363,
    6.4646464646464645,
    6.565656565656566,
    6.666666666666667,
    6.767676767676767,
    6.8686868686868685,
    6.96969696969697,
    7.070707070707071,
    7.171717171717171,
    7.2727272727272725,
    7.373737373737374,
    7.474747474747475,
    7.575757575757575,
    7.6767676767676765,
    7.777777777777778,
    7.878787878787879,
    7.979797979797979,
    8.080808080808081,
    8.181818181818182,
    8.282828282828282,
    8.383838383838384,
    8.484848484848484,
    8.585858585858587,
    8.686868686868687,
    8.787878787878787,
    8.88888888888889,
    8.98989898989899,
    9.09090909090909,
    9.191919191919192,
    9.292929292929292,
    9.393939393939394,
    9.494949494949495,
    9.595959595959595,
    9.696969696969697,
    9.797979797979798,
    9.8989898989899,
    10.0
  ],
  "mx": [
    1.0,
    0.5998297314268923,
    0.24303562009323867,
    0.1278433606889966,
    0.05727916066751927,
    0.038795065343978155,
    0.03153519775015929,
    0.01966570011303755,
    0.016051626998965243,
    0.036722405028655807,
    0.017814835981199154,
    0.028037617445161374,
    0.025203277376603415,
    0.004675715257925687,
    0.0022631238538484513,
    0.011384901071791076,
    -0.004374216876482779,
    -0.004708424416942786,
    -0.029659706431825392,
    -0.010340784863276402,
    -0.0036039444295040976,
    0.004845375306228154,
    0.018735099952703716,
    0.008139300901546881,
    -0.009891679068428519,
    -0.03169016005862934,
    -0.03643879832077481,
    -0.03660696807422823,
    -0.054425338685768515,
    -0.04919633819365772,
    -0.09396548380904654,
    -0.09474878161266503,
    -0.11800907984570214,
    -0.10711725924563893,
    -0.08811727387175457,
    -0.09285223516574861,
    -0.09670663089320373,
    -0.07246834046872884,
    -0.044975705785503826,
    -0.05454712682899207,
    -0.07856957295933725,
    -0.06067950064239341,
    -0.04091772067136142,
    -0.016527998701279766,
    0.010514756199485843,
    0.01763016628555637,
    -0.004384285804324543,
    -0.005415396090114978,
    0.0033039318587028826,
    0.0051609529487150144,
    0.024069553413154133,
    0.000924708802989109,
    -0.007347339285528023,
    0.01720371363853636,
    -0.011144978546854563,
    -0.00904312114814408,
    0.008053966313771997,
    0.020647026888462712,
    0.014423837443425729,
    0.015886989038550094,
    0.021669904978023045,
    -5.793601986072335e-05,
    -0.011229929933915956,
    -0.02965365537789788,
    -0.0241942286795946,
    -0.007114042020137508,
    0.022059852540160827,
    0.026835012406169933,
    0.040798358921868505,
    0.07486588431591985,
    0.08588259028179321,
    0.05411959660467441,
    0.031192969726897495,
    0.025719965284388743,
    0.013160328876057514,
    -0.0042220428012271416,
    -0.015528208132598833,
    -0.029099206346614597,
    -0.021488497298167066,
    -0.00201741290974514,
    0.0008519803125446495,
    0.00834235747577451,
    -0.00014100979404442048,
    -0.008833561867759292,
    0.013623406337602732,
    0.011040448419558094,
    0.004804445356588616,
    -0.00579725567482139,
    0.0043726581018063235,
    0.012348876250331332,
    0.003370490849410393,
    -0.008721586990242574,
    -0.011468074615112555,
    -0.008009457036898487,
    -0.03285126675143373,
    -0.035220246016507195,
    -0.02727251681979448,
    -0.023340294266420494,
    -0.009727679589624002,
    -0.01326732898657996
  ],
  "my": [
    0.0,
    0.1934653622846429,
    0.05745146364444812,
    0.022612500141163103,
    0.02818035676150131,
    -0.015595992717196448,
    -0.017331873728113168,
    -0.0044003805588420835,
    0.002572948876625767,
    0.021465387188264438,
    -0.0025575046826738813,
    0.008184710643454938,
    0.016535136265806435,
    0.04265475338164734,
    0.0091895685237626,
    0.009429959906481178,
    0.033904233934954106,
    0.024166983909635825,
    0.03328588236810841,
    0.020717860402506436,
    0.008692457917164805,
    -0.025608053867930598,
    -0.02882215441692066,
    0.0020926422143872627,
    -0.026273468219062995,
    -0.025652614574275968,
    0.010458975671182398,
    0.022942441182725676,
    0.014666820711701238,
    0.019742839919500293,
    0.03587531697667142,
    0.019646307137357686,
    -0.014578966440981438,
    -0.005069215375551276,
    0.004014452000305737,
    0.010103172664462475,
    0.02180590036471121,
    0.03188877603763241,
    0.038871269947031745,
    0.049653301427435015,
    0.03832133520046475,
    0.0033054861654769154,
    0.003535956213575519,
    0.025563607193390098,
    -0.006239197035694885,
    0.0003273216799237138,
    0.015105198901513973,
    0.03539032657438101,
    0.031821668777125264,
    -0.02599751888575394,
    -0.012572097625842707,
    0.00011177057160690247,
    -0.016365998414740776,
    -0.017633305834059906,
    -0.037253875073798154,
    -0.034399228649149946,
    -0.06896101160826712,
    -0.06556671674657677,
    -0.04103714102651341,
    -0.01487989686871349,
    0.004140673314936537,
    0.004994183403179648,
    -0.02598461288116442,
    -0.01462285068634637,
    -0.026234823552029368,
    -0.012250851561571416,
    -0.021622121961124133,
    0.001824161229904557,
    -0.009033426209266497,
    0.0013325350647382765,
    0.007171089489092929,
    -0.002873657626227243,
    -0.001815202436803481,
    0.02477662440667207,
    0.01749908295802503,
    0.016514045026432365,
    -0.012856555655241277,
    -0.005808722198939982,
    0.009813757564161267,
    0.020393691371744918,
    -0.0121485114754144,
    -0.0074133600617544105,
    -0.009840076005737004,
    -0.029870613514845063,
    -0.012127925771320724,
    0.007638424464638818,
    0.00922897219802413,
    -0.00194833787397227,
    -0.002916631317225155,
    -0.010089206675267751,
    -0.010718187596202492,
    0.007155317498600936,
    0.02336219978813703,
    0.016134777538587306,
    0.01549006939574839,
    0.020918114072042433,
    0.02195998261088081,
    -0.02144790001858975,
    -0.019648173843047914,
    -0.03155139778945334
  ],