{
  "times": [
    0.0,
    0.10101010101010101,
    0.20202020202020202,
    0.30303030303030304,
    0.40404040404040403,
    0.5050505050505051,
    0.6060606060606061,
    0.7070707070707071,
    0.8080808080808081,
    0.9090909090909091,
    1.0101010101010102,
    1.1111111111111112,
    1.2121212121212122,
    1.3131313131313131,
    1.4141414141414141,
    1.5151515151515151,
    1.6161616161616161,
    1.7171717171717171,
    1.8181818181818181,
    1.9191919191919191,
    2.0202020202020203,
    2.121212121212121,
    2.2222222222222223,
    2.323232323232323,
    2.4242424242424243,
    2.525252525252525,
    2.6262626262626263,
    2.727272727272727,
    2.8282828282828283,
    2.929292929292929,
    3.0303030303030303,
    3.131313131313131,
    3.2323232323232323,
    3.3333333333333335,
    3.4343434343434343,
    3.5353535353535355,
    3.6363636363636362,
    3.7373737373737375,
    3.8383838383838382,
    3.9393939393939394,
    4.040404040404041,
    4.141414141414141,
    4.242424242424242,
    4.343434343434343,
    4.444444444444445,
    4.545454545454545,
    4.646464646464646,
    4.747474747474747,
    4.848484848484849,
    4.94949494949495,
    5.05050505050505,
    5.151515151515151,
    5.252525252525253,
    5.353535353535354,
    5.454545454545454,
    5.555555555555555,
    5.656565656565657,
    5.757575757575758,
    5.858585858585858,
    5.959595959595959,
    6.0606060606060606,
    6.161616161616162,
    6.262626262626262,
    6.363636363636363,
    6.4646464646464645,
    6.565656565656566,
    6.666666666666667,
    6.767676767676767,
    6.8686868686868685,
    6.96969696969697,
    7.070707070707071,
    7.171717171717171,
    7.2727272727272725,
    7.373737373737374,
    7.474747474747475,
    7.575757575757575,
    7.6767676767676765,
    7.777777777777778,
    7.878787878787879,
    7.979797979797979,
    8.080808080808081,
    8.181818181818182,
    8.282828282828282,
    8.383838383838384,
    8.484848484848484,
    8.585858585858587,
    8.686868686868687,
    8.787878787878787,
    8.88888888888889,
    8.98989898989899,
    9.09090909090909,
    9.191919191919192,
    9.292929292929292,
    9.393939393939394,
    9.494949494949495,
    9.595959595959595,
    9.696969696969697,
    9.797979797979798,
    9.8989898989899,
    10.0
  ],
  "mx": [
    1.0,
    0.7232566974188664,
    0.33952158119043546,
    0.21360765344134358,
    0.12380485772965903,
    0.0721307557030109,
    0.08806295637832201,
    0.08379072894874623,
    0.04200039742255615,
    0.021674172874285733,
    0.03269206649268716,
    0.032078447752640966,
    0.02844382706632448,
    0.012745393389735503,
    -0.01820315990004332,
    -0.008318373013404864,
    -0.0003230255708702478,
    -0.0005583459885756168,
    0.01537743403270406,
    0.01660358366662011,
    -0.0006059708256324117,
    -0.005457923683752213,
    0.005214545015745412,
    -0.015358811310680917,
    -0.003432253502721338,
    0.027556244665567966,
    0.01650055626082483,
    0.0040930672645030225,
    -0.0033387004776327714,
    -0.002437354694678605,
    -0.0014682340853984842,
    0.010832160985185415,
    0.011221235767790796,
    0.01542780534993766,
    0.008625210980849457,
    0.013190997389035335,
    0.013493668250212016,
    0.003762839376074356,
    -0.0034064967355410614,
    0.0017588688452398556,
    0.011934138875105594,
    0.017166287488101527,
    0.014974127479116663,
    0.016929576996705536,
    0.027494018270165916,
    0.024147939673630617,
    0.008698875096220186,
    -0.009170776411784147,
    -0.020766245906474072,
    -0.030632378986981117,
    -0.03131376933461692,
    -0.04581927361328703,
    -0.09384163422757079,
    -0.0942632647841316,
    -0.0645322319147205,
    -0.048269780262019696,
    -0.07766142305401795,
    -0.10131061163005556,
    -0.08941235798123025,
    -0.07161677905385572,
    -0.05291006072778113,
    -0.03553895821100398,
    -0.028629014882156276,
    -0.04470605866454836,
    -0.03815504590876098,
    -0.03203334864005805,
    -0.03337447437054313,
    -0.020845054940371,
    -0.021442551353137974,
    -0.015127650258358192,
    -0.005965912878627753,
    -0.002963443241660967,
    0.025933463814115654,
    0.019451232145593668,
    0.014976900826096484,
    0.027870015868614016,
    0.03945339465053647,
    0.026019992915467176,
    0.0013188363475332271,
    -0.003934871205461541,
    0.02434092419086891,
    0.01994546169278856,
    0.002038143772910735,
    -0.00449984262101804,
    0.009564090446020721,
    -0.006270303695294013,
    0.004991040246229515,
    0.020286944959264128,
    0.0012216437901633554,
    -0.013806454568220366,
    -4.0181259378966466e-05,
    0.004032400149546153,
    0.01804667504780091,
    0.02307383622874652,
    0.012073518145677123,
    0.010470507596860123,
    4.917846840268627e-05,
    0.012257141984259163,
    0.0287327802272387,
    0.02111003531688744
  ],
  "my": [
    0.0,
    0.19584736305438513,
    0.11352897277513684,
    0.04484518051515088,
    0.021802752211446327,
    0.010782531614343522,
    0.01329264514156284,
    0.02171434715107903,
    0.031064629257351047,
    0.035994493306672544,
    0.020592550929891044,
    0.019647939211357626,
    -0.0018754630597041368,
    -0.0025003823387443943,
    -0.00040838304618382587,
    -0.0012976421881258121,
    0.012532547417968162,
    0.029796471215215763,
    0.026515618919912134,
    0.008460774081392976,
    -0.0002612121126667554,
    0.007108393246158511,
    0.004632676736150895,
    0.001859849408651062,
    -0.0008227715315341261,
    0.00547280006512425,
    0.01620398184840877,
    0.03427336626261123,
    0.03579614834713557,
    0.029405610879512465,
    0.023353176220593956,
    0.025276408877348906,
    0.019428582976466685,
    -0.0055203120678185376,
    0.001983583418090941,
    0.005612308422266078,
    0.003951143167309601,
    -0.005242477486729262,
    -0.005515969720893825,
    -0.006132214014473179,
    -0.0157244935564848,
    -0.0017408046774897374,
    0.01557407036074916,
    0.012846458719936072,
    -0.0030929938755267857,
    -0.010510747649182355,
    -0.020836999737095976,
    -0.04323873859745474,
    -0.044865860546508034,
    -0.033109797400302066,
    -0.033805386404929555,
    -0.05392136498543688,
    -0.04622260546860147,
    -0.020584139613557956,
    -0.005703284196019246,
    -0.008111053938587288,
    -0.016396105965757968,
    -0.015927089254791704,
    -0.007358071521571767,
    0.017560830631184222,
    0.021262249037413652,
    0.010252004736310548,
    0.003977188852836644,
    0.003826458756823778,
    -0.004543171047737177,
    -0.01031548832103208,
    -0.01616170100210808,
    -0.012128065263697588,
    -0.01615223258969445,
    0.0038147213323208593,
    -0.005136598178339197,
    0.0038532405807184373,
    0.03389359709894407,
    0.02883221618700962,
    0.01231926311286035,
    0.007142144503508571,
    -0.0007782517451539658,
    -0.004367185046598346,
    0.004777835326435748,
    0.01817956931650589,
    0.01586508615509046,
    -0.008638138116424894,
    -0.018721192289284674,
    -0.010591533392329166,
    -0.00921119314991165,
    -0.00912975401692081,
    -0.01370982785686446,
    0.0025181508413937496,
    0.02087508425658783,
    0.003922132081328504,
    -0.006575662762273737,
    -0.012315980966384081,
    -0.013932279714918025,
    -0.030249077867008294,
    -0.00667920978827331,
    -0.002964866690717188,
    0.0070251530513337134,
    0.0021865912486330723,
    0.0014339405527363494,
    0.015458834492045596
  ],