{
  "positive_frequencies": [
    0.0,
    0.07734375,
    0.1546875,
    0.23203125000000002,
    0.309375,
    0.38671875,
    0.46406250000000004,
    0.54140625,
    0.61875,
    0.6960937500000001,
    0.7734375,
    0.85078125,
    0.9281250000000001,
    1.0054687500000001,
    1.0828125,
    1.16015625,
    1.2375,
    1.31484375,
    1.3921875000000001,
    1.46953125,
    1.546875,
    1.62421875,
    1.7015625,
    1.7789062500000001,
    1.8562500000000002,
    1.93359375,
    2.0109375000000003,
    2.08828125,
    2.165625,
    2.24296875,
    2.3203125,
    2.3976562500000003,
    2.475,
    2.55234375,
    2.6296875,
    2.70703125,
    2.7843750000000003,
    2.86171875,
    2.9390625,
    3.01640625,
    3.09375,
    3.1710937500000003,
    3.2484375,
    3.32578125,
    3.403125,
    3.48046875,
    3.5578125000000003,
    3.63515625,
    3.7125000000000004,
    3.78984375,
    3.8671875,
    3.9445312500000003,
    4.0218750000000005,
    4.09921875,
    4.1765625,
    4.25390625,
    4.33125,
    4.4085937500000005,
    4.4859375,
    4.56328125,
    4.640625,
    4.71796875,
    4.7953125000000005,
    4.87265625,
    4.95
  ],
  "mx_fft_pos": [
    0.014061105209316577,
    0.0169167865178032,
    0.018976040273887215,
    0.018452873422667826,
    0.015687539005446508,
    0.01016765123558258,
    0.006514896810458665,
    0.005300176417286634,
    0.004994206654462173,
    0.004533209937001654,
    0.003051421035217038,
    0.0006794853170414036,
    0.001373614668493261,
    0.0023871830263929614,
    0.0023914888730943323,
    0.0015056170057281856,
    0.0001045398036070493,
    0.0018130986262991932,
    0.0025396316924432296,
    0.001752522308568176,
    0.0022406949277925274,
    0.0031681604960407494,
    0.002675095745059758,
    0.002532142450988653,
    0.003163574762079945,
    0.003534279287045547,
    0.0033372452900933235,
    0.0025703178809156446,
    0.0021992839450840677,
    0.002052386941671023,
    0.0019890420070426762,
    0.0013561930774746058,
    0.0005406359344225951,
    0.0002762116692436678,
    0.0013350602031091574,
    0.0024744429357416403,
    0.0019829533740803457,
    0.0007067526012781809,
    0.0006629923566649318,
    0.0012552790999352486,
    0.0010574032396873042,
    0.00024631548805129343,
    0.00026735408481379274,
    0.0005417437735445406,
    0.0002908119596919156,
    0.0008721891518179147,
    0.0008166541450138298,
    0.00045484513869369645,
    0.0005843624205529005,
    0.0006616717010955071,
    0.0003357558934267132,
    0.00022213177512398093,
    0.00038034143210780247,
    0.0005144958380702491,
    0.0006872796765369684,
    0.0004250871114286714,
    0.0003138142249579905,
    0.0005160500668343869,
    0.0005212593950665935,
    0.00036419662302846644,
    0.0002793003243750158,
    0.00010551928587495921,
    0.00040264090133419376,
    0.0004157033049819364,
    2.170038776344918e-05
  ],
  "my_fft_pos": [
    0.003078506518265413,
    0.005651032576876722,
    0.008453250287544036,
    0.008611850519100822,
    0.006352444459866791,
    0.003975819320257903,
    0.003138124543147444,
    0.004540561119783125,
    0.006491315938894191,
    0.006115708583906975,
    0.0033120567097457026,
    0.0015145786613442395,
    0.002040434967576301,
    0.0015749178241055573,
    0.002935340645093876,
    0.002990977253528107,
    0.0009698126858903191,
    0.0011099490225888243,
    0.0010493451127718827,
    0.0005149735797625575,
    0.0023321962523088122,
    0.0027617321765722957,
    0.0022777247910073036,
    0.0018371990321159487,
    0.0017615664110190764,
    0.001761017886606091,
    0.001333768110296501,
    0.002041247605789834,
    0.002007085470304677,
    0.0013330304822121567,
    0.0007811754188471216,
    0.0009220724713607201,
    0.0005003835504757026,
    0.0010796364803649116,
    0.0017595804782723958,
    0.0016375447866998382,
    0.0013241837089610167,
    0.0016075377341070935,
    0.0013494510459485468,
    0.0008349842818994376,
    0.0007128818847266883,
    0.0005552915778970353,
    0.00048163696638985087,
    0.0002230608689622692,
    0.00030270272504847337,
    0.00024971483122589503,
    0.00022673314173584405,
    0.00038552399151351065,
    0.00041046175549133777,
    0.00016166987001484042,
    0.0005301516204703696,
    0.0005583658571496029,
    0.0002047739374756281,
    0.00017408019775354438,
    0.00042952395623329997,
    0.0006218120707374789,
    0.00040984309561857633,
    0.0003341826355331448,
    0.0004333467172101126,
    0.0002978664124145965,
    0.0001729418115839127,
    0.000421258157185924,
    0.000444527195046547,
    0.00021813589269572295,
    0.00022295687293273525
  ],
  "mz_fft_pos": [
    0.003537635909732864,
    0.003102016985730629,
    0.0027028437893548136,
    0.001347537918275358,
    0.0024416210540300996,
    0.004720869736980562,
    0.004048016249443318,
    0.0027537223706276294,
    0.0027183096711404548,
    0.004869182105052664,
    0.006414824060059007,
    0.005429158399126828,
    0.00279101128336483,
    0.002011733643374586,
    0.0009881675461253742,
    0.0010879784210047036,
    0.002773372700442627,
    0.002701623018266626,
    0.0014784950250874322,
    0.0007793591169688723,
    0.0016910382671723992,
    0.0002963522529245672,
    0.0020763543375930354,
    0.0016213858586174477,
    0.0005024925088224416,
    0.0009721345263648395,
    0.0009645315057938814,
    0.0007610450950817034,
    0.0023162545557094075,
    0.0015298566918871832,
    0.0012029172264034125,
    0.0018864086104272465,
    0.001484993309090032,
    0.0010258649728682567,
    0.0005610666523437626,
    0.0010627096801511882,
    0.0012749984427171289,
    0.0009201523970016328,
    0.0010301011136804076,
    0.0010527266245794874,
    0.0005996750117425492,
    0.00030736072104112623,
    0.0005612540292204113,
    0.0006771205741004477,
    0.0007178189700461921,
    0.0009540065778128109,
    0.0007524445165509588,
    0.00016980959876228873,
    0.0003562368300833606,
    0.0007863363773052492,
    0.0009558278315892754,
    0.0005711224299419468,
    0.0003655708757597242,
    0.000314072942235622,
    0.0002850325802444438,
    0.0001415351268930532,
    0.0003526746480463286,
    0.0003976528616704816,
    0.00016323345029418718,
    0.000156448907498768,
    0.0002626773686586098,
    0.00020551640525867277,
    0.0001556994501022753,
    0.0001562277824404631,
    0.00011255415654506828
  ]
}