{
  "times": [
    0.0,
    0.10101010101010101,
    0.20202020202020202,
    0.30303030303030304,
    0.40404040404040403,
    0.5050505050505051,
    0.6060606060606061,
    0.7070707070707071,
    0.8080808080808081,
    0.9090909090909091,
    1.0101010101010102,
    1.1111111111111112,
    1.2121212121212122,
    1.3131313131313131,
    1.4141414141414141,
    1.5151515151515151,
    1.6161616161616161,
    1.7171717171717171,
    1.8181818181818181,
    1.9191919191919191,
    2.0202020202020203,
    2.121212121212121,
    2.2222222222222223,
    2.323232323232323,
    2.4242424242424243,
    2.525252525252525,
    2.6262626262626263,
    2.727272727272727,
    2.8282828282828283,
    2.929292929292929,
    3.0303030303030303,
    3.131313131313131,
    3.2323232323232323,
    3.3333333333333335,
    3.4343434343434343,
    3.5353535353535355,
    3.6363636363636362,
    3.7373737373737375,
    3.8383838383838382,
    3.9393939393939394,
    4.040404040404041,
    4.141414141414141,
    4.242424242424242,
    4.343434343434343,
    4.444444444444445,
    4.545454545454545,
    4.646464646464646,
    4.747474747474747,
    4.848484848484849,
    4.94949494949495,
    5.05050505050505,
    5.151515151515151,
    5.252525252525253,
    5.353535353535354,
    5.454545454545454,
    5.555555555555555,
    5.656565656565657,
    5.757575757575758,
    5.858585858585858,
    5.959595959595959,
    6.0606060606060606,
    6.161616161616162,
    6.262626262626262,
    6.363636363636363,
    6.4646464646464645,
    6.565656565656566,
    6.666666666666667,
    6.767676767676767,
    6.8686868686868685,
    6.96969696969697,
    7.070707070707071,
    7.171717171717171,
    7.2727272727272725,
    7.373737373737374,
    7.474747474747475,
    7.575757575757575,
    7.6767676767676765,
    7.777777777777778,
    7.878787878787879,
    7.979797979797979,
    8.080808080808081,
    8.181818181818182,
    8.282828282828282,
    8.383838383838384,
    8.484848484848484,
    8.585858585858587,
    8.686868686868687,
    8.787878787878787,
    8.88888888888889,
    8.98989898989899,
    9.09090909090909,
    9.191919191919192,
    9.292929292929292,
    9.393939393939394,
    9.494949494949495,
    9.595959595959595,
    9.696969696969697,
    9.797979797979798,
    9.8989898989899,
    10.0
  ],
  "mx": [
    1.0,
    0.4429019886877466,
    0.043393619944919,
    -0.009996464772989228,
    -0.03249157525946194,
    -0.025519039120283218,
    0.00530353884071571,
    0.040103014425211185,
    0.04702553291090828,
    0.025201468671169396,
    0.034752885344360517,
    0.02369979202146073,
    0.018769244520091512,
    0.007690278335133906,
    0.029662987561457212,
    0.057755838885044604,
    0.04014127933668634,
    0.04103440278088934,
    -0.003468291336648198,
    -0.039686208878643624,
    -0.024484119724697145,
    -0.01741191264397852,
    -0.01223332434345583,
    -0.03336243425961104,
    -0.05850005089155416,
    -0.03151695849277978,
    0.02610164120783619,
    0.06807673151773229,
    0.04465680974916284,
    0.004939378533085424,
    -0.0020420482578066904,
    -0.0013260946505455132,
    0.000493910492025621,
    0.03926559479227624,
    0.043640017925057506,
    0.028262874054131717,
    0.020220086686882,
    0.02431155792870591,
    0.014778967503294285,
    -0.02140405865455445,
    -0.03813041201426416,
    -0.015465015254383973,
    0.01391527730607333,
    0.02777927487702784,
    0.027007048628540684,
    0.010934501943535666,
    -0.007136994292736485,
    -0.015680397050191766,
    -0.013197253300241065,
    -0.0008119919886968715,
    0.017613238956889703,
    0.03496062823501691,
    0.03654842500408291,
    0.014527500152753246,
    -0.004735943232230588,
    0.008955612477050554,
    0.03224851055849159,
    0.02526507721167002,
    -0.0060778485723410915,
    -0.035990304925437214,
    -0.04473693578063961,
    -0.03317786483103529,
    -0.024087902736978008,
    -0.014551499657336672,
    -0.004732555362821928,
    -0.019691789745076956,
    -0.020001265999408508,
    0.038994320489232244,
    0.08889592575263992,
    0.058837722998397235,
    0.01254124130803084,
    0.008531823415835015,
    0.014984673235702857,
    -0.006850633072578476,
    -0.007438333296744483,
    0.027202343238752345,
    0.03522966734374583,
    -0.00556986496765724,
    -0.017140060102991732,
    -0.020508378762106483,
    0.00469264568599968,
    0.040885756969507386,
    0.0038447751178935716,
    -0.05557053853874167,
    -0.05105267476935151,
    0.001528046757416187,
    -0.025076970312521575,
    -0.0655094684920163,
    -0.047832980342875205,
    -0.00847980756188028,
    0.005302902352340101,
    0.047448065107469316,
    0.030594212069471827,
    0.005216870010277845,
    -0.027002453683385868,
    -0.07353007425555644,
    -0.09895998711014643,
    -0.06357434387859456,
    -0.024880443356675757,
    0.0005421320062840608
  ],
  "my": [
    0.0,
    0.07767230379369283,
    0.022822432082087132,
    -0.01950677980761747,
    -0.023629237792045975,
    -0.014085501313290939,
    -0.005326961293039624,
    0.06605296228646851,
    0.05704792229652703,
    0.008000692768765446,
    -0.03131387982392094,
    -0.02282764261482382,
    -0.04198244383640167,
    -0.037538381517999105,
    0.0015195407493917472,
    0.005052420764773875,
    0.02975105424379483,
    -0.008565737849173381,
    -0.05919024090084547,
    -0.05771358354934125,
    -0.06220848233200433,
    -0.0247228524354769,
    0.0025164786739652646,
    0.03509022519896107,
    0.005788973447830529,
    0.008108178291111613,
    0.033474725311878506,
    0.03065961365754054,
    0.032171132519097055,
    0.01818187439467843,
    -0.002812396807761382,
    1.774791153140833e-05,
    -0.013583433576567307,
    -0.007756836221758889,
    0.00847014514109958,
    0.01890109329045191,
    0.036711769147720265,
    0.05948669891818658,
    0.07382089517417886,
    0.07194714893213268,
    0.06440331226719101,
    0.06441776196428001,
    0.06999053623187698,
    0.07168265685074765,
    0.07698555538020833,
    0.07749986377957452,
    0.0530066740225706,
    0.014859914755228028,
    -0.009243635151452049,
    -0.0110486138118513,
    -0.002703999483815043,
    0.012483888907700571,
    0.03649675745911741,
    0.05345299900631096,
    0.04574183230759539,
    0.03181493987419294,
    0.03924100951016644,
    0.052467570784634245,
    0.042063244051930876,
    0.013839987920775901,
    -0.013312996287336636,
    -0.021324903897503533,
    -0.013171710654726589,
    -0.005108684050783154,
    0.00544416219184457,
    0.008376135991474281,
    -0.0017051317699122565,
    -0.004746620014597986,
    0.019826494202378097,
    0.04356984520715899,
    0.02724144722279545,
    0.0012355556534146758,
    0.01399584126265513,
    0.027451243297782438,
    0.013421995021155016,
    -0.0013046179859973238,
    0.007070833896747288,
    -0.04690698659134489,
    -0.05364743861036863,
    -0.031061619848929786,
    -0.002727691911381084,
    0.030980291459314663,
    0.012665333990667497,
    -0.038767730230539976,
    -0.05322871244535379,
    -0.030979435424343914,
    -0.017797606594892053,
    -0.01014972432397659,
    -0.026105577384075415,
    -0.019216697487549683,
    -0.04497984242029476,
    -0.024781858446492833,
    0.05437207279752933,
    0.021711120267184365,
    0.018766466265749057,
    0.033842397911067745,
    0.010572796676343452,
    -0.02300354749142669,
    -0.019670865063995527,
    -0.011495491860426511
  ],