{
  "positive_frequencies": [
    0.0,
    0.07734375,
    0.1546875,
    0.23203125000000002,
    0.309375,
    0.38671875,
    0.46406250000000004,
    0.54140625,
    0.61875,
    0.6960937500000001,
    0.7734375,
    0.85078125,
    0.9281250000000001,
    1.0054687500000001,
    1.0828125,
    1.16015625,
    1.2375,
    1.31484375,
    1.3921875000000001,
    1.46953125,
    1.546875,
    1.62421875,
    1.7015625,
    1.7789062500000001,
    1.8562500000000002,
    1.93359375,
    2.0109375000000003,
    2.08828125,
    2.165625,
    2.24296875,
    2.3203125,
    2.3976562500000003,
    2.475,
    2.55234375,
    2.6296875,
    2.70703125,
    2.7843750000000003,
    2.86171875,
    2.9390625,
    3.01640625,
    3.09375,
    3.1710937500000003,
    3.2484375,
    3.32578125,
    3.403125,
    3.48046875,
    3.5578125000000003,
    3.63515625,
    3.7125000000000004,
    3.78984375,
    3.8671875,
    3.9445312500000003,
    4.0218750000000005,
    4.09921875,
    4.1765625,
    4.25390625,
    4.33125,
    4.4085937500000005,
    4.4859375,
    4.56328125,
    4.640625,
    4.71796875,
    4.7953125000000005,
    4.87265625,
    4.95
  ],
  "mx_fft_pos": [
    0.005355696526425003,
    0.00424778702890315,
    0.0014397607782728541,
    0.0027466370696076535,
    0.003932396516975711,
    0.0022468702557062277,
    0.008557698690340239,
    0.008855648676141711,
    0.004022907642420525,
    0.0046174132954609655,
    0.006366901713682139,
    0.004166769239688416,
    0.004496069232096934,
    0.003726862838738672,
    0.003906548672617863,
    0.006005430047090397,
    0.006865770787749692,
    0.00461234366618607,
    0.0038390200946442875,
    0.004988990166046029,
    0.0038023830964626056,
    0.00687780413805695,
    0.007412803125066102,
    0.002231108666862222,
    0.00248734334012375,
    0.003779843531567048,
    0.004392173612498763,
    0.0023816185464109554,
    0.0008108520534686203,
    0.0015491282386577083,
    0.003375813760859256,
    0.0030763667750352158,
    0.0012689807090978328,
    0.002505092977583393,
    0.0029975473594063703,
    0.002105007089645918,
    0.0003663692018913227,
    0.001812549283514822,
    0.001952571845633912,
    0.000489925091447489,
    0.0011891547771699896,
    0.0004931571537359367,
    0.000286335760110322,
    0.00015093370497278383,
    0.0005207072140885298,
    0.0005593908847340784,
    0.0006136572558726641,
    0.00035078266524992183,
    0.0006511070381755445,
    0.0006605304292828929,
    0.0004538123512981388,
    0.0004760091299316487,
    9.409764956341715e-05,
    0.00017826069095357419,
    0.0001648462139886373,
    0.00022851319517795384,
    0.0002501586449727101,
    0.0003201839473869143,
    5.161106849322914e-05,
    0.000260002698300162,
    0.0002785632840992573,
    6.158293379790751e-05,
    0.0002964167128220329,
    0.00017941976024787913,
    0.00014248248751594695
  ],
  "my_fft_pos": [
    0.019474355299470673,
    0.019407491142051442,
    0.015994233648298415,
    0.009303589067156825,
    0.006922766552049375,
    0.004750144535972562,
    0.00246073693013866,
    0.006578597506639517,
    0.011626589475837688,
    0.012235614761580487,
    0.007695822044311541,
    0.0021898056463639714,
    0.0029457915979743603,
    0.005100654061365888,
    0.005003148504710449,
    0.002376600007268888,
    0.0017017314119949752,
    0.004544341553384126,
    0.005000866174926479,
    0.0017879484978346196,
    0.0014684579521580905,
    0.004750533287188648,
    0.0052266605675821256,
    0.002108908298929876,
    0.0023607287316954216,
    0.0018182387371355646,
    0.0008678442943150541,
    0.0005353698616738239,
    0.0010678826369284018,
    0.0004110925515880674,
    0.00044229228991170483,
    0.0012067206966486263,
    0.0016896156593861652,
    0.002673527689772143,
    0.002089858748490621,
    0.0003860139126279598,
    0.0005234161479349781,
    0.0005924710101667595,
    0.000851257797608873,
    0.0010058859711487222,
    0.00048720261157303847,
    0.0010301766065886704,
    0.00030640860910086923,
    0.0007767710210811112,
    0.0005681998762212464,
    0.0006271866214143324,
    0.0009575302132881513,
    0.00029697289796445605,
    0.0004734479539025937,
    0.0006537847897061372,
    0.00029615534826241846,
    0.0007759828812807486,
    0.00040699290460852953,
    0.0006127870417842289,
    0.0006764741371302087,
    0.0001665470478835848,
    0.0005248621818585808,
    8.668758087950202e-05,
    0.0004174074696461004,
    5.8635533787538954e-05,
    0.0004385313639005102,
    0.0002197121419117542,
    0.00028733853165046003,
    0.0004502955169539644,
    9.5754369047919e-05
  ],
  "mz_fft_pos": [
    0.0013743183197051756,
    0.002450070730885966,
    0.005970458188533152,
    0.008348612323593123,
    0.00512863524861469,
    0.002211598510376616,
    0.006513614009006657,
    0.00603935713667351,
    0.005062508004419038,
    0.004127939863360127,
    0.002542097980844259,
    0.0010507741591399304,
    0.0020333455981185493,
    0.0029124215568633515,
    0.0007405926504025309,
    0.002588745923139426,
    0.001958341387824994,
    0.0024567205957292506,
    0.0024986850291659297,
    0.000520021237906044,
    0.0007477463357407413,
    0.001761389713409226,
    0.002844748514743258,
    0.002523674866886271,
    0.0013907619778255995,
    0.0018255855713061706,
    0.0012128875704293049,
    0.0012348672589286072,
    0.0016266300129414506,
    0.0014685639860196721,
    0.002433151364241837,
    0.002073296948137843,
    0.00031592658290404975,
    0.0014008509035831353,
    0.00048300377428945706,
    0.0012434677552384298,
    0.0005896156296256941,
    0.001344642554256848,
    0.0009696849191290639,
    0.0008997371530728675,
    0.0012339913937430944,
    0.0008843084281510362,
    0.0004292588348186456,
    0.0005801467229888817,
    0.00044331616685538055,
    0.0003622927766536574,
    0.000907203308812361,
    0.0007998572824749512,
    0.0008309260336260024,
    0.0013457011366429202,
    0.0003970440809052452,
    0.0011006455739721438,
    0.0007472213114153932,
    0.0003547318283941746,
    0.0007547782198627405,
    0.00043336940210300364,
    0.0003313482855770324,
    0.0007702594356687585,
    0.0003153975759042735,
    0.0006486644344090539,
    0.000340165604771495,
    0.0004276709509441199,
    0.00039530659455537764,
    0.000159664520766157,
    0.00047303864879844873
  ]
}