{
  "positive_frequencies": [
    0.0,
    0.07734375,
    0.1546875,
    0.23203125000000002,
    0.309375,
    0.38671875,
    0.46406250000000004,
    0.54140625,
    0.61875,
    0.6960937500000001,
    0.7734375,
    0.85078125,
    0.9281250000000001,
    1.0054687500000001,
    1.0828125,
    1.16015625,
    1.2375,
    1.31484375,
    1.3921875000000001,
    1.46953125,
    1.546875,
    1.62421875,
    1.7015625,
    1.7789062500000001,
    1.8562500000000002,
    1.93359375,
    2.0109375000000003,
    2.08828125,
    2.165625,
    2.24296875,
    2.3203125,
    2.3976562500000003,
    2.475,
    2.55234375,
    2.6296875,
    2.70703125,
    2.7843750000000003,
    2.86171875,
    2.9390625,
    3.01640625,
    3.09375,
    3.1710937500000003,
    3.2484375,
    3.32578125,
    3.403125,
    3.48046875,
    3.5578125000000003,
    3.63515625,
    3.7125000000000004,
    3.78984375,
    3.8671875,
    3.9445312500000003,
    4.0218750000000005,
    4.09921875,
    4.1765625,
    4.25390625,
    4.33125,
    4.4085937500000005,
    4.4859375,
    4.56328125,
    4.640625,
    4.71796875,
    4.7953125000000005,
    4.87265625,
    4.95
  ],
  "mx_fft_pos": [
    0.03613126059417302,
    0.03634011419431889,
    0.030262486384939873,
    0.019958654245405688,
    0.013174021396231535,
    0.007371273122066346,
    0.004696141918462427,
    0.0038221174735702497,
    0.0010978340114360513,
    0.003603559788972385,
    0.004950318245064189,
    0.00422828803802569,
    0.0012482699864672833,
    0.003106830024575816,
    0.004208404967999675,
    0.00310717044871958,
    0.0021607609518413903,
    0.0020099087030253514,
    0.0012509051261045468,
    0.001197556654490713,
    0.0021677022566324415,
    0.0023678474116143843,
    0.0012115932041629487,
    0.0006998402093794817,
    0.0011161525882737973,
    0.0013138827863682393,
    0.0014195630850602652,
    0.0010272912051249145,
    0.0011535144049747636,
    0.0007215137126338583,
    0.0012181626344068912,
    0.0016090258152008188,
    0.0021049273368046713,
    0.0020121104889514203,
    0.0015178083430025832,
    0.0012145151213554656,
    0.0013012085363160732,
    0.0013715822947628984,
    0.0013149510374183052,
    0.0009622801798007025,
    0.000872906987845341,
    0.0012237532622025938,
    0.0010524565820944913,
    0.0005009868871006237,
    0.00013287728640679124,
    0.0002448609011533942,
    0.00020469092546439614,
    5.9789564459557145e-05,
    0.0003489542324536846,
    0.00045767830538799207,
    0.0004410411958406677,
    0.0002496101512701119,
    0.00019619968947100664,
    0.0003695467572437293,
    0.00026730787388447823,
    0.00013633164148011835,
    0.00010703987206475819,
    2.9901873851055316e-05,
    0.00020244538540357577,
    0.00019330057044428074,
    6.744426927027428e-05,
    0.00011318709790680992,
    5.3328503969776205e-05,
    0.00015589795263622793,
    8.359958903582987e-05
  ],
  "my_fft_pos": [
    0.0103165311360198,
    0.007353155283230142,
    0.005148106593998424,
    0.006895383720848537,
    0.003882149972107291,
    0.003412722708268216,
    0.005830881777949128,
    0.008218392880728124,
    0.008120908278158718,
    0.005199588956175386,
    0.001461830608197228,
    0.0013512572579342972,
    0.0007254439366785688,
    0.0018601489150392853,
    0.0016252290445702212,
    0.0013531943546716445,
    0.0011772370666868251,
    0.0017081090985484068,
    0.003832147325917696,
    0.00405756006864972,
    0.003530173990204133,
    0.002464222643963643,
    0.0037564100271735516,
    0.0037556506774438876,
    0.002443642321044166,
    0.0008528516398056401,
    0.0006848339546788032,
    0.000976737395227953,
    0.001253329599113269,
    0.000715532863012402,
    0.0013782587789072413,
    0.00250976780817838,
    0.0015735795959749088,
    0.0004430312812064347,
    0.0013666364640097168,
    0.0010737502391278684,
    0.0003465761989048107,
    0.0006779388060782948,
    0.0011552068925622704,
    0.0011802376184897757,
    0.00039237085520697887,
    0.0006117399263241178,
    0.000838618811176092,
    0.00048570812027246506,
    0.0004742368347024366,
    0.00034059340360805793,
    0.00027852118083291364,
    0.00023828078974056133,
    0.00022977912181168053,
    0.00022743071213309672,
    0.00013212373780182034,
    0.0002230601724063567,
    0.00018346294069386125,
    0.00015283300234848567,
    0.0003077317592510748,
    0.00026045435568903364,
    0.0001569641552858907,
    0.00021830095529892343,
    0.00015250061989245068,
    6.866047179155372e-05,
    3.990630520126668e-05,
    0.00015704062366108786,
    0.00022648317920897747,
    4.321448201285829e-05,
    0.00015874537910307796
  ],
  "mz_fft_pos": [
    0.004799186464460304,
    0.004162939540774537,
    0.004198172193336363,
    0.005759987913289414,
    0.005494935699384266,
    0.00296140959622405,
    0.002115580956007567,
    0.003453617341424165,
    0.004385591341877737,
    0.0026638168058118277,
    0.004546864024046645,
    0.004756476742704042,
    0.0025587888972770905,
    0.0037727004467712506,
    0.004809698795078291,
    0.0020111183062503516,
    0.004522853013246533,
    0.003216081575504769,
    0.002217693095037387,
    0.003199155674734629,
    0.0023338081113750773,
    0.00228389484776166,
    0.0022299504330955395,
    0.0015397419043179934,
    0.0006052975140373477,
    0.0009653480993921215,
    0.00263179406006529,
    0.0035150142967665123,
    0.0024526633454500456,
    0.0008988356518626586,
    0.00036555333117798105,
    0.000801928716135895,
    0.0007368034430370055,
    0.0011989646759469328,
    0.0020247699704099074,
    0.0016447774529912754,
    0.0009175489894245205,
    0.0005386305844006187,
    0.0004450047196033027,
    0.00031764870408954103,
    0.00036405749056309366,
    0.0007483296366061655,
    0.0004977190521097102,
    0.0007254020994191777,
    0.0011031148527360123,
    0.0006638330772802078,
    5.830911524706437e-05,
    0.0001512125331369863,
    0.00018326567410816735,
    7.315702739939253e-05,
    0.00015303400979096952,
    0.00015690385487379,
    0.00033161761291784347,
    0.0002330208134070361,
    5.484729850634714e-05,
    0.00014747643781327192,
    9.652198659575563e-05,
    9.642958809556116e-05,
    6.761386191353384e-05,
    0.00010924205448666538,
    9.407359125340074e-05,
    6.404457799029987e-05,
    0.00013764336404110893,
    6.890507162501579e-05,
    4.400530379162187e-05
  ]
}