{
  "times": [
    0.0,
    0.10101010101010101,
    0.20202020202020202,
    0.30303030303030304,
    0.40404040404040403,
    0.5050505050505051,
    0.6060606060606061,
    0.7070707070707071,
    0.8080808080808081,
    0.9090909090909091,
    1.0101010101010102,
    1.1111111111111112,
    1.2121212121212122,
    1.3131313131313131,
    1.4141414141414141,
    1.5151515151515151,
    1.6161616161616161,
    1.7171717171717171,
    1.8181818181818181,
    1.9191919191919191,
    2.0202020202020203,
    2.121212121212121,
    2.2222222222222223,
    2.323232323232323,
    2.4242424242424243,
    2.525252525252525,
    2.6262626262626263,
    2.727272727272727,
    2.8282828282828283,
    2.929292929292929,
    3.0303030303030303,
    3.131313131313131,
    3.2323232323232323,
    3.3333333333333335,
    3.4343434343434343,
    3.5353535353535355,
    3.6363636363636362,
    3.7373737373737375,
    3.8383838383838382,
    3.9393939393939394,
    4.040404040404041,
    4.141414141414141,
    4.242424242424242,
    4.343434343434343,
    4.444444444444445,
    4.545454545454545,
    4.646464646464646,
    4.747474747474747,
    4.848484848484849,
    4.94949494949495,
    5.05050505050505,
    5.151515151515151,
    5.252525252525253,
    5.353535353535354,
    5.454545454545454,
    5.555555555555555,
    5.656565656565657,
    5.757575757575758,
    5.858585858585858,
    5.959595959595959,
    6.0606060606060606,
    6.161616161616162,
    6.262626262626262,
    6.363636363636363,
    6.4646464646464645,
    6.565656565656566,
    6.666666666666667,
    6.767676767676767,
    6.8686868686868685,
    6.96969696969697,
    7.070707070707071,
    7.171717171717171,
    7.2727272727272725,
    7.373737373737374,
    7.474747474747475,
    7.575757575757575,
    7.6767676767676765,
    7.777777777777778,
    7.878787878787879,
    7.979797979797979,
    8.080808080808081,
    8.181818181818182,
    8.282828282828282,
    8.383838383838384,
    8.484848484848484,
    8.585858585858587,
    8.686868686868687,
    8.787878787878787,
    8.88888888888889,
    8.98989898989899,
    9.09090909090909,
    9.191919191919192,
    9.292929292929292,
    9.393939393939394,
    9.494949494949495,
    9.595959595959595,
    9.696969696969697,
    9.797979797979798,
    9.8989898989899,
    10.0
  ],
  "mx": [
    1.0,
    0.8107631631729169,
    0.4429019886877466,
    0.17454437812057014,
    0.043393619944919,
    -0.003078204217832564,
    -0.009996464772989228,
    -0.01989412119196331,
    -0.03249157525946194,
    -0.03275452794820886,
    -0.025519039120283218,
    -0.011637325649759878,
    0.00530353884071571,
    0.029774784836514457,
    0.040103014425211185,
    0.04025066802709448,
    0.04702553291090828,
    0.03694298257788993,
    0.025201468671169396,
    0.02647442656859604,
    0.034752885344360517,
    0.03285101357442584,
    0.02369979202146073,
    0.020111857408596213,
    0.018769244520091512,
    0.009837258717408781,
    0.007690278335133906,
    0.014518544181022393,
    0.029662987561457212,
    0.05064867916289802,
    0.057755838885044604,
    0.045552216592249686,
    0.04014127933668634,
    0.045595226801607186,
    0.04103440278088934,
    0.022637260590391627,
    -0.003468291336648198,
    -0.031837401034177246,
    -0.039686208878643624,
    -0.0313599217278896,
    -0.024484119724697145,
    -0.018728650847139885,
    -0.01741191264397852,
    -0.015650533189582025,
    -0.01223332434345583,
    -0.017845218334043456,
    -0.03336243425961104,
    -0.05127376647831254,
    -0.05850005089155416,
    -0.04959613324830754,
    -0.03151695849277978,
    -0.0065487554254232,
    0.02610164120783619,
    0.056217362879802356,
    0.06807673151773229,
    0.06091059800615502,
    0.04465680974916284,
    0.02423620098300774,
    0.004939378533085424,
    -0.0039062427951595726,
    -0.0020420482578066904,
    0.0009809055849379581,
    -0.0013260946505455132,
    -0.005612532812799317,
    0.000493910492025621,
    0.019959807986614043,
    0.03926559479227624,
    0.0469306981930106,
    0.043640017925057506,
    0.03571585497753469,
    0.028262874054131717,
    0.022920573108260452,
    0.020220086686882,
    0.021251211263790294,
    0.02431155792870591,
    0.023755977976783114,
    0.014778967503294237,
    -0.0021698577503818754,
    -0.02140405865455445,
    -0.035174795115283784,
    -0.03813041201426416,
    -0.03017253687338094,
    -0.015465015254383973,
    0.0006085857224987874,
    0.013915277306073347,
    0.022825465455463483,
    0.02777927487702784,
    0.029334767267849393,
    0.027007048628540718,
    0.020435073967884233,
    0.010934501943535666,
    0.0010499894609326595,
    -0.007136994292736485,
    -0.01276642469881953,
    -0.01568039705019174,
    -0.015822257276653172,
    -0.013197253300241065,
    -0.008042835030621802,
    -0.0008119919886968715,
    0.007955406707635648
  ],
  "my": [
    0.0,
    0.08324304377464936,
    0.07767230379369283,
    0.04149376165618834,
    0.022822432082087132,
    -0.0034365811358947505,
    -0.01950677980761747,
    -0.017859220615876435,
    -0.023629237792045975,
    -0.027408575464399964,
    -0.014085501313290939,
    -0.00437852784268643,
    -0.005326961293039624,
    0.022264420004025766,
    0.06605296228646851,
    0.07575994471720575,
    0.05704792229652703,
    0.03292640504765622,
    0.008000692768765446,
    -0.019039475439787453,
    -0.03131387982392094,
    -0.0242709487842537,
    -0.02282764261482382,
    -0.03971872767713089,
    -0.04198244383640167,
    -0.036920963299977856,
    -0.037538381517999105,
    -0.0210537829508594,
    0.0015195407493917472,
    0.0063890824719910555,
    0.005052420764773875,
    0.01953547736248743,
    0.02975105424379483,
    0.014943996119198878,
    -0.008565737849173381,
    -0.03876903400859116,
    -0.05919024090084547,
    -0.0557479125078396,
    -0.05771358354934125,
    -0.06748024879751535,
    -0.06220848233200433,
    -0.04198471363694337,
    -0.0247228524354769,
    -0.014553938900655171,
    0.0025164786739652646,
    0.024412096814817624,
    0.03509022519896107,
    0.024784745790974096,
    0.005788973447830529,
    0.0004613152454565582,
    0.008108178291111613,
    0.02207784434478121,
    0.033474725311878506,
    0.033391232042368144,
    0.03065961365754053,
    0.03126194396459503,
    0.032171132519097055,
    0.02874262735433709,
    0.01818187439467843,
    0.004995295096673078,
    -0.002812396807761382,
    -0.002857358950389628,
    1.774791153140833e-05,
    -0.0035788558926248427,
    -0.013583433576567307,
    -0.016509349913453764,
    -0.007756836221758889,
    0.002683767300347839,
    0.00847014514109958,
    0.01265410260217423,
    0.01890109329045191,
    0.027258589485164998,
    0.036711769147720265,
    0.04760968119621957,
    0.05948669891818658,
    0.06910254362547051,
    0.07382089517417885,
    0.07423180684923618,
    0.07194714893213268,
    0.06808765340349333,
    0.06440331226719101,
    0.06298099638381952,
    0.06441776196428001,
    0.067409712750312,
    0.06999053623187697,
    0.07112930628800507,
    0.07168265685074765,
    0.07351302778111035,
    0.07698555538020835,
    0.07957918439966467,
    0.07749986377957452,
    0.06847617699331204,
    0.0530066740225706,
    0.03384060542507294,
    0.014859914755228043,
    -0.00022471762695385486,
    -0.009243635151452049,
    -0.01227212156066478,
    -0.0110486138118513,
    -0.007534142126713935
  ],