{
  "positive_frequencies": [
    0.0,
    0.07734375,
    0.1546875,
    0.23203125000000002,
    0.309375,
    0.38671875,
    0.46406250000000004,
    0.54140625,
    0.61875,
    0.6960937500000001,
    0.7734375,
    0.85078125,
    0.9281250000000001,
    1.0054687500000001,
    1.0828125,
    1.16015625,
    1.2375,
    1.31484375,
    1.3921875000000001,
    1.46953125,
    1.546875,
    1.62421875,
    1.7015625,
    1.7789062500000001,
    1.8562500000000002,
    1.93359375,
    2.0109375000000003,
    2.08828125,
    2.165625,
    2.24296875,
    2.3203125,
    2.3976562500000003,
    2.475,
    2.55234375,
    2.6296875,
    2.70703125,
    2.7843750000000003,
    2.86171875,
    2.9390625,
    3.01640625,
    3.09375,
    3.1710937500000003,
    3.2484375,
    3.32578125,
    3.403125,
    3.48046875,
    3.5578125000000003,
    3.63515625,
    3.7125000000000004,
    3.78984375,
    3.8671875,
    3.9445312500000003,
    4.0218750000000005,
    4.09921875,
    4.1765625,
    4.25390625,
    4.33125,
    4.4085937500000005,
    4.4859375,
    4.56328125,
    4.640625,
    4.71796875,
    4.7953125000000005,
    4.87265625,
    4.95
  ],
  "mx_fft_pos": [
    0.0743136260530348,
    0.08204009191324958,
    0.08457064245567798,
    0.062354684312066117,
    0.026751018801331197,
    0.007925806187367483,
    0.03694935673576963,
    0.04778196248641828,
    0.04487887187463531,
    0.048022725252360086,
    0.04856513804834262,
    0.04808132896647461,
    0.054708511402717076,
    0.04425883903810681,
    0.011022445223716598,
    0.0426405491314712,
    0.04006480386705388,
    0.0049997818766933455,
    0.024325800453929257,
    0.01754366397333597,
    0.002810350076198447,
    0.010798337651756173,
    0.024772378412492344,
    0.03951207876764328,
    0.045565373859268954,
    0.03428321020123806,
    0.01749285850112851,
    0.00915884983023508,
    0.009253834063245748,
    0.00648847671697033,
    0.015980536175825864,
    0.018620711103964266,
    0.011808988862613811,
    0.010897986453482285,
    0.012142904339903332,
    0.00550423101940733,
    0.0009880875592464724,
    0.0026401189331258295,
    0.0073924855282208254,
    0.009275331308239659,
    0.00603271733295642,
    0.0021126512323925155,
    0.002065770051372919,
    0.003100342574424887,
    0.002258451489682416,
    0.000583685699392174,
    0.00078928096368286,
    0.0034901035431297005,
    0.0037770905087384037,
    0.0008967422588922576,
    0.0014135356910579902,
    0.0026553183470454777,
    0.002007500215775874,
    0.0010032778153499153,
    0.0012679720420215078,
    0.0008267418745275297,
    0.0004844864598496914,
    0.0005946759264959967,
    0.0003859161876001056,
    0.0005573058195368024,
    0.00019144054723408248,
    0.0004891655984949783,
    0.0003755921532362911,
    0.0001952321996471131,
    0.0004949756040218967
  ],
  "my_fft_pos": [
    0.03003046509259179,
    0.04774280247322291,
    0.05285319391996054,
    0.036394216300749,
    0.02605706527021634,
    0.025350524047868642,
    0.027059555930195475,
    0.0318745343863959,
    0.03654720447487508,
    0.03286525136968747,
    0.030690301855467044,
    0.0349113261447016,
    0.03067537778509961,
    0.03357561866166491,
    0.050611105376255586,
    0.055106297092792744,
    0.029453584817047424,
    0.017602031358148015,
    0.03204359936295981,
    0.032232850574649884,
    0.020631830329006177,
    0.031473965706036326,
    0.0345621102835109,
    0.02679485762014651,
    0.00658596747427767,
    0.016778052353346673,
    0.022468360880973367,
    0.019427138168787182,
    0.01922586375349626,
    0.021810694487903695,
    0.02030495948435213,
    0.012660678924272743,
    0.008436687740520366,
    0.0056254787659674,
    0.006865950993580438,
    0.005934228718627589,
    0.012876813314187451,
    0.010578747893399978,
    0.0062614913536642855,
    0.008521400373077838,
    0.006266359637067331,
    0.004525920014933913,
    0.003994286381649239,
    0.007136942492693414,
    0.00853862050332988,
    0.00468969470736944,
    0.0014117241742710445,
    0.001303652295555414,
    0.0018474021706421677,
    0.0011418321739631264,
    0.002201320690561318,
    0.001773334860221991,
    0.0002913218416165216,
    0.0009282751392088598,
    0.00017000963917336006,
    0.00023999107636588212,
    0.001609751586030903,
    0.0011095759494516378,
    0.0009124036196167342,
    0.00044914760390771344,
    0.00020887075058165827,
    0.00042367818556129927,
    0.00037311852771359003,
    0.00044693443322647554,
    7.868497593199519e-05
  ],
  "mz_fft_pos": [
    0.009445807479782586,
    0.021623525946481842,
    0.035725529286819,
    0.039074455134233146,
    0.025017688987731004,
    0.02670824254629283,
    0.06835201258502002,
    0.04996167305520678,
    0.031815733036069146,
    0.07535346927774463,
    0.06291753757398405,
    0.027739212927822714,
    0.03166027623178736,
    0.00701513160001978,
    0.02553530260515696,
    0.01827843831519566,
    0.023789675776214037,
    0.03612832282408912,
    0.028465544248979464,
    0.017668277062764193,
    0.016119854855518433,
    0.02818435242129686,
    0.03366002900644256,
    0.030017002444292666,
    0.02696274142473709,
    0.026098344912745524,
    0.01801782063836281,
    0.011997994464220542,
    0.009259039783513874,
    0.005531150313611165,
    0.012746877573162538,
    0.014115086527601208,
    0.01165966466894374,
    0.010817268781441151,
    0.009869861199178771,
    0.008841682003974876,
    0.0034440965327757517,
    0.0058419162877284435,
    0.005867216172299862,
    0.0054999304734131595,
    0.0034133091122126075,
    0.0017526165570216803,
    0.004150065271397152,
    0.002074981601063303,
    0.0005583462255746097,
    0.0014814821426501843,
    0.0015206297001194569,
    0.0007356065265060686,
    0.000481663351408415,
    0.00037892751419312204,
    0.0007701186393267883,
    0.0004035428864218907,
    0.0008907532246933972,
    0.0004562709605835693,
    0.0003415662407188114,
    0.00042409149509500354,
    0.0003286445536446125,
    0.00021187440937738686,
    0.0001332372995647171,
    8.531456397163707e-05,
    2.968777601123612e-05,
    1.783795612639708e-05,
    8.93027388320016e-06,
    7.517972250140632e-07,
    1.4889802230078075e-08
  ]
}