{
  "times": [
    0.0,
    0.10101010101010101,
    0.20202020202020202,
    0.30303030303030304,
    0.40404040404040403,
    0.5050505050505051,
    0.6060606060606061,
    0.7070707070707071,
    0.8080808080808081,
    0.9090909090909091,
    1.0101010101010102,
    1.1111111111111112,
    1.2121212121212122,
    1.3131313131313131,
    1.4141414141414141,
    1.5151515151515151,
    1.6161616161616161,
    1.7171717171717171,
    1.8181818181818181,
    1.9191919191919191,
    2.0202020202020203,
    2.121212121212121,
    2.2222222222222223,
    2.323232323232323,
    2.4242424242424243,
    2.525252525252525,
    2.6262626262626263,
    2.727272727272727,
    2.8282828282828283,
    2.929292929292929,
    3.0303030303030303,
    3.131313131313131,
    3.2323232323232323,
    3.3333333333333335,
    3.4343434343434343,
    3.5353535353535355,
    3.6363636363636362,
    3.7373737373737375,
    3.8383838383838382,
    3.9393939393939394,
    4.040404040404041,
    4.141414141414141,
    4.242424242424242,
    4.343434343434343,
    4.444444444444445,
    4.545454545454545,
    4.646464646464646,
    4.747474747474747,
    4.848484848484849,
    4.94949494949495,
    5.05050505050505,
    5.151515151515151,
    5.252525252525253,
    5.353535353535354,
    5.454545454545454,
    5.555555555555555,
    5.656565656565657,
    5.757575757575758,
    5.858585858585858,
    5.959595959595959,
    6.0606060606060606,
    6.161616161616162,
    6.262626262626262,
    6.363636363636363,
    6.4646464646464645,
    6.565656565656566,
    6.666666666666667,
    6.767676767676767,
    6.8686868686868685,
    6.96969696969697,
    7.070707070707071,
    7.171717171717171,
    7.2727272727272725,
    7.373737373737374,
    7.474747474747475,
    7.575757575757575,
    7.6767676767676765,
    7.777777777777778,
    7.878787878787879,
    7.979797979797979,
    8.080808080808081,
    8.181818181818182,
    8.282828282828282,
    8.383838383838384,
    8.484848484848484,
    8.585858585858587,
    8.686868686868687,
    8.787878787878787,
    8.88888888888889,
    8.98989898989899,
    9.09090909090909,
    9.191919191919192,
    9.292929292929292,
    9.393939393939394,
    9.494949494949495,
    9.595959595959595,
    9.696969696969697,
    9.797979797979798,
    9.8989898989899,
    10.0
  ],
  "mx": [
    1.0,
    0.6938765463094368,
    0.26896329575931577,
    0.13363631476930482,
    0.038890408634791346,
    -0.01448916307360034,
    0.012896641721722356,
    0.020002453932044834,
    -0.014533865158732198,
    -0.034757624781175334,
    -0.0030604080763476918,
    0.01146938863739468,
    -0.009719323071872892,
    -0.01783801910855003,
    -0.0159284767195857,
    -0.011554154006626833,
    -0.049299418507197885,
    -0.02039545255819874,
    0.007088274504758838,
    -0.00868687140100903,
    -0.01781182314586716,
    -0.00022200648352769213,
    -0.005281823086837481,
    -0.022330964675755356,
    -0.018323798131075313,
    -0.047926290799134234,
    -0.06273847271477065,
    -0.0027136067436448925,
    0.0347245882393029,
    0.018145249489887376,
    -0.005721857186683549,
    0.0014956283624294534,
    0.009278381604118043,
    0.0006766379744094247,
    -0.0026943019671836765,
    0.030660319816746856,
    0.07261394500371138,
    0.07754084166439584,
    0.05113371902026193,
    0.0432062943653838,
    0.02478302422581802,
    0.005316597856985994,
    -0.02712275559098206,
    -0.06211552631510273,
    -0.0715857594272416,
    -0.045949945431076215,
    -0.014599883956208926,
    -0.0007224795312667166,
    -0.003963700261988069,
    0.0006583102309591204,
    0.03785605462598774,
    0.03127334123313297,
    -0.003970096575510507,
    0.00936801316852974,
    -0.026845549193085724,
    -0.06351398280123804,
    -0.034842018933985135,
    -0.003924537555587812,
    0.022327934380143365,
    0.01842615466760949,
    0.013209121823654612,
    -0.016611325504232492,
    -0.030094389340000995,
    -0.007427678273790678,
    0.01232251100070168,
    0.0039158629588408374,
    -0.0007224454328643992,
    0.0010072745564755573,
    0.03126588844514929,
    0.044021643291648864,
    0.026566915312675368,
    0.004649365896107186,
    -0.00859844893278837,
    -0.016263470172532456,
    0.023400138944885643,
    -0.001015835542401245,
    -0.018765099804428153,
    -0.004369039320923191,
    -0.004095434446012642,
    -0.01001836449844782,
    -0.0026013231667238335,
    -0.0049983437917103125,
    -0.030889234684529393,
    -0.02431600004061582,
    0.005582666938463202,
    0.03024481899627529,
    0.030149584870412298,
    -0.0026754465137654813,
    -0.04336806881145289,
    -0.030882935657988907,
    -0.006481772724567198,
    -0.008097837340285234,
    0.016665146918494043,
    0.03166825082315836,
    0.0017542554675353894,
    -0.03019880741466287,
    -0.032514602942769505,
    -0.02453570272406786,
    0.006694573775922396,
    0.0398171446337742
  ],
  "my": [
    0.0,
    0.21410039711088552,
    0.11861943652775717,
    0.03759733633276047,
    -0.00685641283825085,
    -0.01229130272052532,
    -0.009315060613477172,
    0.0040641263204982125,
    0.014437713089012184,
    0.040815476064191364,
    0.013628293763329335,
    0.00034280602558818714,
    -0.005191069127466924,
    -0.0026505759746087796,
    0.0011307888006969191,
    0.021637462243369782,
    0.02240066200844136,
    0.014468092713459401,
    0.02374275247347754,
    0.024544529219590244,
    0.004851597366580731,
    0.010775296616341435,
    0.013028593764238736,
    -0.013347246602881325,
    -0.032947664257438614,
    -0.0563654406345184,
    -0.05228535932581876,
    -0.02048287592134619,
    0.012350026170683936,
    0.03216508152260205,
    0.03153813448857248,
    0.01778133385687014,
    -0.005520073490168441,
    -0.008778014120623729,
    -4.7123763721821504e-05,
    0.017920011959673382,
    0.011375083406802971,
    -0.026861023202361913,
    -0.03126303775376256,
    -0.015794084118929214,
    -0.007650618309029947,
    0.023353288168946947,
    0.04397293206891843,
    0.028706305749254004,
    -0.012444768985253558,
    0.0008646816139226098,
    0.025529725832355805,
    0.022330730314312205,
    -0.019117102923451666,
    -0.012865268987147844,
    -2.9527378646183097e-05,
    -0.001901212381976462,
    0.0034640830411230747,
    0.0009345006081645426,
    -0.018621317943879365,
    -0.02753104056594579,
    -0.036339412024321366,
    -0.02667667507898057,
    -0.017942435579088867,
    -0.0019134770681039025,
    0.028728323418115098,
    0.038879824342003697,
    0.005758215568017396,
    -0.016845544042751133,
    0.02217934422409915,
    0.034468879711181885,
    -0.007273645958928504,
    -0.012063795216598313,
    0.004508594424840879,
    -0.0035643132117757874,
    0.005732809820325965,
    0.0029173101235187696,
    -0.013192955786274097,
    -0.028252029447961173,
    -0.004870371138109323,
    -0.01957572162201808,
    -0.056855277196620264,
    -0.048946783457693724,
    0.003236142100952511,
    0.01964548740687299,
    0.03254675218252894,
    0.04375381838876955,
    0.01929109665507819,
    0.04701607835826967,
    0.031621358222839374,
    -0.0013553317297571883,
    -0.01508259828185856,
    -0.03360599603196,
    -0.04304423039585063,
    -0.027983223820790343,
    -0.026741331116509226,
    -0.007477772960331653,
    0.0073863150856995265,
    -0.018352151374949926,
    -0.025505386635677987,
    -0.03456061973355095,
    0.007516724818474196,
    0.02172089126920339,
    0.0023306566404053706,
    0.010472492994287236
  ],