{
  "positive_frequencies": [
    0.0,
    0.07734375,
    0.1546875,
    0.23203125000000002,
    0.309375,
    0.38671875,
    0.46406250000000004,
    0.54140625,
    0.61875,
    0.6960937500000001,
    0.7734375,
    0.85078125,
    0.9281250000000001,
    1.0054687500000001,
    1.0828125,
    1.16015625,
    1.2375,
    1.31484375,
    1.3921875000000001,
    1.46953125,
    1.546875,
    1.62421875,
    1.7015625,
    1.7789062500000001,
    1.8562500000000002,
    1.93359375,
    2.0109375000000003,
    2.08828125,
    2.165625,
    2.24296875,
    2.3203125,
    2.3976562500000003,
    2.475,
    2.55234375,
    2.6296875,
    2.70703125,
    2.7843750000000003,
    2.86171875,
    2.9390625,
    3.01640625,
    3.09375,
    3.1710937500000003,
    3.2484375,
    3.32578125,
    3.403125,
    3.48046875,
    3.5578125000000003,
    3.63515625,
    3.7125000000000004,
    3.78984375,
    3.8671875,
    3.9445312500000003,
    4.0218750000000005,
    4.09921875,
    4.1765625,
    4.25390625,
    4.33125,
    4.4085937500000005,
    4.4859375,
    4.56328125,
    4.640625,
    4.71796875,
    4.7953125000000005,
    4.87265625,
    4.95
  ],
  "mx_fft_pos": [
    0.000568592546366772,
    0.00013870231363878515,
    0.0019562756035626677,
    0.005833355756145217,
    0.008078155456310162,
    0.0058723618274390856,
    0.0049136745674838965,
    0.008113819178092825,
    0.009282785572450332,
    0.007806391815640463,
    0.007193354891119812,
    0.008561319490275,
    0.009960896556474755,
    0.010272262268759864,
    0.0074990741052930795,
    0.0013429332247806216,
    0.003247214359051148,
    0.003681435278341321,
    0.003480694535617111,
    0.002263426151234746,
    0.002098733864758043,
    0.003515713120559417,
    0.0053404010493518774,
    0.005001907785435169,
    0.003304227832341203,
    0.002354767097357319,
    0.0005457194863271423,
    0.003081911873243769,
    0.00404488464780977,
    0.0034183382270180445,
    0.0021002626687578133,
    0.0021190571857521677,
    0.0011003308275583494,
    0.0005896767869481164,
    0.0013445928520104634,
    0.002500317307786085,
    0.0034306415202482766,
    0.0023232448215736224,
    0.001435197064546218,
    0.0020689674131209924,
    0.0014279267574022886,
    0.001131648053476125,
    0.0010402322028835167,
    0.0020929262034132096,
    0.0017540796151713216,
    0.0007484219580666048,
    0.0006943360019604962,
    0.0010527647047764467,
    0.0013085734624234786,
    0.0012836696132388858,
    0.000988512430463678,
    0.0005113402748154947,
    0.0004084207938162178,
    0.0007250328453507948,
    0.0009927236569970818,
    0.0007023064181825063,
    0.0004900794553623657,
    0.0003347686210345553,
    0.0001293674965082998,
    0.00011533864688398595,
    0.0002510421549494202,
    0.0004612528551675571,
    0.0006722403582682416,
    0.0006226596173108047,
    0.0001586195229062655
  ],
  "my_fft_pos": [
    0.000521038852112304,
    0.0009666539075362931,
    0.0006906919164286986,
    0.0013068855664922013,
    0.002261788432871172,
    0.004221191451635705,
    0.004695762347339926,
    0.005792027301187877,
    0.006566891368243886,
    0.0031615244191235425,
    0.004319332902484793,
    0.002029968968553517,
    0.005709031435976504,
    0.005959145436674872,
    0.002795612988992662,
    0.0022843813425153536,
    0.0027124899988026706,
    0.003248772838733488,
    0.0020456368824885007,
    0.00203770958836896,
    0.0052876073209025985,
    0.005712041556901599,
    0.004307771853508156,
    0.0033000251229441347,
    0.00158202286728638,
    0.001259040910588434,
    0.002935687731498025,
    0.004157626811629536,
    0.0038773900491674523,
    0.0024538842284849384,
    0.001330149216244441,
    0.0004981806833845179,
    0.0011054000315290499,
    0.0019397889566165187,
    0.0029852830229479253,
    0.0036055670451163833,
    0.003492898449806793,
    0.002342101149217091,
    0.0003111944271062262,
    0.001567317242480073,
    0.0017915465936733078,
    0.0018315337284238887,
    0.0011546779809132714,
    0.00035321264529604527,
    0.0005742714830491756,
    0.0010397070532598722,
    0.0009195785847620673,
    0.00012272463362387762,
    0.000564474184627361,
    0.0007523976840911066,
    0.0006446407607610127,
    0.00022731704967868683,
    0.00021847309763243277,
    0.0005655300411274395,
    0.0006390676605081861,
    0.00030143767202598775,
    0.0003654915470587092,
    0.0005244569699666417,
    0.0002449760756197769,
    6.967376538270492e-05,
    0.0004858669198129421,
    0.0007643422729377648,
    0.0006312410247484365,
    0.0005327453253697042,
    0.0005196142006171511
  ],
  "mz_fft_pos": [
    0.01095449106150602,
    0.009319560633994386,
    0.005018798087566588,
    0.0013629230640121368,
    0.0010790746259976619,
    0.0014710587689667912,
    0.0018587886804920738,
    0.0021463552242300173,
    0.006976505907161692,
    0.007510104048092456,
    0.002466185685162217,
    0.002168704324145336,
    0.0034508940635101086,
    0.006339443939975197,
    0.0026315669091818627,
    0.004776803289274318,
    0.00673171130628043,
    0.004347334306817976,
    0.0033122919589218375,
    0.005564002567752632,
    0.007410504627806838,
    0.004662550712489002,
    0.0008437227080946908,
    0.000771337909207821,
    0.0012079413145389517,
    0.0017368904659198856,
    0.002414162841454328,
    0.002866438799946209,
    0.0018399733788279627,
    0.0008080390531018399,
    0.0009275288773383855,
    0.0027676858073673316,
    0.002462780866030239,
    0.00035230072217474253,
    0.002197119037566485,
    0.0029077116759110163,
    0.0026771264024930065,
    0.0021053460216984817,
    0.0006530822387681327,
    0.0012859604500415254,
    0.0015752326731154865,
    0.0005193918117840242,
    0.00047449402061232283,
    0.0007107571141708717,
    0.0008234859444949316,
    0.0009149192826979966,
    0.0010208129492174803,
    0.0005295167304043589,
    0.00018388407693426575,
    0.0005519150288649726,
    0.0011124964192566194,
    0.001084078211078199,
    0.0005240646848564494,
    0.0005024858215580577,
    0.0005740971327162067,
    0.0005955759426049668,
    0.0005197489669482146,
    0.0002903725956793954,
    0.00018778689287938087,
    0.00028429291254233196,
    0.0003496700811993284,
    0.0004663420814477938,
    0.00032834526295818297,
    0.0004913448713896234,
    0.0006226230632838936
  ]
}