{
  "positive_frequencies": [
    0.0,
    0.07734375,
    0.1546875,
    0.23203125000000002,
    0.309375,
    0.38671875,
    0.46406250000000004,
    0.54140625,
    0.61875,
    0.6960937500000001,
    0.7734375,
    0.85078125,
    0.9281250000000001,
    1.0054687500000001,
    1.0828125,
    1.16015625,
    1.2375,
    1.31484375,
    1.3921875000000001,
    1.46953125,
    1.546875,
    1.62421875,
    1.7015625,
    1.7789062500000001,
    1.8562500000000002,
    1.93359375,
    2.0109375000000003,
    2.08828125,
    2.165625,
    2.24296875,
    2.3203125,
    2.3976562500000003,
    2.475,
    2.55234375,
    2.6296875,
    2.70703125,
    2.7843750000000003,
    2.86171875,
    2.9390625,
    3.01640625,
    3.09375,
    3.1710937500000003,
    3.2484375,
    3.32578125,
    3.403125,
    3.48046875,
    3.5578125000000003,
    3.63515625,
    3.7125000000000004,
    3.78984375,
    3.8671875,
    3.9445312500000003,
    4.0218750000000005,
    4.09921875,
    4.1765625,
    4.25390625,
    4.33125,
    4.4085937500000005,
    4.4859375,
    4.56328125,
    4.640625,
    4.71796875,
    4.7953125000000005,
    4.87265625,
    4.95
  ],
  "mx_fft_pos": [
    0.0006046357269219791,
    0.0054974080012891125,
    0.005329017202921363,
    0.0034223156425380315,
    0.004511973715689349,
    0.004654304015620579,
    0.0033840821968188356,
    0.004215031517969736,
    0.006981924330115297,
    0.007383906251068505,
    0.005490884868305675,
    0.00268364450104847,
    0.0019504325267503965,
    0.005610834770615527,
    0.007572761931350681,
    0.007340018806799362,
    0.00633319443704815,
    0.0022416389600700597,
    0.004700758147588766,
    0.0031267814480388668,
    0.003825507591541912,
    0.0074096008317906595,
    0.0054939282625687345,
    0.000891683722576542,
    0.003833772151327256,
    0.003010996875334307,
    0.002470690313351538,
    0.004693729938668983,
    0.007352168439893356,
    0.007604421634209673,
    0.004299661763719152,
    0.0015610217209561406,
    0.001902275534657767,
    0.0012835094673343914,
    0.0020697295912001953,
    0.00420813105883919,
    0.004560659891787403,
    0.00411690582211646,
    0.00385253605516303,
    0.0037458073637365048,
    0.0037558003626541945,
    0.003921879131905616,
    0.0033040367102440526,
    0.0024920280852881536,
    0.0015431959774736585,
    0.001713894804765336,
    0.0027453526873745648,
    0.0018120484814792572,
    0.0008566638701985158,
    0.0013380200325586098,
    0.002424332161228699,
    0.00247631264056317,
    0.0018096925680650315,
    0.0019071370177059102,
    0.0010457739397038974,
    0.0003706571896760312,
    0.0008074756450615088,
    0.0009252846746452044,
    0.0012625922473985542,
    0.0010453295988270537,
    0.0006172058500639431,
    0.00037517759980691315,
    0.0008484160425607459,
    0.00020833070631363804,
    0.0010483973418529899
  ],
  "my_fft_pos": [
    0.010709005572272971,
    0.011355043877934725,
    0.013158359093052048,
    0.009562219318122444,
    0.002320560088946386,
    0.004246899411766848,
    0.00480255081676661,
    0.004470659358748056,
    0.0022684147318901655,
    0.00507087326253497,
    0.007244723843723741,
    0.005844308271593137,
    0.008736942972993574,
    0.008703180828920565,
    0.004250468405906143,
    0.0015621956720773948,
    0.0007620706735157585,
    0.0024977718175788147,
    0.005265916907824436,
    0.003768067103676664,
    0.0007773819952354073,
    0.0010892898216075492,
    0.0003360128039602226,
    0.003813926231750769,
    0.005021769326062273,
    0.0024896954035862158,
    0.0016674396634134168,
    0.0029493997398207373,
    0.005938543680654509,
    0.007227822625744784,
    0.004702748449225637,
    0.002598230637138708,
    0.0026726084614559,
    0.0020069988285267475,
    0.0008469192743367453,
    0.0017825760807352693,
    0.0017491443765467489,
    0.0017902534560917316,
    0.0009078152732320098,
    0.00018068356786583815,
    0.00016429411454543712,
    0.0005898433491296226,
    0.0014335882305754636,
    0.0025127836539988674,
    0.0033457742858382104,
    0.002219834234435307,
    0.000360178344368823,
    0.0002467101438669657,
    0.00028514523963941665,
    0.00099812864581932,
    0.001577954287210364,
    0.002408527344564912,
    0.002584054658584284,
    0.0024346512944795366,
    0.0024117291501811427,
    0.001785245374256433,
    0.0012931981481991506,
    0.000578880963800646,
    0.0009215296115107581,
    0.001184386898464196,
    0.0016765725230565706,
    0.0019907078118609005,
    0.0017091410626742512,
    0.0018846363228609282,
    0.002022297160044663
  ],
  "mz_fft_pos": [
    0.0022752544125525485,
    0.0012147821732470293,
    0.0029586945535017032,
    0.006999342793447454,
    0.00832260018026524,
    0.00539692810759634,
    0.002151787928594533,
    0.0037945149770200683,
    0.006721447442998769,
    0.005102736691995195,
    0.0007103718224431083,
    0.0037808046967169333,
    0.005334729573513015,
    0.004927566516833488,
    0.003632072516055322,
    0.0022189789866242644,
    0.002497424010273205,
    0.0022398978880483118,
    0.0007737954524296153,
    0.00021800941592647134,
    0.0022724395055298214,
    0.002684392981538668,
    0.0010604335487896805,
    0.002845973027579882,
    0.0024781414028183578,
    0.0013130192193475678,
    0.0011011141771418518,
    0.0010147472537138762,
    0.0010470328278866438,
    0.0017989368140444867,
    0.0027368546419674032,
    0.002446159455737784,
    0.0017155007590851361,
    0.0015906443542434362,
    0.0012620881756009123,
    3.442984934036758e-05,
    0.0009610707666883486,
    0.0009307437073940621,
    0.001103512659643883,
    0.00016245963056815623,
    0.0022319184304619498,
    0.0031410704023109577,
    0.0020897696535897973,
    0.0020819963695252798,
    0.0020412592701908806,
    0.0012659728789893218,
    0.0016183196830613746,
    0.002115541737076676,
    0.001492159717542913,
    0.0019175247985251747,
    0.0025495745433075593,
    0.001794733236431749,
    0.0019906556200514004,
    0.0012178597194774385,
    0.0015626774962612109,
    0.0018208372447433277,
    0.001404890173657333,
    0.0015257856895387377,
    0.0014817632248712118,
    0.0019014096772799497,
    0.0013098943419817622,
    0.0006895484748057612,
    0.001536536588592999,
    0.0016115845890196528,
    0.0008652461976203233
  ]
}