{
  "positive_frequencies": [
    0.0,
    0.07734375,
    0.1546875,
    0.23203125000000002,
    0.309375,
    0.38671875,
    0.46406250000000004,
    0.54140625,
    0.61875,
    0.6960937500000001,
    0.7734375,
    0.85078125,
    0.9281250000000001,
    1.0054687500000001,
    1.0828125,
    1.16015625,
    1.2375,
    1.31484375,
    1.3921875000000001,
    1.46953125,
    1.546875,
    1.62421875,
    1.7015625,
    1.7789062500000001,
    1.8562500000000002,
    1.93359375,
    2.0109375000000003,
    2.08828125,
    2.165625,
    2.24296875,
    2.3203125,
    2.3976562500000003,
    2.475,
    2.55234375,
    2.6296875,
    2.70703125,
    2.7843750000000003,
    2.86171875,
    2.9390625,
    3.01640625,
    3.09375,
    3.1710937500000003,
    3.2484375,
    3.32578125,
    3.403125,
    3.48046875,
    3.5578125000000003,
    3.63515625,
    3.7125000000000004,
    3.78984375,
    3.8671875,
    3.9445312500000003,
    4.0218750000000005,
    4.09921875,
    4.1765625,
    4.25390625,
    4.33125,
    4.4085937500000005,
    4.4859375,
    4.56328125,
    4.640625,
    4.71796875,
    4.7953125000000005,
    4.87265625,
    4.95
  ],
  "mx_fft_pos": [
    0.004429085459376359,
    0.019241218711256794,
    0.046553518562840505,
    0.04243441706796032,
    0.02889603337985728,
    0.03674024426498348,
    0.0259285879961456,
    0.008199037967779389,
    0.030726902578537094,
    0.03833267422342661,
    0.032163978405890976,
    0.03702638121755483,
    0.038112635996842455,
    0.038573812771812446,
    0.025200944925009693,
    0.005426979895798022,
    0.013371744422126677,
    0.01917949784055539,
    0.017515773760486436,
    0.01709323860026529,
    0.008870448696942843,
    0.009115473906667703,
    0.01260545484681947,
    0.006946820006239683,
    0.011320814627819626,
    0.007047570169883816,
    0.007612211428067105,
    0.005569552653471247,
    0.0029396849659280772,
    0.004473584172652873,
    0.0026754706484760425,
    0.004032543250923813,
    0.003967354757033165,
    0.0011039313096095718,
    0.000832966021555645,
    0.0018529840321478111,
    0.001833098791768778,
    0.0006468615806722618,
    0.0005900845434475154,
    0.0005059170879982924,
    0.0004902789775574034,
    0.00028614761684647163,
    0.0006725636401296915,
    0.00030539236815222624,
    0.00014043773730266137,
    0.00011537030493584701,
    0.00013197706881315095,
    0.00015079232185807677,
    2.921529890497659e-05,
    5.1582213230310275e-05,
    2.426447060469472e-05,
    1.548976039582086e-05,
    2.432705134159764e-05,
    1.009889995247439e-05,
    1.3993126222938908e-05,
    4.926935737768881e-06,
    1.36354482857596e-06,
    3.762883657550162e-06,
    1.1498578337002108e-06,
    3.3593029809554646e-06,
    1.184385644606369e-06,
    9.77424160753367e-07,
    5.996512624152007e-07,
    4.991391753562757e-07,
    1.0199994736947992e-07
  ],
  "my_fft_pos": [
    0.09473507454020556,
    0.07314606273915698,
    0.03730483513138164,
    0.01999076299947881,
    0.00984509662019154,
    0.014909046109722608,
    0.03773934800128042,
    0.04911129912924503,
    0.04332331111809123,
    0.0327313845116792,
    0.012619669835471534,
    0.018494479699044983,
    0.04022655624523477,
    0.04200262107645237,
    0.036737265462486415,
    0.04024041679618417,
    0.031911429586245633,
    0.009968798909736832,
    0.003677202336859234,
    0.010161209413726037,
    0.010748038997726011,
    0.018321075497781135,
    0.021138467893729147,
    0.017251590670106585,
    0.016678014435349803,
    0.010363380905385378,
    0.0020269618646169708,
    0.0024158057836164443,
    0.003110596402307641,
    0.002962854209660124,
    0.002346599876731654,
    0.00120023105216742,
    0.0005860810029579538,
    0.001597442768442539,
    0.0015377045055398311,
    0.0007954753368963652,
    0.0004949576161586882,
    0.0010717140586821489,
    0.0007047904882270349,
    0.0006254599795309758,
    0.00029978427549372076,
    0.00014074323277211276,
    0.00033037369073601257,
    1.4130027595648008e-05,
    0.00022062125026089968,
    6.026455353954432e-05,
    5.858304809251774e-05,
    4.760724753992399e-05,
    5.352107856831525e-05,
    6.591303652679018e-05,
    1.8389532589641303e-05,
    1.244020353343586e-05,
    1.7924070219192894e-05,
    1.4063474280433004e-06,
    8.686258481772849e-06,
    1.6564531126394213e-06,
    1.4200800793590543e-06,
    2.2396629877272473e-06,
    2.5797793651236777e-06,
    1.7781462304377487e-06,
    1.7139751317319486e-06,
    2.067258563137054e-06,
    2.156405001975499e-06,
    1.8019085724742449e-06,
    1.3785638677532574e-06
  ],
  "mz_fft_pos": [
    0.06809641624246202,
    0.04719887497182741,
    0.02506382445400311,
    0.0587595004211865,
    0.06881204614779281,
    0.06657762347016818,
    0.06789748560515997,
    0.049375996399611204,
    0.024243452363348038,
    0.03497801806621451,
    0.03492831571211688,
    0.032391351327201084,
    0.025890010849169084,
    0.0009021557217953934,
    0.01630729115043299,
    0.010298107272637358,
    0.025785067378339042,
    0.016738522912763655,
    0.005247002514404485,
    0.01505625651875288,
    0.021444476618725634,
    0.017634799888647534,
    0.005858661464609271,
    0.011503311773204721,
    0.01806559529640613,
    0.007866386332250248,
    0.005361699186179953,
    0.004028635157341906,
    0.006690396179148294,
    0.006158787264630218,
    0.0007475230816187134,
    0.0032065910199743307,
    0.00236459724885347,
    0.0009817580799737617,
    0.0010702014363015882,
    0.0015461531523827726,
    0.0012910116408438451,
    0.0002509107554685908,
    0.0008511559002694305,
    0.0007854674761317703,
    0.0006678752186552848,
    0.00038544940495295285,
    0.0005245734348647797,
    0.0002625055069151537,
    0.00025367662523491456,
    0.00025309297793554624,
    0.00019685820971177212,
    0.00015108690646037904,
    5.679689197113304e-05,
    8.505697377923632e-05,
    4.494912589345469e-05,
    3.412157481750745e-05,
    2.3504581866386464e-05,
    1.8811499238857008e-05,
    1.1091758685545934e-05,
    7.534521969273829e-06,
    3.4882569088584777e-06,
    2.6906132590737012e-06,
    8.294497200344635e-07,
    1.0858466087772191e-06,
    5.816888435911843e-07,
    6.404620843373935e-07,
    3.6619799551645173e-07,
    1.5232822404919184e-07,
    2.2942596115349544e-07
  ]
}