{
  "times": [
    0.0,
    0.10101010101010101,
    0.20202020202020202,
    0.30303030303030304,
    0.40404040404040403,
    0.5050505050505051,
    0.6060606060606061,
    0.7070707070707071,
    0.8080808080808081,
    0.9090909090909091,
    1.0101010101010102,
    1.1111111111111112,
    1.2121212121212122,
    1.3131313131313131,
    1.4141414141414141,
    1.5151515151515151,
    1.6161616161616161,
    1.7171717171717171,
    1.8181818181818181,
    1.9191919191919191,
    2.0202020202020203,
    2.121212121212121,
    2.2222222222222223,
    2.323232323232323,
    2.4242424242424243,
    2.525252525252525,
    2.6262626262626263,
    2.727272727272727,
    2.8282828282828283,
    2.929292929292929,
    3.0303030303030303,
    3.131313131313131,
    3.2323232323232323,
    3.3333333333333335,
    3.4343434343434343,
    3.5353535353535355,
    3.6363636363636362,
    3.7373737373737375,
    3.8383838383838382,
    3.9393939393939394,
    4.040404040404041,
    4.141414141414141,
    4.242424242424242,
    4.343434343434343,
    4.444444444444445,
    4.545454545454545,
    4.646464646464646,
    4.747474747474747,
    4.848484848484849,
    4.94949494949495,
    5.05050505050505,
    5.151515151515151,
    5.252525252525253,
    5.353535353535354,
    5.454545454545454,
    5.555555555555555,
    5.656565656565657,
    5.757575757575758,
    5.858585858585858,
    5.959595959595959,
    6.0606060606060606,
    6.161616161616162,
    6.262626262626262,
    6.363636363636363,
    6.4646464646464645,
    6.565656565656566,
    6.666666666666667,
    6.767676767676767,
    6.8686868686868685,
    6.96969696969697,
    7.070707070707071,
    7.171717171717171,
    7.2727272727272725,
    7.373737373737374,
    7.474747474747475,
    7.575757575757575,
    7.6767676767676765,
    7.777777777777778,
    7.878787878787879,
    7.979797979797979,
    8.080808080808081,
    8.181818181818182,
    8.282828282828282,
    8.383838383838384,
    8.484848484848484,
    8.585858585858587,
    8.686868686868687,
    8.787878787878787,
    8.88888888888889,
    8.98989898989899,
    9.09090909090909,
    9.191919191919192,
    9.292929292929292,
    9.393939393939394,
    9.494949494949495,
    9.595959595959595,
    9.696969696969697,
    9.797979797979798,
    9.8989898989899,
    10.0
  ],
  "mx": [
    1.0,
    0.9918485424917073,
    0.9673976988333546,
    0.9271876022403547,
    0.8724766371109004,
    0.8051947714087184,
    0.727846626543496,
    0.6433438824559174,
    0.5547518542088706,
    0.46501133996801797,
    0.3767734678304158,
    0.2924533833552501,
    0.21444115130407856,
    0.145221052024495,
    0.08712667177689491,
    0.04168577421872953,
    0.008868109132090027,
    -0.013225174672470174,
    -0.027819784098342792,
    -0.03813245240768015,
    -0.04583841305674687,
    -0.05018578716900128,
    -0.04834699104285859,
    -0.03695083985947637,
    -0.014071693289114107,
    0.019329584383702053,
    0.059236128698001746,
    0.09972448877587727,
    0.13481691906560622,
    0.16014611911340176,
    0.17376743443412485,
    0.1759790885234977,
    0.16849183980054014,
    0.15347524053386635,
    0.1328797408435212,
    0.10816083175766292,
    0.0803109521502537,
    0.0500304177139862,
    0.017908898485718132,
    -0.01543981539639116,
    -0.04930145577250596,
    -0.08283997515908562,
    -0.11512321155934477,
    -0.14518087896516155,
    -0.17207558324146163,
    -0.19497114515337977,
    -0.21319200985533704,
    -0.22627440671428625,
    -0.23400897905236925,
    -0.2364684848318676,
    -0.23400971435963774,
    -0.22724074963101262,
    -0.21695297522160756,
    -0.20402811766880524,
    -0.18933933600368083,
    -0.17366821694171236,
    -0.1576547379294186,
    -0.1417861231945247,
    -0.12641733081796144,
    -0.1118063549218101,
    -0.09814574766857695,
    -0.08557799557751714,
    -0.07419290094010592,
    -0.06401455250482652,
    -0.05498978358196782,
    -0.04698823644522336,
    -0.03981817180273566,
    -0.03325529076668354,
    -0.027077152013638372,
    -0.021094901550543273,
    -0.015176638290907466,
    -0.009260800346827256,
    -0.0033609770124075735,
    0.002435911943245677,
    0.007977568882751883,
    0.013061359315133364,
    0.017457042114401758,
    0.0209353733871143,
    0.02329778161397585,
    0.02440077802931231,
    0.024169746478525187,
    0.02259977136585049,
    0.019744813590362183,
    0.01569956676066696,
    0.010580095695217423,
    0.004509652601204642,
    -0.0023853326642343992,
    -0.009967295248143678,
    -0.01807030265933788,
    -0.026480548064706576,
    -0.03492378276024787,
    -0.043067676408378185,
    -0.050542547237745226,
    -0.05697765691521556,
    -0.06204467035648995,
    -0.0654969788525424,
    -0.06719436257366677,
    -0.06710664791945574,
    -0.0652962376822741,
    -0.06188562879174083
  ],
  "my": [
    0.0,
    -5.2892440056282075e-06,
    -2.9831812532090936e-05,
    -9.54418914583148e-05,
    -0.0002692183041372411,
    -0.000666062575107806,
    -0.001435698807986241,
    -0.0027459357742783083,
    -0.004723804743292583,
    -0.00731460547014762,
    -0.010100366065708518,
    -0.012224639804296342,
    -0.012586754245957513,
    -0.010331491599486682,
    -0.005431075722920583,
    0.001001819030097905,
    0.0069701166192748755,
    0.010425646806095378,
    0.010323841783921338,
    0.007344377781377316,
    0.003841906411220117,
    0.0029844077574762693,
    0.007473299501215747,
    0.01845216882979932,
    0.0350786083324566,
    0.05486173672977562,
    0.07450460025694162,
    0.09084194960831163,
    0.10155705496756351,
    0.1055593969086889,
    0.10304675587920645,
    0.0953067252514674,
    0.0843009240606816,
    0.07210743844506617,
    0.060377339424549946,
    0.05000552479115657,
    0.041144347450618714,
    0.03351614814918454,
    0.02681995215093134,
    0.020994836689317578,
    0.0162205030481845,
    0.012715527132261354,
    0.010509195902109584,
    0.009346896519829794,
    0.008774582151007241,
    0.008327781621737062,
    0.007702136403793136,
    0.006818600643793605,
    0.005773740310886575,
    0.00472759004455226,
    0.0037979802090472073,
    0.0030066527561330284,
    0.0022843993507385262,
    0.0015138595379176195,
    0.0005798954959227758,
    -0.000594410460821988,
    -0.002032922517757909,
    -0.0037070943861437005,
    -0.005542013165327318,
    -0.007421306339943659,
    -0.009191494563261293,
    -0.010671593952845441,
    -0.01167363545749197,
    -0.012034490160152064,
    -0.011652274518033245,
    -0.010515874304225015,
    -0.008716534452047769,
    -0.006436025391819677,
    -0.003914072004751997,
    -0.0014047845129364612,
    0.0008653628493511485,
    0.0027279356004103134,
    0.00408743107535617,
    0.0049231903228670534,
    0.005284064615967618,
    0.005280123332095893,
    0.005071229967134298,
    0.004848651001356815,
    0.004806461547365598,
    0.005104913513043795,
    0.0058349947179806416,
    0.006997140521660445,
    0.008503986784397127,
    0.010207806332778046,
    0.011942524651899227,
    0.013563895629399686,
    0.014973072267602616,
    0.01611747590997595,
    0.01697382974941724,
    0.017525874392192938,
    0.017750220076993208,
    0.017618273098934163,
    0.017113440157119932,
    0.016255043941867695,
    0.015116703218122298,
    0.013828426441679698,
    0.012557502282148515,
    0.011471364184412145,
    0.01069330555584574,
    0.010266505122063275
  ],