{
  "times": [
    0.0,
    0.10101010101010101,
    0.20202020202020202,
    0.30303030303030304,
    0.40404040404040403,
    0.5050505050505051,
    0.6060606060606061,
    0.7070707070707071,
    0.8080808080808081,
    0.9090909090909091,
    1.0101010101010102,
    1.1111111111111112,
    1.2121212121212122,
    1.3131313131313131,
    1.4141414141414141,
    1.5151515151515151,
    1.6161616161616161,
    1.7171717171717171,
    1.8181818181818181,
    1.9191919191919191,
    2.0202020202020203,
    2.121212121212121,
    2.2222222222222223,
    2.323232323232323,
    2.4242424242424243,
    2.525252525252525,
    2.6262626262626263,
    2.727272727272727,
    2.8282828282828283,
    2.929292929292929,
    3.0303030303030303,
    3.131313131313131,
    3.2323232323232323,
    3.3333333333333335,
    3.4343434343434343,
    3.5353535353535355,
    3.6363636363636362,
    3.7373737373737375,
    3.8383838383838382,
    3.9393939393939394,
    4.040404040404041,
    4.141414141414141,
    4.242424242424242,
    4.343434343434343,
    4.444444444444445,
    4.545454545454545,
    4.646464646464646,
    4.747474747474747,
    4.848484848484849,
    4.94949494949495,
    5.05050505050505,
    5.151515151515151,
    5.252525252525253,
    5.353535353535354,
    5.454545454545454,
    5.555555555555555,
    5.656565656565657,
    5.757575757575758,
    5.858585858585858,
    5.959595959595959,
    6.0606060606060606,
    6.161616161616162,
    6.262626262626262,
    6.363636363636363,
    6.4646464646464645,
    6.565656565656566,
    6.666666666666667,
    6.767676767676767,
    6.8686868686868685,
    6.96969696969697,
    7.070707070707071,
    7.171717171717171,
    7.2727272727272725,
    7.373737373737374,
    7.474747474747475,
    7.575757575757575,
    7.6767676767676765,
    7.777777777777778,
    7.878787878787879,
    7.979797979797979,
    8.080808080808081,
    8.181818181818182,
    8.282828282828282,
    8.383838383838384,
    8.484848484848484,
    8.585858585858587,
    8.686868686868687,
    8.787878787878787,
    8.88888888888889,
    8.98989898989899,
    9.09090909090909,
    9.191919191919192,
    9.292929292929292,
    9.393939393939394,
    9.494949494949495,
    9.595959595959595,
    9.696969696969697,
    9.797979797979798,
    9.8989898989899,
    10.0
  ],
  "mx": [
    1.0,
    0.24823122415641338,
    0.014916717179353176,
    -0.005505033862004003,
    -0.028068821765311208,
    -0.009683418867101109,
    0.01309590861066341,
    0.025035992607701913,
    0.008149010646204217,
    -0.01006349336532155,
    -0.030299950898231145,
    -0.032834239477539114,
    0.002708924022676035,
    0.009206529010245414,
    -0.05586839153834471,
    -0.030517853918107993,
    0.04507369193282139,
    0.04231958001958029,
    0.03545806086432277,
    -0.002760940831840455,
    0.0018259998998945808,
    -0.030368731657478793,
    -0.0423892993080136,
    -0.002905077933952961,
    0.0023384735249721853,
    -0.02765255030810614,
    -0.050533216519728155,
    -0.04153239500132656,
    -0.015431640634754322,
    -0.0022311371304124636,
    -0.005347552975239635,
    0.011747478798997936,
    -0.0026106750723183863,
    -0.016686159665222806,
    -5.528382787322263e-05,
    -0.0023935560447576926,
    -0.00287690411338902,
    0.007456858765811935,
    0.01551181701605338,
    0.0012347117866541857,
    -0.015204347034896223,
    -0.008448292007750975,
    0.008770933653243445,
    0.00950763214457947,
    -0.009058141535380993,
    -0.0013405910636517587,
    0.0039900979972909345,
    -0.036045258839448986,
    -0.048925760324586814,
    -0.010105050174922336,
    0.007233412849406141,
    0.008712237441562456,
    0.036620558732765124,
    0.03668130556804521,
    -0.0058388072465483465,
    -0.027615604885760276,
    0.019886339850652454,
    0.027314994351201008,
    0.010727683409916663,
    0.009452743903804241,
    0.009873267243305915,
    -0.02098980126774898,
    0.017318685246699946,
    0.030461774908895164,
    -0.00542298098983197,
    0.0009781459537228766,
    0.02895296329657336,
    -0.027332870163044243,
    -0.01709385170470011,
    -0.014187409992972475,
    -0.005012276396945464,
    0.03533005069109388,
    -0.013654102540136902,
    -0.027085141110432604,
    -0.018579133314007082,
    -0.004823586967357383,
    0.0032523846373590953,
    0.013516867093345361,
    -0.008078814894439318,
    -0.008170757777011968,
    -0.004517327244515072,
    -0.042815101215886706,
    -0.012099005339903402,
    -0.030422287017522795,
    -0.015448559848711232,
    0.016265453264459745,
    0.015012951383770588,
    -0.007171585969214923,
    -0.009687622800995641,
    -0.006884048443051966,
    0.0024995184678654006,
    -0.009485356208194391,
    -0.003687271833652722,
    0.029997797119951295,
    0.022675935728577092,
    -0.016428753151914763,
    -0.0441031778598672,
    -0.024116075879256835,
    -0.013252125380341769,
    -0.011398179763518026
  ],
  "my": [
    0.0,
    0.05382145240090426,
    -0.00632501619796725,
    0.0003361553121402647,
    0.024105784283737337,
    0.011126818909194163,
    0.00948371055334437,
    0.022768737685299405,
    -0.033548047125531305,
    -0.003507775412736473,
    0.015671084615602817,
    0.027261891872061884,
    0.046540314039677885,
    0.0021880166486509815,
    -0.026101823297350484,
    -0.08295249115481065,
    -0.0024031527002606745,
    0.05689653795090225,
    0.0210041270716448,
    -0.02318004034702689,
    0.028004127770582348,
    0.04628417082923317,
    0.03787404978983064,
    -0.015629552702717105,
    -0.01785128902994802,
    -0.010208945987921483,
    -0.03854636974375639,
    -0.03979072245436039,
    -0.027799845637588232,
    -0.02671557302485061,
    -0.030956795259548666,
    -0.021817070114119572,
    0.021096937556900754,
    0.025531120535434233,
    6.110570025552656e-05,
    -0.007820117130226416,
    -0.0008815291295156279,
    0.008598726188667813,
    0.01504661646351196,
    0.02262173004337755,
    0.020488481630884774,
    0.016630776791283598,
    0.012922545681561787,
    0.003365502127080965,
    -0.013065653582420438,
    -0.024321945715829144,
    -0.006471618853097155,
    0.009615396077242109,
    -0.004242954319859723,
    -0.02480056984985528,
    -0.0007348256889053397,
    0.017105618739761456,
    0.0114661970806457,
    0.013573405774720408,
    0.001585144898102356,
    -0.01846995969737665,
    -0.008776501499216745,
    0.01602113191942524,
    -0.009441560963530998,
    0.00015752344271713272,
    0.03834987028445827,
    0.025849475906010506,
    0.02283655739762714,
    -0.0031346768848773687,
    0.0017040345318514974,
    -0.009922625394889648,
    0.008332066804958056,
    -0.02329583927522183,
    0.002444969240837614,
    -0.0022636289426540535,
    -0.021152958106566325,
    0.01598590384754677,
    -0.019517964719885803,
    0.016721358292981704,
    -0.018029153010771674,
    0.015781526763615647,
    -0.00246460694406635,
    -0.04531216674933305,
    -0.03776016715552276,
    0.009314424963814457,
    0.03770463788312284,
    0.004949468270699779,
    -0.010555030726264979,
    0.01780011842655786,
    -0.039792607330017764,
    0.004641407061359267,
    0.006379252099610027,
    -0.016595947617297095,
    0.02414886366206716,
    0.02444064921314482,
    -0.014121731099084125,
    0.006776990437840157,
    0.020376272070193067,
    0.011867764480830776,
    -0.009041577116309383,
    0.010647816060507631,
    -0.033068223616708865,
    -0.0478330834268632,
    -0.02578981135609186,
    -0.007172939841172044
  ],