{
  "times": [
    0.0,
    0.10101010101010101,
    0.20202020202020202,
    0.30303030303030304,
    0.40404040404040403,
    0.5050505050505051,
    0.6060606060606061,
    0.7070707070707071,
    0.8080808080808081,
    0.9090909090909091,
    1.0101010101010102,
    1.1111111111111112,
    1.2121212121212122,
    1.3131313131313131,
    1.4141414141414141,
    1.5151515151515151,
    1.6161616161616161,
    1.7171717171717171,
    1.8181818181818181,
    1.9191919191919191,
    2.0202020202020203,
    2.121212121212121,
    2.2222222222222223,
    2.323232323232323,
    2.4242424242424243,
    2.525252525252525,
    2.6262626262626263,
    2.727272727272727,
    2.8282828282828283,
    2.929292929292929,
    3.0303030303030303,
    3.131313131313131,
    3.2323232323232323,
    3.3333333333333335,
    3.4343434343434343,
    3.5353535353535355,
    3.6363636363636362,
    3.7373737373737375,
    3.8383838383838382,
    3.9393939393939394,
    4.040404040404041,
    4.141414141414141,
    4.242424242424242,
    4.343434343434343,
    4.444444444444445,
    4.545454545454545,
    4.646464646464646,
    4.747474747474747,
    4.848484848484849,
    4.94949494949495,
    5.05050505050505,
    5.151515151515151,
    5.252525252525253,
    5.353535353535354,
    5.454545454545454,
    5.555555555555555,
    5.656565656565657,
    5.757575757575758,
    5.858585858585858,
    5.959595959595959,
    6.0606060606060606,
    6.161616161616162,
    6.262626262626262,
    6.363636363636363,
    6.4646464646464645,
    6.565656565656566,
    6.666666666666667,
    6.767676767676767,
    6.8686868686868685,
    6.96969696969697,
    7.070707070707071,
    7.171717171717171,
    7.2727272727272725,
    7.373737373737374,
    7.474747474747475,
    7.575757575757575,
    7.6767676767676765,
    7.777777777777778,
    7.878787878787879,
    7.979797979797979,
    8.080808080808081,
    8.181818181818182,
    8.282828282828282,
    8.383838383838384,
    8.484848484848484,
    8.585858585858587,
    8.686868686868687,
    8.787878787878787,
    8.88888888888889,
    8.98989898989899,
    9.09090909090909,
    9.191919191919192,
    9.292929292929292,
    9.393939393939394,
    9.494949494949495,
    9.595959595959595,
    9.696969696969697,
    9.797979797979798,
    9.8989898989899,
    10.0
  ],
  "mx": [
    1.0,
    0.817011037624168,
    0.4656129232750371,
    0.2380772971295028,
    0.1376428571408251,
    0.0678066603525229,
    0.018804026473950883,
    -0.00684070990167492,
    -0.01648000854959847,
    -0.01837491977583421,
    -0.027999831285541864,
    -0.017312878463548405,
    0.011682535173976216,
    0.0035248561696619224,
    -0.005186220999392937,
    0.007624591440081353,
    0.0008456599632503403,
    -0.003486690379598984,
    -0.005280440716272126,
    -0.011825117425860687,
    -0.01943332730967117,
    -0.02024771570021349,
    -0.017711734669680696,
    -0.007644722133464912,
    0.004508085050774723,
    0.013135129274222404,
    0.007647588261357826,
    -0.009081340055120605,
    -0.018065747639836528,
    -0.0029321801070458886,
    -0.0029750514493721105,
    -0.0028580176707581266,
    0.0042100611370961315,
    0.006282157437834593,
    0.004316118217037115,
    0.0014129209751466009,
    0.004794078612337724,
    -0.0026652177869234887,
    -0.010259863320161629,
    -0.00022075664963966385,
    0.01035746969385551,
    0.0023361541157088544,
    -0.002183660596810038,
    0.00029204227238636727,
    -0.010974795883425129,
    -0.014463220995146842,
    -0.0012958087267133218,
    0.005334633164183289,
    -0.0008571912083294414,
    -0.021255832240520946,
    -0.026760981190505517,
    -0.015536957172142046,
    -0.00838337401918632,
    0.0011186451549710023,
    -0.002472477548657648,
    -0.006450944246845269,
    -0.00253529089100299,
    -0.003472005076152522,
    -0.0069820415742170225,
    -0.0011015457846663829,
    0.016733773326810343,
    0.03263100572546248,
    0.048799739319290866,
    0.05146718001043461,
    0.038589139213328016,
    0.032781715955400706,
    0.04937585433136003,
    0.06952123109661257,
    0.07469878059634748,
    0.05657279500899546,
    0.015219407549279185,
    -0.01059433666919921,
    -0.02638050711455071,
    -0.02059197750071804,
    -0.00032533315681703795,
    0.014542297697810217,
    0.019304861885281764,
    0.010764008610185356,
    0.00019046907694094656,
    -0.014096012608790115,
    -0.026132546576520966,
    -0.02288910897049493,
    -0.03845910596068463,
    -0.06249784974397945,
    -0.07944414780039336,
    -0.08678784989192172,
    -0.07935205810684558,
    -0.05213523653085742,
    -0.03365617102177586,
    -0.017728623310839915,
    -0.004201651202812145,
    -0.00807304981318919,
    -0.005641900274411474,
    0.0018210547520503806,
    0.006787745417897279,
    0.01202919075025106,
    0.014597416363852828,
    0.015623477734527404,
    0.00980583951183013,
    -0.0035369987435490565
  ],
  "my": [
    0.0,
    0.1800243356353394,
    0.16176017100355905,
    0.07309899677169633,
    0.03956132602884023,
    0.023060998923717543,
    0.0170101801051663,
    0.010181773568888112,
    -0.013025635893748222,
    -0.012655947663819578,
    -0.006019760493915799,
    -0.004974431897423648,
    -0.003144091797444981,
    -0.004228706094198941,
    -0.009050404664475093,
    0.003631787217360799,
    0.0011794728532525279,
    0.001191190870471112,
    0.0053614695688371265,
    0.004750793898467299,
    0.004612641783587735,
    0.016307816204843572,
    0.023812664953000988,
    0.005255752018443325,
    -0.0036858268732072584,
    -0.0015991744166127379,
    -0.0007456771535483645,
    0.007546946186253388,
    0.01794809306399169,
    0.03188373845819817,
    0.021391355951231355,
    0.009613249237244336,
    0.006798549774335633,
    0.009481464138059411,
    0.017503919684139578,
    0.019323398609385787,
    0.014647197290251452,
    0.013228916506484403,
    0.013139002922409396,
    0.007038268701831207,
    0.005984249329428122,
    0.009379068339581501,
    0.0009026585481087986,
    0.002616252953267453,
    0.014896208776486976,
    0.0060904389387864116,
    -0.015024823394800246,
    -0.018981754145298978,
    -0.013299418972970716,
    -0.0026026923237428036,
    0.0030453714208504663,
    -0.007904908748331163,
    -0.006036125776349187,
    -0.0020755751767072266,
    -0.00422632711718259,
    0.0025425357930829516,
    0.011773638875477587,
    0.016919789168396836,
    0.018036677607119283,
    0.018823137937008877,
    0.017711160357332313,
    0.0050521169822244655,
    -0.022513658209135957,
    -0.03653140754051776,
    -0.032678553029192356,
    -0.021475372004398762,
    -0.01158121860277717,
    -0.023587203815062803,
    -0.03434341867204098,
    -0.029034781703771467,
    -0.01498710530285537,
    0.005620924933305663,
    0.009768333701595047,
    -0.00939194178965124,
    -0.007947030520898473,
    -0.004338286234682062,
    -0.01953132601492204,
    -0.015977737455428707,
    -0.01174573846951171,
    -0.005789911738967553,
    -0.006088884020092331,
    -0.019909337609630946,
    -0.023873862727583368,
    -0.024642723976926222,
    -0.023785894800282543,
    -0.0095746539150706,
    -0.006515420762805374,
    -0.0120166800346614,
    -0.004315503944745931,
    -0.0030298744547235393,
    -0.004952238764929938,
    -0.019507502599251693,
    -0.031664198943120184,
    -0.04452682185331136,
    -0.039480786502586164,
    -0.027884660375879756,
    -0.025825194440318187,
    -0.02305494603281841,
    -0.02641504363225054,
    -0.01645826388322797
  ],