{
  "positive_frequencies": [
    0.0,
    0.07734375,
    0.1546875,
    0.23203125000000002,
    0.309375,
    0.38671875,
    0.46406250000000004,
    0.54140625,
    0.61875,
    0.6960937500000001,
    0.7734375,
    0.85078125,
    0.9281250000000001,
    1.0054687500000001,
    1.0828125,
    1.16015625,
    1.2375,
    1.31484375,
    1.3921875000000001,
    1.46953125,
    1.546875,
    1.62421875,
    1.7015625,
    1.7789062500000001,
    1.8562500000000002,
    1.93359375,
    2.0109375000000003,
    2.08828125,
    2.165625,
    2.24296875,
    2.3203125,
    2.3976562500000003,
    2.475,
    2.55234375,
    2.6296875,
    2.70703125,
    2.7843750000000003,
    2.86171875,
    2.9390625,
    3.01640625,
    3.09375,
    3.1710937500000003,
    3.2484375,
    3.32578125,
    3.403125,
    3.48046875,
    3.5578125000000003,
    3.63515625,
    3.7125000000000004,
    3.78984375,
    3.8671875,
    3.9445312500000003,
    4.0218750000000005,
    4.09921875,
    4.1765625,
    4.25390625,
    4.33125,
    4.4085937500000005,
    4.4859375,
    4.56328125,
    4.640625,
    4.71796875,
    4.7953125000000005,
    4.87265625,
    4.95
  ],
  "mx_fft_pos": [
    0.0023680258280321855,
    0.004436858609754896,
    0.00738880394343519,
    0.008635895985385614,
    0.009962485515278747,
    0.007040441383802717,
    0.0039560803750700166,
    0.0028915270705170927,
    0.0033420549533133394,
    0.0032386515016137748,
    0.004024844967324577,
    0.002751502400427224,
    0.0033743839393439033,
    0.0012007750445815362,
    0.001630389153947192,
    0.0017169657266064607,
    0.001272050540800169,
    0.003804438569331225,
    0.005116789880657946,
    0.0036726141097649045,
    0.0023152944025680387,
    0.0010087810038842846,
    0.001159498055968141,
    0.002329250123291968,
    0.0022888648498542844,
    0.0016810493744383445,
    0.0011725789784227383,
    0.0010449826473354661,
    0.0009011628418826133,
    0.0006889486923771046,
    0.0005937340794126036,
    0.00044403764982329683,
    0.0006631140648852855,
    0.0008982307366605897,
    0.0008242442852904801,
    0.0006171391324239582,
    0.0008935414161854525,
    0.0011872449575104898,
    0.0008908631508990451,
    0.0004974948411916422,
    0.0004209606769199766,
    0.000289490094149398,
    0.000275674738643229,
    0.0004161757404876234,
    0.00022522419675339127,
    0.0003664437811242228,
    0.0005542513448061385,
    0.0003794439802251447,
    0.00026991672219149273,
    0.00032312861902538683,
    0.00033246049432322295,
    0.00023928222324404532,
    0.000248426573297687,
    0.00019866157679675328,
    0.00033326165927962786,
    0.0003255388553763035,
    0.0001488100173951377,
    0.00013831998459968385,
    0.0001634693033988769,
    0.00015441597991087784,
    7.485492162134566e-05,
    9.191560052427746e-05,
    0.00011866950210256897,
    2.020898431113917e-05,
    0.00011831523348834805
  ],
  "my_fft_pos": [
    0.00036272205312255746,
    0.005439332271008995,
    0.005188678402767536,
    0.0013894996882967436,
    0.002005941909300126,
    0.0036031229964890816,
    0.004239423511317477,
    0.004513373411627936,
    0.0038205943402755075,
    0.003599258900944234,
    0.002836918127593198,
    0.0012770096583689182,
    0.0013174195247848718,
    0.001790164172251112,
    0.0010502867113736532,
    0.00037705963014498107,
    0.0016631832222573162,
    0.003363549671356416,
    0.0032404114441662575,
    0.0012274258223799865,
    0.001077476573736986,
    0.0013648666918165075,
    0.0009012674171535545,
    0.0020742527850794524,
    0.0025088991943204055,
    0.0020888928322786793,
    0.0012644153774596491,
    8.05867293548254e-05,
    0.0010683817923467336,
    0.001157680816860776,
    0.0008712012617165403,
    0.0007603690629924464,
    0.000810483919842188,
    0.0011439794441903677,
    0.0011702221520096725,
    0.0004741360669838927,
    0.00023639465642468036,
    0.00019616397304864297,
    0.0003289522991995344,
    0.0003623487858910781,
    0.0005168895864998659,
    0.0007944273789687362,
    0.0006758520411639941,
    0.00041231404571695127,
    0.00024122763847524102,
    0.0006241002115590405,
    0.0007707076404632212,
    0.0005859764910957599,
    0.00047399734934136956,
    0.00022048681587783382,
    8.25771946116536e-05,
    0.00025703025435696734,
    0.00011331426569348332,
    0.00011963584692476428,
    0.0001455454073496839,
    0.00024050833374335146,
    0.0002867994242918645,
    0.00014995145235408263,
    9.724321777514461e-05,
    9.243166422256052e-05,
    1.1788736113242746e-05,
    5.817292171766829e-05,
    6.805923179777998e-05,
    7.788599679815762e-05,
    7.50902763397824e-05
  ],
  "mz_fft_pos": [
    0.00298994326248852,
    0.003598961049693547,
    0.002562401195363458,
    0.0007006515595260337,
    0.0005207246038010786,
    0.0004586662074723116,
    0.002346061005390988,
    0.004223603475839401,
    0.004000608446270495,
    0.001018114740219523,
    0.0017084700049458347,
    0.002097916321547767,
    0.0016290101030342348,
    0.0015997544168638745,
    0.0020306338490805095,
    0.00036781683754508654,
    0.0014726999630442898,
    0.0021318164536446678,
    0.0034808336737142277,
    0.0024967451987746156,
    0.00036441572091464486,
    0.00131684948894013,
    0.0017679621945539997,
    0.0014011040052018492,
    0.0006653179971346537,
    0.00036181632804927697,
    0.000978634021107115,
    0.0012214057970317263,
    0.0007715893856717386,
    0.0004277126523927644,
    0.0008185503963130894,
    0.0016504191126139472,
    0.0021126258458379946,
    0.00194100883756423,
    0.0012722379026725416,
    0.0005076672230662014,
    0.0006789190868373079,
    0.0008654580760883068,
    0.0003859517965792206,
    0.00042433099998980586,
    0.0006774296145488951,
    0.0004916073076971762,
    0.00016229659114762925,
    8.494797243674387e-05,
    0.0002159432391295525,
    0.00040858628163215066,
    0.00044716304374175353,
    0.0003340095489577442,
    9.185530017167687e-05,
    0.00022050726319688255,
    0.00035811211931020603,
    0.00026260664025189303,
    0.00015166829158676955,
    0.0002556504617807683,
    0.00023565614554882583,
    0.00014428420423012915,
    0.00010509500962479114,
    8.088499573085459e-05,
    7.508006435515978e-05,
    6.609668008908448e-05,
    0.00010963997399873176,
    6.621680900395717e-05,
    6.744311215575723e-05,
    3.773308864527781e-05,
    6.047228601210319e-06
  ]
}