{
  "times": [
    0.0,
    0.10101010101010101,
    0.20202020202020202,
    0.30303030303030304,
    0.40404040404040403,
    0.5050505050505051,
    0.6060606060606061,
    0.7070707070707071,
    0.8080808080808081,
    0.9090909090909091,
    1.0101010101010102,
    1.1111111111111112,
    1.2121212121212122,
    1.3131313131313131,
    1.4141414141414141,
    1.5151515151515151,
    1.6161616161616161,
    1.7171717171717171,
    1.8181818181818181,
    1.9191919191919191,
    2.0202020202020203,
    2.121212121212121,
    2.2222222222222223,
    2.323232323232323,
    2.4242424242424243,
    2.525252525252525,
    2.6262626262626263,
    2.727272727272727,
    2.8282828282828283,
    2.929292929292929,
    3.0303030303030303,
    3.131313131313131,
    3.2323232323232323,
    3.3333333333333335,
    3.4343434343434343,
    3.5353535353535355,
    3.6363636363636362,
    3.7373737373737375,
    3.8383838383838382,
    3.9393939393939394,
    4.040404040404041,
    4.141414141414141,
    4.242424242424242,
    4.343434343434343,
    4.444444444444445,
    4.545454545454545,
    4.646464646464646,
    4.747474747474747,
    4.848484848484849,
    4.94949494949495,
    5.05050505050505,
    5.151515151515151,
    5.252525252525253,
    5.353535353535354,
    5.454545454545454,
    5.555555555555555,
    5.656565656565657,
    5.757575757575758,
    5.858585858585858,
    5.959595959595959,
    6.0606060606060606,
    6.161616161616162,
    6.262626262626262,
    6.363636363636363,
    6.4646464646464645,
    6.565656565656566,
    6.666666666666667,
    6.767676767676767,
    6.8686868686868685,
    6.96969696969697,
    7.070707070707071,
    7.171717171717171,
    7.2727272727272725,
    7.373737373737374,
    7.474747474747475,
    7.575757575757575,
    7.6767676767676765,
    7.777777777777778,
    7.878787878787879,
    7.979797979797979,
    8.080808080808081,
    8.181818181818182,
    8.282828282828282,
    8.383838383838384,
    8.484848484848484,
    8.585858585858587,
    8.686868686868687,
    8.787878787878787,
    8.88888888888889,
    8.98989898989899,
    9.09090909090909,
    9.191919191919192,
    9.292929292929292,
    9.393939393939394,
    9.494949494949495,
    9.595959595959595,
    9.696969696969697,
    9.797979797979798,
    9.8989898989899,
    10.0
  ],
  "mx": [
    1.0,
    0.5569033006724703,
    0.13270032636882406,
    0.022754618450402064,
    0.0017437113321700966,
    -0.005873214405755467,
    -0.023415892192422835,
    -0.0211565495235077,
    -0.00968341886710105,
    0.01624140833919494,
    0.009838297217006868,
    0.02294432958988716,
    0.017954741802257652,
    0.00858741672763675,
    0.0002287321954282442,
    -0.022167138752652173,
    -0.030299950898231218,
    -0.027444352335904493,
    -0.025945344351970302,
    -0.0021454165002920017,
    0.01825900632224661,
    0.003077614170365549,
    -0.03752476007955272,
    -0.07122311394861335,
    -0.030517853918107865,
    0.03105676273887296,
    0.045434171977083056,
    0.04118347635004254,
    0.04885757054475373,
    0.029263574539232205,
    0.002234031689027633,
    -0.004789325700368902,
    0.0018259998998945818,
    -0.010238059808520867,
    -0.043396337926136105,
    -0.04661823933583266,
    -0.021164055303737425,
    -0.00023353408022633342,
    0.0038803130407837803,
    -0.005698556940597569,
    -0.02765255030810614,
    -0.04477712931387692,
    -0.051180323564077625,
    -0.04371163464886982,
    -0.03076544771633064,
    -0.01158913084606849,
    -0.0013537843864873883,
    -0.005566444308001023,
    -0.00534755297523968,
    0.0054993705218022906,
    0.012872454074669219,
    0.0012606813704556519,
    -0.015458580417623333,
    -0.015125664666815428,
    -0.003488468373337344,
    0.001579510141261735,
    -0.002393556044757711,
    -0.004728555257689598,
    -0.000675467171304793,
    0.006047746859327182,
    0.012837247500597684,
    0.015251659151189858,
    0.006913468610411815,
    -0.007212969821545601,
    -0.015204347034896284,
    -0.013282289030823317,
    -0.0042271938576947275,
    0.006935258003780174,
    0.012737093327245784,
    0.007561689824692235,
    -0.005149496411038665,
    -0.010517478015124804,
    -0.0013405910636517665,
    0.007478361674487487,
    -0.0030829862155113863,
    -0.03059726023032157,
    -0.05060118905503227,
    -0.04591874086576293,
    -0.020913716906281923,
    0.0018119324967285147,
    0.00723341284940631,
    0.005624768940024612,
    0.013943584618472928,
    0.03307952816171205,
    0.044626405976172644,
    0.032136305171159035,
    0.00465218637509178,
    -0.02088669466001508,
    -0.027615604885760536,
    0.003911382293586062,
    0.0245314501689035,
    0.027735263958538894,
    0.02095833077257322,
    0.007336784738261336,
    0.001932815800940434,
    0.019726064165850567,
    0.009873267243305959,
    -0.020057143278347532,
    -0.013797108134853776,
    0.011991724120259568
  ],
  "my": [
    0.0,
    0.08888567106764939,
    0.034613242800259736,
    -0.0017983427723140034,
    -0.0013559397119586984,
    -0.002850743875610587,
    0.011764493506460949,
    0.027626182258738266,
    0.011126818909194277,
    0.006585238033906152,
    0.010580457923475001,
    0.023519490262294714,
    0.004169540831047516,
    -0.04098738549283238,
    -0.023022187874824455,
    0.012108946298708264,
    0.015671084615602862,
    0.024951019309106863,
    0.03143827636969652,
    0.04791350727396448,
    0.020965596849653625,
    0.002936615295844526,
    -0.004720607921156845,
    -0.0594082225470679,
    -0.08295249115481039,
    -0.04507146045376377,
    0.025444356737085793,
    0.05881080538091418,
    0.0382983134855897,
    0.01586884005629085,
    -0.016959268523459543,
    -0.007704274439704995,
    0.028004127770582272,
    0.04005831571366521,
    0.05013611099404988,
    0.042800520033870554,
    0.01115725974308073,
    -0.02041964086568892,
    -0.02449728498999579,
    -0.00758404197341914,
    -0.010208945987921431,
    -0.028363483184659373,
    -0.04324691804188921,
    -0.04195653804731448,
    -0.031044434099436666,
    -0.027710224937303782,
    -0.027218484052636608,
    -0.026914088706652767,
    -0.030956795259548833,
    -0.030489408118957513,
    -0.0121467698189026,
    0.016427027754061463,
    0.03075671692734352,
    0.02258861232128691,
    0.005611675874080043,
    -0.0054327837092011146,
    -0.007820117130226501,
    -0.004569997839725239,
    0.0018691673671927395,
    0.007747666872846567,
    0.01143826243256527,
    0.016179115645903738,
    0.021516327822747094,
    0.022720925902918514,
    0.020488481630884847,
    0.01797760514626269,
    0.015801416387208816,
    0.013553830764508303,
    0.009150331039588872,
    0.0016598745140659166,
    -0.008438880423327433,
    -0.019581208965389396,
    -0.02432194571582919,
    -0.016168357724429365,
    7.453875330731675e-05,
    0.009392343266537737,
    0.005796456704873375,
    -0.007537165379804981,
    -0.02280381982833733,
    -0.020595362015123037,
    -0.0007348256889052267,
    0.01587119440353181,
    0.014945355330680076,
    0.011124037143027487,
    0.014117048569393517,
    0.01241750761801846,
    0.0038516413919227072,
    -0.002497460971989804,
    -0.018469959697376588,
    -0.022341609737870898,
    0.0044936270663420924,
    0.018843256491827262,
    -0.0021111013704167235,
    -0.009224478243876393,
    -0.0062112731011850315,
    0.016640473249354783,
    0.03834987028445823,
    0.03492240890821475,
    0.023839059161389835,
    0.0244401630130896
  ],