{
  "metadata": {
    "circuit_type": "comb_generator",
    "qubits": 9,
    "shots": 8192,
    "drive_steps": 5,
    "time_points": 100,
    "max_time": 10.0,
    "drive_param": 0.5,
    "init_state": "superposition",
    "drive_frequency": 0.1,
    "has_subharmonics": false,
    "time_crystal_detected": false,
    "incommensurate_count": 0,
    "linear_combs_detected": false,
    "log_combs_detected": false,
    "created_at": "2025-05-17 22:14:32",
    "sweep_session": "parameter_scan_20250517_20250517_221328",
    "sweep_index": 4,
    "sweep_param1": "drive_param",
    "sweep_value1": 0.5,
    "sweep_param2": null,
    "sweep_value2": null
  },
  "positive_frequencies": [
    0.0,
    0.07734375,
    0.1546875,
    0.23203125000000002,
    0.309375,
    0.38671875,
    0.46406250000000004,
    0.54140625,
    0.61875,
    0.6960937500000001,
    0.7734375,
    0.85078125,
    0.9281250000000001,
    1.0054687500000001,
    1.0828125,
    1.16015625,
    1.2375,
    1.31484375,
    1.3921875000000001,
    1.46953125,
    1.546875,
    1.62421875,
    1.7015625,
    1.7789062500000001,
    1.8562500000000002,
    1.93359375,
    2.0109375000000003,
    2.08828125,
    2.165625,
    2.24296875,
    2.3203125,
    2.3976562500000003,
    2.475,
    2.55234375,
    2.6296875,
    2.70703125,
    2.7843750000000003,
    2.86171875,
    2.9390625,
    3.01640625,
    3.09375,
    3.1710937500000003,
    3.2484375,
    3.32578125,
    3.403125,
    3.48046875,
    3.5578125000000003,
    3.63515625,
    3.7125000000000004,
    3.78984375,
    3.8671875,
    3.9445312500000003,
    4.0218750000000005,
    4.09921875,
    4.1765625,
    4.25390625,
    4.33125,
    4.4085937500000005,
    4.4859375,
    4.56328125,
    4.640625,
    4.71796875,
    4.7953125000000005,
    4.87265625,
    4.95
  ],
  "mx_fft_pos": [
    0.006161029252080064,
    0.005443718182702269,
    0.003972275867177035,
    0.004790782802934481,
    0.006598877565481687,
    0.005038635525140196,
    0.004057295614966429,
    0.005165712635533701,
    0.0014850839512730296,
    0.002225004515635398,
    0.00034265484455265287,
    0.0054210305186219165,
    0.007332285728895001,
    0.005057975609119848,
    0.004467598109716498,
    0.0033389841105982507,
    0.002095896679757857,
    0.0009695773106731559,
    0.0023764947766384097,
    0.003350636723545986,
    0.0019485257129971906,
    0.004189138512429979,
    0.005798457537004075,
    0.002509486685203966,
    0.0007839296886001127,
    0.0003087236234705142,
    0.0013291611538223359,
    0.001282358517753748,
    0.0011660190846501338,
    0.0016549547396405007,
    0.00184814813824609,
    0.0019436702303491011,
    0.0013945105116059389,
    0.0006846450911591284,
    0.001190338594409382,
    0.0014499153628763676,
    0.001179654912965966,
    0.0007479726445888906,
    0.0005540348506285146,
    0.00028579720298561943,
    0.0001761264446121524,
    1.4864618565938917e-05,
    0.0001360565087851156,
    0.0001738513406982519,
    0.0002570785575691972,
    0.0002660005043212435,
    0.0003298259288311066,
    0.00025734100373550584,
    0.0003064897968492284,
    0.0002650395255237676,
    0.00020622790945870557,
    5.683930392387706e-05,
    8.205251756579261e-05,
    0.00012248325393211283,
    5.449187564374308e-05,
    1.2908093416553875e-05,
    3.3173166433107715e-05,
    6.277887998596451e-05,
    9.204864264224101e-05,
    0.00017304959035137034,
    0.0001570744187026846,
    0.00015142366046448587,
    6.56820832458555e-05,
    2.108344235417715e-05,
    4.127622351525362e-05
  ],
  "my_fft_pos": [
    0.0009717168377266889,
    0.002041046045242441,
    0.004427950547996368,
    0.006924878041555777,
    0.008745571413880413,
    0.008624883544579815,
    0.005966105518175469,
    0.005638069585439277,
    0.006742470855521924,
    0.003826191867897346,
    0.0014350716124337955,
    0.0038666606409587093,
    0.0029942641221373683,
    0.0013824682952867833,
    0.0036574710376570856,
    0.005237346068312035,
    0.006164735863491405,
    0.0023624769320614823,
    0.003328827853678561,
    0.005041987620104882,
    0.005031348977592638,
    0.00592235077873186,
    0.0050923506224754556,
    0.0017832475657244167,
    0.0009487785409384461,
    0.0005593360827289095,
    0.0012532753878509804,
    0.00033667036692893793,
    0.0010958856242040094,
    0.0013140901165635392,
    0.0016213327886131711,
    0.0017520686698922559,
    0.0013771801889949685,
    0.000576050737123138,
    0.00038020993273545805,
    0.0009898160633503774,
    0.0007608710435236573,
    0.0008591997737040775,
    0.0007342041636411064,
    0.0007967995894578706,
    0.0006697441618430156,
    0.00042781601543494854,
    0.000453768383226664,
    0.00029732386592554486,
    0.00023855896596355411,
    9.568650810449124e-05,
    0.000123793266193785,
    9.045154425826903e-05,
    0.00018962510713150285,
    0.0003244019152636714,
    0.00046180652912945606,
    0.0005842605239275658,
    0.0005610410406317794,
    0.0004773592866984995,
    0.00034995129340188296,
    0.0001821344019991346,
    9.964412770628557e-05,
    3.1306133946231895e-05,
    2.6343921735911326e-05,
    1.8970071459188203e-05,
    1.8413915615304185e-05,
    1.212194111453099e-05,
    5.988057480414442e-05,
    5.0148198852842567e-05,
    8.67123833509991e-05
  ],
  "mz_fft_pos": [
    0.005786044028761895,
    0.003809053396467258,
    0.0014742911711759696,
    0.003290871524915245,
    0.006867955117667796,
    0.007348527498815326,
    0.005291739379474026,
    0.0038946456012486376,
    0.003471288205498616,
    0.002581031309864269,
    0.0017513949299149845,
    0.0003104097191847587,
    0.0014348358499933114,
    0.0027517572484957887,
    0.0029169413866731945,
    0.0018228474718515154,
    0.0009587062234203403,
    0.001226032719239198,
    0.0019109065774073418,
    0.002557237234640875,
    0.00221166206345836,
    0.0012264438449908377,
    0.0008298647988403105,
    0.0009950437888828186,
    0.001027857759939763,
    0.0009740593679624238,
    0.0012782925398566432,
    0.0012540213326565207,
    0.0015323015547629153,
    0.0016071957975217393,
    0.0012907970302609459,
    0.0011776738150396432,
    0.0009261972665643118,
    0.0003682282367765661,
    0.0004423155443681821,
    0.000346199204536176,
    5.6668171051891916e-05,
    0.0002713755472035531,
    0.0003885750628060509,
    4.531352187209055e-05,
    0.0003790402225972877,
    0.0002484696905353096,
    0.000555533039402949,
    0.00021317365537761322,
    0.0005227786362198674,
    0.0006353928441683752,
    0.0007705887677872266,
    0.000526567625766286,
    0.00038860296455915655,
    0.00020069496905568182,
    0.0002220905453245088,
    0.0002267731760545446,
    0.0002797802455719731,
    0.00021720608682505843,
    0.0002652676004515126,
    0.00019237249751773047,
    0.00024186483714643537,
    0.0001550475487472545,
    0.00016177930164495288,
    0.00017942854645604657,
    0.0002418826523635352,
    0.00026985273760172417,
    0.00024061913955520726,
    0.000150668384393924,
    4.404649890033308e-05
  ],
  "peaks": {
    "mx": {
      "frequencies": [],
      "amplitudes": [],
      "is_harmonic": [],
      "is_incommensurate": [],
      "is_comb_tooth": []
    },
    "my": {
      "frequencies": [],
      "amplitudes": [],
      "is_harmonic": [],
      "is_incommensurate": [],
      "is_comb_tooth": []
    },
    "mz": {
      "frequencies": [],
      "amplitudes": [],
      "is_harmonic": [],
      "is_incommensurate": [],
      "is_comb_tooth": []
    }
  }
}