{
  "times": [
    0.0,
    0.10101010101010101,
    0.20202020202020202,
    0.30303030303030304,
    0.40404040404040403,
    0.5050505050505051,
    0.6060606060606061,
    0.7070707070707071,
    0.8080808080808081,
    0.9090909090909091,
    1.0101010101010102,
    1.1111111111111112,
    1.2121212121212122,
    1.3131313131313131,
    1.4141414141414141,
    1.5151515151515151,
    1.6161616161616161,
    1.7171717171717171,
    1.8181818181818181,
    1.9191919191919191,
    2.0202020202020203,
    2.121212121212121,
    2.2222222222222223,
    2.323232323232323,
    2.4242424242424243,
    2.525252525252525,
    2.6262626262626263,
    2.727272727272727,
    2.8282828282828283,
    2.929292929292929,
    3.0303030303030303,
    3.131313131313131,
    3.2323232323232323,
    3.3333333333333335,
    3.4343434343434343,
    3.5353535353535355,
    3.6363636363636362,
    3.7373737373737375,
    3.8383838383838382,
    3.9393939393939394,
    4.040404040404041,
    4.141414141414141,
    4.242424242424242,
    4.343434343434343,
    4.444444444444445,
    4.545454545454545,
    4.646464646464646,
    4.747474747474747,
    4.848484848484849,
    4.94949494949495,
    5.05050505050505,
    5.151515151515151,
    5.252525252525253,
    5.353535353535354,
    5.454545454545454,
    5.555555555555555,
    5.656565656565657,
    5.757575757575758,
    5.858585858585858,
    5.959595959595959,
    6.0606060606060606,
    6.161616161616162,
    6.262626262626262,
    6.363636363636363,
    6.4646464646464645,
    6.565656565656566,
    6.666666666666667,
    6.767676767676767,
    6.8686868686868685,
    6.96969696969697,
    7.070707070707071,
    7.171717171717171,
    7.2727272727272725,
    7.373737373737374,
    7.474747474747475,
    7.575757575757575,
    7.6767676767676765,
    7.777777777777778,
    7.878787878787879,
    7.979797979797979,
    8.080808080808081,
    8.181818181818182,
    8.282828282828282,
    8.383838383838384,
    8.484848484848484,
    8.585858585858587,
    8.686868686868687,
    8.787878787878787,
    8.88888888888889,
    8.98989898989899,
    9.09090909090909,
    9.191919191919192,
    9.292929292929292,
    9.393939393939394,
    9.494949494949495,
    9.595959595959595,
    9.696969696969697,
    9.797979797979798,
    9.8989898989899,
    10.0
  ],
  "mx": [
    1.0,
    0.17454437812057014,
    -0.009996464772989239,
    -0.032754527948208864,
    0.00530353884071573,
    0.04025066802709455,
    0.025201468671169423,
    0.032851013574425866,
    0.018769244520091453,
    0.014518544181022337,
    0.05775583888504459,
    0.045595226801607186,
    -0.003468291336648019,
    -0.031359921727889574,
    -0.01741191264397858,
    -0.01784521833404358,
    -0.058500050891554155,
    -0.006548755425423276,
    0.06807673151773236,
    0.02423620098300796,
    -0.0020420482578066574,
    -0.005612532812799317,
    0.03926559479227624,
    0.035715854977534676,
    0.020220086686882053,
    0.023755977976783166,
    -0.021404058654554345,
    -0.030172536873381034,
    0.013915277306073517,
    0.029334767267849483,
    0.010934501943535641,
    -0.012766424698819515,
    -0.01319725330024104,
    0.007955406707635643,
    0.034960628235016916,
    0.027727222098968357,
    -0.004735943232230491,
    0.02259024606834604,
    0.025265077211670282,
    -0.022512315585961704,
    -0.04473693578063966,
    -0.027782568968276564,
    -0.014551499657336672,
    -0.00943058077832317,
    -0.020001265999408508,
    0.07226762377646048,
    0.05883772299839733,
    0.005832153292149169,
    0.014984673235703114,
    -0.012836680822114671,
    0.02720234323875207,
    0.012213362653252376,
    -0.017140060102991517,
    -0.010268926006094043,
    0.04088575696950746,
    -0.03239469931459937,
    -0.05105267476935132,
    -0.006207254815759837,
    -0.06550946849201601,
    -0.018586359674869532,
    0.005302902352340736,
    0.04192151106006574,
    0.005216870010278372,
    -0.04926719403443249,
    -0.09895998711014649,
    -0.04533086853143414,
    0.0005421320062840578,
    0.030391182318954327,
    -0.033764936521890714,
    -0.03469950351176019,
    -0.008316857743756359,
    -0.06810153427641599,
    0.00615698893406676,
    -0.009223793209079631,
    -0.022854795174449112,
    -0.007385548299868535,
    -0.0038678881865050942,
    -0.02472178068228719,
    0.012132736537244351,
    0.03922859135010326,
    0.04766615799138904,
    0.0071857206474633915,
    -0.04708774288099358,
    -0.054695136109076316,
    -0.008996685776536003,
    0.007059589246950128,
    0.03169593568865408,
    -0.17075712513968308,
    -0.49999999999999983,
    -0.25791494702412693,
    -0.02064145470441047,
    0.008825182124404446,
    -0.04056409730602852,
    -0.034837916842148826,
    -0.017069716761390078,
    -0.04319336313893825,
    0.01532359328529511,
    0.028728171429805587,
    0.017259522151883998,
    0.01499733232943433
  ],
  "my": [
    0.0,
    0.0414937616561884,
    -0.019506779807617478,
    -0.02740857546439994,
    -0.005326961293039537,
    0.07575994471720589,
    0.00800069276876544,
    -0.024270948784253718,
    -0.041982443836401734,
    -0.02105378295085944,
    0.005052420764773835,
    0.014943996119198878,
    -0.05919024090084525,
    -0.06748024879751525,
    -0.02472285243547698,
    0.024412096814817878,
    0.005788973447830517,
    0.022077844344781144,
    0.030659613657540444,
    0.028742627354337122,
    -0.0028123968077612875,
    -0.0035788558926248427,
    -0.007756836221758889,
    0.012654102602174295,
    0.03671176914772066,
    0.06910254362547057,
    0.07194714893213279,
    0.06298099638381958,
    0.06999053623187712,
    0.07351302778111041,
    0.07749986377957495,
    0.03384060542507347,
    -0.00924363515145204,
    -0.007534142126713874,
    0.012483888907700472,
    0.047487689276451944,
    0.04574183230759528,
    0.03267596912667423,
    0.05246757078463425,
    0.028942856616458013,
    -0.013312996287336796,
    -0.017988937668519136,
    -0.005108684050783154,
    0.00915729338207051,
    -0.0017051317699122565,
    0.0041674687316730664,
    0.04356984520715909,
    0.011094467695903283,
    0.013995841262655332,
    0.02158723193292758,
    -0.0013046179859973412,
    -0.013265179548437202,
    -0.05364743861036873,
    -0.019528774030432374,
    0.0309802914593145,
    -0.01744014773793024,
    -0.053228712445353966,
    -0.018815151044826638,
    -0.010149724323976426,
    -0.020071277338848826,
    -0.04497984242029451,
    0.023614446097590565,
    0.021711120267185243,
    0.029384760687974534,
    0.01057279667634315,
    -0.022269194773379408,
    -0.011495491860426487,
    0.006422162026863248,
    -0.04191998524727815,
    -0.02496551404255901,
    -0.003457188700201408,
    -0.0024790897919312934,
    0.009488916276448184,
    0.06188449730300783,
    0.07119070274541037,
    0.006225298632588052,
    -0.0011787924226717337,
    0.024019856653822443,
    0.005963006609343423,
    0.03666703186109034,
    0.009005624544114889,
    0.03144230114769052,
    0.03518700660280815,
    -0.06721221442560674,
    -0.02676797909621781,
    0.010939452679498791,
    -0.009915298821744557,
    0.09376870431051942,
    -1.1817803680091998e-17,
    -0.07673450286496115,
    -0.0011143030550639656,
    0.06588774042780833,
    0.03766277133224509,
    -0.0031553686684577253,
    -0.05777867901637408,
    -0.05985013364029453,
    -0.03701063053590558,
    -0.01253942695656254,
    -0.03153202939824353,
    -0.0365265247325117
  ],