{
  "times": [
    0.0,
    0.10101010101010101,
    0.20202020202020202,
    0.30303030303030304,
    0.40404040404040403,
    0.5050505050505051,
    0.6060606060606061,
    0.7070707070707071,
    0.8080808080808081,
    0.9090909090909091,
    1.0101010101010102,
    1.1111111111111112,
    1.2121212121212122,
    1.3131313131313131,
    1.4141414141414141,
    1.5151515151515151,
    1.6161616161616161,
    1.7171717171717171,
    1.8181818181818181,
    1.9191919191919191,
    2.0202020202020203,
    2.121212121212121,
    2.2222222222222223,
    2.323232323232323,
    2.4242424242424243,
    2.525252525252525,
    2.6262626262626263,
    2.727272727272727,
    2.8282828282828283,
    2.929292929292929,
    3.0303030303030303,
    3.131313131313131,
    3.2323232323232323,
    3.3333333333333335,
    3.4343434343434343,
    3.5353535353535355,
    3.6363636363636362,
    3.7373737373737375,
    3.8383838383838382,
    3.9393939393939394,
    4.040404040404041,
    4.141414141414141,
    4.242424242424242,
    4.343434343434343,
    4.444444444444445,
    4.545454545454545,
    4.646464646464646,
    4.747474747474747,
    4.848484848484849,
    4.94949494949495,
    5.05050505050505,
    5.151515151515151,
    5.252525252525253,
    5.353535353535354,
    5.454545454545454,
    5.555555555555555,
    5.656565656565657,
    5.757575757575758,
    5.858585858585858,
    5.959595959595959,
    6.0606060606060606,
    6.161616161616162,
    6.262626262626262,
    6.363636363636363,
    6.4646464646464645,
    6.565656565656566,
    6.666666666666667,
    6.767676767676767,
    6.8686868686868685,
    6.96969696969697,
    7.070707070707071,
    7.171717171717171,
    7.2727272727272725,
    7.373737373737374,
    7.474747474747475,
    7.575757575757575,
    7.6767676767676765,
    7.777777777777778,
    7.878787878787879,
    7.979797979797979,
    8.080808080808081,
    8.181818181818182,
    8.282828282828282,
    8.383838383838384,
    8.484848484848484,
    8.585858585858587,
    8.686868686868687,
    8.787878787878787,
    8.88888888888889,
    8.98989898989899,
    9.09090909090909,
    9.191919191919192,
    9.292929292929292,
    9.393939393939394,
    9.494949494949495,
    9.595959595959595,
    9.696969696969697,
    9.797979797979798,
    9.8989898989899,
    10.0
  ],
  "mx": [
    1.0,
    0.437125269571192,
    0.06865179536408633,
    0.006053688745229622,
    -0.005505033862003975,
    -0.023415892192422835,
    -0.019025024389941428,
    0.0012116728833574983,
    0.01309590861066335,
    0.019942080216076796,
    0.017954741802257652,
    0.009180436349319922,
    -0.01006349336532155,
    -0.032192590762754277,
    -0.024358207918570893,
    -0.025945344351970323,
    0.0027089240226760136,
    0.017388382349682596,
    -0.019609822466603352,
    -0.06892003314536692,
    -0.03051785391810787,
    0.03797458523769636,
    0.04286880245406804,
    0.046378071514442315,
    0.035458060864322724,
    0.00223403168902757,
    -0.004281104057561156,
    0.0013428887146328247,
    -0.03036873165747883,
    -0.049711961396354525,
    -0.021164055303737286,
    0.0016170883103171817,
    0.002338473524972187,
    -0.01886025918875683,
    -0.04193773088352595,
    -0.05118032356407761,
    -0.041532395001326605,
    -0.023463836016475947,
    -0.0031905694699235366,
    -0.004460926351530271,
    -0.00534755297523968,
    0.00795432461662193,
    0.01050396182956962,
    -0.010025696241010434,
    -0.016686159665222806,
    -0.0034884683733375963,
    0.0012346336715645782,
    -0.004077011037192688,
    -0.0028769041133890083,
    0.004648424102809495,
    0.01283724750059769,
    0.01451229466993598,
    0.0012347117866541779,
    -0.01322663544114837,
    -0.01435672709733796,
    -0.004227193857694965,
    0.008770933653243461,
    0.012085253391113191,
    2.613473014364018e-05,
    -0.010705858648395052,
    -0.0013405910636518613,
    0.007267159741196855,
    -0.013187563162187646,
    -0.04508220621472053,
    -0.04892576032458696,
    -0.020913716906282007,
    0.004238762841875919,
    0.006420193507364812,
    0.008712237441562461,
    0.029222307193374524,
    0.044626405976172435,
    0.026943458796908702,
    -0.005838807246548396,
    -0.029940357607033626,
    -0.0033704845836921753,
    0.02453145016890365,
    0.027314994351201036,
    0.016471405934957415,
    -0.00018654159075535314,
    0.01725328509168222,
    0.009873267243305964,
    -0.022387363525303294,
    -0.004033934453869322,
    0.026888102068438526,
    0.03046177490889524,
    0.005840831122747429,
    -0.016049273902014168,
    0.019167530965594662,
    0.0289529632965734,
    -0.022265824307894738,
    -0.02308066474018781,
    -0.013704309064922244,
    -0.014187409992972466,
    -0.01625552269742889,
    0.025657707766413573,
    0.02351021308681285,
    -0.013654102540136822,
    -0.018132501201155775,
    -0.038980106754612366,
    -0.005183048900667527
  ],
  "my": [
    0.0,
    0.07944982873197609,
    0.02022253129108466,
    -0.007388272234917347,
    0.00033615531214026696,
    0.011764493506460949,
    0.026496568114132445,
    0.003843216939980461,
    0.00948371055334435,
    0.02227217775872049,
    0.004169540831047516,
    -0.04516734807843283,
    -0.0035077754127364877,
    0.015672631697910677,
    0.02299920426367123,
    0.03143827636969658,
    0.04654031403967794,
    0.007263434653696533,
    0.005619641087451158,
    -0.04942625540225987,
    -0.08295249115481042,
    -0.03150702347235105,
    0.047116349466990316,
    0.048156949500716424,
    0.021004127071644816,
    -0.016959268523459567,
    0.0013460764727940835,
    0.03415772002129081,
    0.046284170829233175,
    0.04667711039776074,
    0.011157259743080624,
    -0.024011373885549855,
    -0.017851289029947995,
    -0.005884203273721171,
    -0.024587401578741768,
    -0.043246918041889425,
    -0.039790722454360467,
    -0.02866850513836598,
    -0.027623011008475414,
    -0.02664314028312179,
    -0.030956795259548833,
    -0.02844172550208705,
    -0.0005846045106387498,
    0.027893961679704204,
    0.025531120535434233,
    0.005611675874080144,
    -0.006513435571293466,
    -0.007059241564855133,
    -0.0008815291295156001,
    0.006784716768017508,
    0.0114382624325653,
    0.01735729745567499,
    0.022621730043377527,
    0.02153611193262282,
    0.018452247051652083,
    0.015801416387208993,
    0.012922545681561768,
    0.006478249867886985,
    -0.004079799562902646,
    -0.01756176535013036,
    -0.02432194571582921,
    -0.013145450989210534,
    0.005362238130341312,
    0.008566892856849464,
    -0.004242954319859759,
    -0.022803819828337485,
    -0.017480191799275232,
    0.007538067453002633,
    0.017105618739761373,
    0.011143253094645143,
    0.01411704856939343,
    0.010879413251849072,
    0.0015851448981022505,
    -0.011440795091172542,
    -0.02406238479941077,
    0.004493627066342104,
    0.01602113191942547,
    -0.007920245107012912,
    -0.008226023102807446,
    0.010783503421643319,
    0.03834987028445826,
    0.03151099092953173,
    0.024614900853857122,
    0.017212181383857696,
    -0.003134676884877368,
    0.0026645622307952055,
    -0.01325518059500624,
    0.004423496609313197,
    0.008332066804958049,
    -0.03175698298978169,
    -0.008324182064585217,
    0.0031237350626117746,
    -0.0022636289426539286,
    -0.020519801626317516,
    -0.0036639326922881087,
    0.01978285280547877,
    -0.019517964719885712,
    0.005025945600248225,
    0.009117779603395416,
    -0.030405281778188346
  ],