{
  "positive_frequencies": [
    0.0,
    0.07734375,
    0.1546875,
    0.23203125000000002,
    0.309375,
    0.38671875,
    0.46406250000000004,
    0.54140625,
    0.61875,
    0.6960937500000001,
    0.7734375,
    0.85078125,
    0.9281250000000001,
    1.0054687500000001,
    1.0828125,
    1.16015625,
    1.2375,
    1.31484375,
    1.3921875000000001,
    1.46953125,
    1.546875,
    1.62421875,
    1.7015625,
    1.7789062500000001,
    1.8562500000000002,
    1.93359375,
    2.0109375000000003,
    2.08828125,
    2.165625,
    2.24296875,
    2.3203125,
    2.3976562500000003,
    2.475,
    2.55234375,
    2.6296875,
    2.70703125,
    2.7843750000000003,
    2.86171875,
    2.9390625,
    3.01640625,
    3.09375,
    3.1710937500000003,
    3.2484375,
    3.32578125,
    3.403125,
    3.48046875,
    3.5578125000000003,
    3.63515625,
    3.7125000000000004,
    3.78984375,
    3.8671875,
    3.9445312500000003,
    4.0218750000000005,
    4.09921875,
    4.1765625,
    4.25390625,
    4.33125,
    4.4085937500000005,
    4.4859375,
    4.56328125,
    4.640625,
    4.71796875,
    4.7953125000000005,
    4.87265625,
    4.95
  ],
  "mx_fft_pos": [
    0.02936583306666334,
    0.030086236577104332,
    0.048769396507384793,
    0.06024521272429786,
    0.04224370678583171,
    0.021666022604943182,
    0.026627747243142746,
    0.025988570883284406,
    0.03239171863856952,
    0.03849431591954096,
    0.022027601413921225,
    0.0150601731744627,
    0.020032532925292765,
    0.02161922753001948,
    0.030264359363637867,
    0.03546248830345903,
    0.024120260013181138,
    0.021370509363297385,
    0.023709855502744504,
    0.01984190276701661,
    0.023786108500267043,
    0.03064474554220889,
    0.02556149386000788,
    0.025705750898471512,
    0.02383053521607124,
    0.01784779128315981,
    0.031426130996167964,
    0.03905675105975173,
    0.028057693257795103,
    0.019106714816241165,
    0.0162620486109155,
    0.015839846382113398,
    0.029582917266783363,
    0.031634252711411404,
    0.02041232422638399,
    0.01050432180441515,
    0.01107402896742321,
    0.01246261180181242,
    0.02150839773548453,
    0.02235372751845692,
    0.011886019273425903,
    0.008993236711097367,
    0.014373848347114002,
    0.015979417578775034,
    0.01643289458205042,
    0.013590480591271284,
    0.009146078691956624,
    0.012670147543130925,
    0.01295672085770297,
    0.009832247713418611,
    0.009716166779519541,
    0.009523939336816264,
    0.008304302045638652,
    0.009427914628558229,
    0.006200948063807551,
    0.003942605452825443,
    0.007906848596313859,
    0.010660042629836265,
    0.008131874476409784,
    0.008080631021106855,
    0.006808343491976101,
    0.005203502365283815,
    0.007872829846138628,
    0.008272528253988382,
    0.004637381457007157
  ],
  "my_fft_pos": [
    0.002338705869311919,
    0.002343288912598292,
    0.001388213203289486,
    0.001209827043093953,
    0.003082949989228298,
    0.00233852558640097,
    0.0005680967426131121,
    0.0004721926871680652,
    0.001347299145979264,
    0.0007253679453175712,
    0.000714261416944908,
    0.0011255559534481703,
    0.000865946424676286,
    0.002521517814142727,
    0.00354314318976542,
    0.0035049789272769767,
    0.0028462941285761255,
    0.0019938551302227368,
    0.002331387518547941,
    0.00291165664478355,
    0.001857313013955585,
    0.0016650311599068453,
    0.002370637814889821,
    0.0026640978080872415,
    0.0013804723426868249,
    0.0011047958480475339,
    0.0016877724019597013,
    0.0003983934324596864,
    0.0013275093140791305,
    0.0013034502185658727,
    0.002205584391619802,
    0.0031367399083040413,
    0.002107095660331416,
    0.0014677128488814908,
    0.0033620060794194336,
    0.002773035200720066,
    0.0025397077409536947,
    0.0023788657163972405,
    0.001001722375652743,
    0.0002501329513925384,
    0.0017478463213852968,
    0.0033086599417920764,
    0.0032900537310100965,
    0.0021257233064465196,
    0.0006822668365936156,
    0.0019163590696329876,
    0.0039647869259101295,
    0.0038412574805848174,
    0.0032866746952221484,
    0.0038927020162264846,
    0.0034031946790132133,
    0.0018251814231540935,
    0.0003867943251464026,
    0.0011615884360468463,
    0.0022995375060198067,
    0.002718340374543205,
    0.0026559752638689797,
    0.0023306568877257718,
    0.0019329396461152748,
    0.0017596332820522063,
    0.0015442424550234876,
    0.0011862736467593872,
    0.0023704852384063948,
    0.003493504606023686,
    0.003156411683332341
  ],
  "mz_fft_pos": [
    0.007406493938150123,
    0.006958101643002419,
    0.014441656507070431,
    0.01397153154242921,
    0.0024108295061223257,
    0.007272111979609335,
    0.00886388972302716,
    0.008696585770923644,
    0.009550312540710084,
    0.006251417516420672,
    0.004218801771219387,
    0.010479055727667774,
    0.006354610108458617,
    0.0074302539178369605,
    0.0062299218446579385,
    0.011461564260765562,
    0.009634562669307371,
    0.004811783698242087,
    0.007796367290842578,
    0.0025088942248927383,
    0.013821199285111158,
    0.0170397671613277,
    0.01052615504158684,
    0.009008203735432806,
    0.011486914141951274,
    0.011486796635394285,
    0.019318457545249926,
    0.021475897642194458,
    0.012940090391020056,
    0.007710130421459925,
    0.006039099244816521,
    0.008654788370309556,
    0.01855591045489591,
    0.018773537461654718,
    0.012803732191138985,
    0.007022522381637206,
    0.0026489496440984545,
    0.00520478274090816,
    0.01444944653229021,
    0.01581468593538775,
    0.009466251218054571,
    0.004000107407704138,
    0.006243351356086958,
    0.011317725642435428,
    0.012801689985469076,
    0.009648235006992993,
    0.005577496091958258,
    0.008781449114959572,
    0.008294146161110138,
    0.007107422891644101,
    0.008769831317631663,
    0.00834915581366259,
    0.0038191908486125,
    0.0008099197791317067,
    0.001477242347944862,
    0.0025513081068073767,
    0.004730966777756126,
    0.00588109995416718,
    0.004099729134668869,
    0.001449223819905382,
    0.0021198271359550184,
    0.0013118395622892522,
    0.005418261311830821,
    0.007021966052777277,
    0.005030146739470515
  ]
}