{
  "positive_frequencies": [
    0.0,
    0.07734375,
    0.1546875,
    0.23203125000000002,
    0.309375,
    0.38671875,
    0.46406250000000004,
    0.54140625,
    0.61875,
    0.6960937500000001,
    0.7734375,
    0.85078125,
    0.9281250000000001,
    1.0054687500000001,
    1.0828125,
    1.16015625,
    1.2375,
    1.31484375,
    1.3921875000000001,
    1.46953125,
    1.546875,
    1.62421875,
    1.7015625,
    1.7789062500000001,
    1.8562500000000002,
    1.93359375,
    2.0109375000000003,
    2.08828125,
    2.165625,
    2.24296875,
    2.3203125,
    2.3976562500000003,
    2.475,
    2.55234375,
    2.6296875,
    2.70703125,
    2.7843750000000003,
    2.86171875,
    2.9390625,
    3.01640625,
    3.09375,
    3.1710937500000003,
    3.2484375,
    3.32578125,
    3.403125,
    3.48046875,
    3.5578125000000003,
    3.63515625,
    3.7125000000000004,
    3.78984375,
    3.8671875,
    3.9445312500000003,
    4.0218750000000005,
    4.09921875,
    4.1765625,
    4.25390625,
    4.33125,
    4.4085937500000005,
    4.4859375,
    4.56328125,
    4.640625,
    4.71796875,
    4.7953125000000005,
    4.87265625,
    4.95
  ],
  "mx_fft_pos": [
    0.07431362605303482,
    0.08204009191324961,
    0.084570642455678,
    0.062354684312066144,
    0.026751018801331208,
    0.007925806187367483,
    0.03694935673576964,
    0.04778196248641829,
    0.044878871874635316,
    0.048022725252360086,
    0.04856513804834261,
    0.048081328966474615,
    0.0547085114027171,
    0.04425883903810683,
    0.0110224452237166,
    0.04264054913147119,
    0.04006480386705387,
    0.004999781876693336,
    0.02432580045392926,
    0.017543663973335975,
    0.002810350076198439,
    0.010798337651756166,
    0.02477237841249233,
    0.03951207876764327,
    0.045565373859268954,
    0.034283210201238055,
    0.017492858501128514,
    0.009158849830235093,
    0.009253834063245762,
    0.0064884767169703286,
    0.015980536175825857,
    0.018620711103964266,
    0.011808988862613811,
    0.010897986453482287,
    0.012142904339903338,
    0.005504231019407342,
    0.0009880875592464733,
    0.002640118933125825,
    0.007392485528220807,
    0.009275331308239654,
    0.006032717332956411,
    0.0021126512323925042,
    0.0020657700513729287,
    0.003100342574424895,
    0.0022584514896824186,
    0.0005836856993921719,
    0.0007892809636828666,
    0.0034901035431296997,
    0.003777090508738406,
    0.000896742258892256,
    0.0014135356910579939,
    0.0026553183470454846,
    0.002007500215775872,
    0.0010032778153499108,
    0.0012679720420214978,
    0.000826741874527524,
    0.0004844864598496854,
    0.0005946759264959887,
    0.00038591618760011056,
    0.0005573058195367999,
    0.00019144054723408264,
    0.0004891655984949812,
    0.0003755921532362851,
    0.00019523219964712014,
    0.0004949756040218789
  ],
  "my_fft_pos": [
    0.030030465092591784,
    0.04774280247322291,
    0.05285319391996052,
    0.036394216300749,
    0.02605706527021633,
    0.025350524047868642,
    0.027059555930195472,
    0.031874534386395904,
    0.03654720447487508,
    0.03286525136968747,
    0.03069030185546706,
    0.03491132614470161,
    0.030675377785099614,
    0.03357561866166491,
    0.050611105376255565,
    0.05510629709279272,
    0.029453584817047407,
    0.017602031358148022,
    0.03204359936295981,
    0.03223285057464989,
    0.020631830329006177,
    0.03147396570603634,
    0.03456211028351091,
    0.02679485762014652,
    0.006585967474277663,
    0.016778052353346676,
    0.02246836088097338,
    0.019427138168787196,
    0.019225863753496268,
    0.021810694487903695,
    0.020304959484352122,
    0.012660678924272745,
    0.008436687740520364,
    0.0056254787659674125,
    0.006865950993580442,
    0.005934228718627591,
    0.012876813314187465,
    0.010578747893399996,
    0.006261491353664287,
    0.008521400373077841,
    0.006266359637067331,
    0.0045259200149339,
    0.003994286381649235,
    0.007136942492693413,
    0.008538620503329885,
    0.004689694707369445,
    0.001411724174271046,
    0.0013036522955554148,
    0.001847402170642167,
    0.0011418321739631297,
    0.0022013206905613096,
    0.001773334860221991,
    0.0002913218416165127,
    0.000928275139208852,
    0.00017000963917335952,
    0.00023999107636588245,
    0.0016097515860308987,
    0.0011095759494516202,
    0.0009124036196167342,
    0.00044914760390771073,
    0.00020887075058166095,
    0.0004236781855612858,
    0.0003731185277135967,
    0.00044693443322647397,
    7.868497593199297e-05
  ],
  "mz_fft_pos": [
    0.009445807479782554,
    0.021623525946481835,
    0.035725529286818984,
    0.03907445513423313,
    0.025017688987730994,
    0.02670824254629284,
    0.06835201258502002,
    0.04996167305520679,
    0.031815733036069146,
    0.07535346927774463,
    0.06291753757398405,
    0.027739212927822714,
    0.03166027623178736,
    0.0070151316000197795,
    0.025535302605156972,
    0.018278438315195673,
    0.023789675776214027,
    0.03612832282408911,
    0.028465544248979444,
    0.01766827706276417,
    0.016119854855518423,
    0.028184352421296865,
    0.03366002900644256,
    0.030017002444292677,
    0.026962741424737095,
    0.026098344912745527,
    0.01801782063836281,
    0.011997994464220542,
    0.009259039783513872,
    0.005531150313611165,
    0.01274687757316253,
    0.014115086527601208,
    0.011659664668943763,
    0.010817268781441174,
    0.009869861199178797,
    0.008841682003974886,
    0.0034440965327757513,
    0.00584191628772845,
    0.005867216172299869,
    0.005499930473413161,
    0.0034133091122126097,
    0.0017526165570216762,
    0.004150065271397142,
    0.0020749816010632947,
    0.000558346225574606,
    0.0014814821426501828,
    0.0015206297001194404,
    0.0007356065265060569,
    0.00048166335140840684,
    0.00037892751419312724,
    0.0007701186393267828,
    0.00040354288642189184,
    0.0008907532246933837,
    0.00045627096058355285,
    0.0003415662407188094,
    0.00042409149509501016,
    0.000328644553644615,
    0.00021187440937737892,
    0.00013323729956472952,
    8.531456397165092e-05,
    2.9687776011248392e-05,
    1.7837956126407444e-05,
    8.930273883205699e-06,
    7.51797225009688e-07,
    1.4889802229522964e-08
  ]
}