{
  "positive_frequencies": [
    0.0,
    0.07734375,
    0.1546875,
    0.23203125000000002,
    0.309375,
    0.38671875,
    0.46406250000000004,
    0.54140625,
    0.61875,
    0.6960937500000001,
    0.7734375,
    0.85078125,
    0.9281250000000001,
    1.0054687500000001,
    1.0828125,
    1.16015625,
    1.2375,
    1.31484375,
    1.3921875000000001,
    1.46953125,
    1.546875,
    1.62421875,
    1.7015625,
    1.7789062500000001,
    1.8562500000000002,
    1.93359375,
    2.0109375000000003,
    2.08828125,
    2.165625,
    2.24296875,
    2.3203125,
    2.3976562500000003,
    2.475,
    2.55234375,
    2.6296875,
    2.70703125,
    2.7843750000000003,
    2.86171875,
    2.9390625,
    3.01640625,
    3.09375,
    3.1710937500000003,
    3.2484375,
    3.32578125,
    3.403125,
    3.48046875,
    3.5578125000000003,
    3.63515625,
    3.7125000000000004,
    3.78984375,
    3.8671875,
    3.9445312500000003,
    4.0218750000000005,
    4.09921875,
    4.1765625,
    4.25390625,
    4.33125,
    4.4085937500000005,
    4.4859375,
    4.56328125,
    4.640625,
    4.71796875,
    4.7953125000000005,
    4.87265625,
    4.95
  ],
  "mx_fft_pos": [
    0.004429085459376363,
    0.019241218711256784,
    0.04655351856284049,
    0.04243441706796032,
    0.028896033379857276,
    0.03674024426498348,
    0.025928587996145596,
    0.008199037967779396,
    0.030726902578537087,
    0.0383326742234266,
    0.03216397840589097,
    0.03702638121755482,
    0.03811263599684244,
    0.038573812771812446,
    0.025200944925009683,
    0.005426979895798023,
    0.01337174442212668,
    0.019179497840555386,
    0.01751577376048643,
    0.017093238600265282,
    0.008870448696942838,
    0.009115473906667707,
    0.01260545484681947,
    0.006946820006239683,
    0.011320814627819628,
    0.00704757016988381,
    0.007612211428067095,
    0.0055695526534712434,
    0.0029396849659280738,
    0.0044735841726528695,
    0.0026754706484760373,
    0.004032543250923814,
    0.003967354757033167,
    0.0011039313096095722,
    0.0008329660215556422,
    0.0018529840321478178,
    0.001833098791768786,
    0.0006468615806722587,
    0.0005900845434475137,
    0.0005059170879982899,
    0.0004902789775574002,
    0.00028614761684647526,
    0.0006725636401296996,
    0.00030539236815223285,
    0.00014043773730265741,
    0.00011537030493584865,
    0.00013197706881314683,
    0.00015079232185807165,
    2.921529890497151e-05,
    5.1582213230312634e-05,
    2.426447060469493e-05,
    1.5489760395815284e-05,
    2.432705134160653e-05,
    1.009889995247645e-05,
    1.3993126222933115e-05,
    4.926935737768881e-06,
    1.3635448285736365e-06,
    3.7628836575489006e-06,
    1.1498578336943892e-06,
    3.3593029809583953e-06,
    1.1843856446059753e-06,
    9.774241607566426e-07,
    5.996512624196414e-07,
    4.991391753574569e-07,
    1.0199994736059814e-07
  ],
  "my_fft_pos": [
    0.09473507454020554,
    0.07314606273915698,
    0.03730483513138165,
    0.019990762999478807,
    0.00984509662019154,
    0.01490904610972261,
    0.03773934800128042,
    0.04911129912924503,
    0.04332331111809122,
    0.0327313845116792,
    0.012619669835471532,
    0.018494479699044983,
    0.04022655624523477,
    0.04200262107645236,
    0.036737265462486415,
    0.04024041679618417,
    0.031911429586245633,
    0.009968798909736828,
    0.003677202336859236,
    0.010161209413726044,
    0.01074803899772602,
    0.01832107549778113,
    0.021138467893729147,
    0.01725159067010658,
    0.016678014435349796,
    0.010363380905385373,
    0.0020269618646169742,
    0.002415805783616442,
    0.003110596402307641,
    0.0029628542096601235,
    0.002346599876731649,
    0.0012002310521674199,
    0.000586081002957945,
    0.001597442768442541,
    0.001537704505539835,
    0.0007954753368963656,
    0.0004949576161586891,
    0.0010717140586821519,
    0.0007047904882270324,
    0.0006254599795309779,
    0.000299784275493718,
    0.0001407432327721151,
    0.00033037369073600845,
    1.4130027595656891e-05,
    0.00022062125026090437,
    6.0264553539543233e-05,
    5.8583048092518694e-05,
    4.7607247539919233e-05,
    5.3521078568320176e-05,
    6.591303652679213e-05,
    1.8389532589639247e-05,
    1.2440203533439275e-05,
    1.7924070219196228e-05,
    1.4063474280483955e-06,
    8.686258481772103e-06,
    1.6564531126410516e-06,
    1.420080079362515e-06,
    2.239662987723628e-06,
    2.579779365130655e-06,
    1.7781462304380157e-06,
    1.7139751317352656e-06,
    2.0672585631290648e-06,
    2.15640500198e-06,
    1.801908572479371e-06,
    1.378563867771021e-06
  ],
  "mz_fft_pos": [
    0.068096416242462,
    0.04719887497182741,
    0.025063824454003115,
    0.05875950042118652,
    0.06881204614779281,
    0.06657762347016818,
    0.06789748560515996,
    0.04937599639961119,
    0.024243452363348027,
    0.034978018066214506,
    0.03492831571211688,
    0.032391351327201084,
    0.025890010849169084,
    0.0009021557217953926,
    0.016307291150432994,
    0.010298107272637358,
    0.025785067378339036,
    0.016738522912763655,
    0.005247002514404484,
    0.01505625651875288,
    0.021444476618725644,
    0.017634799888647537,
    0.0058586614646092714,
    0.011503311773204718,
    0.018065595296406136,
    0.007866386332250255,
    0.005361699186179951,
    0.004028635157341903,
    0.0066903961791482894,
    0.006158787264630218,
    0.0007475230816187111,
    0.0032065910199743338,
    0.002364597248853476,
    0.0009817580799737558,
    0.0010702014363015927,
    0.0015461531523827668,
    0.0012910116408438397,
    0.0002509107554685931,
    0.0008511559002694318,
    0.0007854674761317758,
    0.0006678752186552865,
    0.00038544940495295583,
    0.0005245734348647769,
    0.00026250550691514675,
    0.00025367662523491445,
    0.00025309297793553557,
    0.00019685820971177082,
    0.00015108690646037785,
    5.679689197113235e-05,
    8.50569737792434e-05,
    4.494912589345118e-05,
    3.4121574817512796e-05,
    2.350458186638564e-05,
    1.8811499238853095e-05,
    1.1091758685548551e-05,
    7.534521969267887e-06,
    3.488256908863532e-06,
    2.690613259073037e-06,
    8.294497200405168e-07,
    1.0858466087864205e-06,
    5.816888435898744e-07,
    6.404620843371355e-07,
    3.6619799550914787e-07,
    1.5232822404621963e-07,
    2.2942596115349544e-07
  ]
}