{
  "positive_frequencies": [
    0.0,
    0.07734375,
    0.1546875,
    0.23203125000000002,
    0.309375,
    0.38671875,
    0.46406250000000004,
    0.54140625,
    0.61875,
    0.6960937500000001,
    0.7734375,
    0.85078125,
    0.9281250000000001,
    1.0054687500000001,
    1.0828125,
    1.16015625,
    1.2375,
    1.31484375,
    1.3921875000000001,
    1.46953125,
    1.546875,
    1.62421875,
    1.7015625,
    1.7789062500000001,
    1.8562500000000002,
    1.93359375,
    2.0109375000000003,
    2.08828125,
    2.165625,
    2.24296875,
    2.3203125,
    2.3976562500000003,
    2.475,
    2.55234375,
    2.6296875,
    2.70703125,
    2.7843750000000003,
    2.86171875,
    2.9390625,
    3.01640625,
    3.09375,
    3.1710937500000003,
    3.2484375,
    3.32578125,
    3.403125,
    3.48046875,
    3.5578125000000003,
    3.63515625,
    3.7125000000000004,
    3.78984375,
    3.8671875,
    3.9445312500000003,
    4.0218750000000005,
    4.09921875,
    4.1765625,
    4.25390625,
    4.33125,
    4.4085937500000005,
    4.4859375,
    4.56328125,
    4.640625,
    4.71796875,
    4.7953125000000005,
    4.87265625,
    4.95
  ],
  "mx_fft_pos": [
    0.0023680258280321855,
    0.004436858609754896,
    0.00738880394343519,
    0.008635895985385614,
    0.009962485515278747,
    0.007040441383802717,
    0.003956080375070016,
    0.002891527070517092,
    0.0033420549533133394,
    0.0032386515016137748,
    0.004024844967324576,
    0.002751502400427224,
    0.003374383939343903,
    0.0012007750445815367,
    0.0016303891539471921,
    0.0017169657266064605,
    0.001272050540800169,
    0.0038044385693312244,
    0.005116789880657946,
    0.003672614109764904,
    0.0023152944025680387,
    0.0010087810038842844,
    0.001159498055968141,
    0.0023292501232919684,
    0.0022888648498542844,
    0.0016810493744383447,
    0.0011725789784227379,
    0.001044982647335466,
    0.0009011628418826127,
    0.0006889486923771048,
    0.0005937340794126037,
    0.0004440376498232972,
    0.000663114064885286,
    0.0008982307366605907,
    0.0008242442852904802,
    0.0006171391324239585,
    0.0008935414161854527,
    0.0011872449575104902,
    0.0008908631508990454,
    0.0004974948411916422,
    0.00042096067691997635,
    0.0002894900941493974,
    0.00027567473864322927,
    0.0004161757404876236,
    0.0002252241967533912,
    0.00036644378112422215,
    0.000554251344806138,
    0.0003794439802251444,
    0.0002699167221914923,
    0.0003231286190253865,
    0.0003324604943232229,
    0.00023928222324404562,
    0.0002484265732976867,
    0.00019866157679675385,
    0.00033326165927962775,
    0.00032553885537630315,
    0.0001488100173951371,
    0.00013831998459968352,
    0.0001634693033988769,
    0.00015441597991087792,
    7.485492162134487e-05,
    9.191560052427721e-05,
    0.00011866950210256903,
    2.0208984311138738e-05,
    0.00011831523348834763
  ],
  "my_fft_pos": [
    0.0003627220531225564,
    0.005439332271008995,
    0.005188678402767537,
    0.0013894996882967442,
    0.002005941909300126,
    0.0036031229964890816,
    0.004239423511317478,
    0.004513373411627938,
    0.0038205943402755075,
    0.0035992589009442334,
    0.002836918127593198,
    0.0012770096583689177,
    0.0013174195247848718,
    0.0017901641722511117,
    0.0010502867113736526,
    0.00037705963014498167,
    0.0016631832222573173,
    0.0033635496713564166,
    0.0032404114441662575,
    0.001227425822379986,
    0.0010774765737369863,
    0.0013648666918165081,
    0.0009012674171535546,
    0.0020742527850794515,
    0.002508899194320404,
    0.002088892832278679,
    0.001264415377459649,
    8.058672935482547e-05,
    0.001068381792346733,
    0.0011576808168607758,
    0.0008712012617165412,
    0.0007603690629924468,
    0.000810483919842188,
    0.0011439794441903681,
    0.001170222152009673,
    0.00047413606698389256,
    0.0002363946564246812,
    0.00019616397304864322,
    0.0003289522991995333,
    0.00036234878589107755,
    0.0005168895864998655,
    0.0007944273789687362,
    0.0006758520411639939,
    0.00041231404571695116,
    0.0002412276384752408,
    0.0006241002115590405,
    0.0007707076404632217,
    0.0005859764910957606,
    0.00047399734934137016,
    0.00022048681587783417,
    8.25771946116536e-05,
    0.000257030254356967,
    0.00011331426569348255,
    0.00011963584692476475,
    0.00014554540734968444,
    0.00024050833374335203,
    0.0002867994242918646,
    0.00014995145235408252,
    9.724321777514379e-05,
    9.243166422256067e-05,
    1.1788736113242103e-05,
    5.817292171766787e-05,
    6.805923179777961e-05,
    7.78859967981579e-05,
    7.509027633978247e-05
  ],
  "mz_fft_pos": [
    0.0029899432624885193,
    0.0035989610496935465,
    0.002562401195363456,
    0.0007006515595260338,
    0.0005207246038010791,
    0.0004586662074723106,
    0.0023460610053909867,
    0.0042236034758394,
    0.004000608446270494,
    0.0010181147402195218,
    0.0017084700049458342,
    0.0020979163215477663,
    0.0016290101030342339,
    0.001599754416863875,
    0.00203063384908051,
    0.0003678168375450863,
    0.0014726999630442891,
    0.002131816453644667,
    0.0034808336737142277,
    0.0024967451987746164,
    0.00036441572091464665,
    0.0013168494889401283,
    0.0017679621945539987,
    0.00140110400520185,
    0.0006653179971346548,
    0.0003618163280492776,
    0.0009786340211071151,
    0.0012214057970317265,
    0.0007715893856717393,
    0.0004277126523927647,
    0.0008185503963130897,
    0.0016504191126139472,
    0.002112625845837994,
    0.0019410088375642295,
    0.0012722379026725425,
    0.0005076672230662033,
    0.0006789190868373087,
    0.0008654580760883063,
    0.0003859517965792195,
    0.000424330999989805,
    0.000677429614548895,
    0.0004916073076971768,
    0.00016229659114762914,
    8.494797243674448e-05,
    0.00021594323912955344,
    0.0004085862816321519,
    0.00044716304374175435,
    0.00033400954895774387,
    9.185530017167728e-05,
    0.00022050726319688282,
    0.00035811211931020587,
    0.0002626066402518928,
    0.00015166829158676985,
    0.0002556504617807693,
    0.00023565614554882638,
    0.00014428420423012923,
    0.0001050950096247921,
    8.088499573085478e-05,
    7.508006435515932e-05,
    6.609668008908562e-05,
    0.00010963997399873266,
    6.621680900395683e-05,
    6.744311215575639e-05,
    3.773308864527724e-05,
    6.047228601211152e-06
  ]
}