{
  "positive_frequencies": [
    0.0,
    0.07734375,
    0.1546875,
    0.23203125000000002,
    0.309375,
    0.38671875,
    0.46406250000000004,
    0.54140625,
    0.61875,
    0.6960937500000001,
    0.7734375,
    0.85078125,
    0.9281250000000001,
    1.0054687500000001,
    1.0828125,
    1.16015625,
    1.2375,
    1.31484375,
    1.3921875000000001,
    1.46953125,
    1.546875,
    1.62421875,
    1.7015625,
    1.7789062500000001,
    1.8562500000000002,
    1.93359375,
    2.0109375000000003,
    2.08828125,
    2.165625,
    2.24296875,
    2.3203125,
    2.3976562500000003,
    2.475,
    2.55234375,
    2.6296875,
    2.70703125,
    2.7843750000000003,
    2.86171875,
    2.9390625,
    3.01640625,
    3.09375,
    3.1710937500000003,
    3.2484375,
    3.32578125,
    3.403125,
    3.48046875,
    3.5578125000000003,
    3.63515625,
    3.7125000000000004,
    3.78984375,
    3.8671875,
    3.9445312500000003,
    4.0218750000000005,
    4.09921875,
    4.1765625,
    4.25390625,
    4.33125,
    4.4085937500000005,
    4.4859375,
    4.56328125,
    4.640625,
    4.71796875,
    4.7953125000000005,
    4.87265625,
    4.95
  ],
  "mx_fft_pos": [
    0.0743136260530348,
    0.08204009191324958,
    0.084570642455678,
    0.06235468431206612,
    0.026751018801331208,
    0.007925806187367478,
    0.036949356735769635,
    0.04778196248641829,
    0.044878871874635316,
    0.048022725252360086,
    0.04856513804834261,
    0.04808132896647461,
    0.05470851140271708,
    0.04425883903810682,
    0.011022445223716586,
    0.04264054913147119,
    0.040064803867053876,
    0.004999781876693346,
    0.024325800453929257,
    0.017543663973335975,
    0.0028103500761984296,
    0.01079833765175618,
    0.024772378412492347,
    0.03951207876764328,
    0.04556537385926896,
    0.03428321020123806,
    0.01749285850112851,
    0.00915884983023508,
    0.009253834063245744,
    0.006488476716970336,
    0.015980536175825868,
    0.018620711103964273,
    0.01180898886261382,
    0.010897986453482276,
    0.012142904339903327,
    0.00550423101940733,
    0.000988087559246471,
    0.0026401189331258213,
    0.007392485528220812,
    0.009275331308239649,
    0.006032717332956411,
    0.002112651232392501,
    0.0020657700513729287,
    0.0031003425744248947,
    0.0022584514896824208,
    0.0005836856993921787,
    0.0007892809636828684,
    0.003490103543129702,
    0.003777090508738399,
    0.0008967422588922579,
    0.0014135356910580038,
    0.0026553183470454933,
    0.0020075002157758774,
    0.0010032778153499153,
    0.0012679720420214937,
    0.0008267418745275216,
    0.0004844864598496803,
    0.0005946759264959827,
    0.0003859161876001125,
    0.000557305819536807,
    0.00019144054723407698,
    0.0004891655984949749,
    0.00037559215323628705,
    0.00019523219964712014,
    0.0004949756040218833
  ],
  "my_fft_pos": [
    0.030030465092591788,
    0.0477428024732229,
    0.05285319391996051,
    0.03639421630074899,
    0.026057065270216326,
    0.025350524047868635,
    0.02705955593019546,
    0.031874534386395904,
    0.03654720447487507,
    0.03286525136968747,
    0.03069030185546705,
    0.03491132614470161,
    0.030675377785099614,
    0.03357561866166491,
    0.050611105376255565,
    0.05510629709279273,
    0.02945358481704742,
    0.017602031358148022,
    0.03204359936295981,
    0.032232850574649884,
    0.020631830329006177,
    0.03147396570603633,
    0.0345621102835109,
    0.02679485762014651,
    0.006585967474277664,
    0.016778052353346676,
    0.02246836088097337,
    0.019427138168787196,
    0.01922586375349628,
    0.02181069448790371,
    0.02030495948435213,
    0.012660678924272752,
    0.00843668774052037,
    0.005625478765967411,
    0.006865950993580437,
    0.0059342287186276,
    0.01287681331418747,
    0.010578747893399987,
    0.006261491353664284,
    0.008521400373077838,
    0.0062663596370673355,
    0.004525920014933909,
    0.003994286381649236,
    0.007136942492693411,
    0.00853862050332988,
    0.004689694707369438,
    0.001411724174271052,
    0.0013036522955554091,
    0.0018474021706421657,
    0.001141832173963129,
    0.002201320690561308,
    0.0017733348602219806,
    0.00029132184161652033,
    0.0009282751392088515,
    0.0001700096391733604,
    0.00023999107636589123,
    0.001609751586030907,
    0.0011095759494516271,
    0.0009124036196167355,
    0.0004491476039077125,
    0.000208870750581653,
    0.00042367818556129444,
    0.0003731185277135982,
    0.00044693443322647885,
    7.868497593200186e-05
  ],
  "mz_fft_pos": [
    0.009445807479782593,
    0.021623525946481842,
    0.03572552928681899,
    0.03907445513423313,
    0.025017688987730987,
    0.026708242546292834,
    0.06835201258502001,
    0.04996167305520679,
    0.03181573303606914,
    0.07535346927774461,
    0.06291753757398404,
    0.027739212927822696,
    0.03166027623178736,
    0.007015131600019792,
    0.02553530260515695,
    0.01827843831519566,
    0.023789675776214037,
    0.036128322824089114,
    0.02846554424897945,
    0.01766827706276418,
    0.01611985485551842,
    0.028184352421296858,
    0.03366002900644256,
    0.03001700244429267,
    0.02696274142473709,
    0.02609834491274552,
    0.018017820638362807,
    0.011997994464220549,
    0.009259039783513867,
    0.005531150313611166,
    0.012746877573162532,
    0.014115086527601201,
    0.01165966466894374,
    0.010817268781441151,
    0.009869861199178775,
    0.008841682003974878,
    0.003444096532775746,
    0.0058419162877284435,
    0.005867216172299862,
    0.005499930473413164,
    0.00341330911221261,
    0.001752616557021681,
    0.004150065271397149,
    0.0020749816010632955,
    0.0005583462255745983,
    0.0014814821426501787,
    0.0015206297001194521,
    0.0007356065265060632,
    0.0004816633514084044,
    0.0003789275141931312,
    0.0007701186393267912,
    0.00040354288642189195,
    0.0008907532246933881,
    0.00045627096058355985,
    0.0003415662407188089,
    0.00042409149509501157,
    0.0003286445536446142,
    0.00021187440937739225,
    0.00013323729956472039,
    8.531456397164241e-05,
    2.9687776011234464e-05,
    1.783795612640154e-05,
    8.930273883207904e-06,
    7.517972250080744e-07,
    1.4889802226192295e-08
  ]
}