{
  "positive_frequencies": [
    0.0,
    0.07734375,
    0.1546875,
    0.23203125000000002,
    0.309375,
    0.38671875,
    0.46406250000000004,
    0.54140625,
    0.61875,
    0.6960937500000001,
    0.7734375,
    0.85078125,
    0.9281250000000001,
    1.0054687500000001,
    1.0828125,
    1.16015625,
    1.2375,
    1.31484375,
    1.3921875000000001,
    1.46953125,
    1.546875,
    1.62421875,
    1.7015625,
    1.7789062500000001,
    1.8562500000000002,
    1.93359375,
    2.0109375000000003,
    2.08828125,
    2.165625,
    2.24296875,
    2.3203125,
    2.3976562500000003,
    2.475,
    2.55234375,
    2.6296875,
    2.70703125,
    2.7843750000000003,
    2.86171875,
    2.9390625,
    3.01640625,
    3.09375,
    3.1710937500000003,
    3.2484375,
    3.32578125,
    3.403125,
    3.48046875,
    3.5578125000000003,
    3.63515625,
    3.7125000000000004,
    3.78984375,
    3.8671875,
    3.9445312500000003,
    4.0218750000000005,
    4.09921875,
    4.1765625,
    4.25390625,
    4.33125,
    4.4085937500000005,
    4.4859375,
    4.56328125,
    4.640625,
    4.71796875,
    4.7953125000000005,
    4.87265625,
    4.95
  ],
  "mx_fft_pos": [
    0.0023680258280321855,
    0.004436858609754896,
    0.00738880394343519,
    0.008635895985385614,
    0.009962485515278749,
    0.007040441383802717,
    0.0039560803750700166,
    0.002891527070517093,
    0.0033420549533133394,
    0.003238651501613774,
    0.004024844967324577,
    0.0027515024004272242,
    0.0033743839393439033,
    0.0012007750445815362,
    0.0016303891539471921,
    0.0017169657266064607,
    0.0012720505408001686,
    0.003804438569331224,
    0.005116789880657945,
    0.003672614109764904,
    0.002315294402568039,
    0.001008781003884284,
    0.0011594980559681415,
    0.002329250123291969,
    0.0022888648498542844,
    0.0016810493744383447,
    0.0011725789784227374,
    0.0010449826473354655,
    0.0009011628418826121,
    0.0006889486923771049,
    0.0005937340794126029,
    0.0004440376498232964,
    0.000663114064885285,
    0.0008982307366605892,
    0.0008242442852904802,
    0.0006171391324239584,
    0.0008935414161854524,
    0.0011872449575104894,
    0.0008908631508990443,
    0.0004974948411916413,
    0.0004209606769199759,
    0.0002894900941493981,
    0.0002756747386432289,
    0.00041617574048762263,
    0.00022522419675339043,
    0.0003664437811242219,
    0.0005542513448061382,
    0.0003794439802251447,
    0.00026991672219149203,
    0.0003231286190253865,
    0.0003324604943232229,
    0.0002392822232440452,
    0.00024842657329768753,
    0.0001986615767967542,
    0.0003332616592796281,
    0.0003255388553763037,
    0.00014881001739513734,
    0.0001383199845996833,
    0.0001634693033988766,
    0.00015441597991087792,
    7.485492162134508e-05,
    9.191560052427739e-05,
    0.00011866950210256855,
    2.0208984311139432e-05,
    0.00011831523348834818
  ],
  "my_fft_pos": [
    0.0003627220531225581,
    0.005439332271008995,
    0.005188678402767536,
    0.0013894996882967432,
    0.0020059419093001267,
    0.0036031229964890816,
    0.004239423511317478,
    0.004513373411627936,
    0.0038205943402755075,
    0.003599258900944234,
    0.002836918127593198,
    0.0012770096583689177,
    0.0013174195247848714,
    0.0017901641722511113,
    0.0010502867113736526,
    0.0003770596301449814,
    0.0016631832222573173,
    0.0033635496713564166,
    0.0032404114441662575,
    0.0012274258223799865,
    0.0010774765737369865,
    0.001364866691816508,
    0.0009012674171535545,
    0.0020742527850794524,
    0.0025088991943204046,
    0.0020888928322786784,
    0.0012644153774596485,
    8.058672935482571e-05,
    0.0010683817923467333,
    0.0011576808168607758,
    0.0008712012617165402,
    0.0007603690629924468,
    0.0008104839198421886,
    0.0011439794441903683,
    0.0011702221520096727,
    0.0004741360669838929,
    0.00023639465642468063,
    0.000196163973048643,
    0.00032895229919953427,
    0.00036234878589107836,
    0.000516889586499866,
    0.0007944273789687366,
    0.0006758520411639949,
    0.00041231404571695154,
    0.00024122763847524113,
    0.0006241002115590404,
    0.000770707640463221,
    0.0005859764910957601,
    0.00047399734934137016,
    0.00022048681587783433,
    8.257719461165323e-05,
    0.00025703025435696696,
    0.00011331426569348297,
    0.00011963584692476456,
    0.0001455454073496843,
    0.00024050833374335203,
    0.00028679942429186473,
    0.00014995145235408228,
    9.724321777514403e-05,
    9.24316642225606e-05,
    1.1788736113242867e-05,
    5.817292171766824e-05,
    6.805923179777979e-05,
    7.78859967981583e-05,
    7.509027633978309e-05
  ],
  "mz_fft_pos": [
    0.0029899432624885215,
    0.0035989610496935465,
    0.002562401195363458,
    0.0007006515595260329,
    0.0005207246038010779,
    0.0004586662074723088,
    0.0023460610053909854,
    0.004223603475839403,
    0.0040006084462704955,
    0.0010181147402195227,
    0.0017084700049458353,
    0.002097916321547767,
    0.001629010103034234,
    0.001599754416863875,
    0.00203063384908051,
    0.00036781683754508567,
    0.0014726999630442885,
    0.002131816453644666,
    0.0034808336737142264,
    0.002496745198774615,
    0.0003644157209146456,
    0.0013168494889401296,
    0.001767962194553999,
    0.0014011040052018492,
    0.0006653179971346544,
    0.00036181632804927757,
    0.0009786340211071145,
    0.0012214057970317263,
    0.0007715893856717396,
    0.000427712652392764,
    0.0008185503963130897,
    0.0016504191126139474,
    0.002112625845837994,
    0.0019410088375642304,
    0.0012722379026725425,
    0.0005076672230662026,
    0.0006789190868373081,
    0.0008654580760883056,
    0.0003859517965792189,
    0.0004243309999898045,
    0.0006774296145488936,
    0.0004916073076971759,
    0.00016229659114762985,
    8.494797243674426e-05,
    0.00021594323912955314,
    0.00040858628163215126,
    0.00044716304374175294,
    0.0003340095489577432,
    9.185530017167774e-05,
    0.00022050726319688106,
    0.00035811211931020484,
    0.0002626066402518929,
    0.00015166829158677004,
    0.0002556504617807683,
    0.00023565614554882586,
    0.00014428420423012953,
    0.00010509500962479263,
    8.088499573085437e-05,
    7.508006435515968e-05,
    6.609668008908432e-05,
    0.00010963997399873176,
    6.6216809003957e-05,
    6.744311215575574e-05,
    3.7733088645276835e-05,
    6.047228601211152e-06
  ]
}