{
  "positive_frequencies": [
    0.0,
    0.07734375,
    0.1546875,
    0.23203125000000002,
    0.309375,
    0.38671875,
    0.46406250000000004,
    0.54140625,
    0.61875,
    0.6960937500000001,
    0.7734375,
    0.85078125,
    0.9281250000000001,
    1.0054687500000001,
    1.0828125,
    1.16015625,
    1.2375,
    1.31484375,
    1.3921875000000001,
    1.46953125,
    1.546875,
    1.62421875,
    1.7015625,
    1.7789062500000001,
    1.8562500000000002,
    1.93359375,
    2.0109375000000003,
    2.08828125,
    2.165625,
    2.24296875,
    2.3203125,
    2.3976562500000003,
    2.475,
    2.55234375,
    2.6296875,
    2.70703125,
    2.7843750000000003,
    2.86171875,
    2.9390625,
    3.01640625,
    3.09375,
    3.1710937500000003,
    3.2484375,
    3.32578125,
    3.403125,
    3.48046875,
    3.5578125000000003,
    3.63515625,
    3.7125000000000004,
    3.78984375,
    3.8671875,
    3.9445312500000003,
    4.0218750000000005,
    4.09921875,
    4.1765625,
    4.25390625,
    4.33125,
    4.4085937500000005,
    4.4859375,
    4.56328125,
    4.640625,
    4.71796875,
    4.7953125000000005,
    4.87265625,
    4.95
  ],
  "mx_fft_pos": [
    0.0743136260530348,
    0.08204009191324958,
    0.08457064245567798,
    0.06235468431206612,
    0.026751018801331204,
    0.007925806187367481,
    0.03694935673576964,
    0.04778196248641829,
    0.044878871874635316,
    0.048022725252360086,
    0.04856513804834261,
    0.04808132896647463,
    0.05470851140271708,
    0.04425883903810682,
    0.011022445223716598,
    0.04264054913147119,
    0.04006480386705388,
    0.004999781876693331,
    0.024325800453929257,
    0.017543663973335975,
    0.002810350076198438,
    0.010798337651756173,
    0.02477237841249234,
    0.039512078767643274,
    0.045565373859268954,
    0.034283210201238055,
    0.017492858501128524,
    0.009158849830235098,
    0.009253834063245751,
    0.006488476716970332,
    0.015980536175825864,
    0.01862071110396427,
    0.011808988862613811,
    0.010897986453482271,
    0.012142904339903322,
    0.005504231019407323,
    0.0009880875592464618,
    0.0026401189331258248,
    0.00739248552822082,
    0.009275331308239652,
    0.006032717332956405,
    0.002112651232392502,
    0.0020657700513729334,
    0.003100342574424899,
    0.00225845148968242,
    0.0005836856993921808,
    0.0007892809636828716,
    0.003490103543129704,
    0.0037770905087384054,
    0.000896742258892254,
    0.001413535691058,
    0.0026553183470454846,
    0.0020075002157758774,
    0.00100327781534992,
    0.0012679720420214998,
    0.0008267418745275201,
    0.0004844864598496883,
    0.0005946759264959827,
    0.0003859161876001056,
    0.0005573058195368006,
    0.0001914405472340814,
    0.0004891655984949732,
    0.0003755921532362872,
    0.00019523219964712288,
    0.0004949756040219011
  ],
  "my_fft_pos": [
    0.030030465092591784,
    0.047742802473222906,
    0.05285319391996052,
    0.036394216300748995,
    0.026057065270216322,
    0.025350524047868642,
    0.02705955593019548,
    0.0318745343863959,
    0.03654720447487507,
    0.032865251369687466,
    0.030690301855467044,
    0.034911326144701604,
    0.03067537778509961,
    0.03357561866166491,
    0.05061110537625558,
    0.05510629709279273,
    0.02945358481704742,
    0.01760203135814802,
    0.03204359936295981,
    0.03223285057464988,
    0.02063183032900617,
    0.031473965706036326,
    0.0345621102835109,
    0.02679485762014651,
    0.006585967474277671,
    0.016778052353346673,
    0.022468360880973374,
    0.019427138168787182,
    0.01922586375349626,
    0.021810694487903702,
    0.02030495948435214,
    0.012660678924272745,
    0.00843668774052036,
    0.005625478765967397,
    0.006865950993580437,
    0.005934228718627589,
    0.012876813314187458,
    0.01057874789339998,
    0.0062614913536642915,
    0.008521400373077847,
    0.00626635963706734,
    0.0045259200149339145,
    0.003994286381649239,
    0.007136942492693409,
    0.008538620503329885,
    0.00468969470736944,
    0.001411724174271052,
    0.0013036522955554022,
    0.0018474021706421612,
    0.0011418321739631334,
    0.002201320690561312,
    0.0017733348602219764,
    0.00029132184161653025,
    0.0009282751392088591,
    0.00017000963917335283,
    0.0002399910763658864,
    0.001609751586030896,
    0.0011095759494516267,
    0.000912403619616735,
    0.00044914760390771794,
    0.00020887075058166453,
    0.0004236781855612853,
    0.0003731185277135846,
    0.00044693443322648416,
    7.868497593200408e-05
  ],
  "mz_fft_pos": [
    0.009445807479782575,
    0.021623525946481842,
    0.03572552928681899,
    0.03907445513423314,
    0.025017688987730997,
    0.026708242546292834,
    0.06835201258502002,
    0.04996167305520679,
    0.031815733036069146,
    0.07535346927774464,
    0.06291753757398406,
    0.027739212927822707,
    0.031660276231787354,
    0.007015131600019797,
    0.02553530260515695,
    0.018278438315195666,
    0.023789675776214027,
    0.0361283228240891,
    0.02846554424897945,
    0.017668277062764175,
    0.01611985485551843,
    0.028184352421296858,
    0.03366002900644256,
    0.030017002444292666,
    0.0269627414247371,
    0.026098344912745527,
    0.018017820638362814,
    0.011997994464220549,
    0.009259039783513872,
    0.005531150313611167,
    0.012746877573162537,
    0.014115086527601201,
    0.011659664668943743,
    0.010817268781441156,
    0.009869861199178768,
    0.00884168200397488,
    0.0034440965327757456,
    0.00584191628772845,
    0.005867216172299865,
    0.005499930473413151,
    0.0034133091122126023,
    0.0017526165570216664,
    0.004150065271397142,
    0.0020749816010632942,
    0.0005583462255746055,
    0.0014814821426501767,
    0.0015206297001194454,
    0.0007356065265060683,
    0.00048166335140841394,
    0.000378927514193124,
    0.000770118639326796,
    0.00040354288642189087,
    0.0008907532246933844,
    0.00045627096058355345,
    0.00034156624071880965,
    0.0004240914950950111,
    0.00032864455364461296,
    0.0002118744093773812,
    0.0001332372995647196,
    8.531456397163381e-05,
    2.9687776011231614e-05,
    1.78379561264033e-05,
    8.930273883216607e-06,
    7.517972250181902e-07,
    1.4889802244510975e-08
  ]
}