{
  "times": [
    0.0,
    0.10101010101010101,
    0.20202020202020202,
    0.30303030303030304,
    0.40404040404040403,
    0.5050505050505051,
    0.6060606060606061,
    0.7070707070707071,
    0.8080808080808081,
    0.9090909090909091,
    1.0101010101010102,
    1.1111111111111112,
    1.2121212121212122,
    1.3131313131313131,
    1.4141414141414141,
    1.5151515151515151,
    1.6161616161616161,
    1.7171717171717171,
    1.8181818181818181,
    1.9191919191919191,
    2.0202020202020203,
    2.121212121212121,
    2.2222222222222223,
    2.323232323232323,
    2.4242424242424243,
    2.525252525252525,
    2.6262626262626263,
    2.727272727272727,
    2.8282828282828283,
    2.929292929292929,
    3.0303030303030303,
    3.131313131313131,
    3.2323232323232323,
    3.3333333333333335,
    3.4343434343434343,
    3.5353535353535355,
    3.6363636363636362,
    3.7373737373737375,
    3.8383838383838382,
    3.9393939393939394,
    4.040404040404041,
    4.141414141414141,
    4.242424242424242,
    4.343434343434343,
    4.444444444444445,
    4.545454545454545,
    4.646464646464646,
    4.747474747474747,
    4.848484848484849,
    4.94949494949495,
    5.05050505050505,
    5.151515151515151,
    5.252525252525253,
    5.353535353535354,
    5.454545454545454,
    5.555555555555555,
    5.656565656565657,
    5.757575757575758,
    5.858585858585858,
    5.959595959595959,
    6.0606060606060606,
    6.161616161616162,
    6.262626262626262,
    6.363636363636363,
    6.4646464646464645,
    6.565656565656566,
    6.666666666666667,
    6.767676767676767,
    6.8686868686868685,
    6.96969696969697,
    7.070707070707071,
    7.171717171717171,
    7.2727272727272725,
    7.373737373737374,
    7.474747474747475,
    7.575757575757575,
    7.6767676767676765,
    7.777777777777778,
    7.878787878787879,
    7.979797979797979,
    8.080808080808081,
    8.181818181818182,
    8.282828282828282,
    8.383838383838384,
    8.484848484848484,
    8.585858585858587,
    8.686868686868687,
    8.787878787878787,
    8.88888888888889,
    8.98989898989899,
    9.09090909090909,
    9.191919191919192,
    9.292929292929292,
    9.393939393939394,
    9.494949494949495,
    9.595959595959595,
    9.696969696969697,
    9.797979797979798,
    9.8989898989899,
    10.0
  ],
  "mx": [
    1.0,
    0.18233959179977235,
    0.006053688745229665,
    -0.00851400750262637,
    -0.01902502438994151,
    0.016241408339194935,
    0.019942080216076755,
    0.008612623085374185,
    -0.01006349336532144,
    -0.02700655505001394,
    -0.025945344351970337,
    0.015957937996965876,
    -0.01960982246660328,
    -0.06455205000941744,
    0.037974585237696395,
    0.04118347635004252,
    0.035458060864322856,
    -0.0040320750416055805,
    0.0013428887146327746,
    -0.04800882763335792,
    -0.021164055303737404,
    0.0038786068407185726,
    -0.018860259188756636,
    -0.049181379755321254,
    -0.04153239500132658,
    -0.011589130846068786,
    -0.004460926351530354,
    0.00042357896245633693,
    0.010503961829569653,
    -0.017025399062317745,
    -0.003488468373337445,
    -0.0013656718309840396,
    -0.002876904113389094,
    0.008865709527436209,
    0.014512294669935996,
    -0.007212969821545544,
    -0.014356727097338116,
    0.0026692709218145566,
    0.01208525339111348,
    -0.0073338665056044494,
    -0.0013405910636518992,
    0.0009003254669608778,
    -0.04508220621472017,
    -0.03738714547105139,
    0.004238762841875913,
    0.0056247689400242724,
    0.029222307193374153,
    0.04033207857700708,
    -0.005838807246548182,
    -0.023497190855154376,
    0.02453145016890359,
    0.022988741974331452,
    -0.0001865415907547749,
    0.02038187355842331,
    -0.022387363525303287,
    0.011991724120258975,
    0.030461774908895716,
    -0.009950752574850365,
    0.019167530965594134,
    -0.002916519241180329,
    -0.02308066474018808,
    -0.010977981840712702,
    -0.016255522697429386,
    0.03737061673958074,
    -0.013654102540136293,
    -0.032263936533451436,
    -0.005183048900667512,
    -0.005742415177236443,
    0.0034832848417417133,
    -0.006790785428038396,
    -0.009680061743307884,
    -0.00025666621548427193,
    -0.042815101215887524,
    -0.01345168876541746,
    -0.023362449590560257,
    -0.004164479245209348,
    0.020812345439087512,
    0.007755066702667342,
    -0.011140415326707957,
    -0.010120594281821143,
    0.0024995184678658078,
    -0.009389541408971153,
    0.006604874180223813,
    0.028340305030301143,
    0.0072788247098407016,
    -0.04215557359163194,
    -0.029820958970092046,
    -0.015214068545259455,
    -0.011398179763518316,
    -0.031876911616891296,
    -0.014016000863531573,
    -0.007744365269533374,
    -0.009493034453630833,
    -0.0011261320008306578,
    0.011181583547934228,
    0.00217994873248774,
    -0.013839590122303895,
    -0.006470242650786767,
    0.05219594589119687,
    0.11111111111111092
  ],
  "my": [
    0.0,
    0.04308906340545136,
    -0.007388272234917361,
    -0.005196457365530461,
    0.026496568114132434,
    0.006585238033906214,
    0.022272177758720528,
    -0.024067322831689653,
    -0.0035077754127366013,
    0.016448605199036195,
    0.03143827636969646,
    0.029124267139459956,
    0.005619641087451232,
    -0.07464591041598022,
    -0.031507023472351264,
    0.05881080538091431,
    0.02100412707164493,
    -0.0211712280604385,
    0.034157720021290784,
    0.05102430891024071,
    0.011157259743080865,
    -0.026432736642431825,
    -0.005884203273721129,
    -0.03544099486097734,
    -0.039790722454360494,
    -0.02771022493730378,
    -0.02664314028312191,
    -0.03228117422796538,
    -0.000584604510639126,
    0.030698073069080536,
    0.005611675874080075,
    -0.00788353227552783,
    -0.0008815291295157057,
    0.009358375143774758,
    0.017357297455674846,
    0.022720925902918576,
    0.01845224705165234,
    0.01456477406284047,
    0.00647824986788712,
    -0.010738029360759427,
    -0.024321945715829126,
    -0.003107515716792899,
    0.008566892856849664,
    -0.014436881188999249,
    -0.0174801917992759,
    0.015871194403531495,
    0.011143253094645223,
    0.01429554752530989,
    0.001585144898102536,
    -0.02135011720535508,
    0.004493627066341658,
    0.002261887386838706,
    -0.008226023102807494,
    0.027319568744156055,
    0.03151099092953192,
    0.02444016301308937,
    -0.0031346768848774607,
    -0.001235764356627447,
    0.0044234966093124805,
    -0.025921428680915442,
    -0.008324182064585428,
    0.0018657874831879194,
    -0.020519801626316805,
    0.011166091648061543,
    -0.019517964719885275,
    0.01818600268288881,
    -0.03040528177818833,
    0.015800511315948538,
    -0.02344600950643151,
    -0.028614915088909468,
    -0.007529739668745459,
    0.03633651442326235,
    0.004949468270699943,
    -0.01439108390324157,
    0.009409955723434303,
    -0.02437874329698742,
    0.010327271811634321,
    -0.011623032117904188,
    0.007710246650031277,
    0.03093517298792579,
    -0.014121731099085036,
    0.005471127070184566,
    0.031215991199584528,
    -0.005253427063080846,
    -0.000564269720823704,
    -0.009477138596626078,
    -0.05279957101715544,
    -0.029576824915055797,
    -0.007172939841172351,
    -0.035320075544157524,
    -0.026076323380479365,
    0.026093637051014664,
    0.053139532857772745,
    0.023347276166533433,
    0.015599356293712403,
    0.01108206196594978,
    0.017031214052481026,
    -0.009708545177980572,
    -0.05463850965124256,
    5.806504968200146e-18
  ],