{
  "metadata": {
    "circuit_type": "comb_generator",
    "qubits": 9,
    "shots": 8192,
    "drive_steps": 5,
    "time_points": 100,
    "max_time": 10.0,
    "drive_param": 0.8999999999999999,
    "init_state": "superposition",
    "drive_frequency": 0.1,
    "has_subharmonics": false,
    "time_crystal_detected": false,
    "incommensurate_count": 0,
    "linear_combs_detected": false,
    "log_combs_detected": false,
    "created_at": "2025-05-17 22:15:23",
    "sweep_session": "parameter_scan_20250517_20250517_221328",
    "sweep_index": 8,
    "sweep_param1": "drive_param",
    "sweep_value1": 0.8999999999999999,
    "sweep_param2": null,
    "sweep_value2": null
  },
  "positive_frequencies": [
    0.0,
    0.07734375,
    0.1546875,
    0.23203125000000002,
    0.309375,
    0.38671875,
    0.46406250000000004,
    0.54140625,
    0.61875,
    0.6960937500000001,
    0.7734375,
    0.85078125,
    0.9281250000000001,
    1.0054687500000001,
    1.0828125,
    1.16015625,
    1.2375,
    1.31484375,
    1.3921875000000001,
    1.46953125,
    1.546875,
    1.62421875,
    1.7015625,
    1.7789062500000001,
    1.8562500000000002,
    1.93359375,
    2.0109375000000003,
    2.08828125,
    2.165625,
    2.24296875,
    2.3203125,
    2.3976562500000003,
    2.475,
    2.55234375,
    2.6296875,
    2.70703125,
    2.7843750000000003,
    2.86171875,
    2.9390625,
    3.01640625,
    3.09375,
    3.1710937500000003,
    3.2484375,
    3.32578125,
    3.403125,
    3.48046875,
    3.5578125000000003,
    3.63515625,
    3.7125000000000004,
    3.78984375,
    3.8671875,
    3.9445312500000003,
    4.0218750000000005,
    4.09921875,
    4.1765625,
    4.25390625,
    4.33125,
    4.4085937500000005,
    4.4859375,
    4.56328125,
    4.640625,
    4.71796875,
    4.7953125000000005,
    4.87265625,
    4.95
  ],
  "mx_fft_pos": [
    0.0026174054746062165,
    0.0004038666650835713,
    0.0031012471101543163,
    0.003568741767491823,
    0.002154466796761652,
    0.002663629318196724,
    0.0033029280878958678,
    0.0028891827079283766,
    0.003440142322230347,
    0.0014357480811003846,
    0.00037835842431547975,
    0.001107070297666295,
    0.0030834745946032626,
    0.003435799452118241,
    0.002374899913104902,
    0.0014046655056920117,
    0.0020860108925346062,
    0.002897029610741062,
    0.0019805717257082916,
    0.000409696177275228,
    0.00365233923685211,
    0.006448755706364109,
    0.005306816206041653,
    0.0026124826932631194,
    0.002291017270131635,
    0.0032105776684541476,
    0.00173063967618331,
    0.0006537526845861332,
    0.000458554955312607,
    0.0016166815438538992,
    0.0027332449158242985,
    0.002979322350793886,
    0.0021523995042346043,
    0.001422031438032537,
    0.0021101775904424414,
    0.0021621978102549376,
    0.0011756839577418616,
    0.0008954482385488678,
    0.0012999142257637513,
    0.003928278515041381,
    0.003884459423842338,
    0.002784537351969089,
    0.002440361536375139,
    0.002724636417974794,
    0.0025493609061816745,
    0.002139684130754102,
    0.0024070801233213347,
    0.0027129031230870805,
    0.0023445962210112965,
    0.0023955902879304806,
    0.003094098375911437,
    0.0035892991704635367,
    0.0030421535396928214,
    0.001755269371794195,
    0.0015499888547583596,
    0.001003726204611405,
    0.0005597259834195847,
    0.000247674037003073,
    0.0004945020289073309,
    0.000264539419785991,
    0.0005478050516739417,
    0.0002869608642410186,
    0.0012407945381775675,
    0.0012671439331390013,
    0.00019015657182853876
  ],
  "my_fft_pos": [
    0.000136375933242375,
    0.0006188494411783275,
    0.001730301449155979,
    0.0022215735130726773,
    0.0013166124453235226,
    0.001832876892655082,
    0.00470497066468947,
    0.004275226428476669,
    0.0033449068858308075,
    0.001532439077862597,
    0.002513712979204741,
    0.002368766698430483,
    0.0008277773526215164,
    0.0022350039013317507,
    0.0052983675748085966,
    0.004654155533769387,
    0.0019557383367837084,
    0.00042853399850829437,
    0.0005329579835942586,
    0.00044787461458478515,
    0.0021745503860014993,
    0.0033224178946499017,
    0.0021952215382250043,
    0.0005812559860984102,
    0.001171323154500122,
    0.001719503990672255,
    6.745964169326915e-05,
    0.001309810912113225,
    0.0017337815631495968,
    0.002234247346437403,
    0.0034275534157706296,
    0.0027772786371001996,
    0.0023969586595742696,
    0.0016405013174607627,
    0.0018451723917353743,
    0.0005540322067538829,
    0.002620115581741289,
    0.0029212993978090696,
    0.0008658302823768995,
    0.0031599530904609556,
    0.002873914587320388,
    0.0017432345296069423,
    0.0007599213902017218,
    0.00044471110825396913,
    0.001719902518823469,
    0.0016236896555785014,
    0.0010509335054111138,
    0.0006910456230645151,
    0.0020737964975127833,
    0.0022897603474236923,
    0.001982099895854279,
    0.0013511040446054874,
    0.0012099424841609811,
    0.001738797873984477,
    0.0021587229174235578,
    0.0015954210228771764,
    0.0018482003598061308,
    0.002173875266917454,
    0.0017864802816420042,
    0.0019678691411602056,
    0.001984131221775683,
    0.0013945111383746012,
    0.001745329354824461,
    0.0020059047390901,
    0.0016596876560042318
  ],
  "mz_fft_pos": [
    0.004332223617342563,
    0.003106872274366407,
    0.001329626720844649,
    0.0009601748153656837,
    0.0011197285103779692,
    0.0015941034288851131,
    0.0018818787933551654,
    0.002969877696765918,
    0.0036645967850100973,
    0.0037442774484422793,
    0.00292015594339889,
    0.000521553395301127,
    0.0014306391964253756,
    0.0012744894783486632,
    0.0011614306885263813,
    0.0002587494867231552,
    0.002484264960038207,
    0.0038227874521087717,
    0.002884205580268901,
    0.0013530346661323905,
    0.0005798237613050299,
    0.0003282142643320799,
    0.0012011095158401836,
    0.001394757512506986,
    0.0005124075098516452,
    0.002203948664701995,
    0.0027031273303903076,
    0.0020220373163497203,
    0.0017522026196942983,
    0.0021171186435865797,
    0.0020543040548910256,
    0.0020407282339228432,
    0.002808208583583825,
    0.0026164053748329403,
    0.0015595364903981139,
    0.0025342630659507255,
    0.002994550080479981,
    0.0022355932524883598,
    0.0016609033948354391,
    0.001697353325362117,
    0.001835433237611553,
    0.0016379554906315252,
    0.001306270614946024,
    0.0012252313603450947,
    0.0013064696802408972,
    0.0014685737318945883,
    0.0017345663183236581,
    0.0017868926405042564,
    0.0014744559481198194,
    0.0019502927823966505,
    0.002316203568993206,
    0.0021612119397539627,
    0.0027488727811365815,
    0.002079711720397728,
    0.0012979584757918728,
    0.0018262370792579193,
    0.002197561621518555,
    0.0014032375704828468,
    0.0008687049321500066,
    0.0009064048199476489,
    0.0008950761171985554,
    0.0011576584874573098,
    0.0015603469877073547,
    0.00167348938160819,
    0.001662605311691696
  ],
  "peaks": {
    "mx": {
      "frequencies": [],
      "amplitudes": [],
      "is_harmonic": [],
      "is_incommensurate": [],
      "is_comb_tooth": []
    },
    "my": {
      "frequencies": [],
      "amplitudes": [],
      "is_harmonic": [],
      "is_incommensurate": [],
      "is_comb_tooth": []
    },
    "mz": {
      "frequencies": [],
      "amplitudes": [],
      "is_harmonic": [],
      "is_incommensurate": [],
      "is_comb_tooth": []
    }
  }
}