{
  "positive_frequencies": [
    0.0,
    0.07734375,
    0.1546875,
    0.23203125000000002,
    0.309375,
    0.38671875,
    0.46406250000000004,
    0.54140625,
    0.61875,
    0.6960937500000001,
    0.7734375,
    0.85078125,
    0.9281250000000001,
    1.0054687500000001,
    1.0828125,
    1.16015625,
    1.2375,
    1.31484375,
    1.3921875000000001,
    1.46953125,
    1.546875,
    1.62421875,
    1.7015625,
    1.7789062500000001,
    1.8562500000000002,
    1.93359375,
    2.0109375000000003,
    2.08828125,
    2.165625,
    2.24296875,
    2.3203125,
    2.3976562500000003,
    2.475,
    2.55234375,
    2.6296875,
    2.70703125,
    2.7843750000000003,
    2.86171875,
    2.9390625,
    3.01640625,
    3.09375,
    3.1710937500000003,
    3.2484375,
    3.32578125,
    3.403125,
    3.48046875,
    3.5578125000000003,
    3.63515625,
    3.7125000000000004,
    3.78984375,
    3.8671875,
    3.9445312500000003,
    4.0218750000000005,
    4.09921875,
    4.1765625,
    4.25390625,
    4.33125,
    4.4085937500000005,
    4.4859375,
    4.56328125,
    4.640625,
    4.71796875,
    4.7953125000000005,
    4.87265625,
    4.95
  ],
  "mx_fft_pos": [
    0.004429085459376365,
    0.01924121871125679,
    0.04655351856284049,
    0.04243441706796032,
    0.02889603337985728,
    0.03674024426498348,
    0.025928587996145596,
    0.00819903796777939,
    0.030726902578537094,
    0.0383326742234266,
    0.032163978405890976,
    0.03702638121755483,
    0.038112635996842455,
    0.03857381277181245,
    0.025200944925009693,
    0.005426979895798022,
    0.01337174442212668,
    0.01917949784055539,
    0.01751577376048643,
    0.017093238600265286,
    0.008870448696942843,
    0.009115473906667698,
    0.012605454846819469,
    0.0069468200062396835,
    0.011320814627819625,
    0.007047570169883811,
    0.007612211428067104,
    0.005569552653471252,
    0.0029396849659280738,
    0.004473584172652874,
    0.0026754706484760434,
    0.0040325432509238125,
    0.003967354757033167,
    0.001103931309609574,
    0.0008329660215556428,
    0.001852984032147807,
    0.0018330987917687751,
    0.0006468615806722648,
    0.0005900845434475179,
    0.000505917087998291,
    0.0004902789775574051,
    0.00028614761684647044,
    0.000672563640129693,
    0.0003053923681522274,
    0.00014043773730266162,
    0.00011537030493584475,
    0.00013197706881314854,
    0.0001507923218580748,
    2.9215298904974886e-05,
    5.1582213230309496e-05,
    2.426447060469472e-05,
    1.5489760395818675e-05,
    2.4327051341595423e-05,
    1.0098899952473282e-05,
    1.3993126222943862e-05,
    4.926935737774351e-06,
    1.3635448285728223e-06,
    3.7628836575517047e-06,
    1.1498578336965442e-06,
    3.359302980953861e-06,
    1.18438564460424e-06,
    9.774241607506373e-07,
    5.996512624152495e-07,
    4.991391753547086e-07,
    1.0199994737059016e-07
  ],
  "my_fft_pos": [
    0.09473507454020556,
    0.07314606273915701,
    0.03730483513138165,
    0.019990762999478814,
    0.009845096620191543,
    0.01490904610972261,
    0.03773934800128042,
    0.04911129912924503,
    0.04332331111809125,
    0.03273138451167921,
    0.012619669835471536,
    0.01849447969904498,
    0.04022655624523477,
    0.042002621076452355,
    0.036737265462486415,
    0.04024041679618417,
    0.03191142958624564,
    0.009968798909736832,
    0.0036772023368592316,
    0.010161209413726028,
    0.010748038997726007,
    0.01832107549778113,
    0.021138467893729147,
    0.01725159067010658,
    0.016678014435349796,
    0.010363380905385376,
    0.002026961864616971,
    0.002415805783616448,
    0.0031105964023076444,
    0.002962854209660129,
    0.0023465998767316565,
    0.0012002310521674298,
    0.0005860810029579458,
    0.0015974427684425374,
    0.0015377045055398342,
    0.0007954753368963666,
    0.0004949576161586864,
    0.001071714058682144,
    0.0007047904882270232,
    0.0006254599795309766,
    0.00029978427549372434,
    0.0001407432327721121,
    0.0003303736907360047,
    1.4130027595657163e-05,
    0.00022062125026090716,
    6.026455353954606e-05,
    5.858304809251636e-05,
    4.7607247539914456e-05,
    5.352107856832328e-05,
    6.591303652679815e-05,
    1.8389532589638705e-05,
    1.2440203533433139e-05,
    1.7924070219187076e-05,
    1.4063474280507867e-06,
    8.686258481778044e-06,
    1.6564531126412985e-06,
    1.4200800793670342e-06,
    2.239662987721588e-06,
    2.5797793651205818e-06,
    1.7781462304481551e-06,
    1.7139751317271705e-06,
    2.0672585631362997e-06,
    2.1564050019753153e-06,
    1.8019085724844972e-06,
    1.378563867771021e-06
  ],
  "mz_fft_pos": [
    0.068096416242462,
    0.04719887497182741,
    0.025063824454003115,
    0.058759500421186515,
    0.06881204614779281,
    0.06657762347016818,
    0.06789748560515997,
    0.049375996399611204,
    0.024243452363348038,
    0.03497801806621451,
    0.034928315712116895,
    0.03239135132720108,
    0.025890010849169073,
    0.0009021557217953906,
    0.016307291150432997,
    0.010298107272637353,
    0.025785067378339036,
    0.016738522912763662,
    0.005247002514404481,
    0.01505625651875288,
    0.021444476618725644,
    0.017634799888647537,
    0.005858661464609272,
    0.011503311773204723,
    0.018065595296406133,
    0.007866386332250248,
    0.005361699186179961,
    0.004028635157341909,
    0.006690396179148288,
    0.006158787264630217,
    0.0007475230816187191,
    0.003206591019974336,
    0.002364597248853474,
    0.0009817580799737623,
    0.0010702014363015953,
    0.001546153152382764,
    0.0012910116408438336,
    0.00025091075546859634,
    0.0008511559002694362,
    0.0007854674761317731,
    0.0006678752186552811,
    0.00038544940495295957,
    0.0005245734348647752,
    0.0002625055069151533,
    0.0002536766252349225,
    0.00025309297793554646,
    0.0001968582097117724,
    0.00015108690646037278,
    5.679689197113118e-05,
    8.505697377923324e-05,
    4.4949125893452184e-05,
    3.412157481752051e-05,
    2.3504581866385048e-05,
    1.881149923884569e-05,
    1.1091758685544752e-05,
    7.53452196926872e-06,
    3.4882569088658194e-06,
    2.690613259077793e-06,
    8.29449720042945e-07,
    1.0858466087848996e-06,
    5.816888435892196e-07,
    6.40462084333014e-07,
    3.6619799551825506e-07,
    1.523282240473292e-07,
    2.2942596114905455e-07
  ]
}