{
  "positive_frequencies": [
    0.0,
    0.1546875,
    0.309375,
    0.46406250000000004,
    0.61875,
    0.7734375,
    0.9281250000000001,
    1.0828125,
    1.2375,
    1.3921875000000001,
    1.546875,
    1.7015625,
    1.8562500000000002,
    2.0109375000000003,
    2.165625,
    2.3203125,
    2.475,
    2.6296875,
    2.7843750000000003,
    2.9390625,
    3.09375,
    3.2484375,
    3.403125,
    3.5578125000000003,
    3.7125000000000004,
    3.8671875,
    4.0218750000000005,
    4.1765625,
    4.33125,
    4.4859375,
    4.640625,
    4.7953125000000005,
    4.95,
    5.1046875,
    5.259375,
    5.4140625,
    5.5687500000000005,
    5.7234375,
    5.878125,
    6.0328125,
    6.1875,
    6.3421875000000005,
    6.496875,
    6.6515625,
    6.80625,
    6.9609375,
    7.1156250000000005,
    7.2703125,
    7.425000000000001,
    7.5796875,
    7.734375,
    7.8890625000000005,
    8.043750000000001,
    8.1984375,
    8.353125,
    8.5078125,
    8.6625,
    8.817187500000001,
    8.971875,
    9.1265625,
    9.28125,
    9.4359375,
    9.590625000000001,
    9.7453125,
    9.9
  ],
  "mx_fft_pos": [
    0.004154888353067883,
    0.0051453205816210865,
    0.006159893554843454,
    0.0047791968187931464,
    0.009383737716550818,
    0.00727506158399173,
    0.007383118907061246,
    0.0015870867906234234,
    0.00508752480407406,
    0.009234101773062662,
    0.006581670868268613,
    0.0030507704003193,
    0.0009798463003269332,
    0.000662191764986049,
    0.0008994710808984515,
    0.001487505508213561,
    0.0023221690855539296,
    0.0024587019874393666,
    0.002722910371595014,
    0.002893465314282414,
    0.0026993215180300097,
    0.0015833438179436088,
    0.0010180406863929453,
    0.0006236297363675149,
    0.00022580302957738178,
    0.0006299158960436656,
    0.0002839436543697531,
    0.00034686580547084033,
    0.0003629041449835226,
    0.00022956498975913516,
    0.00021951556539709358,
    0.00019728735072709378,
    0.00018457153244056868,
    0.00012760241186869317,
    7.545709098292873e-05,
    7.262534179412153e-05,
    4.987498607336245e-05,
    3.7777628683713556e-05,
    1.9217735552967946e-05,
    3.942430747971739e-05,
    1.712171595176066e-05,
    4.424818538428837e-06,
    4.047601543746357e-06,
    6.52531536613638e-06,
    3.96091754159291e-06,
    6.1434915731138086e-06,
    5.8166747411663246e-06,
    3.638574599941732e-06,
    2.0183414811531646e-06,
    2.0287075818618937e-06,
    1.9999196089929637e-06,
    2.1214011107450097e-06,
    1.9902527554067707e-06,
    1.8323894960274945e-06,
    1.5737150205148136e-06,
    1.449962050705094e-06,
    1.2740681930951798e-06,
    1.0155344910242187e-06,
    7.750486780063724e-07,
    6.269622822205255e-07,
    5.456802186076138e-07,
    4.3605637363318426e-07,
    2.7788531728536827e-07,
    1.1895283176152165e-07,
    2.544321518943571e-08
  ],
  "my_fft_pos": [
    0.010431556218301767,
    0.0035151051314240094,
    0.009594730162241357,
    0.010970653009084987,
    0.006379250993324399,
    0.003813853742913171,
    0.0048229524641488055,
    0.00245179058036629,
    0.007303021051583286,
    0.007224200894767759,
    0.002320386587071104,
    0.002395967931597445,
    0.003568629401263228,
    0.0042260590671368715,
    0.004610649666832294,
    0.003284139241013978,
    0.0035025184944840297,
    0.003466167687574179,
    0.0025532599612754087,
    0.0018499528128566155,
    0.0010626677517425194,
    0.00041425654331608456,
    0.0009803408178533216,
    0.0006789122433345119,
    0.0002719328918530293,
    0.00075848712811692,
    0.000518628150835304,
    0.0002484695952607043,
    0.0003420653308437017,
    0.0003759920185994584,
    0.00024867425960672777,
    0.00012664403219319405,
    8.962512167882391e-05,
    3.5166361559160515e-05,
    1.2370634460046204e-05,
    1.3968163669017418e-05,
    1.6833142139192055e-05,
    2.7315427048464623e-05,
    1.9312567008471405e-05,
    8.652733993737973e-06,
    8.645824804233579e-06,
    2.548046173119646e-06,
    2.427020457185816e-06,
    5.0852558168606355e-06,
    3.565390538152977e-06,
    1.4389762768288082e-06,
    2.197693458777852e-06,
    7.940807038663385e-07,
    5.089705989702251e-07,
    8.496853052022312e-07,
    8.700651036390002e-07,
    8.163337155367076e-07,
    6.874986853875402e-07,
    8.031150853015088e-07,
    6.63439849379617e-07,
    4.572104003349646e-07,
    3.5680700654866805e-07,
    3.878669860025837e-07,
    4.127477192167501e-07,
    3.823861449314848e-07,
    3.52758435585165e-07,
    3.947196701582925e-07,
    4.3238914956688464e-07,
    3.998013538249303e-07,
    3.6479630412866724e-07
  ],
  "mz_fft_pos": [
    0.007688681807240215,
    0.003028872057269617,
    0.006327979309147766,
    0.0074674781794195535,
    0.004204571692013025,
    0.009018061172106495,
    0.0052719772983126625,
    0.0032879569456428664,
    0.005196286690666396,
    0.0037303669092768692,
    0.005037487804616774,
    0.005271843195784669,
    0.002862348032207616,
    0.0011364922713664309,
    0.0031296339207668054,
    0.002270034025134319,
    0.001872432147851518,
    0.0017931152717231954,
    0.0011176520232969083,
    0.00046609993611353053,
    0.0013429249434920784,
    0.001932322644589391,
    0.001992022876337346,
    0.0017380293115811891,
    0.0010044189067191618,
    0.0002991013183051721,
    0.00016084976291912592,
    0.00041509937878017996,
    0.00047736898829427914,
    0.0004243008950335193,
    0.00021016558599850577,
    4.373449411266443e-05,
    4.365694173156366e-05,
    6.861480867951238e-05,
    6.3149690195722996e-06,
    5.2892997879917445e-05,
    3.927975966999321e-05,
    1.257276084124997e-05,
    1.5244669044270011e-05,
    5.522335492065293e-06,
    7.533912820741703e-06,
    8.485534835880025e-06,
    2.8530219081136044e-06,
    3.900472856428074e-06,
    3.736139073588994e-06,
    2.701092771538647e-06,
    6.097607823587086e-07,
    7.306422500713502e-07,
    4.7182762349372504e-07,
    5.270277002608404e-07,
    2.1379061124020216e-07,
    1.4629490423074546e-07,
    1.8804255019088797e-07,
    5.6441101917578667e-08,
    2.9041537989104388e-08,
    1.1918316093900327e-07,
    7.66926807601272e-08,
    1.7053741278932726e-08,
    9.658772738889993e-09,
    3.396981815205847e-08,
    4.455390587851161e-08,
    2.6075886562317537e-08,
    1.0178556565876747e-08,
    1.5144190694292175e-08,
    1.669109851554218e-08
  ]
}