{
  "positive_frequencies": [
    0.0,
    0.07734375,
    0.1546875,
    0.23203125000000002,
    0.309375,
    0.38671875,
    0.46406250000000004,
    0.54140625,
    0.61875,
    0.6960937500000001,
    0.7734375,
    0.85078125,
    0.9281250000000001,
    1.0054687500000001,
    1.0828125,
    1.16015625,
    1.2375,
    1.31484375,
    1.3921875000000001,
    1.46953125,
    1.546875,
    1.62421875,
    1.7015625,
    1.7789062500000001,
    1.8562500000000002,
    1.93359375,
    2.0109375000000003,
    2.08828125,
    2.165625,
    2.24296875,
    2.3203125,
    2.3976562500000003,
    2.475,
    2.55234375,
    2.6296875,
    2.70703125,
    2.7843750000000003,
    2.86171875,
    2.9390625,
    3.01640625,
    3.09375,
    3.1710937500000003,
    3.2484375,
    3.32578125,
    3.403125,
    3.48046875,
    3.5578125000000003,
    3.63515625,
    3.7125000000000004,
    3.78984375,
    3.8671875,
    3.9445312500000003,
    4.0218750000000005,
    4.09921875,
    4.1765625,
    4.25390625,
    4.33125,
    4.4085937500000005,
    4.4859375,
    4.56328125,
    4.640625,
    4.71796875,
    4.7953125000000005,
    4.87265625,
    4.95
  ],
  "mx_fft_pos": [
    0.07431362605303482,
    0.08204009191324958,
    0.084570642455678,
    0.062354684312066144,
    0.026751018801331208,
    0.007925806187367476,
    0.03694935673576963,
    0.047781962486418264,
    0.04487887187463529,
    0.048022725252360086,
    0.04856513804834261,
    0.04808132896647463,
    0.05470851140271708,
    0.04425883903810683,
    0.011022445223716598,
    0.04264054913147119,
    0.04006480386705387,
    0.004999781876693331,
    0.02432580045392925,
    0.01754366397333597,
    0.00281035007619845,
    0.010798337651756165,
    0.02477237841249234,
    0.039512078767643274,
    0.045565373859268954,
    0.03428321020123806,
    0.017492858501128517,
    0.009158849830235082,
    0.009253834063245743,
    0.0064884767169703225,
    0.015980536175825857,
    0.01862071110396428,
    0.011808988862613825,
    0.010897986453482285,
    0.012142904339903327,
    0.005504231019407325,
    0.0009880875592464709,
    0.002640118933125824,
    0.007392485528220807,
    0.009275331308239643,
    0.006032717332956411,
    0.0021126512323925146,
    0.0020657700513729243,
    0.0031003425744248942,
    0.0022584514896824156,
    0.000583685699392168,
    0.0007892809636828597,
    0.003490103543129692,
    0.003777090508738394,
    0.0008967422588922472,
    0.0014135356910580073,
    0.00265531834704549,
    0.002007500215775879,
    0.0010032778153499112,
    0.0012679720420214926,
    0.0008267418745275142,
    0.00048448645984969994,
    0.0005946759264960095,
    0.0003859161876001091,
    0.0005573058195367985,
    0.00019144054723408018,
    0.0004891655984949827,
    0.0003755921532362951,
    0.00019523219964710396,
    0.0004949756040218878
  ],
  "my_fft_pos": [
    0.030030465092591788,
    0.047742802473222906,
    0.05285319391996052,
    0.036394216300749,
    0.026057065270216336,
    0.025350524047868642,
    0.02705955593019548,
    0.03187453438639591,
    0.036547204474875084,
    0.03286525136968747,
    0.03069030185546705,
    0.034911326144701604,
    0.03067537778509961,
    0.03357561866166491,
    0.05061110537625558,
    0.05510629709279273,
    0.02945358481704742,
    0.01760203135814802,
    0.0320435993629598,
    0.03223285057464989,
    0.020631830329006177,
    0.03147396570603634,
    0.034562110283510916,
    0.02679485762014652,
    0.006585967474277681,
    0.016778052353346663,
    0.02246836088097337,
    0.01942713816878719,
    0.019225863753496265,
    0.021810694487903695,
    0.02030495948435213,
    0.01266067892427274,
    0.00843668774052036,
    0.005625478765967395,
    0.006865950993580431,
    0.0059342287186276,
    0.012876813314187463,
    0.010578747893399985,
    0.006261491353664275,
    0.008521400373077836,
    0.006266359637067334,
    0.0045259200149339075,
    0.0039942863816492405,
    0.007136942492693414,
    0.008538620503329881,
    0.004689694707369434,
    0.0014117241742710401,
    0.0013036522955553968,
    0.0018474021706421625,
    0.0011418321739631297,
    0.0022013206905613114,
    0.0017733348602219862,
    0.0002913218416165206,
    0.0009282751392088531,
    0.00017000963917335966,
    0.00023999107636588576,
    0.0016097515860308918,
    0.0011095759494516217,
    0.0009124036196167494,
    0.0004491476039077285,
    0.000208870750581671,
    0.00042367818556128306,
    0.00037311852771359784,
    0.00044693443322647646,
    7.868497593199297e-05
  ],
  "mz_fft_pos": [
    0.009445807479782582,
    0.02162352594648185,
    0.035725529286819,
    0.03907445513423313,
    0.02501768898773097,
    0.026708242546292848,
    0.06835201258502004,
    0.049961673055206796,
    0.031815733036069146,
    0.07535346927774463,
    0.06291753757398406,
    0.027739212927822717,
    0.03166027623178736,
    0.007015131600019791,
    0.02553530260515695,
    0.01827843831519567,
    0.023789675776214037,
    0.03612832282408912,
    0.028465544248979454,
    0.017668277062764186,
    0.016119854855518426,
    0.02818435242129686,
    0.03366002900644256,
    0.030017002444292666,
    0.0269627414247371,
    0.026098344912745527,
    0.018017820638362814,
    0.011997994464220542,
    0.00925903978351386,
    0.0055311503136111564,
    0.01274687757316254,
    0.014115086527601206,
    0.011659664668943739,
    0.010817268781441156,
    0.009869861199178782,
    0.008841682003974895,
    0.0034440965327757643,
    0.00584191628772844,
    0.0058672161722998694,
    0.005499930473413166,
    0.0034133091122126227,
    0.0017526165570216892,
    0.00415006527139716,
    0.0020749816010633107,
    0.0005583462255746034,
    0.00148148214265018,
    0.001520629700119451,
    0.0007356065265060667,
    0.0004816633514084189,
    0.0003789275141931248,
    0.0007701186393267807,
    0.00040354288642190534,
    0.0008907532246933953,
    0.0004562709605835581,
    0.0003415662407188094,
    0.00042409149509501016,
    0.00032864455364460754,
    0.00021187440937737192,
    0.00013323729956470724,
    8.531456397163131e-05,
    2.9687776011230564e-05,
    1.7837956126404306e-05,
    8.930273883211943e-06,
    7.51797225012341e-07,
    1.4889802225082071e-08
  ]
}