{
  "positive_frequencies": [
    0.0,
    0.07734375,
    0.1546875,
    0.23203125000000002,
    0.309375,
    0.38671875,
    0.46406250000000004,
    0.54140625,
    0.61875,
    0.6960937500000001,
    0.7734375,
    0.85078125,
    0.9281250000000001,
    1.0054687500000001,
    1.0828125,
    1.16015625,
    1.2375,
    1.31484375,
    1.3921875000000001,
    1.46953125,
    1.546875,
    1.62421875,
    1.7015625,
    1.7789062500000001,
    1.8562500000000002,
    1.93359375,
    2.0109375000000003,
    2.08828125,
    2.165625,
    2.24296875,
    2.3203125,
    2.3976562500000003,
    2.475,
    2.55234375,
    2.6296875,
    2.70703125,
    2.7843750000000003,
    2.86171875,
    2.9390625,
    3.01640625,
    3.09375,
    3.1710937500000003,
    3.2484375,
    3.32578125,
    3.403125,
    3.48046875,
    3.5578125000000003,
    3.63515625,
    3.7125000000000004,
    3.78984375,
    3.8671875,
    3.9445312500000003,
    4.0218750000000005,
    4.09921875,
    4.1765625,
    4.25390625,
    4.33125,
    4.4085937500000005,
    4.4859375,
    4.56328125,
    4.640625,
    4.71796875,
    4.7953125000000005,
    4.87265625,
    4.95
  ],
  "mx_fft_pos": [
    0.0038756766305022674,
    0.006638173401876835,
    0.006494404829801488,
    0.008682303317819431,
    0.013792948017752125,
    0.010243656338162814,
    0.006119144385461901,
    0.012985797987170013,
    0.02036288872320966,
    0.012871287918436135,
    0.0043925943012360705,
    0.008198259503448225,
    0.011656721106412778,
    0.010469130425381364,
    0.008577413796741524,
    0.014372372174675106,
    0.013125333923582568,
    0.008318953594253999,
    0.008410456098230597,
    0.011790554936919906,
    0.009227074827963491,
    0.005994016803575432,
    0.008723239259000523,
    0.01007539711296713,
    0.008138118245564051,
    0.0077709322674954714,
    0.009719038662589063,
    0.011435243417642137,
    0.011865856178155314,
    0.011096142673677829,
    0.008013338406259956,
    0.0055043068519703255,
    0.0043999497377744,
    0.0030064478078004873,
    0.003313048867862063,
    0.0007225926378144654,
    0.0008184613203357238,
    0.0018981804224401932,
    0.0003094000969260937,
    0.0018652183835296753,
    0.001003741795722817,
    0.00022690103105524076,
    0.0010743832360491454,
    0.0011934989894812225,
    0.0012476710304505229,
    0.0015235220036327033,
    0.0011456321710933016,
    0.0007534183687236724,
    0.0011511833249093803,
    0.0006077607744603285,
    0.0006949968985909648,
    0.0017131644060068537,
    0.0021251270348091036,
    0.0019414862605022084,
    0.0013410273477646372,
    0.0009688759070836845,
    0.0010393960901697963,
    0.0013074556904446963,
    0.0014417204697417018,
    0.0009633990969499483,
    0.0006864869846644997,
    0.0008542760533520606,
    0.0008208966624325657,
    0.000646815246211442,
    0.0006575846530703603
  ],
  "my_fft_pos": [
    0.016556186430745617,
    0.018079529792545842,
    0.01976402699574695,
    0.019261961397132894,
    0.017179096909184857,
    0.013218827389247068,
    0.009337865311621207,
    0.008400889092985664,
    0.010173294404414904,
    0.013744951712851823,
    0.016979473515091742,
    0.01729196624779703,
    0.014325116317548766,
    0.009504947792447496,
    0.008633142065225136,
    0.012923345435088376,
    0.015492073131779121,
    0.012130602677052705,
    0.00849197733443598,
    0.009306880164038016,
    0.011437658852634208,
    0.012094486451429878,
    0.011659227962335443,
    0.01134513488942555,
    0.010402748322012935,
    0.00801445675105983,
    0.005911806713279154,
    0.006993890932501964,
    0.010304958511818573,
    0.01077671838461775,
    0.010283848994556994,
    0.008841511618182068,
    0.005329624038695029,
    0.003235508777473243,
    0.002534394836285174,
    0.0029607789248868844,
    0.004194047270322548,
    0.004962312555941094,
    0.005681633123718463,
    0.0037555541967127727,
    0.0007638426357935932,
    0.0014662854224531394,
    0.0020927517317484152,
    0.003746440379279356,
    0.0037241969506376753,
    0.002423185597835417,
    0.0018029235306868043,
    0.002410156676574618,
    0.003112866129131356,
    0.0026379209919990465,
    0.0016305082605679254,
    0.000976392038055767,
    0.0011781200922391917,
    0.001709587521236565,
    0.0014313672125974496,
    0.0007948762080678248,
    0.00019631203392693724,
    0.0002832574261632113,
    0.0006218111721447342,
    0.0007257389247076085,
    0.0007573813001491476,
    0.0008729211645595026,
    0.0006847794984091476,
    0.00022237469043151655,
    3.9382095803396354e-05
  ],
  "mz_fft_pos": [
    0.012524481190331465,
    0.01373366797830028,
    0.01832916166860274,
    0.033806879661569166,
    0.039262684562162586,
    0.024524365003359666,
    0.005523505606922077,
    0.009048568883503489,
    0.0029435991530009763,
    0.0036491576678708225,
    0.004414851117432053,
    0.009201550376118101,
    0.01797241813744717,
    0.021348464859872057,
    0.017418327055976582,
    0.011739818148969697,
    0.004078701559621093,
    0.0053689951209085415,
    0.010225759618466015,
    0.013983873790875059,
    0.016595598128044564,
    0.01316542226900346,
    0.006859944971702673,
    0.006285903181812332,
    0.0021349998082907397,
    0.006254942935840088,
    0.00876929020018115,
    0.005824497119409636,
    0.0041700817647833295,
    0.008924396418535213,
    0.011322195146950367,
    0.007905332153505359,
    0.006839331148309172,
    0.004958899123110077,
    0.0009604744429518759,
    0.002284770954426125,
    0.0028774287345451183,
    0.0018350013057390913,
    0.0022133818355628814,
    0.0024196856186187708,
    0.0018320622548232829,
    0.0013573575876333322,
    0.0008529448100540858,
    0.00017921203701934664,
    0.0005317453007655603,
    0.0002975614152848408,
    0.000507495142721782,
    0.0006653361495866095,
    0.0006733634920178655,
    0.0007790754251808924,
    0.0005552725036804988,
    0.00037306495482408025,
    0.00023300131049993437,
    0.00012848204701221868,
    0.00010051425529273741,
    4.257588392647763e-05,
    0.00010790000671094832,
    0.00016886200846336647,
    0.00011577127672528051,
    0.00015832922860757636,
    0.00017976548158742434,
    6.901424362399741e-05,
    3.221532516420831e-05,
    7.220062490867932e-05,
    6.210061500671715e-05
  ]
}