{
  "positive_frequencies": [
    0.0,
    0.07734375,
    0.1546875,
    0.23203125000000002,
    0.309375,
    0.38671875,
    0.46406250000000004,
    0.54140625,
    0.61875,
    0.6960937500000001,
    0.7734375,
    0.85078125,
    0.9281250000000001,
    1.0054687500000001,
    1.0828125,
    1.16015625,
    1.2375,
    1.31484375,
    1.3921875000000001,
    1.46953125,
    1.546875,
    1.62421875,
    1.7015625,
    1.7789062500000001,
    1.8562500000000002,
    1.93359375,
    2.0109375000000003,
    2.08828125,
    2.165625,
    2.24296875,
    2.3203125,
    2.3976562500000003,
    2.475,
    2.55234375,
    2.6296875,
    2.70703125,
    2.7843750000000003,
    2.86171875,
    2.9390625,
    3.01640625,
    3.09375,
    3.1710937500000003,
    3.2484375,
    3.32578125,
    3.403125,
    3.48046875,
    3.5578125000000003,
    3.63515625,
    3.7125000000000004,
    3.78984375,
    3.8671875,
    3.9445312500000003,
    4.0218750000000005,
    4.09921875,
    4.1765625,
    4.25390625,
    4.33125,
    4.4085937500000005,
    4.4859375,
    4.56328125,
    4.640625,
    4.71796875,
    4.7953125000000005,
    4.87265625,
    4.95
  ],
  "mx_fft_pos": [
    0.0743136260530348,
    0.08204009191324958,
    0.08457064245567797,
    0.06235468431206612,
    0.026751018801331204,
    0.00792580618736748,
    0.03694935673576963,
    0.04778196248641828,
    0.04487887187463529,
    0.04802272525236008,
    0.04856513804834261,
    0.04808132896647461,
    0.05470851140271708,
    0.04425883903810683,
    0.011022445223716594,
    0.04264054913147119,
    0.04006480386705387,
    0.004999781876693337,
    0.02432580045392925,
    0.01754366397333597,
    0.0028103500761984296,
    0.01079833765175617,
    0.024772378412492326,
    0.039512078767643274,
    0.045565373859268954,
    0.03428321020123805,
    0.017492858501128507,
    0.009158849830235077,
    0.00925383406324576,
    0.006488476716970333,
    0.015980536175825868,
    0.01862071110396428,
    0.011808988862613818,
    0.010897986453482285,
    0.012142904339903327,
    0.005504231019407325,
    0.0009880875592464798,
    0.0026401189331258256,
    0.007392485528220809,
    0.009275331308239647,
    0.006032717332956411,
    0.0021126512323925125,
    0.0020657700513729304,
    0.003100342574424896,
    0.002258451489682427,
    0.000583685699392188,
    0.0007892809636828788,
    0.003490103543129704,
    0.003777090508738407,
    0.0008967422588922463,
    0.001413535691057999,
    0.0026553183470454976,
    0.0020075002157758873,
    0.0010032778153499155,
    0.0012679720420214916,
    0.0008267418745275057,
    0.0004844864598496796,
    0.0005946759264959956,
    0.00038591618760011105,
    0.0005573058195367987,
    0.0001914405472340795,
    0.000489165598494979,
    0.0003755921532362932,
    0.0001952321996471131,
    0.0004949756040218878
  ],
  "my_fft_pos": [
    0.030030465092591788,
    0.047742802473222906,
    0.05285319391996052,
    0.036394216300748995,
    0.026057065270216326,
    0.02535052404786863,
    0.027059555930195472,
    0.0318745343863959,
    0.03654720447487507,
    0.032865251369687466,
    0.030690301855467044,
    0.0349113261447016,
    0.030675377785099597,
    0.0335756186616649,
    0.05061110537625556,
    0.05510629709279273,
    0.02945358481704742,
    0.01760203135814802,
    0.0320435993629598,
    0.03223285057464988,
    0.02063183032900617,
    0.03147396570603633,
    0.034562110283510916,
    0.02679485762014652,
    0.006585967474277671,
    0.016778052353346673,
    0.02246836088097338,
    0.019427138168787196,
    0.01922586375349627,
    0.021810694487903706,
    0.020304959484352136,
    0.012660678924272742,
    0.00843668774052036,
    0.005625478765967401,
    0.006865950993580437,
    0.005934228718627591,
    0.012876813314187463,
    0.010578747893399987,
    0.0062614913536642855,
    0.008521400373077841,
    0.006266359637067332,
    0.0045259200149339075,
    0.003994286381649237,
    0.007136942492693413,
    0.008538620503329888,
    0.004689694707369441,
    0.001411724174271043,
    0.0013036522955554098,
    0.0018474021706421692,
    0.0011418321739631342,
    0.0022013206905613053,
    0.0017733348602219786,
    0.0002913218416165165,
    0.0009282751392088546,
    0.0001700096391733592,
    0.00023999107636588386,
    0.0016097515860308911,
    0.0011095759494516176,
    0.0009124036196167354,
    0.00044914760390771393,
    0.00020887075058166594,
    0.0004236781855612853,
    0.0003731185277135868,
    0.00044693443322647505,
    7.868497593199297e-05
  ],
  "mz_fft_pos": [
    0.009445807479782568,
    0.021623525946481835,
    0.03572552928681899,
    0.03907445513423313,
    0.025017688987730997,
    0.02670824254629283,
    0.06835201258502002,
    0.04996167305520678,
    0.031815733036069146,
    0.07535346927774463,
    0.06291753757398405,
    0.027739212927822707,
    0.031660276231787354,
    0.0070151316000197925,
    0.025535302605156948,
    0.01827843831519566,
    0.023789675776214037,
    0.0361283228240891,
    0.028465544248979444,
    0.017668277062764182,
    0.016119854855518426,
    0.028184352421296865,
    0.03366002900644256,
    0.03001700244429268,
    0.026962741424737095,
    0.026098344912745524,
    0.018017820638362814,
    0.011997994464220542,
    0.009259039783513877,
    0.005531150313611177,
    0.012746877573162538,
    0.014115086527601208,
    0.011659664668943748,
    0.010817268781441156,
    0.009869861199178771,
    0.008841682003974873,
    0.0034440965327757417,
    0.005841916287728452,
    0.005867216172299864,
    0.005499930473413165,
    0.003413309112212615,
    0.0017526165570216736,
    0.004150065271397151,
    0.0020749816010632916,
    0.0005583462255746047,
    0.001481482142650173,
    0.0015206297001194398,
    0.0007356065265060636,
    0.00048166335140841253,
    0.00037892751419312925,
    0.0007701186393268013,
    0.0004035428864218999,
    0.0008907532246933899,
    0.00045627096058355096,
    0.00034156624071881523,
    0.0004240914950950125,
    0.0003286445536446121,
    0.0002118744093773773,
    0.00013323729956472865,
    8.531456397164803e-05,
    2.9687776011243978e-05,
    1.783795612640018e-05,
    8.930273883210112e-06,
    7.517972250122014e-07,
    1.4889802247841643e-08
  ]
}