{
  "positive_frequencies": [
    0.0,
    0.07734375,
    0.1546875,
    0.23203125000000002,
    0.309375,
    0.38671875,
    0.46406250000000004,
    0.54140625,
    0.61875,
    0.6960937500000001,
    0.7734375,
    0.85078125,
    0.9281250000000001,
    1.0054687500000001,
    1.0828125,
    1.16015625,
    1.2375,
    1.31484375,
    1.3921875000000001,
    1.46953125,
    1.546875,
    1.62421875,
    1.7015625,
    1.7789062500000001,
    1.8562500000000002,
    1.93359375,
    2.0109375000000003,
    2.08828125,
    2.165625,
    2.24296875,
    2.3203125,
    2.3976562500000003,
    2.475,
    2.55234375,
    2.6296875,
    2.70703125,
    2.7843750000000003,
    2.86171875,
    2.9390625,
    3.01640625,
    3.09375,
    3.1710937500000003,
    3.2484375,
    3.32578125,
    3.403125,
    3.48046875,
    3.5578125000000003,
    3.63515625,
    3.7125000000000004,
    3.78984375,
    3.8671875,
    3.9445312500000003,
    4.0218750000000005,
    4.09921875,
    4.1765625,
    4.25390625,
    4.33125,
    4.4085937500000005,
    4.4859375,
    4.56328125,
    4.640625,
    4.71796875,
    4.7953125000000005,
    4.87265625,
    4.95
  ],
  "mx_fft_pos": [
    0.005251568740392592,
    0.008074085968348648,
    0.005632237666772678,
    0.0030731481096054874,
    0.005112033995921741,
    0.006848667941769488,
    0.002938787833312017,
    0.002818368462463746,
    0.006308718592698541,
    0.006229014284721958,
    0.005306208593274933,
    0.00660505259325248,
    0.002279174987385859,
    0.0014546524806860384,
    0.0025803688363206134,
    0.005481429260309364,
    0.00872276893041963,
    0.007490140435404132,
    0.005048333032944933,
    0.0043678388011119465,
    0.0061886019601229145,
    0.007671263867953012,
    0.004594343615774052,
    0.006393766348660535,
    0.004836123126561332,
    0.005338458277332998,
    0.0033024502920929078,
    0.005022126256177879,
    0.0010575499990894662,
    0.002774724677438013,
    0.002970659094300913,
    0.0057352132700574125,
    0.008059793115859287,
    0.005338713640914285,
    0.0029714158951174713,
    0.0021400293280259097,
    0.0013060845399711488,
    0.002079795823290167,
    0.0013180226384850884,
    0.00311062318089385,
    0.00464062006527737,
    0.00357683380510765,
    0.003394309865541928,
    0.003840518004385616,
    0.00323086335031084,
    0.002006157441462046,
    0.004068278136635989,
    0.004657598974364036,
    0.003459956206823454,
    0.0022689140518808277,
    0.0007118770678934703,
    0.0017616477853483904,
    0.003084778995259886,
    0.001936109322726593,
    0.0007641505450575047,
    0.001554708465216324,
    0.0026360746196950864,
    0.00296447354119008,
    0.0032469267583663764,
    0.0033305813209594743,
    0.0023236334295628157,
    0.0008578700516217193,
    0.0007932178027577446,
    0.0006631719917461465,
    0.0005593219529329671
  ],
  "my_fft_pos": [
    0.008771905220551022,
    0.007752965328172078,
    0.010552925203666734,
    0.01049458100806701,
    0.0035191265750025742,
    0.0028143230924990263,
    0.003171963637841978,
    0.0035194314674942416,
    0.0048275763452204565,
    0.003944995932438462,
    0.005346895107257701,
    0.006825117944296696,
    0.004314995712239148,
    0.005183311694734467,
    0.008526785602541583,
    0.007092172228845803,
    0.0031077620152974244,
    0.0003629649888554098,
    0.0014802766598619082,
    0.0005120000776442575,
    0.0046800339578330075,
    0.004572247097135883,
    0.0008892916772269231,
    0.0012926203992183125,
    0.0008728525963813607,
    0.0004964946886640162,
    0.003386520610100526,
    0.005138099540708891,
    0.0026386220223441957,
    0.001064867194069957,
    0.0018387430836459978,
    0.004376516522590578,
    0.0068621175761009205,
    0.006214833113406554,
    0.0036932434275435393,
    0.0017356408811661742,
    0.0017236617752041112,
    0.0023715772114477553,
    0.0015459392748237465,
    0.0023598869745122962,
    0.0021697157013764994,
    0.0025687475762069807,
    0.0029425216303347298,
    0.00214722970796857,
    0.0012258128301655589,
    0.0004319507830482133,
    0.0012978088549953208,
    0.0016536740124836707,
    0.001114986309624702,
    0.0031158133395420467,
    0.003927960507012495,
    0.0024937064325781704,
    0.0007177229624871549,
    0.0003274964156201252,
    0.0006346842333961613,
    0.0005883181963728998,
    4.4969041474734e-05,
    0.0005111074844088605,
    0.0008817924654532673,
    0.0009383189991959889,
    0.0009396361881218164,
    0.0013803322826070666,
    0.0013292975795887421,
    0.0010955857139253134,
    0.0017015635611912704
  ],
  "mz_fft_pos": [
    0.0026980362179581667,
    0.0020349804574292946,
    0.0025920180473527755,
    0.005479637489554181,
    0.007656841728559872,
    0.0070701322408089975,
    0.003283288325538231,
    0.0011870613203966574,
    0.003809914599670087,
    0.006870077115628112,
    0.005189125320333523,
    0.0007523933250238675,
    0.0025491401460457537,
    0.00416761595076871,
    0.005241525790916262,
    0.005308301468840615,
    0.0037631733869296757,
    0.0020648535110825744,
    0.002119416904136182,
    0.002795616368670912,
    0.0009073771615213438,
    0.0012054309629494927,
    0.0015524206356764484,
    0.0030443690684840764,
    0.0021045996852659572,
    0.001701566345098107,
    0.0026369156517044652,
    0.0026903022868898963,
    0.002096913685158049,
    0.00167521032312047,
    0.0013657712288550896,
    0.0012400715389097648,
    0.0007480306287902508,
    0.0011265066416448742,
    0.0021599518523921215,
    0.002298374305167468,
    0.0017691547774355751,
    0.0010529723884853861,
    0.0013639437323163675,
    0.0013823496279958844,
    0.0008384720067578941,
    0.0007703462630529185,
    0.0011731607198581285,
    0.00206861611465406,
    0.0014429216866213247,
    0.0027720189805460873,
    0.003982907325787842,
    0.003438147500677999,
    0.002429524570669993,
    0.0022062822647535402,
    0.0021330800655028253,
    0.0022605331605286133,
    0.002291710230349309,
    0.0021157664506234954,
    0.001895739992363892,
    0.0021962055226571174,
    0.002760633701785001,
    0.0029241722399455648,
    0.002567135318732985,
    0.0014065496640405237,
    0.00012526545743753804,
    0.00034080968497148987,
    0.0002295284055865577,
    0.0006214317088732324,
    0.00016657991966941788
  ]
}