{
  "times": [
    0.0,
    0.10101010101010101,
    0.20202020202020202,
    0.30303030303030304,
    0.40404040404040403,
    0.5050505050505051,
    0.6060606060606061,
    0.7070707070707071,
    0.8080808080808081,
    0.9090909090909091,
    1.0101010101010102,
    1.1111111111111112,
    1.2121212121212122,
    1.3131313131313131,
    1.4141414141414141,
    1.5151515151515151,
    1.6161616161616161,
    1.7171717171717171,
    1.8181818181818181,
    1.9191919191919191,
    2.0202020202020203,
    2.121212121212121,
    2.2222222222222223,
    2.323232323232323,
    2.4242424242424243,
    2.525252525252525,
    2.6262626262626263,
    2.727272727272727,
    2.8282828282828283,
    2.929292929292929,
    3.0303030303030303,
    3.131313131313131,
    3.2323232323232323,
    3.3333333333333335,
    3.4343434343434343,
    3.5353535353535355,
    3.6363636363636362,
    3.7373737373737375,
    3.8383838383838382,
    3.9393939393939394,
    4.040404040404041,
    4.141414141414141,
    4.242424242424242,
    4.343434343434343,
    4.444444444444445,
    4.545454545454545,
    4.646464646464646,
    4.747474747474747,
    4.848484848484849,
    4.94949494949495,
    5.05050505050505,
    5.151515151515151,
    5.252525252525253,
    5.353535353535354,
    5.454545454545454,
    5.555555555555555,
    5.656565656565657,
    5.757575757575758,
    5.858585858585858,
    5.959595959595959,
    6.0606060606060606,
    6.161616161616162,
    6.262626262626262,
    6.363636363636363,
    6.4646464646464645,
    6.565656565656566,
    6.666666666666667,
    6.767676767676767,
    6.8686868686868685,
    6.96969696969697,
    7.070707070707071,
    7.171717171717171,
    7.2727272727272725,
    7.373737373737374,
    7.474747474747475,
    7.575757575757575,
    7.6767676767676765,
    7.777777777777778,
    7.878787878787879,
    7.979797979797979,
    8.080808080808081,
    8.181818181818182,
    8.282828282828282,
    8.383838383838384,
    8.484848484848484,
    8.585858585858587,
    8.686868686868687,
    8.787878787878787,
    8.88888888888889,
    8.98989898989899,
    9.09090909090909,
    9.191919191919192,
    9.292929292929292,
    9.393939393939394,
    9.494949494949495,
    9.595959595959595,
    9.696969696969697,
    9.797979797979798,
    9.8989898989899,
    10.0
  ],
  "mx": [
    1.0,
    0.8394571369285904,
    0.4632856167856555,
    0.1268780255336951,
    -0.03557629427144,
    -0.0017323995452204971,
    -0.047858828488238185,
    -0.05768119294159441,
    -0.052416516144804776,
    -0.09472094651720209,
    -0.16481041017752465,
    -0.19883053777231355,
    -0.1717428231690713,
    -0.11701470550804476,
    -0.07084086474099244,
    -0.03689501785211094,
    -0.008595502454775337,
    0.014291724034582422,
    0.019619678279802502,
    -0.0019273420092390957,
    -0.03471556246423571,
    -0.06281533366698483,
    -0.06804914657959396,
    -0.03620806298789128,
    0.01456715021706425,
    0.04864995936015502,
    0.06163034691957181,
    0.04134890121028368,
    -0.02557981527509224,
    -0.077184337542151,
    -0.06816689751787273,
    -0.021559035008783683,
    0.03062749297553756,
    0.055131732822999706,
    0.03466482877724277,
    -0.017047016347014013,
    -0.044932283015182956,
    -0.027085423857676684,
    0.0037043759139292498,
    0.02421593899682834,
    0.0388869536468723,
    0.05698170538125902,
    0.08004270426876813,
    0.09298228362004886,
    0.0833019942790326,
    0.07403080380918373,
    0.08106526281501526,
    0.10127496060773099,
    0.0885038296711163,
    0.018001280167111826,
    -0.05281167576291365,
    -0.09390787839664787,
    -0.13323045220308338,
    -0.20564135870459102,
    -0.291718619020432,
    -0.3333333333333334,
    -0.2838187018911753,
    -0.1603747913398014,
    -0.04228972420230322,
    0.005534745754670676,
    -0.008811551473470866,
    -0.026104436600470446,
    -0.006167191590117578,
    0.045065521012311455,
    0.10066089382728675,
    0.13688188807335694,
    0.1363302805348781,
    0.0906470536072981,
    0.024599894409383052,
    -0.022503066871988466,
    -0.030226915479153866,
    -0.00874933977062781,
    0.004082444934913159,
    -0.0004001093063695227,
    -0.0010582779460963669,
    0.00947478191909956,
    0.017291152329792534,
    0.022981505284819848,
    0.03310097499910436,
    0.0315981178863871,
    0.02891874252906563,
    0.03660829527333198,
    0.011337168360597557,
    -0.01791354202578292,
    -0.01626652002779761,
    -0.013967157268401802,
    -0.017237969030140323,
    -0.01401642813614485,
    -0.004690912353437176,
    0.006137282954157739,
    0.012626633857707369,
    0.00526839086920965,
    -0.008819229721063665,
    -0.005329313092517463,
    0.01884039049537459,
    0.03753736419889569,
    0.04291628464993347,
    0.02692032596998901,
    -0.004481603806710335,
    -0.03267091587871573
  ],
  "my": [
    0.0,
    -0.0010217720181579775,
    0.000576287950509265,
    -0.010833602215629682,
    -0.01255699710724744,
    -0.011030923561532421,
    -0.07378449416775097,
    -0.07924910391534999,
    -0.05800030195091496,
    -0.011631968258325739,
    -0.006425917128092133,
    -0.004421737603447761,
    -0.006348231928163225,
    -0.014609421065006099,
    -0.021070284503398776,
    -0.019141760590364494,
    -0.020501597523744305,
    -0.02241183013000818,
    -0.016473577196589508,
    -0.012392822510242913,
    -0.0072340888393124985,
    0.0027364905313574483,
    -0.003201411192509258,
    -0.007718666787381982,
    -0.0015655050033979519,
    0.010255633591620874,
    0.03181734094605123,
    0.0391352772655776,
    0.027595638702125114,
    0.02365824831975925,
    0.021526908272418606,
    0.013449507221387068,
    0.007824499948829028,
    -0.003520941314012188,
    -0.0057715451660598095,
    0.000915371212653962,
    0.0032626451851021027,
    0.006841096183428739,
    0.006727489174186989,
    -0.0014873996903875496,
    -0.009408827610560312,
    -0.013500448648474522,
    -0.0137511080976628,
    -0.010977470395556882,
    -0.009303714699557923,
    -0.007743617244288409,
    -0.0045332989649379775,
    -0.002527239756571179,
    -0.004288856470189595,
    0.001053604017219928,
    0.008988341856480002,
    0.012032924179902413,
    0.011141132749638525,
    0.007249348996615584,
    0.0026542842586781165,
    -2.3153739727968216e-17,
    0.002787250041102538,
    0.010073110180833376,
    0.023275095055805453,
    0.040811795837503745,
    0.04196821467219861,
    0.025066450097999494,
    0.01082756478579385,
    -0.00012315115925231693,
    -0.008348951684479728,
    -0.010327282324985396,
    -0.006639733611001169,
    -0.0009094832095220459,
    -0.0003582518844537005,
    0.004037849552415158,
    0.01584653531713938,
    0.014819418973548,
    0.008805803938410458,
    0.018275211860481123,
    0.015536408965283653,
    0.0018642332129618108,
    -0.0036285995502455476,
    0.005418055753857588,
    0.018496227410268632,
    0.010822071120024115,
    -0.0006393932868903773,
    0.01010884264989508,
    -0.003337722980758353,
    -0.02016590123294073,
    0.004078093436217821,
    0.02224886662376833,
    0.011140842597363762,
    -0.01629381666984199,
    -0.03565020256204958,
    -0.0320945197225154,
    -0.025818744171471678,
    -0.011239229004203563,
    0.004889875907503556,
    0.007147362725497807,
    0.000742265845266421,
    -0.0023231531698058774,
    -0.004579111190860662,
    -0.013660078759301926,
    -0.006588107970205489,
    0.009920374321508685
  ],