{
  "positive_frequencies": [
    0.0,
    0.07734375,
    0.1546875,
    0.23203125000000002,
    0.309375,
    0.38671875,
    0.46406250000000004,
    0.54140625,
    0.61875,
    0.6960937500000001,
    0.7734375,
    0.85078125,
    0.9281250000000001,
    1.0054687500000001,
    1.0828125,
    1.16015625,
    1.2375,
    1.31484375,
    1.3921875000000001,
    1.46953125,
    1.546875,
    1.62421875,
    1.7015625,
    1.7789062500000001,
    1.8562500000000002,
    1.93359375,
    2.0109375000000003,
    2.08828125,
    2.165625,
    2.24296875,
    2.3203125,
    2.3976562500000003,
    2.475,
    2.55234375,
    2.6296875,
    2.70703125,
    2.7843750000000003,
    2.86171875,
    2.9390625,
    3.01640625,
    3.09375,
    3.1710937500000003,
    3.2484375,
    3.32578125,
    3.403125,
    3.48046875,
    3.5578125000000003,
    3.63515625,
    3.7125000000000004,
    3.78984375,
    3.8671875,
    3.9445312500000003,
    4.0218750000000005,
    4.09921875,
    4.1765625,
    4.25390625,
    4.33125,
    4.4085937500000005,
    4.4859375,
    4.56328125,
    4.640625,
    4.71796875,
    4.7953125000000005,
    4.87265625,
    4.95
  ],
  "mx_fft_pos": [
    0.012937205994790672,
    0.011510194419890818,
    0.018704488123956597,
    0.0320143984325551,
    0.036856758547282605,
    0.041009247092489334,
    0.04458564461363888,
    0.0399448368053041,
    0.033466101665307446,
    0.025019367455589102,
    0.013808915051631425,
    0.009328203969936222,
    0.008858413857995767,
    0.0054841123429843494,
    0.008445297089816877,
    0.017310670417727006,
    0.018203646211703978,
    0.008950282156246332,
    0.006452245430026217,
    0.01344665478019977,
    0.013603947350536619,
    0.007960417273935257,
    0.004515131319673879,
    0.006289924875884507,
    0.006433305458369587,
    0.006313560510054691,
    0.0062869382265566985,
    0.005144512440079153,
    0.0031017340624675334,
    0.0016303857668798908,
    0.0006574241721455301,
    0.0006763135874999953,
    0.0005863190927464156,
    0.0005855534102630661,
    0.000389048402629108,
    0.0007791073454499355,
    0.0008639684967133,
    0.0009397641081766562,
    0.0009266483194091239,
    0.0003441714158485114,
    0.0003927629447215326,
    0.00024251518848168014,
    0.00044568406606398025,
    0.0004872753322145998,
    0.00016551912015252482,
    9.833553914629697e-05,
    0.00010936336623398895,
    0.0002532854862873616,
    0.00018495501025896473,
    0.00024704090954308274,
    0.00023854793570616119,
    0.00010734764827005138,
    0.00010317415702274427,
    5.999554003563775e-05,
    0.00013651891582070657,
    0.00012758700723400603,
    0.00011425990375187442,
    0.00013358854482370324,
    7.799464757939889e-05,
    2.391401443409504e-05,
    5.709603248509756e-05,
    3.7199840585868924e-05,
    3.923505473645544e-05,
    2.9847022962933615e-05,
    5.393286379477003e-06
  ],
  "my_fft_pos": [
    0.003995256420081687,
    0.0037847754895428683,
    0.0017299183603117494,
    0.003868979749142394,
    0.005084141876945811,
    0.005209182783544253,
    0.0030820334184649195,
    0.0008604180810041856,
    0.0026432252824896718,
    0.0020068033158681673,
    0.0016746625997160433,
    0.00401256825439641,
    0.004217769229711959,
    0.003089782007021232,
    0.0011021148573686582,
    0.002304406679975401,
    0.0029532978065034228,
    0.0017483476352413007,
    0.001572698167088022,
    0.0019238965316978496,
    0.0013267460895321505,
    0.0003054426619527076,
    0.0008943902315947741,
    0.0007920650138337738,
    0.0010116754171103234,
    0.00013362151559461694,
    0.0007116937583703689,
    0.0006906907458446195,
    0.0005371985009082935,
    0.0002641903700445953,
    0.000702331001671471,
    0.000292686785992716,
    0.0006177480605946455,
    0.000770874208008772,
    0.0005820539034175637,
    0.0007882109715042297,
    0.0006816379341916354,
    0.000597161197704547,
    0.00033619663281715467,
    0.00010883103584288785,
    0.00020847896089573985,
    0.0001700308126826193,
    0.00020090154539256303,
    0.00021294533628055275,
    0.00048405791237130685,
    0.0003048270399262667,
    0.0003035843474639481,
    0.0005335615065863044,
    0.0001781891216564166,
    0.00021137351155588554,
    0.00020146092842204143,
    9.245283045595563e-05,
    0.00011260917650488211,
    6.943703971651581e-05,
    5.701833818305036e-05,
    4.998809120252086e-05,
    4.43460685565232e-05,
    4.258764711098546e-05,
    3.6664102022639983e-05,
    4.1422812936378435e-05,
    8.85433579568728e-05,
    4.3655940154815525e-05,
    5.6004604415140416e-05,
    5.456492220403358e-06,
    7.653123411205443e-05
  ],
  "mz_fft_pos": [
    0.029682457110280593,
    0.02644942143640336,
    0.015924076873237006,
    0.01260751671514109,
    0.028066136552939668,
    0.04052639808783919,
    0.043660890401619294,
    0.03811653810033188,
    0.026687093053831837,
    0.017406567336763597,
    0.018609319328380804,
    0.02043497596171505,
    0.017954871724240744,
    0.011262193432653438,
    0.0032874922387047846,
    0.014310019541173238,
    0.016672611502742817,
    0.007440949811183555,
    0.007291552687978644,
    0.015840082259880567,
    0.016596546194494265,
    0.01154830715704453,
    0.007984928166844428,
    0.006992297569996326,
    0.00669340760175558,
    0.007385553656326296,
    0.0072059613193930635,
    0.005611624609065149,
    0.00366111749713784,
    0.0023247752253209336,
    0.001266981206912204,
    0.00037758845520031737,
    0.0007645851521260741,
    0.0007261225537383871,
    0.0005083296447329255,
    0.0001136090242321474,
    0.00045329610694697174,
    0.0007771559771517401,
    0.0005314644921002234,
    6.467776596531035e-05,
    0.0003387386370689499,
    0.00020358502402396836,
    0.00046834999176507166,
    0.0005622164088561904,
    0.0003025156607858411,
    0.000231214376441631,
    0.00023579206516463649,
    0.0001217046430338523,
    0.0001417750273618695,
    0.00013549656988973748,
    4.8036657052804914e-06,
    7.371314174366489e-05,
    6.29299318597378e-05,
    2.9566893304261354e-05,
    3.685766771639234e-05,
    0.00012340253656215538,
    0.00013298238320370032,
    8.755455256716463e-05,
    6.466852954831088e-05,
    5.158320245573616e-05,
    3.9601463656603063e-05,
    5.547368465584948e-05,
    4.666503700458571e-05,
    6.108980833056607e-05,
    7.135964647541293e-05
  ]
}