{
  "times": [
    0.0,
    0.20202020202020202,
    0.40404040404040403,
    0.6060606060606061,
    0.8080808080808081,
    1.0101010101010102,
    1.2121212121212122,
    1.4141414141414141,
    1.6161616161616161,
    1.8181818181818181,
    2.0202020202020203,
    2.2222222222222223,
    2.4242424242424243,
    2.6262626262626263,
    2.8282828282828283,
    3.0303030303030303,
    3.2323232323232323,
    3.4343434343434343,
    3.6363636363636362,
    3.8383838383838382,
    4.040404040404041,
    4.242424242424242,
    4.444444444444445,
    4.646464646464646,
    4.848484848484849,
    5.05050505050505,
    5.252525252525253,
    5.454545454545454,
    5.656565656565657,
    5.858585858585858,
    6.0606060606060606,
    6.262626262626262,
    6.4646464646464645,
    6.666666666666667,
    6.8686868686868685,
    7.070707070707071,
    7.2727272727272725,
    7.474747474747475,
    7.6767676767676765,
    7.878787878787879,
    8.080808080808081,
    8.282828282828282,
    8.484848484848484,
    8.686868686868687,
    8.88888888888889,
    9.09090909090909,
    9.292929292929292,
    9.494949494949495,
    9.696969696969697,
    9.8989898989899,
    10.1010101010101,
    10.303030303030303,
    10.505050505050505,
    10.707070707070708,
    10.909090909090908,
    11.11111111111111,
    11.313131313131313,
    11.515151515151516,
    11.717171717171716,
    11.919191919191919,
    12.121212121212121,
    12.323232323232324,
    12.525252525252524,
    12.727272727272727,
    12.929292929292929,
    13.131313131313131,
    13.333333333333334,
    13.535353535353535,
    13.737373737373737,
    13.93939393939394,
    14.141414141414142,
    14.343434343434343,
    14.545454545454545,
    14.747474747474747,
    14.94949494949495,
    15.15151515151515,
    15.353535353535353,
    15.555555555555555,
    15.757575757575758,
    15.959595959595958,
    16.161616161616163,
    16.363636363636363,
    16.565656565656564,
    16.767676767676768,
    16.96969696969697,
    17.171717171717173,
    17.373737373737374,
    17.575757575757574,
    17.77777777777778,
    17.97979797979798,
    18.18181818181818,
    18.383838383838384,
    18.585858585858585,
    18.78787878787879,
    18.98989898989899,
    19.19191919191919,
    19.393939393939394,
    19.595959595959595,
    19.7979797979798,
    20.0
  ],
  "mx": [
    1.0,
    0.4390990414197754,
    0.11366856276312892,
    -0.017683843382939553,
    -0.0366439736004614,
    -0.032408844423597524,
    -0.030993976899987955,
    -0.0008890442124591144,
    0.023105982011688037,
    0.028520360334919996,
    -0.014891465690394685,
    -0.020043534534115833,
    0.005507060787617014,
    -0.0022017475527082815,
    -0.005926497144254883,
    0.04775313574332466,
    0.016503702215401587,
    0.0019768356790993745,
    0.012975972401486579,
    0.055835938293161975,
    -0.00896056213688463,
    -0.06305167412189464,
    -0.04958451191615168,
    -0.02113087491299511,
    -0.018089714665430974,
    0.007090747234585767,
    0.0007773236383521826,
    -0.00026746506325621075,
    -0.01339319140535228,
    -0.006104531788105149,
    0.004463994581949654,
    0.028789936497263306,
    0.02212435729253004,
    0.021235281210629436,
    0.013056272194279713,
    -0.03765298625744118,
    -0.04700086432626797,
    -0.05405033047351691,
    -0.0059336841211278775,
    0.029597234761891075,
    0.0201889509350821,
    -0.021127934524177574,
    -0.003974400153738233,
    -0.043423969230850214,
    -0.012094897076990668,
    0.00134543375189581,
    -0.005467680106855737,
    0.01272069383218072,
    -0.026722575635251506,
    -0.00819309861957308,
    0.009975686034774448,
    -0.07517818156482045,
    -0.13721159726999574,
    -0.13793399925630892,
    -0.1365157144993052,
    -0.0594267865719954,
    -0.03023035368813557,
    0.005453098876480145,
    0.025630676579206278,
    -0.013156529274557247,
    -0.039925120409994436,
    -0.024647091401121528,
    0.01478152931035056,
    -0.0017543485640311106,
    0.007176445155723871,
    -0.023907244038800374,
    0.014909975614512148,
    -0.0032948966346384567,
    0.0062156047140164775,
    -0.018274529840961812,
    0.025365715345897974,
    -0.04321269961212374,
    -0.02637716040557498,
    0.0635863616003178,
    0.09851901667478627,
    0.04467776291373364,
    0.01162995606728199,
    -0.01757232919854242,
    0.02171392077004809,
    -0.01237285075618184,
    0.0005890695811036767,
    -0.01309411972516401,
    -0.041353343826897426,
    -0.035214387369951694,
    -0.02597920268088329,
    0.006854152532746069,
    -0.002523107040301933,
    0.02584593807423211,
    0.019120856542015844,
    0.017994685407618578,
    -0.014259385530077703,
    -0.005016267475623802,
    -0.00945284600694472,
    0.004556334462470613,
    0.01562509333325409,
    -0.012597825799274834,
    -0.05838434321611945,
    -0.06063875131157948,
    -0.08050901744199748,
    -0.06027370143981274
  ],
  "my": [
    0.0,
    0.17595417305916963,
    0.019192818893697252,
    -0.008027400864524522,
    -0.05723537785291223,
    -0.05753136483056289,
    -0.029818479967987324,
    -0.0153915035718938,
    -0.027139450776771726,
    -0.0037814500163465947,
    0.016731035499812797,
    0.025347614056396434,
    -0.0003670365840166578,
    0.011023613721358442,
    -0.013927914243834303,
    -0.006515791143803126,
    -0.05824529482020001,
    -0.004016758730750065,
    0.0035212784310115763,
    -0.03595834444179679,
    -0.06628011718176238,
    -0.024431548328985777,
    0.016815937877613887,
    0.01872763807006334,
    0.03674847208795581,
    0.026412859817460707,
    -0.01669808539913888,
    -0.003372499579456921,
    -0.01654477240758826,
    0.023457849801855613,
    0.059283706397739375,
    -0.0014024431385266803,
    0.03536691398019365,
    0.016279213695962427,
    -0.021397607332235172,
    -0.021827883437465515,
    -0.045986967232964235,
    -0.09439249986560945,
    -0.062376685207650606,
    0.009068169437764543,
    0.01924072570304941,
    -0.007674156254230069,
    0.005373455848052619,
    0.004875210330524069,
    -0.023602699675774573,
    -0.03074916623667805,
    -0.024429451184790795,
    -0.09527212336107295,
    -0.05279405921458994,
    -0.01334101958286911,
    0.014352710960671134,
    -0.014051236799274437,
    -0.03540234182038007,
    -0.020947527300770027,
    -0.008315020120390615,
    -0.022511408991690206,
    -0.0028527552527932314,
    -0.02856852294468979,
    -0.003955360183491392,
    -0.02341554801697641,
    -0.022279566381890135,
    0.004318398617150483,
    -0.026942159575391297,
    -0.0018129357703057167,
    -0.008383786677073818,
    0.01593760629258686,
    0.01040454853969984,
    -0.023731997728844108,
    0.009067908463147534,
    0.09206988305578571,
    0.026308624917774217,
    -0.03503921499326924,
    -0.053293303042272595,
    -0.05013085988310029,
    -0.03722252086130142,
    -0.01069761725992801,
    0.013353625800001979,
    0.004904786162068333,
    0.01913371433054456,
    -0.0030330868284799907,
    -0.018453056496390244,
    -0.014194901216497689,
    -0.02638525732634198,
    -0.003507536118323948,
    -0.03174901522400228,
    -0.007840500326998718,
    -0.01980473365573078,
    0.0176980124332208,
    0.002086311064276207,
    -0.04971705246493435,
    0.02019648762598643,
    0.045256723023357384,
    0.008757493815219168,
    -0.0330572266293195,
    0.005394502492522195,
    0.0007094509276517509,
    -0.009951536777345258,
    -0.040935429163607664,
    -0.018672065636661725,
    0.006408552850954336
  ],