{
  "times": [
    0.0,
    0.10101010101010101,
    0.20202020202020202,
    0.30303030303030304,
    0.40404040404040403,
    0.5050505050505051,
    0.6060606060606061,
    0.7070707070707071,
    0.8080808080808081,
    0.9090909090909091,
    1.0101010101010102,
    1.1111111111111112,
    1.2121212121212122,
    1.3131313131313131,
    1.4141414141414141,
    1.5151515151515151,
    1.6161616161616161,
    1.7171717171717171,
    1.8181818181818181,
    1.9191919191919191,
    2.0202020202020203,
    2.121212121212121,
    2.2222222222222223,
    2.323232323232323,
    2.4242424242424243,
    2.525252525252525,
    2.6262626262626263,
    2.727272727272727,
    2.8282828282828283,
    2.929292929292929,
    3.0303030303030303,
    3.131313131313131,
    3.2323232323232323,
    3.3333333333333335,
    3.4343434343434343,
    3.5353535353535355,
    3.6363636363636362,
    3.7373737373737375,
    3.8383838383838382,
    3.9393939393939394,
    4.040404040404041,
    4.141414141414141,
    4.242424242424242,
    4.343434343434343,
    4.444444444444445,
    4.545454545454545,
    4.646464646464646,
    4.747474747474747,
    4.848484848484849,
    4.94949494949495,
    5.05050505050505,
    5.151515151515151,
    5.252525252525253,
    5.353535353535354,
    5.454545454545454,
    5.555555555555555,
    5.656565656565657,
    5.757575757575758,
    5.858585858585858,
    5.959595959595959,
    6.0606060606060606,
    6.161616161616162,
    6.262626262626262,
    6.363636363636363,
    6.4646464646464645,
    6.565656565656566,
    6.666666666666667,
    6.767676767676767,
    6.8686868686868685,
    6.96969696969697,
    7.070707070707071,
    7.171717171717171,
    7.2727272727272725,
    7.373737373737374,
    7.474747474747475,
    7.575757575757575,
    7.6767676767676765,
    7.777777777777778,
    7.878787878787879,
    7.979797979797979,
    8.080808080808081,
    8.181818181818182,
    8.282828282828282,
    8.383838383838384,
    8.484848484848484,
    8.585858585858587,
    8.686868686868687,
    8.787878787878787,
    8.88888888888889,
    8.98989898989899,
    9.09090909090909,
    9.191919191919192,
    9.292929292929292,
    9.393939393939394,
    9.494949494949495,
    9.595959595959595,
    9.696969696969697,
    9.797979797979798,
    9.8989898989899,
    10.0
  ],
  "mx": [
    1.0,
    0.5575541933337493,
    0.16568184468229802,
    0.04357768499413911,
    -0.024614352143343288,
    -0.03919754900121647,
    -0.03240884442359768,
    -0.03572812724768331,
    -0.013493261078592778,
    0.019395898743721357,
    0.03276857786214914,
    0.0220222685934737,
    -0.014891465690394665,
    -0.022299144863294536,
    0.0006424020870242023,
    -0.003690318197564788,
    0.005442894782677961,
    -0.008111020904142693,
    0.04775313574332453,
    0.02643812890954189,
    0.00795305664907166,
    -0.0076416703881730455,
    0.0396599023416846,
    0.04625376242599679,
    -0.00896056213688463,
    -0.05663950380944328,
    -0.059043224072176693,
    -0.035228700109927784,
    -0.017644568522402093,
    -0.015698820075781827,
    0.007090747234585684,
    0.0022468998155661174,
    0.0015453889595272025,
    -0.006076933138659061,
    -0.016670210183918975,
    -0.003302070657427044,
    0.004463994581949533,
    0.028601658394706266,
    0.018954288171227435,
    0.02718587598553898,
    0.0211081131235586,
    0.002408899273223046,
    -0.03765298625744137,
    -0.04265719039151519,
    -0.05435934057424903,
    -0.03964051564640759,
    0.014793560789414517,
    0.029364061215978392,
    0.020188950935082432,
    -0.02000364947157887,
    -0.011643113615148845,
    -0.011443094860414638,
    -0.047688285320514355,
    -0.0035360283372652627,
    0.0013454337518954548,
    -0.007081403084927957,
    0.010796073603349058,
    -0.010593319423713703,
    -0.028892924448187352,
    0.000335890189161088,
    0.00997568603477433,
    -0.06417400112679704,
    -0.11390179679824723,
    -0.1486117753898891,
    -0.14202496598378936,
    -0.1247382766071695,
    -0.05942678657199538,
    -0.03710337515853271,
    -0.0018484310765479912,
    0.01625023533541104,
    0.019877765874881496,
    -0.020618068059133743,
    -0.03992512040999465,
    -0.028003120181025708,
    0.015219944403352073,
    0.0034089695582995355,
    -0.0015328866759579335,
    0.0028118371618636364,
    -0.02390724403880082,
    0.013041654637087906,
    -0.0020281806748819204,
    0.015438768058064666,
    -0.012036906855239884,
    -0.010964107835682883,
    0.02536571534589842,
    -0.035231770605985,
    -0.03925458856154158,
    0.006700488242287261,
    0.09534947871208047,
    0.09035883158011991,
    0.04467776291373396,
    0.01946087906522156,
    -0.018135854622023363,
    0.008485282585038712,
    0.0046840741043542924,
    -0.005550158846964574,
    0.0005890695811037721,
    -0.01237105279750884,
    -0.028627820270572264,
    -0.04270912736151626
  ],
  "my": [
    0.0,
    0.20800668884712525,
    0.04734665850930827,
    -0.007975219637221819,
    -0.0038571910362729,
    -0.06836383525128166,
    -0.05753136483056296,
    -0.03649718139494554,
    -0.02599253478614329,
    -0.005525756546973922,
    -0.02865866732364846,
    0.002170633217010042,
    0.016731035499812783,
    0.03167160297041965,
    -0.004114213386437486,
    0.017985179742234743,
    -0.0060532832812966696,
    -0.008916290224886962,
    -0.006515791143803108,
    -0.059420649070546325,
    -0.02547953204269923,
    0.016426122593388152,
    -0.013020301977544925,
    -0.04147444087531929,
    -0.06628011718176245,
    -0.033113807191537496,
    0.006628210832456835,
    0.025417029717296324,
    0.01489146315253393,
    0.04282731636465868,
    0.02641285981746078,
    -0.016586470022308314,
    -0.0023511792557679035,
    -0.0183931187105292,
    -0.0024558147149304436,
    0.029863957781017636,
    0.05928370639773923,
    0.005890910063473324,
    0.020620760816574372,
    0.030137640265130744,
    0.0030688877821628407,
    -0.01803727028992047,
    -0.021827883437465286,
    -0.03696740932766787,
    -0.0838496730495662,
    -0.09814143056537622,
    -0.02821017302408094,
    0.01497893834427117,
    0.019240725703049206,
    -0.005237503751049061,
    0.00904361237279664,
    0.0005127633495060025,
    0.0026788220909554393,
    -0.031242814364175628,
    -0.030749166236677908,
    -0.012599199648817514,
    -0.08443120358844235,
    -0.08196637567428164,
    -0.03575939673195879,
    -0.006527062882156459,
    0.014352710960670938,
    -0.007570859683525846,
    -0.037890325009379645,
    -0.016689367288669526,
    -0.02318936805183113,
    -0.009350413439288267,
    -0.022511408991690053,
    -0.005164202877817608,
    -0.023469348512291807,
    -0.012898064389830925,
    -0.011051331328600787,
    -0.024498991492431326,
    -0.02227956638189029,
    0.009808316686176839,
    -0.024570384499804834,
    -0.01505231027908513,
    -0.0011523963983283425,
    -0.008165741092979222,
    0.01593760629258675,
    0.01903843585469253,
    -0.026208383698483422,
    -0.008633906830768544,
    0.03380441851698835,
    0.09496707836043418,
    0.026308624917775053,
    -0.026867513314514296,
    -0.05336541609861634,
    -0.055442054669970035,
    -0.03834961219659458,
    -0.03902429927832892,
    -0.010697617259928384,
    0.01496821692910967,
    0.004866485890336397,
    0.009384541342167037,
    0.019134329958515217,
    -0.007169469336745259,
    -0.018453056496390244,
    -0.019460350556324814,
    -0.016583439525023315,
    -0.019687112047190165
  ],