{
  "positive_frequencies": [
    0.0,
    0.07734375,
    0.1546875,
    0.23203125000000002,
    0.309375,
    0.38671875,
    0.46406250000000004,
    0.54140625,
    0.61875,
    0.6960937500000001,
    0.7734375,
    0.85078125,
    0.9281250000000001,
    1.0054687500000001,
    1.0828125,
    1.16015625,
    1.2375,
    1.31484375,
    1.3921875000000001,
    1.46953125,
    1.546875,
    1.62421875,
    1.7015625,
    1.7789062500000001,
    1.8562500000000002,
    1.93359375,
    2.0109375000000003,
    2.08828125,
    2.165625,
    2.24296875,
    2.3203125,
    2.3976562500000003,
    2.475,
    2.55234375,
    2.6296875,
    2.70703125,
    2.7843750000000003,
    2.86171875,
    2.9390625,
    3.01640625,
    3.09375,
    3.1710937500000003,
    3.2484375,
    3.32578125,
    3.403125,
    3.48046875,
    3.5578125000000003,
    3.63515625,
    3.7125000000000004,
    3.78984375,
    3.8671875,
    3.9445312500000003,
    4.0218750000000005,
    4.09921875,
    4.1765625,
    4.25390625,
    4.33125,
    4.4085937500000005,
    4.4859375,
    4.56328125,
    4.640625,
    4.71796875,
    4.7953125000000005,
    4.87265625,
    4.95
  ],
  "mx_fft_pos": [
    0.015168409894717414,
    0.014125711800644432,
    0.011489822079724942,
    0.010277672044512,
    0.009263351272607915,
    0.006338195075015655,
    0.009223344335808013,
    0.013011720681740108,
    0.009652483141004016,
    0.003805880996493718,
    0.006726167448401548,
    0.008660165399423148,
    0.009807268701102755,
    0.01235405342195551,
    0.009670972008771496,
    0.003700049876555095,
    0.0032463925196260725,
    0.007606994681160217,
    0.007699774172149294,
    0.00533430594030962,
    0.005003889192096849,
    0.0039425108491938695,
    0.0025128409427223213,
    0.0001725267834034061,
    0.0012056264016755897,
    0.00160121099813252,
    0.0019740478911234012,
    0.005010528576309095,
    0.004396876453245687,
    0.0008093312189987234,
    0.000874789984766983,
    0.002175152351759929,
    0.0018510920254488528,
    0.0011051460301388586,
    0.00033503389190753236,
    0.0008790912193240926,
    0.00048279121366598637,
    0.002725837034739933,
    0.0035035449532695435,
    0.0029532176236702306,
    0.0024414554711693136,
    0.0021651761582548177,
    0.0017560628167702633,
    0.001432854832205171,
    0.0014047028773554893,
    0.0014412748904711027,
    0.0013215877594860287,
    0.001068907991370539,
    0.0010748503215822088,
    0.0016584820436655618,
    0.001993607901595267,
    0.0013642979049104948,
    0.00013521477587095668,
    0.0004215194583412957,
    0.0015506682942327465,
    0.001820443773385934,
    0.0009325800610384406,
    0.0012263892450312052,
    0.0013954596496255534,
    0.000939409715199801,
    0.0007050080751453038,
    0.0016535305136761147,
    0.001227458148653946,
    0.0003999018393345152,
    0.0007977748267152096
  ],
  "my_fft_pos": [
    0.011843966547802594,
    0.010040636063804047,
    0.008192627347158152,
    0.007181721986544831,
    0.0041666229935062235,
    0.0038387752413493233,
    0.004658243978141963,
    0.005314203897598094,
    0.007226902909243244,
    0.007372678502086432,
    0.008333323187485541,
    0.010375531232976291,
    0.01030555665657432,
    0.006704348424572083,
    0.003947928960332433,
    0.0008400425104358561,
    0.003017282742051176,
    0.0021233914984853607,
    0.0023946018903144893,
    0.004831890501236743,
    0.006408829597625225,
    0.007033872541387712,
    0.00510740015944803,
    0.003127644097275901,
    0.0020572923636105584,
    0.0019797146836080647,
    0.0008913731522195383,
    0.00326112019874921,
    0.00193214402841661,
    0.0037307398045984624,
    0.004494162512257249,
    0.004577076910020267,
    0.0042790902938155935,
    0.003650169974748616,
    0.003213888538468901,
    0.003418233241103955,
    0.0024325147566612057,
    0.0012536546946767726,
    0.0020768231341386522,
    0.0014058461855281793,
    0.0014571647976107033,
    0.002830562248594564,
    0.002612964644808748,
    0.0006958499345878202,
    0.0024007847774993253,
    0.0026813301157949275,
    0.0016359098681799954,
    0.0009687722451663081,
    0.0015693857875867681,
    0.0020146896250763913,
    0.0014458401812800625,
    0.001538675663278361,
    0.001232631212579828,
    0.0008481817550824601,
    0.0015712233859904157,
    0.0020438704545567804,
    0.0012472135116898004,
    0.001073987399370235,
    0.0007762734899432661,
    0.0002276958464328102,
    0.0006092592780445247,
    0.001636490305388607,
    0.002164607945375432,
    0.0013078942688389814,
    0.00039786893595887383
  ],
  "mz_fft_pos": [
    0.004560135857207914,
    0.0020702822790985643,
    0.0027341117806023814,
    0.0063004320417492255,
    0.006965887167934455,
    0.0044149272533270875,
    0.0017005918013656128,
    0.002100342567483298,
    0.0036400724864697237,
    0.0031484846563031056,
    0.0036387822446386346,
    0.00427871777671367,
    0.002502846153644316,
    0.0022908143622236143,
    0.002923331884224889,
    0.0019802705702893545,
    0.003421234242525806,
    0.004675780397075595,
    0.006846298206681216,
    0.004863066652807045,
    0.001903078791419019,
    0.003929804539027388,
    0.00442573012140074,
    0.004108947075313145,
    0.0036059104297911275,
    0.002676879275322436,
    0.001584867331906658,
    0.0017804923631499414,
    0.0036800509019693887,
    0.0037623622574640635,
    0.001701968782393795,
    0.0028718471251376254,
    0.0018293650841974185,
    0.0012416769749741797,
    0.001859737542941024,
    0.00127740155275046,
    0.0015722338744766512,
    0.0023642191127797104,
    0.0015375719479138038,
    0.001178335010213151,
    0.0018490295083477203,
    0.0024416835525407276,
    0.002945939729764703,
    0.002061973613199969,
    0.000911269849797549,
    0.0010426959656609234,
    0.0011185786125168407,
    0.0013857048201559269,
    0.0013446265613341203,
    0.0005479053215367533,
    0.0005501552987142269,
    0.0016122697129973404,
    0.0020189876865326166,
    0.0015186576878016007,
    0.0011170759496941913,
    0.0016991349332271565,
    0.0020833145627267118,
    0.0019379526362000915,
    0.0018979013399111476,
    0.0019362777053734375,
    0.0008765327245623508,
    0.0006804182739591516,
    0.0010914552509338534,
    0.0006367799314542381,
    0.000696609549365087
  ]
}