{
  "positive_frequencies": [
    0.0,
    0.07734375,
    0.1546875,
    0.23203125000000002,
    0.309375,
    0.38671875,
    0.46406250000000004,
    0.54140625,
    0.61875,
    0.6960937500000001,
    0.7734375,
    0.85078125,
    0.9281250000000001,
    1.0054687500000001,
    1.0828125,
    1.16015625,
    1.2375,
    1.31484375,
    1.3921875000000001,
    1.46953125,
    1.546875,
    1.62421875,
    1.7015625,
    1.7789062500000001,
    1.8562500000000002,
    1.93359375,
    2.0109375000000003,
    2.08828125,
    2.165625,
    2.24296875,
    2.3203125,
    2.3976562500000003,
    2.475,
    2.55234375,
    2.6296875,
    2.70703125,
    2.7843750000000003,
    2.86171875,
    2.9390625,
    3.01640625,
    3.09375,
    3.1710937500000003,
    3.2484375,
    3.32578125,
    3.403125,
    3.48046875,
    3.5578125000000003,
    3.63515625,
    3.7125000000000004,
    3.78984375,
    3.8671875,
    3.9445312500000003,
    4.0218750000000005,
    4.09921875,
    4.1765625,
    4.25390625,
    4.33125,
    4.4085937500000005,
    4.4859375,
    4.56328125,
    4.640625,
    4.71796875,
    4.7953125000000005,
    4.87265625,
    4.95
  ],
  "mx_fft_pos": [
    0.002811037483917841,
    0.003316676170932433,
    0.004066520656915412,
    0.006805201903490393,
    0.009422746532669552,
    0.010053792776804118,
    0.010972996468585317,
    0.010241748731035666,
    0.0074515736606434015,
    0.00500593214805217,
    0.002419278467158956,
    0.0017786613382846609,
    0.0026648489225787665,
    0.004380438041730014,
    0.005284080844916723,
    0.005176290333990153,
    0.005488805767791047,
    0.005123047662525587,
    0.003992659149176435,
    0.003269287968695287,
    0.0023319004552106743,
    0.0022465849239560044,
    0.0025194847703881285,
    0.002699768463103299,
    0.0017320178241306888,
    0.00016607716107421933,
    0.0008912856100591626,
    0.0008573198741943844,
    0.001629846060691015,
    0.004081477421447917,
    0.0048957375351816376,
    0.0035469842415711424,
    0.0025298782900178944,
    0.002316146819381312,
    0.001964547408280682,
    0.0013406202585768108,
    0.0008104660979029032,
    0.0006811511146237474,
    0.0006164782179691244,
    0.0008028555138580947,
    0.001505482315856843,
    0.001247166176439044,
    0.000476986625615737,
    0.0009260432432816991,
    0.001402040036816034,
    0.0013630131184132457,
    0.0007620867235684618,
    0.00016774390124699474,
    0.00038474600866396597,
    0.00022415731980382706,
    0.0006576774985431956,
    0.0011547838150337598,
    0.0008445729133361175,
    0.00026710446479835984,
    0.0005326997158952384,
    0.0005517054269452301,
    0.0008268299433933468,
    0.0009262218097655855,
    0.0006404144423225471,
    0.0005744809153722034,
    0.0003610385703752994,
    0.000733874665849344,
    0.0005748432397455096,
    0.00032332566650263044,
    0.0004835301691985761
  ],
  "my_fft_pos": [
    0.00742187534889331,
    0.007138807561143659,
    0.005447382774578294,
    0.004006122244290811,
    0.0020474745883393305,
    0.001986935452490815,
    0.0015599576163811192,
    0.0017438514998516486,
    0.0026247461537465743,
    0.002337453428691979,
    0.0019942263721404656,
    0.0024509602465256275,
    0.0011395062169434413,
    0.002375204605543862,
    0.0039441146972827865,
    0.004928022284133289,
    0.004594269827171085,
    0.0029310594350616093,
    0.0024791813775884713,
    0.0031401984239114,
    0.003612920020988546,
    0.002987452839411147,
    0.001133582938153578,
    0.00032562882443415225,
    0.000438940783572191,
    8.3006126495546e-05,
    0.0005011189117848842,
    0.00028240512068015126,
    0.0022666957648518333,
    0.00362406601123708,
    0.0023972309021129813,
    0.00025063125406684744,
    0.0009146180739049588,
    0.0012313514837374016,
    0.0012809494030914456,
    0.0011187490370879757,
    0.0015422209512368612,
    0.001911612565936054,
    0.0014567953709599174,
    0.0004477104536305182,
    0.0007247085431411487,
    0.001283398615175047,
    0.0020546409355508997,
    0.002259556933513818,
    0.0016925296924528174,
    0.001101129854201793,
    0.0006734026787159112,
    0.0005715408528040682,
    0.0009204843905178182,
    0.000872798332551183,
    0.0007579039931322217,
    0.0009101349420305115,
    0.0009074212472419688,
    0.0006369889404561316,
    0.0005906017682887019,
    0.00024538084396541276,
    0.0006287820459321234,
    0.0005592328113112464,
    0.0005339549500095587,
    0.0007471184819899202,
    0.0007314419944494888,
    0.0005504178484432947,
    0.00038922108930786306,
    0.00048270039023772736,
    0.0005510886986704971
  ],
  "mz_fft_pos": [
    0.00018052765349172725,
    0.0017553062848680492,
    0.004030304501162551,
    0.003932953301698922,
    0.002330132977564694,
    0.001217872131353471,
    0.0006828128976823381,
    0.0005828296846553744,
    0.0009707752309332574,
    0.0017376226743071555,
    0.0029590061331075117,
    0.004078158806289477,
    0.003935564505370035,
    0.0027554105524990207,
    0.002918954229055223,
    0.0030945469231115834,
    0.002968856474718227,
    0.0025823740226994935,
    0.003331873061347942,
    0.005076646241030659,
    0.0053672163568288,
    0.004699705878455199,
    0.004317749189293298,
    0.0032235111830796167,
    0.0022021057689306785,
    0.0017702829687270343,
    0.0010255361969789501,
    0.0003854511090024441,
    0.0005356901416821625,
    0.0008347170847895592,
    0.002380588012211829,
    0.002385442337621867,
    0.0008232286317550472,
    0.0005860508617428742,
    0.0010062400705208618,
    0.001340410505492307,
    0.0006004707578403296,
    0.0006275054494603267,
    0.0006139491615113024,
    0.0003825695683143218,
    0.0007143690559767413,
    0.0004366837672952942,
    0.00037117201104822604,
    0.0006804210466997043,
    0.0010214487371984482,
    0.001159883254952925,
    0.0010397087950136082,
    0.0008741813020165921,
    0.0007373015783389672,
    0.0003776634416399529,
    0.00029847958996483923,
    0.0008194177244192433,
    0.0007676414382624467,
    0.0006276379291770973,
    0.0012359057771492532,
    0.0013960951343582407,
    0.0007513480097787408,
    0.00047733950555243457,
    0.0009251219079907527,
    0.0005867916520522166,
    0.0007033674780718425,
    0.0010137086875100583,
    0.0015226159526314162,
    0.001354145127587042,
    0.0010802954619349775
  ]
}