{
  "positive_frequencies": [
    0.0,
    0.07734375,
    0.1546875,
    0.23203125000000002,
    0.309375,
    0.38671875,
    0.46406250000000004,
    0.54140625,
    0.61875,
    0.6960937500000001,
    0.7734375,
    0.85078125,
    0.9281250000000001,
    1.0054687500000001,
    1.0828125,
    1.16015625,
    1.2375,
    1.31484375,
    1.3921875000000001,
    1.46953125,
    1.546875,
    1.62421875,
    1.7015625,
    1.7789062500000001,
    1.8562500000000002,
    1.93359375,
    2.0109375000000003,
    2.08828125,
    2.165625,
    2.24296875,
    2.3203125,
    2.3976562500000003,
    2.475,
    2.55234375,
    2.6296875,
    2.70703125,
    2.7843750000000003,
    2.86171875,
    2.9390625,
    3.01640625,
    3.09375,
    3.1710937500000003,
    3.2484375,
    3.32578125,
    3.403125,
    3.48046875,
    3.5578125000000003,
    3.63515625,
    3.7125000000000004,
    3.78984375,
    3.8671875,
    3.9445312500000003,
    4.0218750000000005,
    4.09921875,
    4.1765625,
    4.25390625,
    4.33125,
    4.4085937500000005,
    4.4859375,
    4.56328125,
    4.640625,
    4.71796875,
    4.7953125000000005,
    4.87265625,
    4.95
  ],
  "mx_fft_pos": [
    0.0743136260530348,
    0.08204009191324958,
    0.084570642455678,
    0.06235468431206615,
    0.026751018801331208,
    0.007925806187367476,
    0.036949356735769635,
    0.04778196248641829,
    0.044878871874635316,
    0.048022725252360086,
    0.04856513804834262,
    0.04808132896647461,
    0.054708511402717104,
    0.044258839038106845,
    0.011022445223716586,
    0.04264054913147119,
    0.040064803867053876,
    0.004999781876693341,
    0.024325800453929257,
    0.01754366397333597,
    0.002810350076198441,
    0.010798337651756173,
    0.024772378412492344,
    0.03951207876764328,
    0.045565373859268954,
    0.034283210201238055,
    0.017492858501128514,
    0.009158849830235084,
    0.00925383406324576,
    0.006488476716970332,
    0.015980536175825868,
    0.018620711103964273,
    0.011808988862613824,
    0.010897986453482288,
    0.012142904339903343,
    0.005504231019407342,
    0.0009880875592464709,
    0.0026401189331258157,
    0.007392485528220809,
    0.009275331308239643,
    0.006032717332956398,
    0.0021126512323924934,
    0.0020657700513729334,
    0.0031003425744248964,
    0.002258451489682422,
    0.0005836856993921828,
    0.0007892809636828709,
    0.003490103543129711,
    0.003777090508738417,
    0.0008967422588922603,
    0.0014135356910579921,
    0.0026553183470454777,
    0.002007500215775871,
    0.0010032778153499108,
    0.0012679720420214963,
    0.0008267418745275221,
    0.00048448645984968677,
    0.0005946759264959907,
    0.00038591618760010514,
    0.000557305819536797,
    0.00019144054723407508,
    0.0004891655984949764,
    0.0003755921532362812,
    0.00019523219964710892,
    0.0004949756040218833
  ],
  "my_fft_pos": [
    0.030030465092591784,
    0.047742802473222906,
    0.05285319391996051,
    0.036394216300749,
    0.026057065270216326,
    0.02535052404786863,
    0.027059555930195472,
    0.0318745343863959,
    0.03654720447487507,
    0.03286525136968747,
    0.03069030185546705,
    0.034911326144701604,
    0.03067537778509961,
    0.03357561866166491,
    0.05061110537625558,
    0.05510629709279272,
    0.02945358481704741,
    0.017602031358148026,
    0.032043599362959814,
    0.03223285057464989,
    0.020631830329006177,
    0.03147396570603634,
    0.034562110283510916,
    0.026794857620146516,
    0.006585967474277667,
    0.016778052353346676,
    0.022468360880973384,
    0.019427138168787196,
    0.01922586375349628,
    0.02181069448790371,
    0.02030495948435213,
    0.012660678924272733,
    0.008436687740520357,
    0.005625478765967405,
    0.006865950993580432,
    0.005934228718627592,
    0.012876813314187474,
    0.010578747893400003,
    0.006261491353664289,
    0.008521400373077838,
    0.0062663596370673355,
    0.004525920014933917,
    0.003994286381649241,
    0.007136942492693411,
    0.00853862050332988,
    0.004689694707369432,
    0.0014117241742710414,
    0.0013036522955554096,
    0.0018474021706421664,
    0.0011418321739631338,
    0.0022013206905613083,
    0.0017733348602219784,
    0.0002913218416165236,
    0.0009282751392088558,
    0.0001700096391733577,
    0.00023999107636588502,
    0.0016097515860308959,
    0.0011095759494516176,
    0.000912403619616736,
    0.00044914760390771523,
    0.00020887075058166206,
    0.0004236781855612879,
    0.00037311852771358846,
    0.0004469344332264852,
    7.868497593199519e-05
  ],
  "mz_fft_pos": [
    0.009445807479782567,
    0.02162352594648185,
    0.03572552928681901,
    0.03907445513423314,
    0.02501768898773098,
    0.026708242546292848,
    0.06835201258502005,
    0.049961673055206796,
    0.03181573303606915,
    0.07535346927774463,
    0.06291753757398405,
    0.02773921292782271,
    0.03166027623178736,
    0.007015131600019788,
    0.025535302605156955,
    0.018278438315195666,
    0.023789675776214044,
    0.03612832282408911,
    0.028465544248979454,
    0.01766827706276418,
    0.016119854855518426,
    0.028184352421296865,
    0.03366002900644257,
    0.030017002444292683,
    0.02696274142473711,
    0.02609834491274554,
    0.018017820638362814,
    0.011997994464220552,
    0.009259039783513872,
    0.005531150313611169,
    0.012746877573162537,
    0.01411508652760119,
    0.011659664668943737,
    0.010817268781441158,
    0.009869861199178789,
    0.00884168200397489,
    0.0034440965327757534,
    0.005841916287728452,
    0.005867216172299874,
    0.005499930473413172,
    0.003413309112212611,
    0.0017526165570216864,
    0.004150065271397157,
    0.002074981601063306,
    0.0005583462255746076,
    0.0014814821426501776,
    0.0015206297001194434,
    0.000735606526506056,
    0.00048166335140841226,
    0.0003789275141931295,
    0.0007701186393267976,
    0.0004035428864219032,
    0.0008907532246933871,
    0.00045627096058355345,
    0.00034156624071880753,
    0.00042409149509500213,
    0.0003286445536446226,
    0.00021187440937738344,
    0.00013323729956471467,
    8.531456397163849e-05,
    2.9687776011242826e-05,
    1.7837956126412976e-05,
    8.93027388321565e-06,
    7.517972250084001e-07,
    1.488980224284564e-08
  ]
}