{
  "positive_frequencies": [
    0.0,
    0.07734375,
    0.1546875,
    0.23203125000000002,
    0.309375,
    0.38671875,
    0.46406250000000004,
    0.54140625,
    0.61875,
    0.6960937500000001,
    0.7734375,
    0.85078125,
    0.9281250000000001,
    1.0054687500000001,
    1.0828125,
    1.16015625,
    1.2375,
    1.31484375,
    1.3921875000000001,
    1.46953125,
    1.546875,
    1.62421875,
    1.7015625,
    1.7789062500000001,
    1.8562500000000002,
    1.93359375,
    2.0109375000000003,
    2.08828125,
    2.165625,
    2.24296875,
    2.3203125,
    2.3976562500000003,
    2.475,
    2.55234375,
    2.6296875,
    2.70703125,
    2.7843750000000003,
    2.86171875,
    2.9390625,
    3.01640625,
    3.09375,
    3.1710937500000003,
    3.2484375,
    3.32578125,
    3.403125,
    3.48046875,
    3.5578125000000003,
    3.63515625,
    3.7125000000000004,
    3.78984375,
    3.8671875,
    3.9445312500000003,
    4.0218750000000005,
    4.09921875,
    4.1765625,
    4.25390625,
    4.33125,
    4.4085937500000005,
    4.4859375,
    4.56328125,
    4.640625,
    4.71796875,
    4.7953125000000005,
    4.87265625,
    4.95
  ],
  "mx_fft_pos": [
    0.0743136260530348,
    0.08204009191324961,
    0.084570642455678,
    0.06235468431206612,
    0.026751018801331208,
    0.007925806187367473,
    0.03694935673576963,
    0.047781962486418285,
    0.044878871874635316,
    0.048022725252360086,
    0.04856513804834262,
    0.04808132896647463,
    0.05470851140271708,
    0.04425883903810683,
    0.011022445223716593,
    0.04264054913147119,
    0.040064803867053876,
    0.004999781876693344,
    0.024325800453929257,
    0.01754366397333597,
    0.002810350076198442,
    0.010798337651756171,
    0.02477237841249234,
    0.039512078767643274,
    0.045565373859268954,
    0.034283210201238055,
    0.01749285850112851,
    0.00915884983023508,
    0.009253834063245755,
    0.006488476716970333,
    0.015980536175825857,
    0.018620711103964273,
    0.011808988862613827,
    0.010897986453482294,
    0.012142904339903338,
    0.005504231019407339,
    0.0009880875592464726,
    0.0026401189331258213,
    0.007392485528220812,
    0.009275331308239657,
    0.006032717332956411,
    0.002112651232392511,
    0.002065770051372921,
    0.0031003425744248886,
    0.0022584514896824125,
    0.0005836856993921665,
    0.0007892809636828589,
    0.0034901035431296945,
    0.003777090508738397,
    0.0008967422588922508,
    0.0014135356910579993,
    0.002655318347045481,
    0.002007500215775873,
    0.00100327781534992,
    0.0012679720420215033,
    0.0008267418745275187,
    0.0004844864598496823,
    0.0005946759264959886,
    0.0003859161876001046,
    0.0005573058195367991,
    0.0001914405472340782,
    0.0004891655984949735,
    0.00037559215323628494,
    0.0001952321996471212,
    0.0004949756040218878
  ],
  "my_fft_pos": [
    0.030030465092591784,
    0.04774280247322291,
    0.05285319391996052,
    0.036394216300749,
    0.026057065270216336,
    0.025350524047868642,
    0.027059555930195472,
    0.031874534386395904,
    0.03654720447487507,
    0.032865251369687466,
    0.030690301855467044,
    0.03491132614470161,
    0.03067537778509961,
    0.03357561866166491,
    0.05061110537625558,
    0.05510629709279273,
    0.02945358481704741,
    0.01760203135814802,
    0.0320435993629598,
    0.032232850574649884,
    0.020631830329006184,
    0.03147396570603634,
    0.034562110283510916,
    0.02679485762014652,
    0.00658596747427767,
    0.016778052353346676,
    0.022468360880973374,
    0.019427138168787193,
    0.019225863753496268,
    0.021810694487903702,
    0.020304959484352136,
    0.012660678924272743,
    0.008436687740520367,
    0.005625478765967403,
    0.006865950993580429,
    0.005934228718627595,
    0.012876813314187465,
    0.01057874789339999,
    0.006261491353664283,
    0.008521400373077841,
    0.0062663596370673355,
    0.004525920014933914,
    0.003994286381649237,
    0.007136942492693406,
    0.008538620503329873,
    0.004689694707369431,
    0.0014117241742710492,
    0.0013036522955554117,
    0.0018474021706421644,
    0.0011418321739631405,
    0.0022013206905613205,
    0.0017733348602219862,
    0.00029132184161652196,
    0.000928275139208852,
    0.0001700096391733615,
    0.0002399910763658828,
    0.0016097515860308913,
    0.0011095759494516157,
    0.0009124036196167399,
    0.0004491476039077155,
    0.00020887075058165808,
    0.0004236781855612922,
    0.0003731185277135912,
    0.0004469344332264751,
    7.868497593199964e-05
  ],
  "mz_fft_pos": [
    0.009445807479782575,
    0.02162352594648185,
    0.035725529286819,
    0.039074455134233126,
    0.025017688987730987,
    0.026708242546292848,
    0.06835201258502002,
    0.04996167305520678,
    0.031815733036069146,
    0.07535346927774463,
    0.06291753757398405,
    0.027739212927822707,
    0.03166027623178736,
    0.007015131600019787,
    0.02553530260515695,
    0.018278438315195662,
    0.023789675776214037,
    0.03612832282408911,
    0.02846554424897945,
    0.017668277062764182,
    0.016119854855518423,
    0.02818435242129685,
    0.03366002900644257,
    0.030017002444292683,
    0.0269627414247371,
    0.026098344912745527,
    0.01801782063836282,
    0.011997994464220545,
    0.009259039783513869,
    0.005531150313611164,
    0.012746877573162532,
    0.014115086527601206,
    0.011659664668943746,
    0.010817268781441156,
    0.009869861199178775,
    0.008841682003974883,
    0.0034440965327757556,
    0.005841916287728442,
    0.005867216172299861,
    0.005499930473413164,
    0.0034133091122126157,
    0.0017526165570216743,
    0.004150065271397145,
    0.002074981601063293,
    0.0005583462255746092,
    0.0014814821426501756,
    0.0015206297001194408,
    0.0007356065265060569,
    0.00048166335140841345,
    0.00037892751419312817,
    0.0007701186393267912,
    0.0004035428864218933,
    0.0008907532246933852,
    0.00045627096058355133,
    0.00034156624071881794,
    0.000424091495095016,
    0.0003286445536446128,
    0.00021187440937738236,
    0.00013323729956471795,
    8.531456397163213e-05,
    2.9687776011232177e-05,
    1.78379561264064e-05,
    8.930273883221269e-06,
    7.517972250234264e-07,
    1.4889802245066086e-08
  ]
}