{
  "positive_frequencies": [
    0.0,
    0.07734375,
    0.1546875,
    0.23203125000000002,
    0.309375,
    0.38671875,
    0.46406250000000004,
    0.54140625,
    0.61875,
    0.6960937500000001,
    0.7734375,
    0.85078125,
    0.9281250000000001,
    1.0054687500000001,
    1.0828125,
    1.16015625,
    1.2375,
    1.31484375,
    1.3921875000000001,
    1.46953125,
    1.546875,
    1.62421875,
    1.7015625,
    1.7789062500000001,
    1.8562500000000002,
    1.93359375,
    2.0109375000000003,
    2.08828125,
    2.165625,
    2.24296875,
    2.3203125,
    2.3976562500000003,
    2.475,
    2.55234375,
    2.6296875,
    2.70703125,
    2.7843750000000003,
    2.86171875,
    2.9390625,
    3.01640625,
    3.09375,
    3.1710937500000003,
    3.2484375,
    3.32578125,
    3.403125,
    3.48046875,
    3.5578125000000003,
    3.63515625,
    3.7125000000000004,
    3.78984375,
    3.8671875,
    3.9445312500000003,
    4.0218750000000005,
    4.09921875,
    4.1765625,
    4.25390625,
    4.33125,
    4.4085937500000005,
    4.4859375,
    4.56328125,
    4.640625,
    4.71796875,
    4.7953125000000005,
    4.87265625,
    4.95
  ],
  "mx_fft_pos": [
    0.007752472760950366,
    0.005103617770307077,
    0.003338918802097501,
    0.005826010021593406,
    0.009624740811428854,
    0.007937091593434382,
    0.0045180811677342555,
    0.0031736275688184546,
    0.003966001842184661,
    0.008830192411186103,
    0.009820007493264372,
    0.008223688102334344,
    0.0072870402171475715,
    0.0035647832710389436,
    0.005838963061232998,
    0.007866247147473072,
    0.006820980583926623,
    0.0059074976135082315,
    0.0029484713082604643,
    0.0005593955374667302,
    0.001890872828779389,
    0.0021927383927980108,
    0.0026182120615660625,
    0.0026569584394417673,
    0.0021063099763475555,
    0.0018228090174225795,
    0.0015820804594314673,
    0.001193050921325359,
    0.0006843923259702269,
    0.00033147986015262353,
    0.00028397919631936264,
    0.0010427042168385068,
    0.0013736273160630454,
    0.0012387834498026292,
    0.0007947543631778361,
    0.00029943242510044213,
    0.0003715565392040535,
    0.0006575671602520395,
    0.000624275898010891,
    0.00039250766316056336,
    0.0003460129213135381,
    0.0004199152389562944,
    0.0004181607928014023,
    0.0003379445267254935,
    0.00020878418765244756,
    0.00013962115683965908,
    0.00014685358800503543,
    0.00012214503505286525,
    5.754295655556321e-05,
    5.273248863497497e-05,
    0.00013617286640686004,
    0.0001846057116640656,
    0.00019134120789114948,
    0.0001532994730243506,
    8.927777719320284e-05,
    9.065719642145561e-05,
    0.0001378351380371451,
    0.00016543011739752822,
    0.00017984792142675232,
    0.0001768207580738081,
    0.0001589319262888893,
    0.0001474419893757152,
    0.0001383875677828811,
    0.00011782145145497323,
    0.00010343224569566933
  ],
  "my_fft_pos": [
    0.0208047325807102,
    0.021574675256715463,
    0.0177315800554452,
    0.008747253471779484,
    0.006631755199855526,
    0.012624189204441316,
    0.012939676250052268,
    0.007213154117116256,
    0.0047164036794140945,
    0.006843278738130822,
    0.0017071600416226323,
    0.00607943982531142,
    0.00703486516595243,
    0.0019155118623514,
    0.003930313114029662,
    0.003727959706034888,
    0.0023836269800627057,
    0.0022202527753996414,
    0.0012239099197310726,
    0.0008806521468458763,
    0.0005254157886111597,
    0.00026099922231542945,
    0.0020141341305238538,
    0.0021896848610373555,
    0.0008170677205454965,
    0.00020662632487741684,
    0.0004980679423177537,
    0.0008726243894084356,
    0.0012794632615242116,
    0.0014151521701054968,
    0.001288078570481277,
    0.0009044226090927737,
    0.0009236054118435112,
    0.0011733983384094625,
    0.0012482013935830134,
    0.0011663933828552323,
    0.00098546494846853,
    0.000640598025404387,
    0.00043883194052605817,
    0.0006135729132050673,
    0.0007199297527923644,
    0.0006528764588416208,
    0.0005123223311022098,
    0.00030731831439705196,
    0.0001256597123593953,
    0.0001823675120507924,
    0.00014468122039356748,
    0.00014221939279488065,
    0.0003166323125147927,
    0.0004014375449936693,
    0.0003713580172106008,
    0.0002815357862133847,
    0.0002203619980531803,
    0.00022529813714031383,
    0.00023121780799627376,
    0.00021762539653333987,
    0.00020506266827022908,
    0.00021177840299189574,
    0.00022100618057598157,
    0.00020958104676248142,
    0.00018178580071832585,
    0.000152425395288275,
    0.0001171417527646531,
    6.539984793536488e-05,
    3.326789469686453e-06
  ],
  "mz_fft_pos": [
    0.004007738008734473,
    0.004714623961881489,
    0.007202995857800432,
    0.008542675767542598,
    0.00801284648333436,
    0.006662271768915037,
    0.0036050408274433876,
    0.0009646145727761387,
    0.0037415964566692196,
    0.004545541055340167,
    0.0051653882926919895,
    0.005185724778685675,
    0.0035041189207156544,
    0.0009278068507342381,
    0.0017960324248487672,
    0.002335354121454869,
    0.0013636307694610056,
    0.0020947777111252307,
    0.0028556068413331612,
    0.003042362749111363,
    0.0033284200152901224,
    0.0028862532477675253,
    0.001789675838370259,
    0.0012007697420733843,
    0.0012684666112176854,
    0.0013940965478860274,
    0.0017014436461754575,
    0.0022283961521765944,
    0.0016937417869809304,
    0.0004106099221356515,
    0.0010566878162493062,
    0.0018485571762674805,
    0.002163293167472074,
    0.002188373156118851,
    0.0018460010496781894,
    0.0013572278294952977,
    0.0007241189609080934,
    0.00036857782319192823,
    0.0009034330020579713,
    0.0011833303482271823,
    0.0010901619416301027,
    0.0008345480651945404,
    0.000581902361207298,
    0.0003484152252475372,
    0.00010906376266174299,
    0.00018061230622958298,
    0.00034317232864792266,
    0.00039394363737722994,
    0.0003660015902067107,
    0.00030117513823943535,
    0.00023912047912823676,
    0.00023279594590819243,
    0.00028869549550972423,
    0.00033702501908783973,
    0.0003251055647498013,
    0.0002597073242758919,
    0.00019937519400043256,
    0.00018632384250554337,
    0.00018677652056518746,
    0.0001785842099224513,
    0.00018879865933556017,
    0.00022439377043201563,
    0.0002520445043500521,
    0.0002575528946154639,
    0.00025508956817732546
  ]
}