{
  "positive_frequencies": [
    0.0,
    0.07734375,
    0.1546875,
    0.23203125000000002,
    0.309375,
    0.38671875,
    0.46406250000000004,
    0.54140625,
    0.61875,
    0.6960937500000001,
    0.7734375,
    0.85078125,
    0.9281250000000001,
    1.0054687500000001,
    1.0828125,
    1.16015625,
    1.2375,
    1.31484375,
    1.3921875000000001,
    1.46953125,
    1.546875,
    1.62421875,
    1.7015625,
    1.7789062500000001,
    1.8562500000000002,
    1.93359375,
    2.0109375000000003,
    2.08828125,
    2.165625,
    2.24296875,
    2.3203125,
    2.3976562500000003,
    2.475,
    2.55234375,
    2.6296875,
    2.70703125,
    2.7843750000000003,
    2.86171875,
    2.9390625,
    3.01640625,
    3.09375,
    3.1710937500000003,
    3.2484375,
    3.32578125,
    3.403125,
    3.48046875,
    3.5578125000000003,
    3.63515625,
    3.7125000000000004,
    3.78984375,
    3.8671875,
    3.9445312500000003,
    4.0218750000000005,
    4.09921875,
    4.1765625,
    4.25390625,
    4.33125,
    4.4085937500000005,
    4.4859375,
    4.56328125,
    4.640625,
    4.71796875,
    4.7953125000000005,
    4.87265625,
    4.95
  ],
  "mx_fft_pos": [
    0.0743136260530348,
    0.08204009191324958,
    0.084570642455678,
    0.06235468431206612,
    0.026751018801331197,
    0.00792580618736748,
    0.03694935673576964,
    0.047781962486418285,
    0.044878871874635316,
    0.048022725252360086,
    0.04856513804834261,
    0.04808132896647461,
    0.05470851140271708,
    0.04425883903810683,
    0.011022445223716594,
    0.04264054913147119,
    0.040064803867053876,
    0.004999781876693339,
    0.024325800453929264,
    0.017543663973335982,
    0.0028103500761984335,
    0.010798337651756178,
    0.02477237841249234,
    0.03951207876764328,
    0.04556537385926896,
    0.034283210201238055,
    0.01749285850112851,
    0.009158849830235082,
    0.009253834063245753,
    0.00648847671697034,
    0.015980536175825864,
    0.018620711103964266,
    0.011808988862613811,
    0.01089798645348228,
    0.012142904339903332,
    0.0055042310194073326,
    0.0009880875592464776,
    0.0026401189331258196,
    0.007392485528220815,
    0.009275331308239652,
    0.006032717332956409,
    0.0021126512323925133,
    0.0020657700513729313,
    0.003100342574424893,
    0.002258451489682418,
    0.0005836856993921767,
    0.0007892809636828726,
    0.0034901035431297066,
    0.0037770905087384007,
    0.0008967422588922494,
    0.001413535691057993,
    0.0026553183470454838,
    0.0020075002157758756,
    0.0010032778153499153,
    0.0012679720420215028,
    0.0008267418745275188,
    0.00048448645984967587,
    0.0005946759264959777,
    0.00038591618760011305,
    0.0005573058195368007,
    0.0001914405472340735,
    0.0004891655984949749,
    0.0003755921532362872,
    0.00019523219964712255,
    0.0004949756040218967
  ],
  "my_fft_pos": [
    0.030030465092591784,
    0.047742802473222906,
    0.05285319391996052,
    0.03639421630074901,
    0.02605706527021633,
    0.025350524047868635,
    0.02705955593019547,
    0.0318745343863959,
    0.03654720447487507,
    0.032865251369687466,
    0.030690301855467044,
    0.0349113261447016,
    0.030675377785099604,
    0.0335756186616649,
    0.05061110537625556,
    0.05510629709279272,
    0.02945358481704741,
    0.01760203135814802,
    0.032043599362959814,
    0.03223285057464989,
    0.020631830329006173,
    0.03147396570603633,
    0.03456211028351091,
    0.02679485762014652,
    0.00658596747427767,
    0.016778052353346676,
    0.022468360880973374,
    0.01942713816878719,
    0.019225863753496265,
    0.021810694487903702,
    0.020304959484352136,
    0.012660678924272742,
    0.00843668774052036,
    0.005625478765967403,
    0.006865950993580438,
    0.0059342287186275825,
    0.012876813314187467,
    0.010578747893399985,
    0.006261491353664284,
    0.008521400373077838,
    0.006266359637067332,
    0.004525920014933911,
    0.003994286381649237,
    0.007136942492693412,
    0.008538620503329885,
    0.004689694707369433,
    0.001411724174271044,
    0.0013036522955554165,
    0.001847402170642175,
    0.0011418321739631362,
    0.002201320690561312,
    0.0017733348602219762,
    0.0002913218416165262,
    0.0009282751392088644,
    0.00017000963917335952,
    0.0002399910763658766,
    0.0016097515860308922,
    0.0011095759494516217,
    0.0009124036196167395,
    0.0004491476039077125,
    0.00020887075058165976,
    0.0004236781855612868,
    0.00037311852771359225,
    0.0004469344332264861,
    7.868497593200629e-05
  ],
  "mz_fft_pos": [
    0.009445807479782575,
    0.02162352594648184,
    0.03572552928681899,
    0.039074455134233126,
    0.025017688987730987,
    0.02670824254629284,
    0.06835201258502002,
    0.04996167305520678,
    0.031815733036069146,
    0.07535346927774463,
    0.06291753757398405,
    0.0277392129278227,
    0.031660276231787354,
    0.007015131600019792,
    0.02553530260515695,
    0.018278438315195666,
    0.023789675776214034,
    0.0361283228240891,
    0.02846554424897945,
    0.01766827706276418,
    0.016119854855518423,
    0.028184352421296847,
    0.03366002900644256,
    0.03001700244429268,
    0.0269627414247371,
    0.026098344912745527,
    0.01801782063836281,
    0.011997994464220538,
    0.009259039783513869,
    0.005531150313611161,
    0.012746877573162538,
    0.014115086527601201,
    0.011659664668943739,
    0.010817268781441156,
    0.009869861199178778,
    0.008841682003974886,
    0.003444096532775759,
    0.005841916287728448,
    0.005867216172299862,
    0.005499930473413151,
    0.003413309112212605,
    0.0017526165570216743,
    0.0041500652713971535,
    0.0020749816010633025,
    0.0005583462255746023,
    0.0014814821426501785,
    0.0015206297001194408,
    0.0007356065265060591,
    0.0004816633514084138,
    0.0003789275141931161,
    0.0007701186393267824,
    0.0004035428864218974,
    0.0008907532246933878,
    0.00045627096058355974,
    0.00034156624071880753,
    0.000424091495095004,
    0.0003286445536446113,
    0.00021187440937738222,
    0.00013323729956472125,
    8.531456397164088e-05,
    2.968777601124109e-05,
    1.7837956126402626e-05,
    8.930273883217437e-06,
    7.517972250221696e-07,
    1.4889802232853633e-08
  ]
}