{
  "positive_frequencies": [
    0.0,
    0.07734375,
    0.1546875,
    0.23203125000000002,
    0.309375,
    0.38671875,
    0.46406250000000004,
    0.54140625,
    0.61875,
    0.6960937500000001,
    0.7734375,
    0.85078125,
    0.9281250000000001,
    1.0054687500000001,
    1.0828125,
    1.16015625,
    1.2375,
    1.31484375,
    1.3921875000000001,
    1.46953125,
    1.546875,
    1.62421875,
    1.7015625,
    1.7789062500000001,
    1.8562500000000002,
    1.93359375,
    2.0109375000000003,
    2.08828125,
    2.165625,
    2.24296875,
    2.3203125,
    2.3976562500000003,
    2.475,
    2.55234375,
    2.6296875,
    2.70703125,
    2.7843750000000003,
    2.86171875,
    2.9390625,
    3.01640625,
    3.09375,
    3.1710937500000003,
    3.2484375,
    3.32578125,
    3.403125,
    3.48046875,
    3.5578125000000003,
    3.63515625,
    3.7125000000000004,
    3.78984375,
    3.8671875,
    3.9445312500000003,
    4.0218750000000005,
    4.09921875,
    4.1765625,
    4.25390625,
    4.33125,
    4.4085937500000005,
    4.4859375,
    4.56328125,
    4.640625,
    4.71796875,
    4.7953125000000005,
    4.87265625,
    4.95
  ],
  "mx_fft_pos": [
    0.003037593912967528,
    0.0031255683845210647,
    0.0025459373303190224,
    0.005933803892700515,
    0.00943769929743247,
    0.009229870579803312,
    0.005558206628068706,
    0.0030586141577530397,
    0.009264357162701778,
    0.009293374583235571,
    0.007705857791374162,
    0.00447408056750351,
    0.004267028490661024,
    0.0052941673506301775,
    0.003219394533151976,
    0.0024515340970779416,
    0.004773164348762879,
    0.0056066476870516475,
    0.004666465654371927,
    0.004409480494175693,
    0.0027283906285386346,
    0.0018038170337947906,
    0.0024527416213958775,
    0.0014419499704736991,
    0.0009224968639121431,
    0.0007135054069239158,
    0.00039305249384103715,
    0.00030383758380201373,
    0.0005009875734531134,
    0.0010208683067284396,
    0.0011733957087594843,
    0.001352248774642403,
    0.0010438622481569468,
    0.0015593156137197668,
    0.001258057274261202,
    0.000646610196104507,
    0.0011538883319998899,
    0.001722164082648464,
    0.0018057094683603015,
    0.0010986458941899993,
    0.000904210773851067,
    0.001286308315933874,
    0.00098565196770647,
    0.000503594410237011,
    0.0006827291180337192,
    0.00040614811041010543,
    0.00014546676463005658,
    0.00027035635026934844,
    0.00020587938839369368,
    0.0002676726597277174,
    0.00026761800456966687,
    0.0002489159995533825,
    0.0002086752739431433,
    0.00018825923775621625,
    7.216340655704235e-05,
    0.00014243559072403384,
    4.5263485765024366e-05,
    0.00012739580118909321,
    5.119219772421296e-05,
    4.5463209364170425e-05,
    2.3062484695696587e-05,
    4.480246288909333e-05,
    7.886335099492008e-05,
    7.074985148636289e-05,
    2.2377219200655497e-05
  ],
  "my_fft_pos": [
    0.00484818367883483,
    0.001174219920957165,
    0.006800720387851788,
    0.010688048886854498,
    0.010064758250723276,
    0.0018045593684506195,
    0.007919810643303691,
    0.00983018857611707,
    0.008997457391599665,
    0.007148392397873604,
    0.005589572105854482,
    0.007863541912700955,
    0.007599133028501047,
    0.0031328788048186314,
    0.0017736703564210554,
    0.004350006491977851,
    0.003843106795492032,
    0.0047714667529941196,
    0.0057738025386672,
    0.002498256489589022,
    0.0018131981849180663,
    0.004142701099361195,
    0.004528094109412965,
    0.0032633374288295876,
    0.0026164168315551445,
    0.0035736307741700375,
    0.003987944819274989,
    0.003342912397532501,
    0.0013277117383965443,
    0.0011541294683914938,
    0.0010134730221968984,
    0.0003495707095387935,
    0.0016254576018083788,
    0.0026097698756745087,
    0.0018882915640375606,
    0.000645225300094727,
    0.0010216604810394023,
    0.0014400829607627574,
    0.000811196933150421,
    0.0003964877665319697,
    0.0008657861985113115,
    0.0007245327489144682,
    0.0006721834657162215,
    0.0007140935367586765,
    0.00033524512293740593,
    0.0005185013630831756,
    0.000571046384688322,
    0.00023919108372909132,
    0.00011939693579899879,
    0.0003928681507114154,
    0.00045230624125462975,
    0.00016257881699059367,
    0.00036869387122557,
    0.0002973513626498784,
    0.0003274150822750569,
    0.00019377528796128433,
    0.00019577246754385827,
    8.238986001300389e-05,
    0.00011362285901615587,
    0.00015394615682172964,
    0.00014128224886407524,
    0.0001047936759978813,
    0.00010946699273336558,
    6.062630875748437e-05,
    0.00014157388736999647
  ],
  "mz_fft_pos": [
    0.0075082426542252435,
    0.007966386602052287,
    0.006719908398829693,
    0.004076306135320324,
    0.0018099744809128458,
    0.0020209526495345866,
    0.003242933685233986,
    0.006360289958249991,
    0.006889161282656969,
    0.004739698978333279,
    0.0024978439744800436,
    0.005010059416019277,
    0.004616996103395259,
    0.0037595547068019746,
    0.0030523714620769955,
    0.0025166113422272858,
    0.005192728192908182,
    0.0053035670642371845,
    0.003929295605860757,
    0.0034769686297760572,
    0.002515769795123103,
    0.0009769265844479283,
    0.00201145850331582,
    0.00277188116059081,
    0.001524660512384126,
    0.0012680806207548648,
    0.0014163751147864775,
    0.0018389647405487395,
    0.0026665075680894867,
    0.0020499093412908414,
    0.00136483319769714,
    0.0016806784720974888,
    0.001041757584273215,
    0.00031881221891016975,
    0.000384057708350572,
    0.0011774639861761727,
    0.0010580594835013534,
    0.0003473728471823973,
    0.0008345660712675752,
    0.0013503079110378958,
    0.0015220321349661368,
    0.0007418197136471447,
    0.0008822364160785309,
    0.0020779984702875955,
    0.001864689216436236,
    0.0007793946854383412,
    0.0007054417942128906,
    0.0008101313958579003,
    0.00043236490436591215,
    0.0001109414325757164,
    5.103183487043636e-05,
    0.0002425159602527244,
    0.00038257722167157974,
    0.0003872799210052116,
    0.00019399533578480898,
    0.00012872318972754977,
    0.0001577657623753005,
    0.000171085972108628,
    0.0003084084592480273,
    0.00015525678105515547,
    2.039813550730159e-05,
    2.2866449315440754e-05,
    7.354745999663768e-05,
    8.983949206442835e-05,
    9.638101489741036e-05
  ]
}