{
  "positive_frequencies": [
    0.0,
    0.07734375,
    0.1546875,
    0.23203125000000002,
    0.309375,
    0.38671875,
    0.46406250000000004,
    0.54140625,
    0.61875,
    0.6960937500000001,
    0.7734375,
    0.85078125,
    0.9281250000000001,
    1.0054687500000001,
    1.0828125,
    1.16015625,
    1.2375,
    1.31484375,
    1.3921875000000001,
    1.46953125,
    1.546875,
    1.62421875,
    1.7015625,
    1.7789062500000001,
    1.8562500000000002,
    1.93359375,
    2.0109375000000003,
    2.08828125,
    2.165625,
    2.24296875,
    2.3203125,
    2.3976562500000003,
    2.475,
    2.55234375,
    2.6296875,
    2.70703125,
    2.7843750000000003,
    2.86171875,
    2.9390625,
    3.01640625,
    3.09375,
    3.1710937500000003,
    3.2484375,
    3.32578125,
    3.403125,
    3.48046875,
    3.5578125000000003,
    3.63515625,
    3.7125000000000004,
    3.78984375,
    3.8671875,
    3.9445312500000003,
    4.0218750000000005,
    4.09921875,
    4.1765625,
    4.25390625,
    4.33125,
    4.4085937500000005,
    4.4859375,
    4.56328125,
    4.640625,
    4.71796875,
    4.7953125000000005,
    4.87265625,
    4.95
  ],
  "mx_fft_pos": [
    0.0743136260530348,
    0.08204009191324961,
    0.08457064245567801,
    0.06235468431206615,
    0.02675101880133121,
    0.007925806187367468,
    0.03694935673576963,
    0.047781962486418285,
    0.04487887187463531,
    0.04802272525236008,
    0.04856513804834261,
    0.04808132896647461,
    0.05470851140271708,
    0.04425883903810683,
    0.011022445223716587,
    0.042640549131471195,
    0.04006480386705388,
    0.004999781876693336,
    0.02432580045392925,
    0.01754366397333596,
    0.002810350076198439,
    0.010798337651756178,
    0.02477237841249234,
    0.039512078767643274,
    0.045565373859268954,
    0.034283210201238055,
    0.017492858501128524,
    0.009158849830235093,
    0.009253834063245762,
    0.006488476716970335,
    0.015980536175825864,
    0.01862071110396427,
    0.011808988862613825,
    0.010897986453482294,
    0.012142904339903338,
    0.005504231019407325,
    0.00098808755924648,
    0.002640118933125835,
    0.007392485528220816,
    0.009275331308239647,
    0.006032717332956416,
    0.002112651232392513,
    0.0020657700513729248,
    0.003100342574424896,
    0.0022584514896824247,
    0.0005836856993921813,
    0.0007892809636828713,
    0.0034901035431296936,
    0.003777090508738402,
    0.0008967422588922577,
    0.0014135356910580017,
    0.002655318347045497,
    0.002007500215775889,
    0.0010032778153499157,
    0.0012679720420214926,
    0.0008267418745275139,
    0.00048448645984969197,
    0.0005946759264960065,
    0.00038591618760010465,
    0.0005573058195367947,
    0.0001914405472340815,
    0.0004891655984949853,
    0.0003755921532363111,
    0.00019523219964712288,
    0.0004949756040218922
  ],
  "my_fft_pos": [
    0.03003046509259179,
    0.047742802473222906,
    0.05285319391996052,
    0.036394216300749,
    0.02605706527021633,
    0.025350524047868642,
    0.027059555930195475,
    0.0318745343863959,
    0.03654720447487507,
    0.03286525136968747,
    0.030690301855467058,
    0.03491132614470161,
    0.030675377785099607,
    0.03357561866166491,
    0.05061110537625558,
    0.055106297092792744,
    0.029453584817047424,
    0.017602031358148015,
    0.03204359936295981,
    0.032232850574649884,
    0.020631830329006184,
    0.03147396570603634,
    0.034562110283510916,
    0.02679485762014651,
    0.0065859674742776665,
    0.016778052353346683,
    0.02246836088097338,
    0.019427138168787193,
    0.01922586375349627,
    0.021810694487903706,
    0.02030495948435213,
    0.012660678924272742,
    0.00843668774052036,
    0.005625478765967397,
    0.006865950993580434,
    0.005934228718627601,
    0.012876813314187467,
    0.01057874789339999,
    0.00626149135366429,
    0.008521400373077838,
    0.006266359637067327,
    0.004525920014933907,
    0.003994286381649248,
    0.007136942492693421,
    0.008538620503329888,
    0.00468969470736944,
    0.001411724174271048,
    0.001303652295555413,
    0.0018474021706421692,
    0.0011418321739631288,
    0.002201320690561304,
    0.0017733348602219903,
    0.0002913218416165254,
    0.000928275139208857,
    0.00017000963917336212,
    0.0002399910763658828,
    0.001609751586030894,
    0.0011095759494516204,
    0.000912403619616734,
    0.00044914760390770905,
    0.00020887075058165515,
    0.0004236781855612933,
    0.000373118527713594,
    0.00044693443322647375,
    7.868497593198854e-05
  ],
  "mz_fft_pos": [
    0.00944580747978258,
    0.02162352594648185,
    0.035725529286819,
    0.03907445513423314,
    0.025017688987730994,
    0.026708242546292844,
    0.06835201258502001,
    0.04996167305520678,
    0.031815733036069126,
    0.07535346927774461,
    0.06291753757398402,
    0.02773921292782271,
    0.03166027623178736,
    0.007015131600019786,
    0.025535302605156955,
    0.01827843831519566,
    0.023789675776214027,
    0.0361283228240891,
    0.02846554424897943,
    0.017668277062764158,
    0.016119854855518426,
    0.02818435242129686,
    0.03366002900644256,
    0.03001700244429268,
    0.0269627414247371,
    0.026098344912745524,
    0.018017820638362807,
    0.011997994464220528,
    0.00925903978351386,
    0.005531150313611167,
    0.01274687757316253,
    0.014115086527601198,
    0.011659664668943732,
    0.010817268781441142,
    0.009869861199178763,
    0.008841682003974876,
    0.0034440965327757482,
    0.0058419162877284495,
    0.005867216172299861,
    0.0054999304734131525,
    0.003413309112212603,
    0.0017526165570216697,
    0.004150065271397151,
    0.002074981601063306,
    0.0005583462255746071,
    0.0014814821426501889,
    0.0015206297001194586,
    0.000735606526506067,
    0.00048166335140842266,
    0.0003789275141931199,
    0.0007701186393267922,
    0.0004035428864218905,
    0.0008907532246933899,
    0.00045627096058355394,
    0.00034156624071881344,
    0.00042409149509500886,
    0.00032864455364461643,
    0.00021187440937738103,
    0.00013323729956472039,
    8.531456397164565e-05,
    2.968777601125083e-05,
    1.7837956126406458e-05,
    8.930273883212648e-06,
    7.517972250186169e-07,
    1.4889802225637184e-08
  ]
}