{
  "positive_frequencies": [
    0.0,
    0.07734375,
    0.1546875,
    0.23203125000000002,
    0.309375,
    0.38671875,
    0.46406250000000004,
    0.54140625,
    0.61875,
    0.6960937500000001,
    0.7734375,
    0.85078125,
    0.9281250000000001,
    1.0054687500000001,
    1.0828125,
    1.16015625,
    1.2375,
    1.31484375,
    1.3921875000000001,
    1.46953125,
    1.546875,
    1.62421875,
    1.7015625,
    1.7789062500000001,
    1.8562500000000002,
    1.93359375,
    2.0109375000000003,
    2.08828125,
    2.165625,
    2.24296875,
    2.3203125,
    2.3976562500000003,
    2.475,
    2.55234375,
    2.6296875,
    2.70703125,
    2.7843750000000003,
    2.86171875,
    2.9390625,
    3.01640625,
    3.09375,
    3.1710937500000003,
    3.2484375,
    3.32578125,
    3.403125,
    3.48046875,
    3.5578125000000003,
    3.63515625,
    3.7125000000000004,
    3.78984375,
    3.8671875,
    3.9445312500000003,
    4.0218750000000005,
    4.09921875,
    4.1765625,
    4.25390625,
    4.33125,
    4.4085937500000005,
    4.4859375,
    4.56328125,
    4.640625,
    4.71796875,
    4.7953125000000005,
    4.87265625,
    4.95
  ],
  "mx_fft_pos": [
    0.0743136260530348,
    0.08204009191324958,
    0.084570642455678,
    0.06235468431206612,
    0.026751018801331208,
    0.007925806187367474,
    0.03694935673576963,
    0.047781962486418264,
    0.04487887187463531,
    0.048022725252360086,
    0.04856513804834261,
    0.04808132896647461,
    0.05470851140271708,
    0.04425883903810683,
    0.011022445223716594,
    0.0426405491314712,
    0.040064803867053876,
    0.004999781876693333,
    0.024325800453929257,
    0.017543663973335975,
    0.0028103500761984495,
    0.01079833765175617,
    0.02477237841249233,
    0.039512078767643274,
    0.04556537385926896,
    0.034283210201238076,
    0.01749285850112852,
    0.009158849830235086,
    0.009253834063245751,
    0.00648847671697032,
    0.015980536175825868,
    0.01862071110396427,
    0.011808988862613825,
    0.01089798645348228,
    0.012142904339903324,
    0.005504231019407323,
    0.0009880875592464715,
    0.002640118933125823,
    0.0073924855282208116,
    0.009275331308239649,
    0.006032717332956416,
    0.0021126512323925177,
    0.0020657700513729378,
    0.003100342574424906,
    0.0022584514896824264,
    0.0005836856993921655,
    0.0007892809636828527,
    0.003490103543129697,
    0.0037770905087384033,
    0.0008967422588922453,
    0.001413535691057995,
    0.0026553183470454907,
    0.00200750021577589,
    0.0010032778153499244,
    0.0012679720420215015,
    0.0008267418745275213,
    0.0004844864598496851,
    0.0005946759264959937,
    0.0003859161876000982,
    0.0005573058195367893,
    0.00019144054723408113,
    0.0004891655984949905,
    0.0003755921532362991,
    0.00019523219964711274,
    0.0004949756040218878
  ],
  "my_fft_pos": [
    0.030030465092591788,
    0.047742802473222906,
    0.05285319391996052,
    0.03639421630074901,
    0.02605706527021633,
    0.02535052404786864,
    0.02705955593019546,
    0.0318745343863959,
    0.03654720447487507,
    0.032865251369687466,
    0.030690301855467048,
    0.034911326144701604,
    0.030675377785099604,
    0.033575618661664905,
    0.050611105376255565,
    0.05510629709279272,
    0.029453584817047424,
    0.017602031358148022,
    0.032043599362959814,
    0.03223285057464989,
    0.020631830329006184,
    0.03147396570603634,
    0.03456211028351091,
    0.02679485762014652,
    0.006585967474277671,
    0.016778052353346673,
    0.022468360880973374,
    0.019427138168787186,
    0.01922586375349626,
    0.021810694487903695,
    0.02030495948435213,
    0.012660678924272745,
    0.00843668774052037,
    0.005625478765967398,
    0.006865950993580442,
    0.005934228718627588,
    0.012876813314187455,
    0.010578747893399985,
    0.006261491353664281,
    0.008521400373077845,
    0.006266359637067337,
    0.004525920014933909,
    0.003994286381649233,
    0.007136942492693408,
    0.008538620503329878,
    0.004689694707369433,
    0.001411724174271052,
    0.0013036522955554078,
    0.0018474021706421703,
    0.001141832173963142,
    0.0022013206905613105,
    0.0017733348602219793,
    0.0002913218416165235,
    0.0009282751392088654,
    0.00017000963917336305,
    0.00023999107636588505,
    0.001609751586030894,
    0.0011095759494516224,
    0.0009124036196167371,
    0.0004491476039077213,
    0.0002088707505816597,
    0.000423678185561295,
    0.00037311852771359616,
    0.0004469344332264834,
    7.868497593200186e-05
  ],
  "mz_fft_pos": [
    0.009445807479782591,
    0.021623525946481842,
    0.035725529286819,
    0.03907445513423314,
    0.025017688987730997,
    0.02670824254629284,
    0.06835201258502002,
    0.04996167305520679,
    0.031815733036069146,
    0.07535346927774464,
    0.06291753757398405,
    0.027739212927822714,
    0.03166027623178736,
    0.007015131600019786,
    0.025535302605156966,
    0.018278438315195662,
    0.02378967577621403,
    0.03612832282408911,
    0.02846554424897945,
    0.01766827706276418,
    0.016119854855518423,
    0.028184352421296858,
    0.03366002900644256,
    0.030017002444292683,
    0.02696274142473711,
    0.02609834491274553,
    0.01801782063836282,
    0.01199799446422054,
    0.009259039783513865,
    0.005531150313611167,
    0.012746877573162533,
    0.0141150865276012,
    0.011659664668943743,
    0.010817268781441146,
    0.009869861199178771,
    0.008841682003974878,
    0.003444096532775749,
    0.005841916287728439,
    0.005867216172299856,
    0.005499930473413152,
    0.0034133091122126036,
    0.0017526165570216625,
    0.004150065271397136,
    0.0020749816010632895,
    0.0005583462255746031,
    0.0014814821426501698,
    0.001520629700119437,
    0.0007356065265060566,
    0.0004816633514084195,
    0.00037892751419311835,
    0.0007701186393267916,
    0.0004035428864218875,
    0.0008907532246933841,
    0.0004562709605835546,
    0.00034156624071881393,
    0.0004240914950950098,
    0.00032864455364460933,
    0.00021187440937738672,
    0.0001332372995647295,
    8.53145639716449e-05,
    2.9687776011240244e-05,
    1.7837956126406065e-05,
    8.930273883217108e-06,
    7.51797225015033e-07,
    1.4889802237849637e-08
  ]
}