{
  "times": [
    0.0,
    0.10101010101010101,
    0.20202020202020202,
    0.30303030303030304,
    0.40404040404040403,
    0.5050505050505051,
    0.6060606060606061,
    0.7070707070707071,
    0.8080808080808081,
    0.9090909090909091,
    1.0101010101010102,
    1.1111111111111112,
    1.2121212121212122,
    1.3131313131313131,
    1.4141414141414141,
    1.5151515151515151,
    1.6161616161616161,
    1.7171717171717171,
    1.8181818181818181,
    1.9191919191919191,
    2.0202020202020203,
    2.121212121212121,
    2.2222222222222223,
    2.323232323232323,
    2.4242424242424243,
    2.525252525252525,
    2.6262626262626263,
    2.727272727272727,
    2.8282828282828283,
    2.929292929292929,
    3.0303030303030303,
    3.131313131313131,
    3.2323232323232323,
    3.3333333333333335,
    3.4343434343434343,
    3.5353535353535355,
    3.6363636363636362,
    3.7373737373737375,
    3.8383838383838382,
    3.9393939393939394,
    4.040404040404041,
    4.141414141414141,
    4.242424242424242,
    4.343434343434343,
    4.444444444444445,
    4.545454545454545,
    4.646464646464646,
    4.747474747474747,
    4.848484848484849,
    4.94949494949495,
    5.05050505050505,
    5.151515151515151,
    5.252525252525253,
    5.353535353535354,
    5.454545454545454,
    5.555555555555555,
    5.656565656565657,
    5.757575757575758,
    5.858585858585858,
    5.959595959595959,
    6.0606060606060606,
    6.161616161616162,
    6.262626262626262,
    6.363636363636363,
    6.4646464646464645,
    6.565656565656566,
    6.666666666666667,
    6.767676767676767,
    6.8686868686868685,
    6.96969696969697,
    7.070707070707071,
    7.171717171717171,
    7.2727272727272725,
    7.373737373737374,
    7.474747474747475,
    7.575757575757575,
    7.6767676767676765,
    7.777777777777778,
    7.878787878787879,
    7.979797979797979,
    8.080808080808081,
    8.181818181818182,
    8.282828282828282,
    8.383838383838384,
    8.484848484848484,
    8.585858585858587,
    8.686868686868687,
    8.787878787878787,
    8.88888888888889,
    8.98989898989899,
    9.09090909090909,
    9.191919191919192,
    9.292929292929292,
    9.393939393939394,
    9.494949494949495,
    9.595959595959595,
    9.696969696969697,
    9.797979797979798,
    9.8989898989899,
    10.0
  ],
  "mx": [
    0.04310303427034626,
    0.029468143459457932,
    0.015678597294122246,
    0.028665222794795497,
    0.07586240159692081,
    0.13260335324075476,
    0.1804005192293759,
    0.209234079869963,
    0.18168246680589442,
    0.12330460848186592,
    0.10045931842832212,
    0.09747871808919084,
    0.0928176289372407,
    0.13103062995331924,
    0.23123345635913445,
    0.31387984045593137,
    0.3155333381050489,
    0.23280270276460444,
    0.08756627008746785,
    -0.02269908962453898,
    -0.06158084843069346,
    -0.09608160915811095,
    -0.13372491385055751,
    -0.1002170959182776,
    -0.02195449391647697,
    0.0219517654238251,
    0.024066556599968533,
    -0.002260632699901329,
    -0.04283411999437275,
    -0.021265624239865163,
    0.081130482972652,
    0.17436285298839418,
    0.20295774333193772,
    0.16693130576911774,
    0.11533224505279563,
    0.08812656830187642,
    0.08097502363376248,
    0.07206752099866076,
    0.07658038670471155,
    0.09242402334322847,
    0.11259536983773669,
    0.12952166719108993,
    0.12522238252315201,
    0.07575753435380246,
    0.017843693775535623,
    0.0048987075793431555,
    0.017063688345957964,
    0.007686362366226829,
    -0.017688232191336407,
    -0.014886576362293895,
    0.017376026573524404,
    0.04038217950645884,
    0.0419631049190997,
    0.02642769138099782,
    0.015412133669046662,
    0.034361904971407,
    0.08537921805902711,
    0.14104834039675276,
    0.18726577522527654,
    0.20925164948255393,
    0.1720968985707522,
    0.11638203229527548,
    0.09995559888372332,
    0.09626132697873699,
    0.09460979826413979,
    0.14419820458704014,
    0.24882443857846903,
    0.3199294081919002,
    0.307933183899649,
    0.21140713979908785,
    0.06442537363279047,
    -0.032820921344985425,
    -0.06562168331689958,
    -0.10395581736870493,
    -0.13425876613445087,
    -0.08794713659695347,
    -0.011292199694220982,
    0.02460492560966045,
    0.021659649357438963,
    -0.00912099922361812,
    -0.04594567084662494,
    -0.008153161013422817,
    0.09934952431412898,
    0.1840513555530295,
    0.20072071791474277,
    0.1579043096439902,
    0.10885120370620868,
    0.08626319993963077,
    0.07972569471844342,
    0.07134679766853282,
    0.078897142153339,
    0.09537024655103593,
    0.1160180316879203,
    0.13096284937559774,
    0.12034069709039964,
    0.0648769331437713,
    0.012199276519161223,
    0.006619778667214917,
    0.017727331834377833,
    0.003510603896851249
  ],
  "my": [
    -0.035378500483855435,
    -0.0874245197207302,
    -0.14490650573906855,
    -0.17612854623447738,
    -0.1609015660033753,
    -0.1163391742785374,
    -0.08502410761962544,
    -0.08644318158369486,
    -0.10789795374109773,
    -0.11259681650300818,
    -0.10003395625056677,
    -0.10397651430608208,
    -0.12106032019845113,
    -0.10769194014398639,
    -0.04867123112143526,
    -0.024687904612925013,
    -0.1032512390776693,
    -0.23019603497796837,
    -0.3074806069397031,
    -0.2902075077385778,
    -0.26590504864727216,
    -0.2620084363945184,
    -0.2135297568663463,
    -0.09284010076872677,
    0.01347516421457571,
    0.04694936495292784,
    0.027228664900957072,
    -0.009617326770292095,
    -0.054982175599032755,
    -0.05641118860956768,
    -0.02513245306741023,
    0.0073334340397070924,
    0.045677321747599114,
    0.05674510626928036,
    0.029969659640830815,
    -0.00440929736203316,
    8.164952093963556e-05,
    0.01951131966816648,
    0.005979194185368495,
    -0.047756955391015,
    -0.04956989579450342,
    -0.008879323491823509,
    -0.013799318711418885,
    -0.08039660232967862,
    -0.14525733096660393,
    -0.1581114999819656,
    -0.11118414473056037,
    -0.049351231391037365,
    -0.02083438838484076,
    -0.006903895122452381,
    0.0028939861310051545,
    -0.009577478337119721,
    -0.04231967705834112,
    -0.09737903491484469,
    -0.15254121535480006,
    -0.1770119853396176,
    -0.1544286287249035,
    -0.10945445608569228,
    -0.0828440427498392,
    -0.08955919892628132,
    -0.1105330212374276,
    -0.11092095540430925,
    -0.09883851106348639,
    -0.10687782933107465,
    -0.1220762446480585,
    -0.10040876958450157,
    -0.03901433007589586,
    -0.030962507928877343,
    -0.12291479567164511,
    -0.24920323617894968,
    -0.30968567846120987,
    -0.2844001192882165,
    -0.26483796124837233,
    -0.2593942199135942,
    -0.19722931304191393,
    -0.07191325099375206,
    0.024300851442718034,
    0.046008625269010235,
    0.022133154877500068,
    -0.01724379206640453,
    -0.0595704486661764,
    -0.05175000555160946,
    -0.020281285758368357,
    0.01376716561715558,
    0.05022871545742954,
    0.054623987424322874,
    0.023427210999923717,
    -0.006805366393870955,
    0.003728985349303857,
    0.02066998013541212,
    -0.001614168125662489,
    -0.05385875833851195,
    -0.043131352761012404,
    -0.004984544124131502,
    -0.021512502115126664,
    -0.09310912806156972,
    -0.151572574722171,
    -0.15408286825908543,
    -0.10019004395630954,
    -0.042155614373787426
  ],