{
  "positive_frequencies": [
    0.0,
    0.07734375,
    0.1546875,
    0.23203125000000002,
    0.309375,
    0.38671875,
    0.46406250000000004,
    0.54140625,
    0.61875,
    0.6960937500000001,
    0.7734375,
    0.85078125,
    0.9281250000000001,
    1.0054687500000001,
    1.0828125,
    1.16015625,
    1.2375,
    1.31484375,
    1.3921875000000001,
    1.46953125,
    1.546875,
    1.62421875,
    1.7015625,
    1.7789062500000001,
    1.8562500000000002,
    1.93359375,
    2.0109375000000003,
    2.08828125,
    2.165625,
    2.24296875,
    2.3203125,
    2.3976562500000003,
    2.475,
    2.55234375,
    2.6296875,
    2.70703125,
    2.7843750000000003,
    2.86171875,
    2.9390625,
    3.01640625,
    3.09375,
    3.1710937500000003,
    3.2484375,
    3.32578125,
    3.403125,
    3.48046875,
    3.5578125000000003,
    3.63515625,
    3.7125000000000004,
    3.78984375,
    3.8671875,
    3.9445312500000003,
    4.0218750000000005,
    4.09921875,
    4.1765625,
    4.25390625,
    4.33125,
    4.4085937500000005,
    4.4859375,
    4.56328125,
    4.640625,
    4.71796875,
    4.7953125000000005,
    4.87265625,
    4.95
  ],
  "mx_fft_pos": [
    0.07289901211293336,
    0.05047047947896889,
    0.019356771413195157,
    0.013974086102479313,
    0.0313464914563177,
    0.04519998409334163,
    0.021871260987505078,
    0.011405269511926431,
    0.012137111505330119,
    0.01145525867521515,
    0.02227011411714605,
    0.012559757598926332,
    0.011455940742384835,
    0.010525523215146944,
    0.022745339361085623,
    0.029987860775445192,
    0.012394385706416872,
    0.00825894642864222,
    0.010192874059772799,
    0.005360182685400897,
    0.004092259028630362,
    0.0007490728143104705,
    0.0029960522762821503,
    0.0015574872254928902,
    0.008503852433095939,
    0.010395650386782663,
    0.003931658816136438,
    0.0019951821198286165,
    0.0024408310620213244,
    0.0029217772044917555,
    0.003277973507521244,
    0.002305299837046775,
    0.0021113530601294026,
    0.0013639177046495387,
    0.0012583709723866202,
    0.0012592015578144382,
    0.0008087730880822814,
    0.0015684973906885508,
    0.001234768104436154,
    0.0020753972077312854,
    0.0019568491446682375,
    0.000338238130342942,
    0.0010784496982110916,
    0.0007341484665119756,
    0.00021492851936015316,
    0.0002016576189668111,
    4.745157215786149e-05,
    6.55835592568341e-05,
    7.290653004776262e-05,
    0.00013904097290451153,
    8.402125336943669e-05,
    0.00010580620160416755,
    0.00020898912533115255,
    0.00016740611408299185,
    0.0001440382461781786,
    0.0001294948492158218,
    0.00010559912498648266,
    8.140825674969916e-05,
    3.0049644349225384e-05,
    0.00013459387833023094,
    9.350468009471009e-05,
    6.958162083775409e-05,
    0.0001127561880775727,
    8.265455025238563e-05,
    7.211987224195582e-05
  ],
  "my_fft_pos": [
    0.07576034988147722,
    0.050531398157418604,
    0.032079354705148465,
    0.027685805545766703,
    0.006373962276635158,
    0.023537179808776326,
    0.007974492818162397,
    0.014671427626684337,
    0.017092335579661354,
    0.01975064362848255,
    0.025804846339467745,
    0.011610543871193797,
    0.0075394098103083,
    0.0064212624347128565,
    0.018777126340320967,
    0.026290665697318548,
    0.01428792892830757,
    0.0008227106229712692,
    0.002034027666338507,
    0.000974419153972893,
    0.000519743315792119,
    0.0028327025887609795,
    0.005922086148717273,
    0.0037672595371854556,
    0.006646575592337678,
    0.009360382198073246,
    0.008216886629069718,
    0.008005175095338627,
    0.0037267373784770318,
    0.003971797840911757,
    0.006490303281609358,
    0.0035320781560709297,
    0.001481903895137794,
    0.0002523026369369949,
    0.0016755068123342435,
    0.001902153474907471,
    0.000593566711292185,
    0.0013566326872030063,
    0.0008677619423739047,
    0.0004069238724566498,
    0.0005723731961128394,
    0.0005238837965092949,
    0.0006977822743451183,
    0.0005357188908267239,
    0.0006174412360954924,
    0.0006052494400665724,
    0.0004112413924651427,
    0.0003641722839891541,
    0.00012889735652716258,
    0.00018334013073921564,
    0.00015770920806834396,
    0.00013364885789709315,
    0.0002758558049059218,
    0.00017903580254462602,
    0.00019677304951801487,
    0.00020382343730024463,
    0.00019544075319973274,
    0.00016814908804431333,
    0.00012347417348998002,
    0.000277928755728457,
    0.0001872342522656626,
    0.0001507477397595904,
    0.00023558513964744624,
    0.0001319233508946285,
    6.602451963765965e-05
  ],
  "mz_fft_pos": [
    0.015397441589330976,
    0.0646911960336422,
    0.13991385724819025,
    0.13914994223813515,
    0.05949885119588342,
    0.006874221855846806,
    0.0028830986088308,
    0.004836857487191494,
    0.0022640378747994534,
    0.014360731077582399,
    0.022233725568809648,
    0.013011512202172497,
    0.004377787672028635,
    0.0032299638322454303,
    0.00894167795228885,
    0.012574285967506009,
    0.010754483925254464,
    0.008645465113808575,
    0.004835096733232906,
    0.0014342023304949368,
    0.004826199192024334,
    0.004768087933016702,
    0.0047652698641642436,
    0.002174606067088557,
    0.002979083600052114,
    0.005107616102204131,
    0.003567962734550363,
    0.0023791701119304297,
    0.0019443192228145603,
    0.0015015797810118778,
    0.000890143201669922,
    0.00039732452237214636,
    0.0013860898706417836,
    0.0014842310150294355,
    0.001492131174142993,
    0.0013797952248967224,
    0.0009019137098383772,
    0.0004334778128737599,
    0.0005644194460592045,
    0.0019020329182681142,
    0.00207583842565182,
    0.0010880404756444433,
    0.00045138362161229123,
    0.00023608774084884248,
    0.00038658468731756575,
    0.00035791778388471584,
    4.9953826822216095e-05,
    0.00014718666885705657,
    9.588125552766802e-05,
    1.3377857282397325e-05,
    2.059650721503855e-05,
    5.3970431760828214e-05,
    8.348978863895571e-05,
    0.0001185985857030871,
    0.0001608318031924679,
    0.0001280804948576836,
    8.816218853928659e-05,
    0.00011398409790077773,
    5.9107523130115644e-05,
    3.6945160301997675e-05,
    2.8967459958977646e-05,
    6.854147474293883e-06,
    9.212244267013166e-06,
    3.6574660927367454e-05,
    5.4062929502729504e-05
  ]
}