{
  "positive_frequencies": [
    0.0,
    0.07734375,
    0.1546875,
    0.23203125000000002,
    0.309375,
    0.38671875,
    0.46406250000000004,
    0.54140625,
    0.61875,
    0.6960937500000001,
    0.7734375,
    0.85078125,
    0.9281250000000001,
    1.0054687500000001,
    1.0828125,
    1.16015625,
    1.2375,
    1.31484375,
    1.3921875000000001,
    1.46953125,
    1.546875,
    1.62421875,
    1.7015625,
    1.7789062500000001,
    1.8562500000000002,
    1.93359375,
    2.0109375000000003,
    2.08828125,
    2.165625,
    2.24296875,
    2.3203125,
    2.3976562500000003,
    2.475,
    2.55234375,
    2.6296875,
    2.70703125,
    2.7843750000000003,
    2.86171875,
    2.9390625,
    3.01640625,
    3.09375,
    3.1710937500000003,
    3.2484375,
    3.32578125,
    3.403125,
    3.48046875,
    3.5578125000000003,
    3.63515625,
    3.7125000000000004,
    3.78984375,
    3.8671875,
    3.9445312500000003,
    4.0218750000000005,
    4.09921875,
    4.1765625,
    4.25390625,
    4.33125,
    4.4085937500000005,
    4.4859375,
    4.56328125,
    4.640625,
    4.71796875,
    4.7953125000000005,
    4.87265625,
    4.95
  ],
  "mx_fft_pos": [
    0.0743136260530348,
    0.08204009191324958,
    0.084570642455678,
    0.06235468431206615,
    0.026751018801331208,
    0.007925806187367481,
    0.03694935673576964,
    0.047781962486418285,
    0.044878871874635316,
    0.048022725252360086,
    0.04856513804834261,
    0.04808132896647463,
    0.05470851140271708,
    0.04425883903810683,
    0.011022445223716594,
    0.04264054913147119,
    0.040064803867053876,
    0.004999781876693331,
    0.02432580045392926,
    0.01754366397333598,
    0.002810350076198448,
    0.010798337651756173,
    0.02477237841249234,
    0.039512078767643274,
    0.045565373859268954,
    0.03428321020123807,
    0.017492858501128528,
    0.009158849830235094,
    0.00925383406324575,
    0.006488476716970322,
    0.01598053617582586,
    0.018620711103964266,
    0.01180898886261382,
    0.010897986453482285,
    0.012142904339903324,
    0.005504231019407325,
    0.0009880875592464726,
    0.0026401189331258295,
    0.007392485528220812,
    0.00927533130823964,
    0.006032717332956405,
    0.0021126512323925042,
    0.002065770051372923,
    0.0031003425744249003,
    0.002258451489682424,
    0.0005836856993921821,
    0.000789280963682863,
    0.0034901035431296897,
    0.0037770905087383937,
    0.0008967422588922364,
    0.0014135356910579902,
    0.002655318347045487,
    0.002007500215775877,
    0.00100327781534992,
    0.0012679720420214879,
    0.0008267418745275097,
    0.00048448645984969035,
    0.0005946759264960016,
    0.00038591618760009814,
    0.0005573058195367863,
    0.0001914405472340784,
    0.0004891655984949905,
    0.0003755921532363071,
    0.00019523219964710323,
    0.00049497560402187
  ],
  "my_fft_pos": [
    0.03003046509259179,
    0.04774280247322291,
    0.05285319391996052,
    0.036394216300748995,
    0.02605706527021633,
    0.025350524047868653,
    0.02705955593019548,
    0.031874534386395904,
    0.036547204474875084,
    0.03286525136968747,
    0.030690301855467044,
    0.034911326144701604,
    0.03067537778509961,
    0.03357561866166491,
    0.05061110537625558,
    0.055106297092792744,
    0.029453584817047424,
    0.017602031358148022,
    0.032043599362959814,
    0.032232850574649884,
    0.020631830329006184,
    0.03147396570603634,
    0.034562110283510916,
    0.02679485762014651,
    0.00658596747427767,
    0.016778052353346676,
    0.02246836088097337,
    0.01942713816878719,
    0.01922586375349626,
    0.021810694487903695,
    0.020304959484352136,
    0.012660678924272748,
    0.008436687740520367,
    0.005625478765967411,
    0.006865950993580442,
    0.005934228718627589,
    0.012876813314187462,
    0.010578747893399987,
    0.006261491353664289,
    0.008521400373077845,
    0.006266359637067332,
    0.004525920014933909,
    0.003994286381649245,
    0.00713694249269342,
    0.008538620503329894,
    0.0046896947073694455,
    0.0014117241742710527,
    0.0013036522955554052,
    0.0018474021706421594,
    0.00114183217396312,
    0.0022013206905613066,
    0.0017733348602219845,
    0.0002913218416165229,
    0.0009282751392088561,
    0.0001700096391733644,
    0.00023999107636588538,
    0.0016097515860308944,
    0.0011095759494516267,
    0.0009124036196167334,
    0.00044914760390771637,
    0.00020887075058166282,
    0.0004236781855612825,
    0.0003731185277135868,
    0.00044693443322647256,
    7.868497593199519e-05
  ],
  "mz_fft_pos": [
    0.009445807479782565,
    0.021623525946481842,
    0.03572552928681899,
    0.039074455134233126,
    0.025017688987730987,
    0.026708242546292844,
    0.06835201258502002,
    0.04996167305520678,
    0.031815733036069146,
    0.07535346927774463,
    0.06291753757398405,
    0.02773921292782271,
    0.03166027623178736,
    0.007015131600019784,
    0.025535302605156955,
    0.01827843831519566,
    0.023789675776214034,
    0.03612832282408912,
    0.028465544248979444,
    0.01766827706276418,
    0.016119854855518426,
    0.02818435242129686,
    0.03366002900644256,
    0.030017002444292683,
    0.02696274142473711,
    0.02609834491274554,
    0.01801782063836282,
    0.011997994464220545,
    0.009259039783513877,
    0.005531150313611177,
    0.012746877573162538,
    0.01411508652760121,
    0.01165966466894374,
    0.01081726878144115,
    0.009869861199178775,
    0.008841682003974883,
    0.003444096532775754,
    0.005841916287728448,
    0.005867216172299864,
    0.005499930473413155,
    0.0034133091122126036,
    0.001752616557021682,
    0.00415006527139715,
    0.002074981601063304,
    0.0005583462255746085,
    0.0014814821426501707,
    0.0015206297001194402,
    0.0007356065265060629,
    0.000481663351408419,
    0.0003789275141931156,
    0.0007701186393267831,
    0.0004035428864219016,
    0.000890753224693393,
    0.0004562709605835628,
    0.00034156624071881117,
    0.00042409149509501016,
    0.00032864455364461594,
    0.00021187440937738296,
    0.00013323729956472204,
    8.53145639716449e-05,
    2.9687776011245926e-05,
    1.783795612640089e-05,
    8.930273883209861e-06,
    7.517972250086872e-07,
    1.4889802252837647e-08
  ]
}