{
  "positive_frequencies": [
    0.0,
    0.07734375,
    0.1546875,
    0.23203125000000002,
    0.309375,
    0.38671875,
    0.46406250000000004,
    0.54140625,
    0.61875,
    0.6960937500000001,
    0.7734375,
    0.85078125,
    0.9281250000000001,
    1.0054687500000001,
    1.0828125,
    1.16015625,
    1.2375,
    1.31484375,
    1.3921875000000001,
    1.46953125,
    1.546875,
    1.62421875,
    1.7015625,
    1.7789062500000001,
    1.8562500000000002,
    1.93359375,
    2.0109375000000003,
    2.08828125,
    2.165625,
    2.24296875,
    2.3203125,
    2.3976562500000003,
    2.475,
    2.55234375,
    2.6296875,
    2.70703125,
    2.7843750000000003,
    2.86171875,
    2.9390625,
    3.01640625,
    3.09375,
    3.1710937500000003,
    3.2484375,
    3.32578125,
    3.403125,
    3.48046875,
    3.5578125000000003,
    3.63515625,
    3.7125000000000004,
    3.78984375,
    3.8671875,
    3.9445312500000003,
    4.0218750000000005,
    4.09921875,
    4.1765625,
    4.25390625,
    4.33125,
    4.4085937500000005,
    4.4859375,
    4.56328125,
    4.640625,
    4.71796875,
    4.7953125000000005,
    4.87265625,
    4.95
  ],
  "mx_fft_pos": [
    0.0743136260530348,
    0.08204009191324958,
    0.084570642455678,
    0.06235468431206612,
    0.026751018801331208,
    0.007925806187367474,
    0.03694935673576963,
    0.047781962486418285,
    0.04487887187463531,
    0.048022725252360086,
    0.04856513804834261,
    0.0480813289664746,
    0.0547085114027171,
    0.04425883903810683,
    0.011022445223716593,
    0.042640549131471174,
    0.04006480386705387,
    0.004999781876693333,
    0.024325800453929246,
    0.017543663973335965,
    0.0028103500761984456,
    0.010798337651756166,
    0.02477237841249233,
    0.039512078767643274,
    0.045565373859268954,
    0.03428321020123806,
    0.017492858501128517,
    0.00915884983023509,
    0.009253834063245753,
    0.00648847671697033,
    0.015980536175825868,
    0.018620711103964276,
    0.011808988862613818,
    0.01089798645348228,
    0.012142904339903324,
    0.005504231019407324,
    0.0009880875592464724,
    0.002640118933125817,
    0.007392485528220807,
    0.009275331308239647,
    0.006032717332956416,
    0.0021126512323925177,
    0.0020657700513729282,
    0.0031003425744248973,
    0.0022584514896824208,
    0.0005836856993921826,
    0.0007892809636828646,
    0.0034901035431296958,
    0.0037770905087384067,
    0.0008967422588922628,
    0.0014135356910579954,
    0.002655318347045488,
    0.0020075002157758804,
    0.00100327781534992,
    0.0012679720420214926,
    0.0008267418745275053,
    0.0004844864598496886,
    0.0005946759264959957,
    0.00038591618760010313,
    0.0005573058195367958,
    0.00019144054723407744,
    0.000489165598494972,
    0.00037559215323629296,
    0.00019523219964710087,
    0.0004949756040218744
  ],
  "my_fft_pos": [
    0.030030465092591788,
    0.047742802473222906,
    0.05285319391996052,
    0.036394216300749,
    0.026057065270216322,
    0.025350524047868635,
    0.027059555930195472,
    0.0318745343863959,
    0.03654720447487508,
    0.03286525136968748,
    0.03069030185546705,
    0.0349113261447016,
    0.03067537778509961,
    0.03357561866166491,
    0.05061110537625558,
    0.05510629709279272,
    0.02945358481704741,
    0.01760203135814802,
    0.032043599362959814,
    0.032232850574649884,
    0.020631830329006184,
    0.03147396570603634,
    0.034562110283510916,
    0.02679485762014652,
    0.006585967474277673,
    0.01677805235334667,
    0.02246836088097338,
    0.019427138168787196,
    0.019225863753496265,
    0.021810694487903706,
    0.02030495948435214,
    0.012660678924272755,
    0.008436687740520367,
    0.005625478765967407,
    0.006865950993580433,
    0.005934228718627596,
    0.012876813314187467,
    0.01057874789339999,
    0.00626149135366429,
    0.008521400373077841,
    0.006266359637067331,
    0.004525920014933911,
    0.003994286381649243,
    0.007136942492693414,
    0.008538620503329883,
    0.0046896947073694385,
    0.0014117241742710495,
    0.0013036522955554139,
    0.0018474021706421692,
    0.0011418321739631362,
    0.0022013206905613114,
    0.001773334860221989,
    0.00029132184161651735,
    0.0009282751392088506,
    0.00017000963917335958,
    0.00023999107636588684,
    0.0016097515860308987,
    0.0011095759494516289,
    0.0009124036196167371,
    0.0004491476039077159,
    0.00020887075058165775,
    0.00042367818556128956,
    0.00037311852771359616,
    0.00044693443322648205,
    7.868497593200186e-05
  ],
  "mz_fft_pos": [
    0.00944580747978257,
    0.02162352594648184,
    0.03572552928681899,
    0.039074455134233126,
    0.025017688987730994,
    0.026708242546292834,
    0.06835201258502002,
    0.04996167305520677,
    0.031815733036069146,
    0.07535346927774464,
    0.06291753757398402,
    0.027739212927822696,
    0.03166027623178736,
    0.007015131600019789,
    0.025535302605156955,
    0.018278438315195666,
    0.023789675776214034,
    0.0361283228240891,
    0.028465544248979444,
    0.017668277062764182,
    0.016119854855518433,
    0.028184352421296865,
    0.03366002900644256,
    0.030017002444292677,
    0.0269627414247371,
    0.026098344912745524,
    0.018017820638362814,
    0.011997994464220547,
    0.00925903978351387,
    0.005531150313611169,
    0.01274687757316254,
    0.014115086527601208,
    0.011659664668943746,
    0.010817268781441163,
    0.009869861199178778,
    0.00884168200397488,
    0.0034440965327757513,
    0.005841916287728455,
    0.005867216172299866,
    0.0054999304734131525,
    0.0034133091122126023,
    0.0017526165570216664,
    0.00415006527139715,
    0.0020749816010633016,
    0.0005583462255746099,
    0.0014814821426501754,
    0.0015206297001194463,
    0.0007356065265060629,
    0.0004816633514084135,
    0.00037892751419312405,
    0.000770118639326796,
    0.0004035428864218916,
    0.0008907532246933816,
    0.0004562709605835509,
    0.00034156624071881415,
    0.00042409149509501867,
    0.00032864455364461855,
    0.0002118744093773767,
    0.00013323729956470228,
    8.531456397163993e-05,
    2.9687776011248064e-05,
    1.783795612641404e-05,
    8.930273883216481e-06,
    7.517972250166464e-07,
    1.4889802234518968e-08
  ]
}