{
  "positive_frequencies": [
    0.0,
    0.07734375,
    0.1546875,
    0.23203125000000002,
    0.309375,
    0.38671875,
    0.46406250000000004,
    0.54140625,
    0.61875,
    0.6960937500000001,
    0.7734375,
    0.85078125,
    0.9281250000000001,
    1.0054687500000001,
    1.0828125,
    1.16015625,
    1.2375,
    1.31484375,
    1.3921875000000001,
    1.46953125,
    1.546875,
    1.62421875,
    1.7015625,
    1.7789062500000001,
    1.8562500000000002,
    1.93359375,
    2.0109375000000003,
    2.08828125,
    2.165625,
    2.24296875,
    2.3203125,
    2.3976562500000003,
    2.475,
    2.55234375,
    2.6296875,
    2.70703125,
    2.7843750000000003,
    2.86171875,
    2.9390625,
    3.01640625,
    3.09375,
    3.1710937500000003,
    3.2484375,
    3.32578125,
    3.403125,
    3.48046875,
    3.5578125000000003,
    3.63515625,
    3.7125000000000004,
    3.78984375,
    3.8671875,
    3.9445312500000003,
    4.0218750000000005,
    4.09921875,
    4.1765625,
    4.25390625,
    4.33125,
    4.4085937500000005,
    4.4859375,
    4.56328125,
    4.640625,
    4.71796875,
    4.7953125000000005,
    4.87265625,
    4.95
  ],
  "mx_fft_pos": [
    0.0030375939129675274,
    0.0031255683845210643,
    0.002545937330319023,
    0.005933803892700515,
    0.009437699297432468,
    0.009229870579803312,
    0.005558206628068707,
    0.0030586141577530397,
    0.009264357162701778,
    0.009293374583235571,
    0.007705857791374162,
    0.00447408056750351,
    0.004267028490661023,
    0.0052941673506301775,
    0.0032193945331519774,
    0.0024515340970779407,
    0.004773164348762878,
    0.0056066476870516475,
    0.004666465654371928,
    0.004409480494175692,
    0.0027283906285386333,
    0.001803817033794792,
    0.0024527416213958784,
    0.0014419499704736991,
    0.0009224968639121431,
    0.0007135054069239154,
    0.0003930524938410369,
    0.00030383758380201395,
    0.0005009875734531136,
    0.001020868306728439,
    0.001173395708759484,
    0.0013522487746424029,
    0.0010438622481569466,
    0.001559315613719767,
    0.001258057274261202,
    0.0006466101961045069,
    0.0011538883319998897,
    0.001722164082648464,
    0.0018057094683603017,
    0.001098645894189999,
    0.0009042107738510674,
    0.001286308315933875,
    0.00098565196770647,
    0.0005035944102370111,
    0.0006827291180337192,
    0.00040614811041010467,
    0.00014546676463005761,
    0.0002703563502693483,
    0.000205879388393692,
    0.00026767265972771776,
    0.0002676180045696679,
    0.0002489159995533813,
    0.00020867527394314165,
    0.00018825923775621516,
    7.216340655704312e-05,
    0.0001424355907240334,
    4.526348576502373e-05,
    0.0001273958011890941,
    5.119219772421314e-05,
    4.5463209364170614e-05,
    2.3062484695695046e-05,
    4.4802462889094434e-05,
    7.886335099492013e-05,
    7.074985148636253e-05,
    2.2377219200656052e-05
  ],
  "my_fft_pos": [
    0.004848183678834831,
    0.0011742199209571645,
    0.006800720387851786,
    0.0106880488868545,
    0.010064758250723277,
    0.0018045593684506203,
    0.007919810643303691,
    0.00983018857611707,
    0.008997457391599665,
    0.0071483923978736055,
    0.005589572105854482,
    0.007863541912700953,
    0.007599133028501046,
    0.0031328788048186314,
    0.0017736703564210548,
    0.004350006491977849,
    0.0038431067954920305,
    0.004771466752994122,
    0.005773802538667202,
    0.0024982564895890207,
    0.0018131981849180672,
    0.004142701099361195,
    0.004528094109412966,
    0.003263337428829588,
    0.002616416831555144,
    0.0035736307741700358,
    0.003987944819274988,
    0.003342912397532501,
    0.0013277117383965447,
    0.0011541294683914923,
    0.0010134730221968977,
    0.00034957070953879393,
    0.0016254576018083775,
    0.0026097698756745087,
    0.0018882915640375613,
    0.0006452253000947277,
    0.0010216604810394032,
    0.0014400829607627585,
    0.0008111969331504206,
    0.0003964877665319708,
    0.0008657861985113118,
    0.0007245327489144672,
    0.0006721834657162204,
    0.0007140935367586763,
    0.0003352451229374052,
    0.0005185013630831748,
    0.0005710463846883216,
    0.00023919108372909092,
    0.00011939693579899765,
    0.0003928681507114146,
    0.0004523062412546293,
    0.000162578816990593,
    0.0003686938712255689,
    0.00029735136264987774,
    0.00032741508227505613,
    0.00019377528796128308,
    0.00019577246754385675,
    8.238986001300338e-05,
    0.0001136228590161552,
    0.0001539461568217289,
    0.0001412822488640749,
    0.0001047936759978808,
    0.00010946699273336503,
    6.062630875748387e-05,
    0.00014157388736999593
  ],
  "mz_fft_pos": [
    0.0075082426542252435,
    0.007966386602052287,
    0.0067199083988296925,
    0.004076306135320324,
    0.0018099744809128462,
    0.0020209526495345857,
    0.003242933685233986,
    0.006360289958249991,
    0.006889161282656969,
    0.004739698978333279,
    0.0024978439744800436,
    0.005010059416019278,
    0.004616996103395259,
    0.0037595547068019746,
    0.0030523714620769955,
    0.0025166113422272858,
    0.005192728192908182,
    0.0053035670642371845,
    0.003929295605860757,
    0.0034769686297760572,
    0.002515769795123102,
    0.0009769265844479275,
    0.002011458503315819,
    0.002771881160590809,
    0.001524660512384126,
    0.0012680806207548663,
    0.0014163751147864775,
    0.0018389647405487382,
    0.0026665075680894854,
    0.002049909341290842,
    0.0013648331976971412,
    0.00168067847209749,
    0.0010417575842732152,
    0.00031881221891017083,
    0.0003840577083505726,
    0.001177463986176173,
    0.0010580594835013543,
    0.0003473728471823984,
    0.0008345660712675757,
    0.001350307911037897,
    0.0015220321349661383,
    0.0007418197136471445,
    0.0008822364160785323,
    0.002077998470287597,
    0.0018646892164362367,
    0.0007793946854383396,
    0.0007054417942128911,
    0.0008101313958579018,
    0.000432364904365913,
    0.00011094143257571708,
    5.103183487043469e-05,
    0.00024251596025272348,
    0.0003825772216715797,
    0.00038727992100521207,
    0.00019399533578480957,
    0.0001287231897275502,
    0.00015776576237530127,
    0.0001710859721086287,
    0.0003084084592480287,
    0.00015525678105515585,
    2.0398135507299636e-05,
    2.286644931544143e-05,
    7.35474599966398e-05,
    8.98394920644309e-05,
    9.638101489741313e-05
  ]
}