{
  "times": [
    0.0,
    0.10101010101010101,
    0.20202020202020202,
    0.30303030303030304,
    0.40404040404040403,
    0.5050505050505051,
    0.6060606060606061,
    0.7070707070707071,
    0.8080808080808081,
    0.9090909090909091,
    1.0101010101010102,
    1.1111111111111112,
    1.2121212121212122,
    1.3131313131313131,
    1.4141414141414141,
    1.5151515151515151,
    1.6161616161616161,
    1.7171717171717171,
    1.8181818181818181,
    1.9191919191919191,
    2.0202020202020203,
    2.121212121212121,
    2.2222222222222223,
    2.323232323232323,
    2.4242424242424243,
    2.525252525252525,
    2.6262626262626263,
    2.727272727272727,
    2.8282828282828283,
    2.929292929292929,
    3.0303030303030303,
    3.131313131313131,
    3.2323232323232323,
    3.3333333333333335,
    3.4343434343434343,
    3.5353535353535355,
    3.6363636363636362,
    3.7373737373737375,
    3.8383838383838382,
    3.9393939393939394,
    4.040404040404041,
    4.141414141414141,
    4.242424242424242,
    4.343434343434343,
    4.444444444444445,
    4.545454545454545,
    4.646464646464646,
    4.747474747474747,
    4.848484848484849,
    4.94949494949495,
    5.05050505050505,
    5.151515151515151,
    5.252525252525253,
    5.353535353535354,
    5.454545454545454,
    5.555555555555555,
    5.656565656565657,
    5.757575757575758,
    5.858585858585858,
    5.959595959595959,
    6.0606060606060606,
    6.161616161616162,
    6.262626262626262,
    6.363636363636363,
    6.4646464646464645,
    6.565656565656566,
    6.666666666666667,
    6.767676767676767,
    6.8686868686868685,
    6.96969696969697,
    7.070707070707071,
    7.171717171717171,
    7.2727272727272725,
    7.373737373737374,
    7.474747474747475,
    7.575757575757575,
    7.6767676767676765,
    7.777777777777778,
    7.878787878787879,
    7.979797979797979,
    8.080808080808081,
    8.181818181818182,
    8.282828282828282,
    8.383838383838384,
    8.484848484848484,
    8.585858585858587,
    8.686868686868687,
    8.787878787878787,
    8.88888888888889,
    8.98989898989899,
    9.09090909090909,
    9.191919191919192,
    9.292929292929292,
    9.393939393939394,
    9.494949494949495,
    9.595959595959595,
    9.696969696969697,
    9.797979797979798,
    9.8989898989899,
    10.0
  ],
  "mx": [
    7.093091546216277e-17,
    0.004523601866343442,
    0.009455575430673928,
    0.03994851825799337,
    0.007626650887445406,
    0.06599177567328926,
    0.13900820620438892,
    0.07951761756361851,
    0.020687801766092424,
    -0.006342349056079545,
    -0.03907244399116197,
    -0.0508148183729821,
    0.0015782096392491414,
    0.02640136782945539,
    0.004156918701244645,
    -0.015611489582328716,
    0.023477852626426456,
    0.04461522714338367,
    0.014725555126406374,
    -0.016312772383939852,
    0.016421866614287024,
    0.06675149141779572,
    0.06375857049923786,
    0.02700233882535496,
    -0.003518246527225279,
    -0.030937911350933114,
    -0.056152030328090956,
    -0.08363790053485479,
    -0.07125222173331575,
    -0.03509951492639243,
    -0.02526514115516596,
    0.0134455086167887,
    0.01204400288663126,
    -7.073816840927647e-17,
    0.018446568352151554,
    0.05177687019834506,
    0.038735119337105266,
    0.011597148223022519,
    0.01447387409910933,
    0.015743971951221795,
    0.012970607505608854,
    -0.0022101529377342166,
    0.04652846378588694,
    0.11511558557833673,
    0.09225528224017315,
    0.0370103771890469,
    -0.020763626599870823,
    -0.024620386795921295,
    0.02845117063650842,
    0.10615048627660956,
    0.0833161809287144,
    -0.015464836402385267,
    -0.0016292512740007077,
    -0.0030845995590889183,
    -0.07057059648446047,
    -0.07365854414738703,
    -0.05802103529909816,
    -0.029159167247413926,
    0.000930047647149689,
    -0.0006123984459958807,
    -0.028225941902418714,
    -0.0425255909965613,
    -0.028279729707699583,
    0.014814885544808512,
    0.06006101139559847,
    0.04590251019742993,
    1.176961691687042e-17,
    -0.023334192340253843,
    -0.01441317247939484,
    0.028508678006085038,
    0.06045805938923943,
    0.005922880031365209,
    0.002817337770210306,
    -0.01622112635426132,
    -0.03050057044167115,
    -0.029978215687238217,
    -0.025153989928234453,
    -0.030765232363124465,
    -0.009158548821126301,
    0.012636927096332212,
    0.02876625748393047,
    0.2177948483538722,
    0.49091042118088407,
    0.43085293387971574,
    0.16399207979669775,
    0.04786285199347921,
    -0.018304920791152694,
    -0.048102615177656766,
    0.009731092875006135,
    0.08073342379507903,
    0.04142699833549473,
    0.000347855927184032,
    -0.0059309554687112164,
    0.02508547035834041,
    0.022866441582175774,
    0.016232859428679428,
    -0.018540761396005082,
    -0.024697228117657493,
    0.004863672999715932,
    6.630498619289129e-17
  ],
  "my": [
    0.0,
    -0.017683974753514832,
    -0.04628916093638304,
    -0.03709660132155534,
    -0.03069045069123405,
    -0.1571881894077512,
    -0.12136415399073769,
    -0.02284348381234573,
    -0.0037760477760587835,
    0.03316318195099566,
    0.07481296100659522,
    0.07805584714066129,
    0.07430284123612813,
    0.03787450798197533,
    -0.02320973791292229,
    0.029428042805217308,
    0.16486961205752093,
    0.184027310060002,
    0.054917171691180794,
    -0.023231019013980867,
    -0.0019526312379167822,
    -0.05611697696291605,
    -0.06585869515976522,
    -0.012819955291369011,
    -0.0010699908692980808,
    -0.010452284261543578,
    -0.029006814689530393,
    -0.05145399394451976,
    -0.054895772259004605,
    0.004580168014403595,
    -0.01729886081738015,
    -0.008639773313826246,
    -0.0044508482456402125,
    2.455115586139398e-17,
    0.028284415348546088,
    0.012367065540895276,
    0.010022181852825392,
    0.02356729133905988,
    0.015244380636521868,
    -0.00022291515109314748,
    0.0059841329261593815,
    0.031251235392010614,
    0.0354339390868574,
    0.04673911024145575,
    0.028633155175738327,
    0.0023708777116857684,
    0.029414830899425665,
    -0.028565393577466396,
    0.046975702380370285,
    0.22411936630152038,
    0.1767652160317367,
    0.036215371677137335,
    0.04433883502308719,
    0.06469600239029079,
    0.033130663959783174,
    -0.02778384647749642,
    -0.05908201374842565,
    -0.05492504116894423,
    -0.02252128549290546,
    0.0076110210924278015,
    0.020539041102818876,
    -0.005675472491811634,
    -0.005350659221731153,
    -0.022891305975408567,
    -0.008956439885775424,
    0.014570479699336194,
    -1.1492543028346347e-17,
    -0.02829945903581901,
    -0.007212337848035607,
    0.005443621516838745,
    0.05206034845986292,
    0.011324601369927526,
    -0.011389709386525261,
    0.014800402199222764,
    0.004147630862243946,
    -0.028438200980517764,
    -0.007982369027123204,
    0.007570919812092407,
    0.012703126435229176,
    0.0031840069944788,
    -0.009096290480690342,
    0.03918063950268205,
    0.17790922170540024,
    0.2562458310926007,
    0.11335571521425741,
    0.019016195222703258,
    0.012809504029028414,
    0.051591159247265525,
    -0.007182310349730119,
    -0.07546249249500277,
    -0.053939541269380914,
    -0.04725535218987095,
    -0.030472690351683335,
    -0.008822449342880762,
    -0.010324160544825616,
    0.005197698408266104,
    0.00186934736847024,
    -0.018324582905892766,
    0.0003954873675117468,
    -4.39704214396899e-18
  ],