{
  "positive_frequencies": [
    0.0,
    0.07734375,
    0.1546875,
    0.23203125000000002,
    0.309375,
    0.38671875,
    0.46406250000000004,
    0.54140625,
    0.61875,
    0.6960937500000001,
    0.7734375,
    0.85078125,
    0.9281250000000001,
    1.0054687500000001,
    1.0828125,
    1.16015625,
    1.2375,
    1.31484375,
    1.3921875000000001,
    1.46953125,
    1.546875,
    1.62421875,
    1.7015625,
    1.7789062500000001,
    1.8562500000000002,
    1.93359375,
    2.0109375000000003,
    2.08828125,
    2.165625,
    2.24296875,
    2.3203125,
    2.3976562500000003,
    2.475,
    2.55234375,
    2.6296875,
    2.70703125,
    2.7843750000000003,
    2.86171875,
    2.9390625,
    3.01640625,
    3.09375,
    3.1710937500000003,
    3.2484375,
    3.32578125,
    3.403125,
    3.48046875,
    3.5578125000000003,
    3.63515625,
    3.7125000000000004,
    3.78984375,
    3.8671875,
    3.9445312500000003,
    4.0218750000000005,
    4.09921875,
    4.1765625,
    4.25390625,
    4.33125,
    4.4085937500000005,
    4.4859375,
    4.56328125,
    4.640625,
    4.71796875,
    4.7953125000000005,
    4.87265625,
    4.95
  ],
  "mx_fft_pos": [
    0.012190948937693302,
    0.005773477251851361,
    0.006511633578745072,
    0.01637373727236771,
    0.014319062428096599,
    0.008447039015099422,
    0.014144185935528924,
    0.010396136619772076,
    0.014485315411569997,
    0.006850680439397988,
    0.007767847016514642,
    0.008148258370008866,
    0.007075832699160441,
    0.012109775630567143,
    0.004007348595764137,
    0.008089233943440258,
    0.010431897915363164,
    0.010434189011891703,
    0.008462700149850908,
    0.013530642963757713,
    0.012068738238896218,
    0.004042173281573807,
    0.005653654687558947,
    0.008131534618005686,
    0.00708951764204782,
    0.00585669435773192,
    0.007547590512608836,
    0.00865673695707292,
    0.005080452192093743,
    0.0048813153058276685,
    0.00594376763251958,
    0.003906865796384159,
    0.0022039668460814466,
    0.0008392333581979687,
    0.0007824575486141387,
    0.0042207840019467665,
    0.004208439108511427,
    0.002186676673255429,
    0.003954977797901269,
    0.00417156998017924,
    0.002334960864759278,
    0.0006999869203320797,
    0.002588743889730587,
    0.003756971177839669,
    0.003061633102334018,
    0.0014172485005546859,
    0.0005333184144515176,
    0.0009359895325290338,
    0.0010884087324921979,
    0.0006469906044964945,
    0.0009201267691398203,
    0.001254067735662358,
    0.0016213041486037962,
    0.0015489299048703942,
    0.0009827461416559845,
    0.0008390329347266655,
    0.0008512989576937366,
    0.0005700062417584456,
    0.00015298455913734412,
    0.0005648281347144818,
    0.0005959294681904983,
    0.00041043976366385244,
    0.0006622600860186974,
    0.0003620335346987208,
    5.210870623095887e-05
  ],
  "my_fft_pos": [
    0.016006236919779718,
    0.012020098186452251,
    0.009324004969998046,
    0.016131745298079352,
    0.017649979256651863,
    0.007592004116585981,
    0.004221602275470603,
    0.01334456987671065,
    0.015131988093801112,
    0.007403392703724623,
    0.005705483730828417,
    0.011611639169059364,
    0.012522833016047048,
    0.00826470545281686,
    0.007363356179751028,
    0.010648523386593061,
    0.009090447686533646,
    0.00225880286136362,
    0.002008878624626767,
    0.007548946719738664,
    0.007012981966320985,
    0.0056472095221160815,
    0.007137176371021705,
    0.008715101692105627,
    0.008767281525684933,
    0.0068086729848708125,
    0.008234926645622292,
    0.00924758251120137,
    0.004409772704512224,
    0.0012532040168911137,
    0.006046187235039838,
    0.010420987631609521,
    0.007783991985839202,
    0.004786514107464439,
    0.005526655908410333,
    0.00557508319988332,
    0.004207135725311656,
    0.003841743575046592,
    0.005354679873245809,
    0.005442894731262694,
    0.003531579970489484,
    0.0029294902303244725,
    0.004297804513666268,
    0.004951960500375684,
    0.003544249961106693,
    0.002705688547473842,
    0.002787069265039604,
    0.002113577039091708,
    0.0022466216132142596,
    0.002506005128578541,
    0.0019130804626259765,
    0.0008871959988543342,
    0.0013760214518771718,
    0.0017157271178815379,
    0.0010630375705981644,
    0.0008990853343856747,
    0.0004625869013321155,
    0.0004450172668621285,
    0.00026581810130254965,
    0.0009624958727045288,
    0.0005196906049157006,
    0.000674005367445659,
    0.0013933025846059421,
    0.0012938806995861946,
    0.0010982680649936339
  ],
  "mz_fft_pos": [
    0.009122096915427997,
    0.013152474288879678,
    0.016183601683295964,
    0.02756222219508676,
    0.029944365837152404,
    0.013496830517154335,
    0.008191347553652464,
    0.017479756222281803,
    0.016353890362140567,
    0.01265690223962123,
    0.007987107918372526,
    0.003388437308269833,
    0.012125053379960117,
    0.021153786237606248,
    0.02092687396944092,
    0.015767724098361757,
    0.01110032975865368,
    0.005719745433103667,
    0.004214422246173553,
    0.010902937130991202,
    0.015314012492260436,
    0.01252983329821851,
    0.0027165024722559596,
    0.004024535263645554,
    0.00028074911629609694,
    0.008276887989713672,
    0.009928150843160432,
    0.0046260343749313345,
    0.0033545890494811946,
    0.005809989109306356,
    0.007104583803651224,
    0.004213464267889002,
    0.004740139321128368,
    0.005940423040967943,
    0.0037234544798837744,
    0.0033374355207493943,
    0.003428607482893025,
    0.0011247381894281315,
    0.0017306241815410713,
    0.003077732295991501,
    0.001985077031974272,
    0.0008185307616814261,
    0.0023186437200501914,
    0.002117116209558436,
    0.0010758367184071137,
    0.000295207304392819,
    0.00041210878771678547,
    0.0008760908924694072,
    0.0008900185165681759,
    0.0007387823515159769,
    0.0006118197820010951,
    0.0005427053459516229,
    0.0004112374139540859,
    0.00035544735070419794,
    0.0003589566806280545,
    0.00020481208876145117,
    6.465434857545543e-05,
    0.00011523521639843458,
    0.00017133424198768053,
    0.00011785912076956225,
    8.878700975579513e-05,
    6.054265438679856e-05,
    1.976603965984259e-05,
    2.5453124446571363e-05,
    4.868235934939791e-05
  ]
}