{
  "positive_frequencies": [
    0.0,
    0.07734375,
    0.1546875,
    0.23203125000000002,
    0.309375,
    0.38671875,
    0.46406250000000004,
    0.54140625,
    0.61875,
    0.6960937500000001,
    0.7734375,
    0.85078125,
    0.9281250000000001,
    1.0054687500000001,
    1.0828125,
    1.16015625,
    1.2375,
    1.31484375,
    1.3921875000000001,
    1.46953125,
    1.546875,
    1.62421875,
    1.7015625,
    1.7789062500000001,
    1.8562500000000002,
    1.93359375,
    2.0109375000000003,
    2.08828125,
    2.165625,
    2.24296875,
    2.3203125,
    2.3976562500000003,
    2.475,
    2.55234375,
    2.6296875,
    2.70703125,
    2.7843750000000003,
    2.86171875,
    2.9390625,
    3.01640625,
    3.09375,
    3.1710937500000003,
    3.2484375,
    3.32578125,
    3.403125,
    3.48046875,
    3.5578125000000003,
    3.63515625,
    3.7125000000000004,
    3.78984375,
    3.8671875,
    3.9445312500000003,
    4.0218750000000005,
    4.09921875,
    4.1765625,
    4.25390625,
    4.33125,
    4.4085937500000005,
    4.4859375,
    4.56328125,
    4.640625,
    4.71796875,
    4.7953125000000005,
    4.87265625,
    4.95
  ],
  "mx_fft_pos": [
    0.0030375939129675266,
    0.0031255683845210643,
    0.002545937330319022,
    0.005933803892700515,
    0.00943769929743247,
    0.00922987057980331,
    0.005558206628068705,
    0.0030586141577530397,
    0.009264357162701777,
    0.00929337458323557,
    0.007705857791374162,
    0.00447408056750351,
    0.004267028490661024,
    0.0052941673506301775,
    0.0032193945331519774,
    0.0024515340970779416,
    0.004773164348762878,
    0.005606647687051647,
    0.004666465654371928,
    0.004409480494175693,
    0.0027283906285386337,
    0.0018038170337947906,
    0.0024527416213958775,
    0.0014419499704736991,
    0.0009224968639121437,
    0.0007135054069239155,
    0.0003930524938410367,
    0.00030383758380201427,
    0.000500987573453114,
    0.0010208683067284392,
    0.0011733957087594836,
    0.0013522487746424022,
    0.0010438622481569466,
    0.0015593156137197663,
    0.0012580572742612011,
    0.0006466101961045065,
    0.0011538883319998899,
    0.0017221640826484636,
    0.0018057094683603015,
    0.0010986458941900003,
    0.0009042107738510665,
    0.001286308315933875,
    0.0009856519677064713,
    0.000503594410237012,
    0.0006827291180337192,
    0.0004061481104101051,
    0.00014546676463005786,
    0.0002703563502693493,
    0.00020587938839369276,
    0.00026767265972771717,
    0.00026761800456966833,
    0.00024891599955338185,
    0.0002086752739431421,
    0.00018825923775621486,
    7.216340655704265e-05,
    0.0001424355907240332,
    4.526348576502487e-05,
    0.0001273958011890934,
    5.119219772421303e-05,
    4.546320936416989e-05,
    2.3062484695694622e-05,
    4.480246288909338e-05,
    7.886335099492008e-05,
    7.074985148636352e-05,
    2.2377219200654663e-05
  ],
  "my_fft_pos": [
    0.004848183678834831,
    0.001174219920957164,
    0.006800720387851788,
    0.0106880488868545,
    0.010064758250723277,
    0.0018045593684506186,
    0.007919810643303691,
    0.00983018857611707,
    0.008997457391599665,
    0.007148392397873603,
    0.005589572105854482,
    0.007863541912700955,
    0.007599133028501047,
    0.0031328788048186305,
    0.0017736703564210563,
    0.004350006491977851,
    0.0038431067954920305,
    0.004771466752994121,
    0.005773802538667201,
    0.002498256489589022,
    0.001813198184918067,
    0.004142701099361195,
    0.004528094109412965,
    0.0032633374288295876,
    0.002616416831555144,
    0.0035736307741700375,
    0.003987944819274989,
    0.0033429123975325017,
    0.0013277117383965447,
    0.0011541294683914934,
    0.001013473022196899,
    0.000349570709538793,
    0.0016254576018083795,
    0.0026097698756745095,
    0.0018882915640375602,
    0.0006452253000947258,
    0.001021660481039401,
    0.0014400829607627583,
    0.0008111969331504212,
    0.0003964877665319705,
    0.000865786198511312,
    0.0007245327489144682,
    0.0006721834657162205,
    0.0007140935367586761,
    0.00033524512293740566,
    0.0005185013630831748,
    0.000571046384688322,
    0.0002391910837290912,
    0.00011939693579899886,
    0.00039286815071141497,
    0.00045230624125463024,
    0.0001625788169905946,
    0.00036869387122557065,
    0.00029735136264987894,
    0.0003274150822750576,
    0.0001937752879612851,
    0.00019577246754385783,
    8.238986001300275e-05,
    0.00011362285901615631,
    0.00015394615682172967,
    0.0001412822488640743,
    0.0001047936759978801,
    0.00010946699273336555,
    6.0626308757484286e-05,
    0.00014157388736999593
  ],
  "mz_fft_pos": [
    0.007508242654225245,
    0.007966386602052287,
    0.006719908398829695,
    0.004076306135320325,
    0.001809974480912846,
    0.0020209526495345875,
    0.003242933685233986,
    0.006360289958249993,
    0.00688916128265697,
    0.0047396989783332795,
    0.0024978439744800427,
    0.005010059416019278,
    0.004616996103395259,
    0.003759554706801976,
    0.0030523714620769964,
    0.002516611342227286,
    0.005192728192908181,
    0.0053035670642371845,
    0.003929295605860755,
    0.003476968629776056,
    0.0025157697951231008,
    0.0009769265844479273,
    0.0020114585033158207,
    0.0027718811605908105,
    0.0015246605123841283,
    0.0012680806207548663,
    0.0014163751147864786,
    0.001838964740548741,
    0.0026665075680894867,
    0.00204990934129084,
    0.0013648331976971399,
    0.0016806784720974888,
    0.001041757584273216,
    0.0003188122189101691,
    0.00038405770835057187,
    0.001177463986176172,
    0.001058059483501352,
    0.0003473728471823979,
    0.0008345660712675765,
    0.0013503079110378962,
    0.0015220321349661361,
    0.0007418197136471419,
    0.0008822364160785343,
    0.0020779984702875977,
    0.0018646892164362354,
    0.0007793946854383393,
    0.0007054417942128924,
    0.0008101313958579015,
    0.00043236490436591166,
    0.00011094143257571546,
    5.1031834870435696e-05,
    0.00024251596025272315,
    0.000382577221671578,
    0.00038727992100520963,
    0.00019399533578480806,
    0.00012872318972754904,
    0.00015776576237530013,
    0.00017108597210862688,
    0.00030840845924802533,
    0.00015525678105515425,
    2.0398135507299406e-05,
    2.2866449315438958e-05,
    7.354745999663654e-05,
    8.983949206442982e-05,
    9.638101489741425e-05
  ]
}