{
  "positive_frequencies": [
    0.0,
    0.07734375,
    0.1546875,
    0.23203125000000002,
    0.309375,
    0.38671875,
    0.46406250000000004,
    0.54140625,
    0.61875,
    0.6960937500000001,
    0.7734375,
    0.85078125,
    0.9281250000000001,
    1.0054687500000001,
    1.0828125,
    1.16015625,
    1.2375,
    1.31484375,
    1.3921875000000001,
    1.46953125,
    1.546875,
    1.62421875,
    1.7015625,
    1.7789062500000001,
    1.8562500000000002,
    1.93359375,
    2.0109375000000003,
    2.08828125,
    2.165625,
    2.24296875,
    2.3203125,
    2.3976562500000003,
    2.475,
    2.55234375,
    2.6296875,
    2.70703125,
    2.7843750000000003,
    2.86171875,
    2.9390625,
    3.01640625,
    3.09375,
    3.1710937500000003,
    3.2484375,
    3.32578125,
    3.403125,
    3.48046875,
    3.5578125000000003,
    3.63515625,
    3.7125000000000004,
    3.78984375,
    3.8671875,
    3.9445312500000003,
    4.0218750000000005,
    4.09921875,
    4.1765625,
    4.25390625,
    4.33125,
    4.4085937500000005,
    4.4859375,
    4.56328125,
    4.640625,
    4.71796875,
    4.7953125000000005,
    4.87265625,
    4.95
  ],
  "mx_fft_pos": [
    0.0024114401570079864,
    0.004844853890878473,
    0.0030891319549596523,
    0.0021579675505735314,
    0.004753409360552484,
    0.0041011318927590456,
    0.0038464733266857275,
    0.007911610132782897,
    0.008555510295826706,
    0.0048183184717584685,
    0.002800719633826905,
    0.005109416786373218,
    0.007025865613349298,
    0.006269119220726308,
    0.0052546977497446475,
    0.0008943246603189435,
    0.0038857219684319154,
    0.0018522977890547995,
    0.006355602638961796,
    0.006581495651195856,
    0.0016920503938391365,
    0.003471000468912924,
    0.003934131177045925,
    0.0036415076518521534,
    0.005573466611677181,
    0.008343148411684417,
    0.006065060674664277,
    0.0011838329919522212,
    0.00243198689476249,
    0.00207021952398547,
    0.0035672043488148043,
    0.0041067708067021105,
    0.0027730953435365596,
    0.0024017046086496335,
    0.003094939612027424,
    0.004203910614193888,
    0.0038936395649008153,
    0.0024350572024186222,
    0.0020883530525091505,
    0.0020462830213451963,
    0.0025903712895403216,
    0.0022425831937821204,
    0.0012182838377822968,
    0.002073069359031196,
    0.0025844513433150064,
    0.0016999125232600198,
    0.0016643313178566356,
    0.00137757393491408,
    0.0005790136052492264,
    0.0009457525079926257,
    0.0007535563931964195,
    0.0008740354451344355,
    0.000511151501736667,
    0.00040791847729372674,
    0.0006973573193406683,
    0.0003305945000148562,
    0.0009148377561395806,
    0.000581379354446383,
    0.0004307910533915533,
    0.0006467392500393719,
    0.0001558876706930553,
    0.0005287008805573119,
    0.00025697110480923046,
    0.0003407561613496881,
    0.00011687961382677858
  ],
  "my_fft_pos": [
    0.014257350418028798,
    0.015600472197769649,
    0.014832614195948444,
    0.00856221397489085,
    0.004359665562261857,
    0.005936054387685582,
    0.0045411378095230395,
    0.0006252529793169166,
    0.005184388512660755,
    0.008651862384473298,
    0.00974007860722107,
    0.009890750449189498,
    0.00584546295758592,
    0.002201552097397334,
    0.0012986551516021374,
    0.003937320542548105,
    0.005133136549004023,
    0.0029596831828668157,
    0.001316338614900559,
    0.0010278716274978478,
    0.003987596528691988,
    0.005083715795208093,
    0.0017513762917345985,
    0.001414080917915532,
    0.0038581748419813833,
    0.006456187157787693,
    0.005159317827389206,
    0.0028140500774290595,
    0.0025081559253331566,
    0.0013710735018405305,
    0.0007726730536393076,
    0.0009533944332634366,
    0.001308951150150608,
    0.0011025339889697626,
    0.00011548398215774116,
    0.0004108159042379407,
    0.0009361908238886438,
    0.0017179680334477242,
    0.0027848955621220593,
    0.002778822331370434,
    0.0011087044247800827,
    0.00018507837244053867,
    0.00015142453841467568,
    0.0006965139105680726,
    0.001335265848263503,
    0.0017462293104283716,
    0.0017326053659407444,
    0.0016189032707046944,
    0.001349163544719885,
    0.000320899391229588,
    0.0005104508795391976,
    0.0007431654448656376,
    0.0004832602486746178,
    0.0010119840960474546,
    0.0013525294477221602,
    0.000804811509404811,
    0.0006314941681950907,
    0.0008946369752474534,
    0.000220531685265424,
    0.0005864738640283397,
    0.00042418636927915224,
    0.000431263582084042,
    0.00032480233132223794,
    0.0008773631999315995,
    0.0003263884821990626
  ],
  "mz_fft_pos": [
    0.0019900900587357558,
    0.00018339231096237203,
    0.004396683496349873,
    0.008126116152656413,
    0.007712158503122194,
    0.003254817242443158,
    0.0033574658984739446,
    0.006606428803672369,
    0.0051726631011544955,
    0.0026364626409252113,
    0.004899739902151211,
    0.0045862073553332,
    0.0033476408589534806,
    0.0016636137379726027,
    0.0024895902689851396,
    0.002506035309974288,
    0.0010146670202040079,
    0.0013120513276757232,
    0.002741075253748591,
    0.0005207550837561193,
    0.002660729298045924,
    0.0027433097994139653,
    0.0010642542419683273,
    0.0010310203819587427,
    0.0011761484455300882,
    0.0017667357981010013,
    0.00267837510491119,
    0.0025850855982286454,
    0.001821889305842406,
    0.0018129600983892082,
    0.001098470790648572,
    0.0005994578427838118,
    0.001198310188235607,
    0.0012723147694401553,
    0.0006654832529833257,
    0.0019287975416436693,
    0.0024961476747734452,
    0.0010569377979724414,
    0.0015441365547491847,
    0.0016268695205667772,
    0.0011568301762497728,
    0.0017928213666613983,
    0.0015516625649783537,
    0.0018702043878200058,
    0.0021330330996218684,
    0.0012031299701241636,
    0.0013321785212234347,
    0.00048702090101747814,
    0.0009617355758133853,
    0.00016242043876065878,
    0.0009731121053031135,
    0.0007946716968140081,
    0.0007020381582264677,
    0.0004998849508380867,
    0.0012401135353556163,
    0.0006149805820604675,
    0.0007648906660071757,
    0.0013518160620642266,
    0.0007056207959531707,
    0.0006830824138780833,
    0.001164654753651913,
    0.0007813638814611199,
    0.0003338019784958229,
    0.0005387960799206978,
    0.000696408187031983
  ]
}