{
  "positive_frequencies": [
    0.0,
    0.07734375,
    0.1546875,
    0.23203125000000002,
    0.309375,
    0.38671875,
    0.46406250000000004,
    0.54140625,
    0.61875,
    0.6960937500000001,
    0.7734375,
    0.85078125,
    0.9281250000000001,
    1.0054687500000001,
    1.0828125,
    1.16015625,
    1.2375,
    1.31484375,
    1.3921875000000001,
    1.46953125,
    1.546875,
    1.62421875,
    1.7015625,
    1.7789062500000001,
    1.8562500000000002,
    1.93359375,
    2.0109375000000003,
    2.08828125,
    2.165625,
    2.24296875,
    2.3203125,
    2.3976562500000003,
    2.475,
    2.55234375,
    2.6296875,
    2.70703125,
    2.7843750000000003,
    2.86171875,
    2.9390625,
    3.01640625,
    3.09375,
    3.1710937500000003,
    3.2484375,
    3.32578125,
    3.403125,
    3.48046875,
    3.5578125000000003,
    3.63515625,
    3.7125000000000004,
    3.78984375,
    3.8671875,
    3.9445312500000003,
    4.0218750000000005,
    4.09921875,
    4.1765625,
    4.25390625,
    4.33125,
    4.4085937500000005,
    4.4859375,
    4.56328125,
    4.640625,
    4.71796875,
    4.7953125000000005,
    4.87265625,
    4.95
  ],
  "mx_fft_pos": [
    0.07431362605303482,
    0.08204009191324961,
    0.084570642455678,
    0.062354684312066144,
    0.026751018801331208,
    0.00792580618736748,
    0.03694935673576964,
    0.04778196248641829,
    0.04487887187463532,
    0.04802272525236011,
    0.04856513804834262,
    0.04808132896647463,
    0.05470851140271708,
    0.04425883903810683,
    0.0110224452237166,
    0.04264054913147119,
    0.04006480386705387,
    0.004999781876693337,
    0.02432580045392926,
    0.01754366397333598,
    0.002810350076198434,
    0.010798337651756178,
    0.024772378412492344,
    0.039512078767643274,
    0.045565373859268954,
    0.034283210201238055,
    0.017492858501128517,
    0.009158849830235086,
    0.009253834063245751,
    0.00648847671697033,
    0.015980536175825857,
    0.018620711103964266,
    0.01180898886261382,
    0.010897986453482285,
    0.012142904339903327,
    0.005504231019407323,
    0.0009880875592464756,
    0.0026401189331258248,
    0.0073924855282208116,
    0.009275331308239647,
    0.006032717332956402,
    0.0021126512323925055,
    0.0020657700513729183,
    0.0031003425744248947,
    0.0022584514896824225,
    0.0005836856993921838,
    0.0007892809636828682,
    0.003490103543129702,
    0.0037770905087384015,
    0.0008967422588922371,
    0.001413535691057991,
    0.002655318347045481,
    0.0020075002157758817,
    0.0010032778153499157,
    0.0012679720420214978,
    0.0008267418745275193,
    0.0004844864598496933,
    0.0005946759264959955,
    0.00038591618760010704,
    0.0005573058195368002,
    0.00019144054723408053,
    0.0004891655984949797,
    0.0003755921532362911,
    0.00019523219964712014,
    0.0004949756040218789
  ],
  "my_fft_pos": [
    0.030030465092591784,
    0.047742802473222906,
    0.05285319391996052,
    0.036394216300749,
    0.026057065270216326,
    0.025350524047868642,
    0.02705955593019548,
    0.03187453438639591,
    0.03654720447487508,
    0.032865251369687466,
    0.030690301855467034,
    0.0349113261447016,
    0.03067537778509961,
    0.03357561866166491,
    0.05061110537625558,
    0.05510629709279273,
    0.02945358481704742,
    0.01760203135814802,
    0.032043599362959814,
    0.032232850574649884,
    0.02063183032900617,
    0.03147396570603633,
    0.03456211028351092,
    0.02679485762014652,
    0.006585967474277679,
    0.016778052353346673,
    0.02246836088097338,
    0.019427138168787196,
    0.019225863753496265,
    0.021810694487903706,
    0.020304959484352132,
    0.012660678924272735,
    0.008436687740520364,
    0.005625478765967397,
    0.006865950993580429,
    0.005934228718627596,
    0.012876813314187463,
    0.010578747893399989,
    0.00626149135366429,
    0.008521400373077841,
    0.006266359637067337,
    0.004525920014933913,
    0.003994286381649239,
    0.007136942492693414,
    0.008538620503329888,
    0.0046896947073694455,
    0.0014117241742710484,
    0.0013036522955554098,
    0.0018474021706421607,
    0.0011418321739631342,
    0.002201320690561312,
    0.0017733348602219825,
    0.0002913218416165214,
    0.0009282751392088579,
    0.0001700096391733575,
    0.00023999107636587874,
    0.0016097515860308944,
    0.001109575949451624,
    0.0009124036196167383,
    0.00044914760390771957,
    0.000208870750581659,
    0.00042367818556129,
    0.00037311852771359616,
    0.00044693443322648096,
    7.868497593199741e-05
  ],
  "mz_fft_pos": [
    0.009445807479782567,
    0.021623525946481842,
    0.03572552928681899,
    0.03907445513423313,
    0.025017688987730987,
    0.026708242546292848,
    0.06835201258502002,
    0.04996167305520679,
    0.03181573303606913,
    0.07535346927774463,
    0.06291753757398402,
    0.027739212927822707,
    0.03166027623178736,
    0.007015131600019799,
    0.025535302605156948,
    0.018278438315195652,
    0.023789675776214044,
    0.03612832282408911,
    0.028465544248979454,
    0.017668277062764186,
    0.01611985485551842,
    0.028184352421296858,
    0.03366002900644255,
    0.030017002444292666,
    0.02696274142473709,
    0.026098344912745524,
    0.018017820638362807,
    0.011997994464220542,
    0.00925903978351387,
    0.00553115031361117,
    0.012746877573162547,
    0.014115086527601222,
    0.011659664668943755,
    0.010817268781441156,
    0.009869861199178778,
    0.00884168200397489,
    0.003444096532775762,
    0.005841916287728442,
    0.005867216172299857,
    0.0054999304734131525,
    0.0034133091122126036,
    0.0017526165570216766,
    0.004150065271397164,
    0.002074981601063311,
    0.0005583462255746146,
    0.0014814821426501763,
    0.0015206297001194428,
    0.0007356065265060613,
    0.00048166335140841925,
    0.00037892751419311684,
    0.0007701186393267803,
    0.0004035428864218999,
    0.0008907532246933938,
    0.00045627096058356353,
    0.0003415662407188191,
    0.00042409149509501075,
    0.000328644553644613,
    0.00021187440937737507,
    0.000133237299564718,
    8.531456397164856e-05,
    2.9687776011251123e-05,
    1.7837956126410232e-05,
    8.930273883212068e-06,
    7.517972250085787e-07,
    1.4889802243955863e-08
  ]
}