{
  "positive_frequencies": [
    0.0,
    0.07734375,
    0.1546875,
    0.23203125000000002,
    0.309375,
    0.38671875,
    0.46406250000000004,
    0.54140625,
    0.61875,
    0.6960937500000001,
    0.7734375,
    0.85078125,
    0.9281250000000001,
    1.0054687500000001,
    1.0828125,
    1.16015625,
    1.2375,
    1.31484375,
    1.3921875000000001,
    1.46953125,
    1.546875,
    1.62421875,
    1.7015625,
    1.7789062500000001,
    1.8562500000000002,
    1.93359375,
    2.0109375000000003,
    2.08828125,
    2.165625,
    2.24296875,
    2.3203125,
    2.3976562500000003,
    2.475,
    2.55234375,
    2.6296875,
    2.70703125,
    2.7843750000000003,
    2.86171875,
    2.9390625,
    3.01640625,
    3.09375,
    3.1710937500000003,
    3.2484375,
    3.32578125,
    3.403125,
    3.48046875,
    3.5578125000000003,
    3.63515625,
    3.7125000000000004,
    3.78984375,
    3.8671875,
    3.9445312500000003,
    4.0218750000000005,
    4.09921875,
    4.1765625,
    4.25390625,
    4.33125,
    4.4085937500000005,
    4.4859375,
    4.56328125,
    4.640625,
    4.71796875,
    4.7953125000000005,
    4.87265625,
    4.95
  ],
  "mx_fft_pos": [
    0.0743136260530348,
    0.08204009191324961,
    0.084570642455678,
    0.06235468431206615,
    0.02675101880133121,
    0.007925806187367471,
    0.03694935673576963,
    0.047781962486418285,
    0.044878871874635316,
    0.04802272525236008,
    0.04856513804834261,
    0.048081328966474615,
    0.054708511402717076,
    0.04425883903810681,
    0.011022445223716586,
    0.04264054913147119,
    0.040064803867053876,
    0.004999781876693345,
    0.02432580045392926,
    0.01754366397333597,
    0.0028103500761984313,
    0.010798337651756189,
    0.02477237841249234,
    0.03951207876764328,
    0.045565373859268954,
    0.034283210201238055,
    0.01749285850112851,
    0.009158849830235082,
    0.009253834063245755,
    0.006488476716970337,
    0.015980536175825857,
    0.018620711103964276,
    0.011808988862613811,
    0.01089798645348228,
    0.01214290433990333,
    0.005504231019407331,
    0.0009880875592464752,
    0.002640118933125837,
    0.007392485528220822,
    0.009275331308239649,
    0.006032717332956416,
    0.002112651232392508,
    0.00206577005137293,
    0.0031003425744248964,
    0.0022584514896824216,
    0.0005836856993921754,
    0.0007892809636828696,
    0.003490103543129694,
    0.003777090508738402,
    0.0008967422588922524,
    0.0014135356910579923,
    0.002655318347045482,
    0.0020075002157758713,
    0.0010032778153499112,
    0.0012679720420214926,
    0.0008267418745275065,
    0.00048448645984967793,
    0.0005946759264959907,
    0.0003859161876001086,
    0.0005573058195367971,
    0.00019144054723408026,
    0.0004891655984949779,
    0.0003755921532362951,
    0.00019523219964712014,
    0.0004949756040218833
  ],
  "my_fft_pos": [
    0.030030465092591784,
    0.047742802473222906,
    0.05285319391996052,
    0.036394216300749,
    0.026057065270216336,
    0.025350524047868635,
    0.027059555930195475,
    0.0318745343863959,
    0.036547204474875084,
    0.03286525136968747,
    0.030690301855467044,
    0.03491132614470161,
    0.03067537778509961,
    0.03357561866166491,
    0.05061110537625558,
    0.05510629709279272,
    0.02945358481704742,
    0.01760203135814802,
    0.032043599362959814,
    0.032232850574649884,
    0.020631830329006177,
    0.03147396570603634,
    0.034562110283510916,
    0.02679485762014652,
    0.006585967474277678,
    0.01677805235334667,
    0.022468360880973374,
    0.019427138168787193,
    0.019225863753496275,
    0.021810694487903702,
    0.020304959484352132,
    0.01266067892427274,
    0.008436687740520366,
    0.005625478765967395,
    0.006865950993580429,
    0.005934228718627593,
    0.012876813314187465,
    0.01057874789339999,
    0.006261491353664281,
    0.008521400373077841,
    0.006266359637067339,
    0.004525920014933917,
    0.003994286381649247,
    0.007136942492693413,
    0.008538620503329881,
    0.004689694707369437,
    0.0014117241742710488,
    0.0013036522955554072,
    0.0018474021706421707,
    0.0011418321739631366,
    0.0022013206905613166,
    0.0017733348602219812,
    0.00029132184161652266,
    0.0009282751392088552,
    0.00017000963917336115,
    0.00023999107636587955,
    0.0016097515860308959,
    0.0011095759494516224,
    0.0009124036196167391,
    0.00044914760390771735,
    0.00020887075058165228,
    0.000423678185561296,
    0.00037311852771359946,
    0.0004469344332264858,
    7.868497593199964e-05
  ],
  "mz_fft_pos": [
    0.009445807479782591,
    0.021623525946481852,
    0.035725529286819,
    0.03907445513423314,
    0.025017688987731,
    0.02670824254629284,
    0.06835201258502002,
    0.04996167305520677,
    0.031815733036069146,
    0.07535346927774463,
    0.06291753757398405,
    0.027739212927822714,
    0.031660276231787375,
    0.007015131600019791,
    0.02553530260515695,
    0.01827843831519566,
    0.023789675776214044,
    0.03612832282408912,
    0.028465544248979454,
    0.01766827706276418,
    0.01611985485551843,
    0.028184352421296868,
    0.03366002900644256,
    0.03001700244429267,
    0.02696274142473709,
    0.026098344912745524,
    0.018017820638362814,
    0.011997994464220533,
    0.009259039783513867,
    0.0055311503136111695,
    0.012746877573162537,
    0.014115086527601205,
    0.011659664668943748,
    0.010817268781441163,
    0.009869861199178787,
    0.008841682003974885,
    0.0034440965327757543,
    0.005841916287728435,
    0.005867216172299852,
    0.005499930473413155,
    0.00341330911221261,
    0.0017526165570216892,
    0.004150065271397146,
    0.0020749816010633007,
    0.0005583462255746104,
    0.0014814821426501785,
    0.0015206297001194467,
    0.0007356065265060533,
    0.00048166335140840787,
    0.0003789275141931362,
    0.000770118639326797,
    0.0004035428864218897,
    0.0008907532246933893,
    0.0004562709605835548,
    0.00034156624071880553,
    0.00042409149509499644,
    0.0003286445536446138,
    0.00021187440937738583,
    0.00013323729956473524,
    8.531456397163856e-05,
    2.9687776011232722e-05,
    1.783795612639392e-05,
    8.93027388320595e-06,
    7.51797225009044e-07,
    1.4889802244510975e-08
  ]
}