{
  "positive_frequencies": [
    0.0,
    0.07734375,
    0.1546875,
    0.23203125000000002,
    0.309375,
    0.38671875,
    0.46406250000000004,
    0.54140625,
    0.61875,
    0.6960937500000001,
    0.7734375,
    0.85078125,
    0.9281250000000001,
    1.0054687500000001,
    1.0828125,
    1.16015625,
    1.2375,
    1.31484375,
    1.3921875000000001,
    1.46953125,
    1.546875,
    1.62421875,
    1.7015625,
    1.7789062500000001,
    1.8562500000000002,
    1.93359375,
    2.0109375000000003,
    2.08828125,
    2.165625,
    2.24296875,
    2.3203125,
    2.3976562500000003,
    2.475,
    2.55234375,
    2.6296875,
    2.70703125,
    2.7843750000000003,
    2.86171875,
    2.9390625,
    3.01640625,
    3.09375,
    3.1710937500000003,
    3.2484375,
    3.32578125,
    3.403125,
    3.48046875,
    3.5578125000000003,
    3.63515625,
    3.7125000000000004,
    3.78984375,
    3.8671875,
    3.9445312500000003,
    4.0218750000000005,
    4.09921875,
    4.1765625,
    4.25390625,
    4.33125,
    4.4085937500000005,
    4.4859375,
    4.56328125,
    4.640625,
    4.71796875,
    4.7953125000000005,
    4.87265625,
    4.95
  ],
  "mx_fft_pos": [
    0.004429085459376357,
    0.019241218711256794,
    0.046553518562840505,
    0.04243441706796032,
    0.028896033379857276,
    0.03674024426498348,
    0.0259285879961456,
    0.008199037967779394,
    0.030726902578537094,
    0.03833267422342661,
    0.032163978405890976,
    0.03702638121755483,
    0.038112635996842455,
    0.03857381277181245,
    0.025200944925009683,
    0.0054269798957980175,
    0.013371744422126684,
    0.01917949784055539,
    0.017515773760486426,
    0.01709323860026528,
    0.008870448696942838,
    0.009115473906667705,
    0.01260545484681947,
    0.006946820006239681,
    0.011320814627819625,
    0.0070475701698838045,
    0.007612211428067096,
    0.005569552653471239,
    0.002939684965928075,
    0.0044735841726528695,
    0.0026754706484760356,
    0.004032543250923813,
    0.003967354757033167,
    0.0011039313096095722,
    0.0008329660215556388,
    0.001852984032147811,
    0.001833098791768786,
    0.0006468615806722624,
    0.0005900845434475016,
    0.0005059170879982987,
    0.0004902789775574027,
    0.0002861476168464753,
    0.0006725636401297057,
    0.0003053923681522391,
    0.0001404377373026538,
    0.00011537030493584875,
    0.00013197706881314914,
    0.0001507923218580684,
    2.9215298904965172e-05,
    5.1582213230318624e-05,
    2.42644706047001e-05,
    1.548976039580993e-05,
    2.4327051341615403e-05,
    1.0098899952483504e-05,
    1.3993126222931062e-05,
    4.926935737766955e-06,
    1.3635448285646298e-06,
    3.762883657546523e-06,
    1.1498578336909703e-06,
    3.3593029809564903e-06,
    1.1843856446081043e-06,
    9.774241607596582e-07,
    5.996512624219593e-07,
    4.99139175349796e-07,
    1.0199994735504702e-07
  ],
  "my_fft_pos": [
    0.09473507454020556,
    0.073146062739157,
    0.03730483513138164,
    0.019990762999478807,
    0.00984509662019154,
    0.014909046109722612,
    0.037739348001280426,
    0.04911129912924503,
    0.04332331111809123,
    0.03273138451167921,
    0.012619669835471541,
    0.01849447969904498,
    0.04022655624523476,
    0.04200262107645237,
    0.03673726546248642,
    0.04024041679618418,
    0.03191142958624564,
    0.009968798909736832,
    0.003677202336859236,
    0.01016120941372604,
    0.010748038997726013,
    0.01832107549778113,
    0.021138467893729147,
    0.01725159067010658,
    0.01667801443534979,
    0.01036338090538537,
    0.0020269618646169695,
    0.0024158057836164482,
    0.0031105964023076423,
    0.0029628542096601235,
    0.002346599876731653,
    0.0012002310521674266,
    0.0005860810029579407,
    0.0015974427684425396,
    0.001537704505539831,
    0.0007954753368963627,
    0.0004949576161586775,
    0.0010717140586821406,
    0.0007047904882270265,
    0.0006254599795309741,
    0.00029978427549371615,
    0.00014074323277211685,
    0.00033037369073601,
    1.4130027595659942e-05,
    0.0002206212502609073,
    6.026455353955339e-05,
    5.858304809250834e-05,
    4.7607247539913873e-05,
    5.352107856832368e-05,
    6.591303652679032e-05,
    1.838953258963443e-05,
    1.2440203533432807e-05,
    1.7924070219196827e-05,
    1.4063474280524378e-06,
    8.686258481780155e-06,
    1.656453112649549e-06,
    1.4200800793561666e-06,
    2.2396629877209072e-06,
    2.579779365125078e-06,
    1.7781462304407506e-06,
    1.713975131728043e-06,
    2.0672585631356458e-06,
    2.1564050019819742e-06,
    1.8019085724742449e-06,
    1.3785638677532574e-06
  ],
  "mz_fft_pos": [
    0.06809641624246202,
    0.04719887497182741,
    0.025063824454003115,
    0.05875950042118652,
    0.06881204614779281,
    0.06657762347016818,
    0.06789748560515996,
    0.04937599639961119,
    0.024243452363348038,
    0.03497801806621451,
    0.03492831571211688,
    0.032391351327201084,
    0.025890010849169073,
    0.0009021557217953866,
    0.016307291150433,
    0.01029810727263736,
    0.025785067378339042,
    0.016738522912763655,
    0.005247002514404487,
    0.015056256518752878,
    0.021444476618725644,
    0.017634799888647537,
    0.005858661464609268,
    0.011503311773204721,
    0.018065595296406133,
    0.007866386332250253,
    0.00536169918617995,
    0.0040286351573419026,
    0.00669039617914829,
    0.006158787264630216,
    0.0007475230816187124,
    0.0032065910199743277,
    0.002364597248853472,
    0.0009817580799737612,
    0.0010702014363015867,
    0.0015461531523827657,
    0.0012910116408438358,
    0.0002509107554685969,
    0.0008511559002694325,
    0.0007854674761317724,
    0.0006678752186552872,
    0.0003854494049529544,
    0.0005245734348647817,
    0.0002625055069151537,
    0.00025367662523491006,
    0.00025309297793553844,
    0.00019685820971177193,
    0.00015108690646038316,
    5.679689197113401e-05,
    8.505697377923858e-05,
    4.4949125893454454e-05,
    3.41215748175145e-05,
    2.350458186638576e-05,
    1.8811499238848744e-05,
    1.1091758685546891e-05,
    7.534521969272362e-06,
    3.4882569088661785e-06,
    2.690613259071963e-06,
    8.294497200391986e-07,
    1.0858466087812326e-06,
    5.816888435905294e-07,
    6.404620843431887e-07,
    3.6619799551110896e-07,
    1.5232822404677443e-07,
    2.2942596115349544e-07
  ]
}