{
  "times": [
    0.0,
    0.10101010101010101,
    0.20202020202020202,
    0.30303030303030304,
    0.40404040404040403,
    0.5050505050505051,
    0.6060606060606061,
    0.7070707070707071,
    0.8080808080808081,
    0.9090909090909091,
    1.0101010101010102,
    1.1111111111111112,
    1.2121212121212122,
    1.3131313131313131,
    1.4141414141414141,
    1.5151515151515151,
    1.6161616161616161,
    1.7171717171717171,
    1.8181818181818181,
    1.9191919191919191,
    2.0202020202020203,
    2.121212121212121,
    2.2222222222222223,
    2.323232323232323,
    2.4242424242424243,
    2.525252525252525,
    2.6262626262626263,
    2.727272727272727,
    2.8282828282828283,
    2.929292929292929,
    3.0303030303030303,
    3.131313131313131,
    3.2323232323232323,
    3.3333333333333335,
    3.4343434343434343,
    3.5353535353535355,
    3.6363636363636362,
    3.7373737373737375,
    3.8383838383838382,
    3.9393939393939394,
    4.040404040404041,
    4.141414141414141,
    4.242424242424242,
    4.343434343434343,
    4.444444444444445,
    4.545454545454545,
    4.646464646464646,
    4.747474747474747,
    4.848484848484849,
    4.94949494949495,
    5.05050505050505,
    5.151515151515151,
    5.252525252525253,
    5.353535353535354,
    5.454545454545454,
    5.555555555555555,
    5.656565656565657,
    5.757575757575758,
    5.858585858585858,
    5.959595959595959,
    6.0606060606060606,
    6.161616161616162,
    6.262626262626262,
    6.363636363636363,
    6.4646464646464645,
    6.565656565656566,
    6.666666666666667,
    6.767676767676767,
    6.8686868686868685,
    6.96969696969697,
    7.070707070707071,
    7.171717171717171,
    7.2727272727272725,
    7.373737373737374,
    7.474747474747475,
    7.575757575757575,
    7.6767676767676765,
    7.777777777777778,
    7.878787878787879,
    7.979797979797979,
    8.080808080808081,
    8.181818181818182,
    8.282828282828282,
    8.383838383838384,
    8.484848484848484,
    8.585858585858587,
    8.686868686868687,
    8.787878787878787,
    8.88888888888889,
    8.98989898989899,
    9.09090909090909,
    9.191919191919192,
    9.292929292929292,
    9.393939393939394,
    9.494949494949495,
    9.595959595959595,
    9.696969696969697,
    9.797979797979798,
    9.8989898989899,
    10.0
  ],
  "mx": [
    1.0,
    0.5524073163407214,
    0.00753928360194769,
    -0.005085222226307416,
    -0.055198824045313476,
    -0.08787236966598756,
    -0.1946868145098351,
    -0.14809098927348283,
    -0.06258644852040625,
    -0.008595502454775285,
    0.02086745672123795,
    -0.019955687276392128,
    -0.06820027467722627,
    -0.030798920272080692,
    0.046066665333094794,
    0.053934700023322575,
    -0.05521253952735203,
    -0.059991664039367204,
    0.030627492975537587,
    0.043207727665323443,
    -0.03869997419304318,
    -0.0164507714478135,
    0.025922012808647397,
    0.05465087677319743,
    0.09127366571109391,
    0.07755102963996667,
    0.08512992686921567,
    0.08850382967111609,
    -0.03970198749596156,
    -0.11297238040785085,
    -0.235368657084794,
    -0.33272800896406507,
    -0.17548810351636643,
    -0.0014854000818618114,
    -0.019684967988521165,
    0.003327349918738173,
    0.10066089382728698,
    0.14043527889721005,
    0.05366354176709197,
    -0.029841156152839554,
    -0.006329650487098899,
    0.00035832409051896204,
    0.00561340561434386,
    0.019302381387972127,
    0.034324579016197475,
    0.028918742529065518,
    0.019848312982795782,
    -0.01908759055748884,
    -0.015050141573462307,
    -0.013148840308433747,
    0.004964896408216325,
    0.009348301685743497,
    -0.010704698123813092,
    0.024135038405730835,
    0.04291628464993367,
    0.002736697045243442,
    -0.04091455701925043,
    -0.017939203352155254,
    4.5143907943486404e-05,
    0.02241418566705812,
    0.15826578727324608,
    0.6720713469212978,
    0.9918418675950728,
    0.4972556099308463,
    0.03700792285189333,
    -0.019076660810672046,
    0.00030116709234091613,
    0.059863380238871694,
    0.09786617664672477,
    0.05063003096287417,
    0.04132350082911704,
    0.021024905935071343,
    -0.00384691523735366,
    0.030984380597928914,
    0.04829516294333622,
    0.02083196402976363,
    -0.025342345767611452,
    -0.018013576693786382,
    0.04356174938097606,
    0.03862787792381095,
    -0.02685536111503882,
    -0.057227282190916585,
    -0.027356493736857692,
    0.014835046687238415,
    0.012140460778387114,
    -0.01555979739108123,
    -0.06573295643862452,
    -0.10838384249736789,
    -0.03976453166928756,
    -0.007440279346856861,
    -0.029705735650557626,
    -0.09000483007989582,
    -0.24979113003092357,
    -0.32789672338134274,
    -0.1549554827641662,
    0.009351286354300494,
    -0.005599059538628086,
    -0.054991621273456,
    -0.03177178679653641,
    0.019222791959651184
  ],
  "my": [
    0.0,
    -0.0008042847688599557,
    -0.022509114234086733,
    -0.035941805729161745,
    -0.07955017373960306,
    -0.014415564603071244,
    -0.005126454612512029,
    -0.009435438088424345,
    -0.021112476436712855,
    -0.020501597523744284,
    -0.01814726997414652,
    -0.010864925015589274,
    0.0025843466341878285,
    -0.007327739650307958,
    0.008330720555855896,
    0.039730585662966646,
    0.024246697943602246,
    0.019809645049299454,
    0.007824499948828993,
    -0.006776882486638895,
    0.002409721854089975,
    0.007694752678545913,
    -0.0025611864126120557,
    -0.013208798504397452,
    -0.011977241915253579,
    -0.008829456880684912,
    -0.003772471180685483,
    -0.004288856470189607,
    0.007683495023723964,
    0.012105343608335772,
    0.005780623896873284,
    3.741951774258417e-05,
    0.0090438222583945,
    0.03553275994298419,
    0.03525832555450417,
    0.008327782845481394,
    -0.008348951684479826,
    -0.007931048972869878,
    -0.00018558004107270388,
    0.007838454812241883,
    0.013688587801428518,
    0.017284297947515886,
    0.0061046826171449655,
    -0.0014801977794918332,
    0.019004295778451495,
    -0.0006393932868902088,
    0.0026003378496283034,
    -0.009881337947340885,
    0.021254759082610684,
    -0.019441787616971514,
    -0.032945493633971035,
    -0.01752388545836209,
    0.007511562817615615,
    -0.0006225748228438255,
    -0.004579111190860661,
    -0.010024768990353353,
    0.013508508949137462,
    0.008609099466310348,
    -0.019240709956493872,
    -0.04112193411803497,
    -0.021273330108596673,
    -0.00610215199925615,
    -0.0001361196016542388,
    -0.004279145751517004,
    -0.007629174941945393,
    -0.013465213434361243,
    -0.014210857839457101,
    -0.011055624067452986,
    -0.0021820722501937626,
    -0.004154577426553655,
    -0.009112270832755114,
    -0.006618551387186969,
    -0.009687010553280546,
    -0.003529486841761143,
    0.009429129753970434,
    0.018203090929851305,
    -0.004788718633018593,
    -0.02790218430362705,
    0.003049636863701801,
    -0.01138894228475502,
    -0.01942776957327117,
    -0.019034851109966087,
    -0.009293432523851588,
    -0.001299925816853141,
    -0.007110332941810603,
    -0.00027538635779154826,
    -0.006738455571070259,
    0.0008758678697131018,
    0.02284272203771709,
    -5.611389190035102e-05,
    -0.0032861794616331316,
    0.0020281029114684497,
    0.0017850095257945717,
    0.0001254104649940142,
    0.012655407146808538,
    0.0179377036379008,
    -0.009623133842437782,
    0.010326190696317739,
    0.018601052668479404,
    0.0014880736086490196
  ],