{
  "positive_frequencies": [
    0.0,
    0.07734375,
    0.1546875,
    0.23203125000000002,
    0.309375,
    0.38671875,
    0.46406250000000004,
    0.54140625,
    0.61875,
    0.6960937500000001,
    0.7734375,
    0.85078125,
    0.9281250000000001,
    1.0054687500000001,
    1.0828125,
    1.16015625,
    1.2375,
    1.31484375,
    1.3921875000000001,
    1.46953125,
    1.546875,
    1.62421875,
    1.7015625,
    1.7789062500000001,
    1.8562500000000002,
    1.93359375,
    2.0109375000000003,
    2.08828125,
    2.165625,
    2.24296875,
    2.3203125,
    2.3976562500000003,
    2.475,
    2.55234375,
    2.6296875,
    2.70703125,
    2.7843750000000003,
    2.86171875,
    2.9390625,
    3.01640625,
    3.09375,
    3.1710937500000003,
    3.2484375,
    3.32578125,
    3.403125,
    3.48046875,
    3.5578125000000003,
    3.63515625,
    3.7125000000000004,
    3.78984375,
    3.8671875,
    3.9445312500000003,
    4.0218750000000005,
    4.09921875,
    4.1765625,
    4.25390625,
    4.33125,
    4.4085937500000005,
    4.4859375,
    4.56328125,
    4.640625,
    4.71796875,
    4.7953125000000005,
    4.87265625,
    4.95
  ],
  "mx_fft_pos": [
    0.04014749885564061,
    0.04567725836016028,
    0.049196440226713725,
    0.04160790590679867,
    0.029841520298169378,
    0.037578215987262416,
    0.050273361623324846,
    0.04271218194242261,
    0.021144907008124547,
    0.030627772155847218,
    0.049582768565501825,
    0.044383769741243195,
    0.02088461334519067,
    0.02816110464404016,
    0.04690927114317342,
    0.04661050185485216,
    0.031102320164509888,
    0.024840259626065637,
    0.03164433011233383,
    0.031893329875378316,
    0.026063943158681612,
    0.0261443688419337,
    0.029436544571412093,
    0.025807096467403392,
    0.02005986313858001,
    0.017835396641891637,
    0.021309074103462687,
    0.020055137977065197,
    0.01051478944951064,
    0.014628163803448675,
    0.021756696815511255,
    0.0213593589701115,
    0.017295112380941384,
    0.009654468435725051,
    0.008883299874126784,
    0.014748572088040444,
    0.014211367673429216,
    0.008503485780240731,
    0.004925522099554989,
    0.0070606239291310805,
    0.008835308255106186,
    0.007110091133734996,
    0.0034512835071239217,
    0.005658642202058107,
    0.007261617113636495,
    0.004359991020345404,
    0.0035651482029895832,
    0.006203857676416318,
    0.005547347767971373,
    0.0023564179060776395,
    0.0010637481703603693,
    0.0017510044072926037,
    0.001430361663397572,
    0.000829461549600174,
    0.0011154055373572354,
    0.0010671638582349183,
    0.001008679495452066,
    0.0013863056386763173,
    0.0015416050736648695,
    0.0014001356465563409,
    0.000968418658673748,
    0.0005865463984472842,
    0.0005500785519041196,
    0.0005855401832529667,
    2.193659823458649e-05
  ],
  "my_fft_pos": [
    0.0015646900815963704,
    0.0035667052970913505,
    0.004431226261163403,
    0.0032604271225985413,
    0.0023227026795477872,
    0.001534258136412831,
    0.0010853949059689717,
    0.0017235548106380042,
    0.0004043548422485749,
    0.0023047946896107728,
    0.0022696520950091937,
    0.002644838513035629,
    0.002921341360864288,
    0.002669914147163702,
    0.001354946391111772,
    0.0008020634384167271,
    0.0017409224631974524,
    0.002288127749319074,
    0.002905760903145859,
    0.002888080946342747,
    0.0011438354570202014,
    0.0018243184879008353,
    0.002991877417105921,
    0.002294780097073078,
    0.0009360000218641823,
    0.001228963151101761,
    0.001542869716249923,
    0.0023781154245574544,
    0.003562752892459305,
    0.0032300576465297166,
    0.0019901623529152614,
    0.0016806475135885202,
    0.001957932574101183,
    0.0025767581733450447,
    0.00248655987815429,
    0.001412126061615817,
    0.00039221404811460914,
    0.0010037940689696773,
    0.001379460425263987,
    0.0009585177487921769,
    0.00032137145684435194,
    0.0004806720273161577,
    0.001017059484651954,
    0.0008769482257824511,
    0.00038389747118486946,
    0.0004176142992493739,
    0.000433401203104969,
    0.0003138542296544862,
    0.00048490788462233467,
    0.0007230229492982786,
    0.0004534270919888038,
    0.0007736672519778694,
    0.0009719118867355179,
    0.0007567415780430428,
    0.0003890166162438448,
    0.0006502325787930122,
    0.0008226397343295832,
    0.0007531173858557008,
    0.0006744588949154598,
    0.0009399351070647221,
    0.001124964459324556,
    0.0011533105130340287,
    0.001318422537992732,
    0.0016247505542998947,
    0.0017559046983374404
  ],
  "mz_fft_pos": [
    0.0008768568566061707,
    0.012533400636056706,
    0.01576122146860483,
    0.011198665558088947,
    0.005110520456333067,
    0.006305010046930519,
    0.014209839978021362,
    0.014841392986584876,
    0.006223017339480953,
    0.011729012164931978,
    0.015426897636794277,
    0.01717765742150211,
    0.007419588553983169,
    0.013481193865917819,
    0.02315330242060881,
    0.015957705995149552,
    0.008531094400732206,
    0.016815369057108998,
    0.023233092014869224,
    0.019524633740102323,
    0.01061359048007815,
    0.01765800860020878,
    0.020954838264807086,
    0.012752940522061145,
    0.009354364077652607,
    0.010367027877752975,
    0.013122582347691465,
    0.013984415952751328,
    0.006234478167764651,
    0.009926428630571948,
    0.016796644363425834,
    0.01700014608814653,
    0.014202445330751132,
    0.006807728890217844,
    0.0048877429156366226,
    0.012090329187157588,
    0.01251830380698471,
    0.0073090322957754215,
    0.0008309299506650876,
    0.00560637113026519,
    0.007066155689624617,
    0.0045617830376245986,
    0.001830361422137766,
    0.00527995307959526,
    0.006989575369186894,
    0.004281449920473051,
    0.0012525559260293207,
    0.004495859921697462,
    0.004495630864761765,
    0.0016238190329425318,
    0.0011156015820774255,
    0.0021108692851903883,
    0.0017039836307218767,
    0.0008089660434058235,
    0.00038464724171459984,
    0.0007237065608005379,
    0.0012086757686455521,
    0.0014420171929065348,
    0.001271046480845017,
    0.0008033752645934114,
    0.0005541703635141997,
    0.0009661953338114402,
    0.001078862323019646,
    0.0008012345805273246,
    0.0006137546803129046
  ]
}