{
  "positive_frequencies": [
    0.0,
    0.07734375,
    0.1546875,
    0.23203125000000002,
    0.309375,
    0.38671875,
    0.46406250000000004,
    0.54140625,
    0.61875,
    0.6960937500000001,
    0.7734375,
    0.85078125,
    0.9281250000000001,
    1.0054687500000001,
    1.0828125,
    1.16015625,
    1.2375,
    1.31484375,
    1.3921875000000001,
    1.46953125,
    1.546875,
    1.62421875,
    1.7015625,
    1.7789062500000001,
    1.8562500000000002,
    1.93359375,
    2.0109375000000003,
    2.08828125,
    2.165625,
    2.24296875,
    2.3203125,
    2.3976562500000003,
    2.475,
    2.55234375,
    2.6296875,
    2.70703125,
    2.7843750000000003,
    2.86171875,
    2.9390625,
    3.01640625,
    3.09375,
    3.1710937500000003,
    3.2484375,
    3.32578125,
    3.403125,
    3.48046875,
    3.5578125000000003,
    3.63515625,
    3.7125000000000004,
    3.78984375,
    3.8671875,
    3.9445312500000003,
    4.0218750000000005,
    4.09921875,
    4.1765625,
    4.25390625,
    4.33125,
    4.4085937500000005,
    4.4859375,
    4.56328125,
    4.640625,
    4.71796875,
    4.7953125000000005,
    4.87265625,
    4.95
  ],
  "mx_fft_pos": [
    0.017751928372573646,
    0.016978687498765414,
    0.013639851346800918,
    0.009211999643679374,
    0.007150861972873422,
    0.0075932193666778435,
    0.008670981745156405,
    0.011115699909572056,
    0.014361414920687304,
    0.01469493113504844,
    0.012452427932827534,
    0.01169351485953878,
    0.012590469309200835,
    0.011760007628533003,
    0.00942498503037181,
    0.008404129635518256,
    0.00789663751649834,
    0.009751659964571346,
    0.010673111750301327,
    0.009687075506696386,
    0.007510240070491705,
    0.00611370381883854,
    0.004793695147175713,
    0.0033573544898120485,
    0.003047293718855716,
    0.005092019471338585,
    0.008936697346554457,
    0.009849582929362272,
    0.008603438171439211,
    0.007567021695291172,
    0.007620956133982742,
    0.009305378463396668,
    0.011189040670755983,
    0.013429239081428807,
    0.015261098740289587,
    0.014822497737683142,
    0.014378838480356015,
    0.014184354428103627,
    0.010818809275793437,
    0.0058188585896886535,
    0.0059655239552269985,
    0.010251833159148791,
    0.011626664010089622,
    0.010393013158112797,
    0.009969675004342314,
    0.009257636195811764,
    0.006681880295815373,
    0.004785961792061433,
    0.00488047244914149,
    0.0053834558632846795,
    0.0067421958421414584,
    0.00834049659904845,
    0.009683041943898782,
    0.009479045831906093,
    0.00698755208640262,
    0.005786065745383868,
    0.007811869641946186,
    0.009388997746215579,
    0.00951903033776985,
    0.008369280227368792,
    0.00660273105545576,
    0.0073121383818303964,
    0.009466802158927437,
    0.009763347648483106,
    0.00917920799862791
  ],
  "my_fft_pos": [
    0.0008850712468293821,
    0.0022031172096554346,
    0.003692360601938372,
    0.00021487881666845226,
    0.005534293237272997,
    0.006356451440846378,
    0.004432128911127705,
    0.0033623913509589765,
    0.0037696132773550194,
    0.0029919025382854738,
    0.004265952543982625,
    0.004355038949870326,
    0.0032262267803265746,
    0.006399681669500123,
    0.007706167638741335,
    0.006339529905391522,
    0.0037209455524884294,
    0.0015459962703426857,
    0.0047641886672862704,
    0.004172476737344845,
    0.0005322193550996175,
    0.0013433992031157804,
    0.0027385709648248997,
    0.0051474180536645745,
    0.006011657599158986,
    0.0053737434753555555,
    0.00321485483306839,
    0.002842756770222721,
    0.0021724817021263163,
    0.0023236086885992054,
    0.003730943045270264,
    0.004168908754402778,
    0.004058375711865159,
    0.004912126323111581,
    0.006701420222865656,
    0.008140933252269738,
    0.007048155373921094,
    0.005434203519018969,
    0.004761862270163743,
    0.004693392928961051,
    0.004189721920037709,
    0.0036455889480533853,
    0.003339825037432216,
    0.004490014267857511,
    0.007153811280576613,
    0.006709090648440226,
    0.004339635374445236,
    0.004247885804052884,
    0.003972028841748498,
    0.003774538561896069,
    0.0034888292513913406,
    0.0038975574254325003,
    0.004853066732084556,
    0.004370140085571696,
    0.004691637500668928,
    0.006739334266675461,
    0.006476365006191453,
    0.004895058739629297,
    0.003393782880945374,
    0.001500199266218868,
    0.000833451529245502,
    0.0019837507379655175,
    0.0007303786137023169,
    0.0013037496589617032,
    0.0018567742226936806
  ],
  "mz_fft_pos": [
    0.0025037994077451954,
    0.0029143238337906037,
    0.0032796859140149554,
    0.0024817296917317953,
    0.00040251588408166843,
    0.002327785146985196,
    0.003435892284479464,
    0.002940706620535781,
    0.004288471754121652,
    0.0040139616807338,
    0.002903786682899851,
    0.0025454722516280227,
    0.0026659285688220634,
    0.0037469676743228666,
    0.00580043853691854,
    0.0055732984296465145,
    0.0021689421815512815,
    0.0011242827564931235,
    0.001166332342447668,
    0.0011750469381355056,
    0.00016693922903456078,
    0.0027812932460615325,
    0.0031705832646677294,
    0.0012269672767868495,
    0.0035579237799114117,
    0.005532740677856885,
    0.006288228520745131,
    0.005253384087115248,
    0.003760351841119653,
    0.0036098302205997013,
    0.0037748843004519633,
    0.0034309972688531475,
    0.0020702122309362294,
    0.0008230706885988388,
    0.001113723306837455,
    0.00268130768132781,
    0.003691406482044367,
    0.003081333872073292,
    0.0008230408290738505,
    0.0018570549211571268,
    0.003007249305764065,
    0.0025239458787577216,
    0.001734441774014688,
    0.0015581053423846635,
    0.0012654404046809839,
    0.0002547506459527548,
    0.0007413616587903897,
    0.0011477170960695817,
    0.0008951820801085543,
    0.00028990016778130014,
    0.0015762799342119956,
    0.003040382451294226,
    0.002913973490983463,
    0.0015301947949277297,
    0.0010132290617643506,
    0.0010100459538236529,
    0.0019967181191320156,
    0.001949834199423811,
    0.002133355500022711,
    0.003496658179365555,
    0.004947038569616204,
    0.004993822256322032,
    0.00398840880025011,
    0.003866927379485889,
    0.004270384212686535
  ]
}