{
  "positive_frequencies": [
    0.0,
    0.07734375,
    0.1546875,
    0.23203125000000002,
    0.309375,
    0.38671875,
    0.46406250000000004,
    0.54140625,
    0.61875,
    0.6960937500000001,
    0.7734375,
    0.85078125,
    0.9281250000000001,
    1.0054687500000001,
    1.0828125,
    1.16015625,
    1.2375,
    1.31484375,
    1.3921875000000001,
    1.46953125,
    1.546875,
    1.62421875,
    1.7015625,
    1.7789062500000001,
    1.8562500000000002,
    1.93359375,
    2.0109375000000003,
    2.08828125,
    2.165625,
    2.24296875,
    2.3203125,
    2.3976562500000003,
    2.475,
    2.55234375,
    2.6296875,
    2.70703125,
    2.7843750000000003,
    2.86171875,
    2.9390625,
    3.01640625,
    3.09375,
    3.1710937500000003,
    3.2484375,
    3.32578125,
    3.403125,
    3.48046875,
    3.5578125000000003,
    3.63515625,
    3.7125000000000004,
    3.78984375,
    3.8671875,
    3.9445312500000003,
    4.0218750000000005,
    4.09921875,
    4.1765625,
    4.25390625,
    4.33125,
    4.4085937500000005,
    4.4859375,
    4.56328125,
    4.640625,
    4.71796875,
    4.7953125000000005,
    4.87265625,
    4.95
  ],
  "mx_fft_pos": [
    0.008475791337079729,
    0.00806644060906086,
    0.006451196932077995,
    0.0038272100823077532,
    0.000723344222331464,
    0.002061364747300823,
    0.0028285594259856617,
    0.0028012699232076487,
    0.0014515106728604085,
    0.0030027256460611962,
    0.004989963965770084,
    0.00484989182090608,
    0.0033258138594800058,
    0.0019004117889930708,
    0.0012512955416698294,
    0.0019724439067203355,
    0.00454634482926686,
    0.002898192622601319,
    0.0034861622310685646,
    0.0032039890404154873,
    0.0004973429895820295,
    0.0008453621845610286,
    0.00010691049091519992,
    0.00022687298832966174,
    0.00030388480802132957,
    0.0004979503116994307,
    0.0008558282624593455,
    0.0016738737844424199,
    0.001921530629681851,
    0.002159209346213834,
    0.003083654597909081,
    0.002257615324185987,
    0.0015554837239899024,
    0.001217921740731884,
    0.0018253832496271877,
    0.0009782468080024665,
    0.0008994350363835823,
    0.0012545895611556076,
    0.0010721958778250277,
    0.002222082410440464,
    0.0024260396877983253,
    0.0013942770864854024,
    0.0009500053809168292,
    0.001049958543587799,
    0.0011473774152282272,
    0.0011962255338257225,
    0.0014196455398655331,
    0.0014796240979558534,
    0.0022405069466294595,
    0.0023503818425656357,
    0.0018335090803150863,
    0.0011504456385364684,
    0.0005822249440766944,
    0.0009107404650272836,
    0.0012028813061901792,
    0.0009445569737650946,
    0.00035354569935667644,
    0.0008268851295834438,
    0.001426722723714418,
    0.0010694471257676928,
    0.0014405213330660194,
    0.0013422280330866476,
    0.00094714785885748,
    0.0010196842720301392,
    0.00048434431826501867
  ],
  "my_fft_pos": [
    0.006220542949071202,
    0.00823221055585093,
    0.006244976934468851,
    0.0023820603999379995,
    0.0024634935781449392,
    0.0014138160519872806,
    0.0021236219730893704,
    0.002788850380053219,
    0.002622676954625207,
    0.0014484706224299274,
    0.0010144351514316937,
    0.002287390351323288,
    0.005137970942155773,
    0.005944448013103462,
    0.003353144944340949,
    0.0008592301847216582,
    0.00046891631490569933,
    0.000606205685790482,
    0.000614331641111467,
    0.0012350691636779957,
    0.0015977439477132239,
    0.0008033696143199539,
    0.0011099742145382196,
    0.0023450032440719896,
    0.0038404201837242526,
    0.0024898570979200287,
    0.0007049447282018675,
    0.0011049510867217934,
    0.0027257438437474158,
    0.003479454324956591,
    0.0032665370905802177,
    0.0025609583410095022,
    0.002516155526024361,
    0.0023992727533879545,
    0.0014723097764390398,
    0.00043510243906923955,
    0.0013844138235563621,
    0.0027348567269949125,
    0.002440317095723686,
    0.003748376103495713,
    0.0035440490414301307,
    0.0013298469901430131,
    0.0007153196975938818,
    0.0018513719349118486,
    0.0023982516229816083,
    0.0023447367181371067,
    0.002115825555810665,
    0.0015915325550338588,
    0.001124557592579176,
    0.002224313559188289,
    0.002257827558158209,
    0.0015528391890637413,
    0.0011646318623863027,
    0.0005769934080903623,
    0.0009314595937637882,
    0.0008083844861033504,
    0.0010962430311086018,
    0.0018478116884502222,
    0.0011889601107593903,
    0.0006119591013273697,
    0.0003079675209239033,
    0.0015925446545338533,
    0.0019659772615791076,
    0.002151898668700866,
    0.002059944048642064
  ],
  "mz_fft_pos": [
    0.002763055545816131,
    0.0012154638678902182,
    0.0015410641852170218,
    0.002469970184223762,
    0.0020330411380891818,
    0.0019205004181330246,
    0.002081209508018531,
    0.0023821065040103857,
    0.002457664295798059,
    0.0029310134846749257,
    0.00394593665576768,
    0.004000440315162721,
    0.003387428947567798,
    0.0025351448382465373,
    0.002010700232402334,
    0.0021830198330597384,
    0.0007078050792129832,
    0.0023448403059189095,
    0.002260297805291559,
    0.0011477552270390628,
    0.0008022797367338296,
    0.0020478487678306304,
    0.0027277695154678174,
    0.0021665274423998044,
    0.0019929807659056107,
    0.00205957855861485,
    0.0016553827286084055,
    0.00285748222924212,
    0.0028588872896704014,
    0.001883064139637875,
    0.0023935790942048716,
    0.002732634977549022,
    0.0022678001731823187,
    0.001706915009812212,
    0.000793468495503737,
    0.00048434190291466605,
    0.0009561493588985688,
    0.0012444526651187982,
    0.0013757844630696869,
    0.0006472626045393631,
    0.00044000840030589724,
    0.0007177103949405334,
    0.0007196861941532433,
    0.0004460509572208626,
    0.00014242621007925976,
    0.0005751914324563941,
    0.00031211776839210097,
    0.0003412658484223852,
    0.000503186248822508,
    0.0008945374995929978,
    0.0010860743100381892,
    0.0005622399486495193,
    0.0007713333759643719,
    0.00043058902896534986,
    0.0005985652364332059,
    0.0011681751492364487,
    0.0011895559419902078,
    0.0010781109075670562,
    0.0014430781261983105,
    0.001167756345714715,
    0.0004246562763555693,
    0.0006647294883995448,
    0.0005288887150140011,
    0.000535964740160039,
    0.0006303647633804674
  ]
}