{
  "positive_frequencies": [
    0.0,
    0.07734375,
    0.1546875,
    0.23203125000000002,
    0.309375,
    0.38671875,
    0.46406250000000004,
    0.54140625,
    0.61875,
    0.6960937500000001,
    0.7734375,
    0.85078125,
    0.9281250000000001,
    1.0054687500000001,
    1.0828125,
    1.16015625,
    1.2375,
    1.31484375,
    1.3921875000000001,
    1.46953125,
    1.546875,
    1.62421875,
    1.7015625,
    1.7789062500000001,
    1.8562500000000002,
    1.93359375,
    2.0109375000000003,
    2.08828125,
    2.165625,
    2.24296875,
    2.3203125,
    2.3976562500000003,
    2.475,
    2.55234375,
    2.6296875,
    2.70703125,
    2.7843750000000003,
    2.86171875,
    2.9390625,
    3.01640625,
    3.09375,
    3.1710937500000003,
    3.2484375,
    3.32578125,
    3.403125,
    3.48046875,
    3.5578125000000003,
    3.63515625,
    3.7125000000000004,
    3.78984375,
    3.8671875,
    3.9445312500000003,
    4.0218750000000005,
    4.09921875,
    4.1765625,
    4.25390625,
    4.33125,
    4.4085937500000005,
    4.4859375,
    4.56328125,
    4.640625,
    4.71796875,
    4.7953125000000005,
    4.87265625,
    4.95
  ],
  "mx_fft_pos": [
    0.0743136260530348,
    0.08204009191324958,
    0.08457064245567798,
    0.062354684312066144,
    0.026751018801331208,
    0.00792580618736747,
    0.03694935673576962,
    0.047781962486418264,
    0.04487887187463531,
    0.048022725252360086,
    0.04856513804834261,
    0.0480813289664746,
    0.05470851140271708,
    0.04425883903810682,
    0.011022445223716594,
    0.042640549131471195,
    0.040064803867053876,
    0.004999781876693331,
    0.024325800453929257,
    0.01754366397333597,
    0.002810350076198448,
    0.010798337651756166,
    0.024772378412492337,
    0.03951207876764328,
    0.045565373859268954,
    0.034283210201238076,
    0.017492858501128528,
    0.00915884983023509,
    0.00925383406324575,
    0.006488476716970324,
    0.015980536175825864,
    0.018620711103964276,
    0.011808988862613818,
    0.01089798645348228,
    0.012142904339903322,
    0.0055042310194073196,
    0.000988087559246477,
    0.0026401189331258295,
    0.007392485528220825,
    0.009275331308239657,
    0.006032717332956406,
    0.002112651232392507,
    0.0020657700513729334,
    0.0031003425744249046,
    0.0022584514896824264,
    0.000583685699392181,
    0.0007892809636828669,
    0.0034901035431297044,
    0.003777090508738401,
    0.0008967422588922472,
    0.0014135356910580012,
    0.002655318347045489,
    0.0020075002157758735,
    0.0010032778153499112,
    0.0012679720420214916,
    0.0008267418745275212,
    0.00048448645984969474,
    0.0005946759264960006,
    0.00038591618760010514,
    0.000557305819536796,
    0.00019144054723408267,
    0.0004891655984949856,
    0.0003755921532362991,
    0.00019523219964711204,
    0.0004949756040218833
  ],
  "my_fft_pos": [
    0.03003046509259179,
    0.0477428024732229,
    0.05285319391996053,
    0.036394216300749,
    0.026057065270216336,
    0.02535052404786865,
    0.027059555930195486,
    0.03187453438639592,
    0.036547204474875084,
    0.03286525136968747,
    0.030690301855467048,
    0.034911326144701604,
    0.03067537778509961,
    0.033575618661664926,
    0.05061110537625558,
    0.055106297092792744,
    0.029453584817047424,
    0.017602031358148015,
    0.03204359936295981,
    0.032232850574649884,
    0.020631830329006173,
    0.03147396570603633,
    0.03456211028351091,
    0.02679485762014652,
    0.006585967474277674,
    0.01677805235334667,
    0.022468360880973367,
    0.019427138168787182,
    0.01922586375349626,
    0.021810694487903706,
    0.020304959484352136,
    0.012660678924272745,
    0.008436687740520355,
    0.005625478765967403,
    0.006865950993580439,
    0.005934228718627585,
    0.012876813314187462,
    0.01057874789339999,
    0.006261491353664296,
    0.00852140037307784,
    0.00626635963706733,
    0.004525920014933913,
    0.003994286381649243,
    0.00713694249269341,
    0.008538620503329895,
    0.004689694707369442,
    0.001411724174271049,
    0.0013036522955554076,
    0.00184740217064216,
    0.0011418321739631258,
    0.0022013206905613144,
    0.001773334860221982,
    0.00029132184161652244,
    0.0009282751392088549,
    0.00017000963917335722,
    0.0002399910763658901,
    0.0016097515860309022,
    0.0011095759494516271,
    0.0009124036196167324,
    0.00044914760390770916,
    0.00020887075058166068,
    0.00042367818556129054,
    0.0003731185277135818,
    0.0004469344332264692,
    7.868497593199741e-05
  ],
  "mz_fft_pos": [
    0.00944580747978259,
    0.021623525946481856,
    0.03572552928681901,
    0.03907445513423314,
    0.025017688987730987,
    0.02670824254629284,
    0.06835201258502002,
    0.04996167305520678,
    0.031815733036069146,
    0.07535346927774464,
    0.06291753757398405,
    0.027739212927822696,
    0.031660276231787354,
    0.007015131600019791,
    0.025535302605156955,
    0.018278438315195666,
    0.023789675776214044,
    0.03612832282408912,
    0.028465544248979454,
    0.01766827706276418,
    0.016119854855518416,
    0.028184352421296858,
    0.03366002900644256,
    0.030017002444292683,
    0.02696274142473712,
    0.026098344912745545,
    0.018017820638362814,
    0.01199799446422054,
    0.009259039783513867,
    0.005531150313611167,
    0.01274687757316253,
    0.0141150865276012,
    0.011659664668943734,
    0.010817268781441146,
    0.009869861199178773,
    0.008841682003974888,
    0.0034440965327757617,
    0.005841916287728443,
    0.005867216172299858,
    0.0054999304734131525,
    0.003413309112212601,
    0.0017526165570216645,
    0.004150065271397144,
    0.002074981601063288,
    0.0005583462255745909,
    0.0014814821426501728,
    0.001520629700119446,
    0.0007356065265060655,
    0.00048166335140841665,
    0.0003789275141931265,
    0.0007701186393267883,
    0.000403542886421892,
    0.0008907532246933893,
    0.0004562709605835618,
    0.0003415662407188168,
    0.00042409149509500447,
    0.00032864455364460976,
    0.0002118744093773842,
    0.00013323729956472453,
    8.531456397163846e-05,
    2.968777601124165e-05,
    1.7837956126412678e-05,
    8.930273883221597e-06,
    7.517972250261494e-07,
    1.488980222785763e-08
  ]
}