{
  "times": [
    0.0,
    0.10101010101010101,
    0.20202020202020202,
    0.30303030303030304,
    0.40404040404040403,
    0.5050505050505051,
    0.6060606060606061,
    0.7070707070707071,
    0.8080808080808081,
    0.9090909090909091,
    1.0101010101010102,
    1.1111111111111112,
    1.2121212121212122,
    1.3131313131313131,
    1.4141414141414141,
    1.5151515151515151,
    1.6161616161616161,
    1.7171717171717171,
    1.8181818181818181,
    1.9191919191919191,
    2.0202020202020203,
    2.121212121212121,
    2.2222222222222223,
    2.323232323232323,
    2.4242424242424243,
    2.525252525252525,
    2.6262626262626263,
    2.727272727272727,
    2.8282828282828283,
    2.929292929292929,
    3.0303030303030303,
    3.131313131313131,
    3.2323232323232323,
    3.3333333333333335,
    3.4343434343434343,
    3.5353535353535355,
    3.6363636363636362,
    3.7373737373737375,
    3.8383838383838382,
    3.9393939393939394,
    4.040404040404041,
    4.141414141414141,
    4.242424242424242,
    4.343434343434343,
    4.444444444444445,
    4.545454545454545,
    4.646464646464646,
    4.747474747474747,
    4.848484848484849,
    4.94949494949495,
    5.05050505050505,
    5.151515151515151,
    5.252525252525253,
    5.353535353535354,
    5.454545454545454,
    5.555555555555555,
    5.656565656565657,
    5.757575757575758,
    5.858585858585858,
    5.959595959595959,
    6.0606060606060606,
    6.161616161616162,
    6.262626262626262,
    6.363636363636363,
    6.4646464646464645,
    6.565656565656566,
    6.666666666666667,
    6.767676767676767,
    6.8686868686868685,
    6.96969696969697,
    7.070707070707071,
    7.171717171717171,
    7.2727272727272725,
    7.373737373737374,
    7.474747474747475,
    7.575757575757575,
    7.6767676767676765,
    7.777777777777778,
    7.878787878787879,
    7.979797979797979,
    8.080808080808081,
    8.181818181818182,
    8.282828282828282,
    8.383838383838384,
    8.484848484848484,
    8.585858585858587,
    8.686868686868687,
    8.787878787878787,
    8.88888888888889,
    8.98989898989899,
    9.09090909090909,
    9.191919191919192,
    9.292929292929292,
    9.393939393939394,
    9.494949494949495,
    9.595959595959595,
    9.696969696969697,
    9.797979797979798,
    9.8989898989899,
    10.0
  ],
  "mx": [
    1.0,
    0.22332317868469037,
    -0.005085222226307546,
    -0.05241651614480474,
    -0.19468681450983508,
    -0.09981644215730102,
    -0.008595502454775278,
    0.007555999486549047,
    -0.06820027467722622,
    0.014567150217064482,
    0.053934700023322346,
    -0.08041432753262369,
    0.030627492975537778,
    0.000581445332860247,
    -0.016450771447813452,
    0.038886953646872294,
    0.09127366571109387,
    0.0743661281436165,
    0.0885038296711161,
    -0.08259977462207614,
    -0.235368657084794,
    -0.2838187018911753,
    -0.001485400081861796,
    -0.024068042377174952,
    0.10066089382728748,
    0.11014127199697571,
    -0.029841156152839596,
    0.004082444934913287,
    0.005613405614344076,
    0.026306801071500293,
    0.028918742529065566,
    -0.011864937985143284,
    -0.01505014157346214,
    -0.004690912353437033,
    0.00934830168574332,
    0.001657382315497026,
    0.04291628464993342,
    -0.024539819525415563,
    -0.01793920335215528,
    0.005437804117324079,
    0.15826578727324814,
    0.9296030774157532,
    0.4972556099308469,
    -0.023315648333837622,
    0.00030116709234085444,
    0.09432536565949465,
    0.05063003096287429,
    0.03570532745964347,
    -0.0038469152373534887,
    0.047346889986491586,
    0.020831964029763686,
    -0.031641020422903364,
    0.04356174938097627,
    0.010125116213793355,
    -0.05722728219091658,
    -0.0061266832860446775,
    0.012140460778386679,
    -0.035575729516303015,
    -0.10838384249736781,
    -0.008091684610824977,
    -0.02970573565055808,
    -0.16142647212029804,
    -0.3278967233813427,
    -0.05015361971389237,
    -0.005599059538628243,
    -0.051042356215879825,
    0.01922279195965152,
    -0.0259580493614952,
    -0.0014152518126447108,
    -0.024351834204792373,
    -0.0586698887797321,
    -0.03849076434783397,
    -0.01610915899009656,
    0.012392783751433508,
    0.04721971714434551,
    0.11865695903750886,
    0.025839018868162176,
    -0.030146935089821098,
    0.12040768776265394,
    0.07034038217131304,
    0.005865105201455303,
    0.10363714409471732,
    0.7521075176582435,
    0.7357947613241478,
    0.03227225881699046,
    0.012329366881097995,
    0.1042871096379549,
    0.03469349836338108,
    -0.023220482088798577,
    -0.000541372726065911,
    0.004815139547877483,
    0.012771256747834803,
    0.004315225280030892,
    -0.01505326209211505,
    0.008712006887762006,
    -0.05750103897202289,
    -0.046764171120656735,
    -0.00012406626366514973,
    -0.034458491448569745,
    -0.13032796445989298
  ],
  "my": [
    0.0,
    -0.0017119315970920879,
    -0.03594180572916182,
    -0.05800030195091496,
    -0.00512645461251205,
    -0.01766244350147326,
    -0.020501597523744326,
    -0.013009029470155888,
    0.0025843466341877682,
    -0.001565505003397932,
    0.0397305856629665,
    0.023839304720444963,
    0.00782449994882898,
    -0.0009272707242399999,
    0.007694752678545947,
    -0.00940882761056037,
    -0.011977241915253553,
    -0.006806008883036368,
    -0.004288856470189588,
    0.011408720411055494,
    0.0057806238968733025,
    0.0027872500411025443,
    0.03553275994298413,
    0.019554149091779768,
    -0.008348951684479786,
    -0.0023864571076794502,
    0.007838454812241998,
    0.008805803938410552,
    0.006104682617144839,
    0.01072652980641541,
    -0.0006393932868902098,
    -0.018950080894448953,
    0.021254759082610583,
    -0.03565020256204969,
    -0.017523885458361897,
    0.005477982564394466,
    -0.004579111190860753,
    0.005311439280003629,
    0.008609099466310331,
    -0.03909238434121374,
    -0.021273330108596635,
    -0.0013041531024403342,
    -0.0042791457515169405,
    -0.008082685313666989,
    -0.01421085783945708,
    -0.004487353844377648,
    -0.004154577426553628,
    -0.004457026193731181,
    -0.009687010553280435,
    -0.0038902202399357755,
    0.01820309092985127,
    -0.02035246905506237,
    0.0030496368637017933,
    -0.021360677249180768,
    -0.019034851109966035,
    -0.003441373032986533,
    -0.007110332941810672,
    0.0002607925934739481,
    0.0008758678697133276,
    0.016549721982860446,
    -0.003286179461632892,
    0.0033990880709499397,
    0.00012541046499400373,
    0.021935479013572994,
    -0.009623133842437903,
    0.018755030053727015,
    0.001488073608648836,
    0.011741980368583479,
    0.009641932085699642,
    0.016435197642230906,
    0.0359834795372857,
    -0.00399026071269157,
    0.0071953119252804575,
    0.008074744954999734,
    -0.002077613898539229,
    -0.028047818097417902,
    0.006490321687381136,
    -0.005766730137839012,
    0.0048051417559264965,
    -0.017893715552611662,
    0.005669887430879515,
    0.044384879641483445,
    0.007772907704954862,
    0.0019930644480153103,
    0.02183152640122817,
    0.02216809399703848,
    0.037346892226101894,
    -0.021299378047340382,
    -0.006851588662149629,
    0.013797612477562202,
    0.010870307795446486,
    0.020203098404313058,
    -0.005689831188891555,
    -0.0015501004445017815,
    0.03252988642365409,
    0.01686838982930626,
    -0.0028369969391893487,
    -0.005458331010902567,
    -0.0074356954730288825,
    -0.017804037465215607
  ],