{
  "positive_frequencies": [
    0.0,
    0.07734375,
    0.1546875,
    0.23203125000000002,
    0.309375,
    0.38671875,
    0.46406250000000004,
    0.54140625,
    0.61875,
    0.6960937500000001,
    0.7734375,
    0.85078125,
    0.9281250000000001,
    1.0054687500000001,
    1.0828125,
    1.16015625,
    1.2375,
    1.31484375,
    1.3921875000000001,
    1.46953125,
    1.546875,
    1.62421875,
    1.7015625,
    1.7789062500000001,
    1.8562500000000002,
    1.93359375,
    2.0109375000000003,
    2.08828125,
    2.165625,
    2.24296875,
    2.3203125,
    2.3976562500000003,
    2.475,
    2.55234375,
    2.6296875,
    2.70703125,
    2.7843750000000003,
    2.86171875,
    2.9390625,
    3.01640625,
    3.09375,
    3.1710937500000003,
    3.2484375,
    3.32578125,
    3.403125,
    3.48046875,
    3.5578125000000003,
    3.63515625,
    3.7125000000000004,
    3.78984375,
    3.8671875,
    3.9445312500000003,
    4.0218750000000005,
    4.09921875,
    4.1765625,
    4.25390625,
    4.33125,
    4.4085937500000005,
    4.4859375,
    4.56328125,
    4.640625,
    4.71796875,
    4.7953125000000005,
    4.87265625,
    4.95
  ],
  "mx_fft_pos": [
    0.02893818835316256,
    0.021090409065571816,
    0.03725930324403574,
    0.057153016383013025,
    0.04483341845280249,
    0.019321892684511205,
    0.022339937953833298,
    0.021371429684351625,
    0.021083270448439405,
    0.04085231159960191,
    0.037421326934649106,
    0.02029386542006999,
    0.01910168285460664,
    0.01640877646210783,
    0.01709578692170711,
    0.04059367004068065,
    0.04027958258246338,
    0.01722583245628062,
    0.01654516056186875,
    0.019892965051186585,
    0.01939226317886371,
    0.033110509591289417,
    0.03867283243232181,
    0.023800170997231224,
    0.01980634805587184,
    0.019765431752758883,
    0.015692038526453903,
    0.02803847332563328,
    0.035476412277293125,
    0.022632180512351115,
    0.013471824703169585,
    0.019079600693500686,
    0.013854340985139308,
    0.023219568761677554,
    0.034726495141420656,
    0.027808571505074035,
    0.013991717185799673,
    0.01415913472571053,
    0.013092676925411691,
    0.006923772291169788,
    0.017589510226592876,
    0.017148248759533705,
    0.009337124700196996,
    0.008465836840228773,
    0.010034290277558963,
    0.01302981167088374,
    0.019263326930822656,
    0.017444801089629387,
    0.01012542506618446,
    0.007214831119873635,
    0.004899891799332,
    0.004878166890284314,
    0.010280324011074687,
    0.011107238751321333,
    0.0038340520177182844,
    0.007692958980783096,
    0.00958517710451278,
    0.007588359238706437,
    0.006693224015922574,
    0.0063486965614363055,
    0.004166719459897542,
    0.004490331521902334,
    0.007396787431994691,
    0.007052079096601331,
    0.006021211780530944
  ],
  "my_fft_pos": [
    0.0005553698823054713,
    0.0025898997634183495,
    0.004168268755618284,
    0.0035132706928584657,
    0.001819324236272006,
    0.0006187135665814914,
    0.002282559662028099,
    0.0020677392700447056,
    0.0005829601375401057,
    0.0005677060178826837,
    0.0013876256931582964,
    0.0023864044712642273,
    0.0017459742669293295,
    0.0015745637273810063,
    0.0006673757824194872,
    0.0006626084801102849,
    0.0013100582450993573,
    0.0017563954182326371,
    0.002354420777984568,
    0.002333666966780294,
    0.0014257444131597777,
    0.0004253424225062339,
    0.0002777084447738021,
    0.000905542821911498,
    0.001240990343720871,
    0.000992554309205138,
    0.0017693320093243902,
    0.0016304846321782904,
    0.0022636629732081213,
    0.0023333095854345958,
    0.0006139315067773715,
    0.0003597754107656694,
    0.0016358301308800588,
    0.0016727089172208303,
    0.00046442228225659633,
    0.0014407163412654036,
    0.0015443979734082222,
    0.001921584930712463,
    0.0015681273497460538,
    0.0007081452049995056,
    0.0009355370502740291,
    0.0017488140632202854,
    0.002307836016801104,
    0.0027159506960408412,
    0.00254123268754663,
    0.0017652631176112961,
    0.0009278276383480065,
    0.00149950471284161,
    0.0009545818243067552,
    0.001240575174543671,
    0.0027464033818486943,
    0.0022676038845402145,
    0.0014558909949978474,
    0.0008241959010521483,
    0.0004472903688396604,
    0.00030365919710075435,
    0.0014182987648556373,
    0.002598508645471006,
    0.002830761875968599,
    0.001878434227655109,
    0.0014114365985276936,
    0.0017956265484141468,
    0.0014891344446216464,
    0.0008940719983515536,
    0.0011789002343484626
  ],
  "mz_fft_pos": [
    0.0002982497888232835,
    0.003934780990468777,
    0.009494104567324054,
    0.009710137930039952,
    0.0037747459463053955,
    0.0036776662285298543,
    0.005430840064288996,
    0.006430692519476944,
    0.009935034051247375,
    0.013224450486475326,
    0.010540879217727974,
    0.004402850125862688,
    0.001707857092394967,
    0.005965393929722907,
    0.005674925368425411,
    0.004343012151123043,
    0.006831452105795923,
    0.009461751315770858,
    0.0069218432808130035,
    0.0057225120426966855,
    0.006333026822363351,
    0.017148006164144764,
    0.019389348997927866,
    0.01171060905019467,
    0.007758424977352511,
    0.00887298210766898,
    0.006695307772166403,
    0.015238751474600867,
    0.019300887621278424,
    0.01189424133977694,
    0.007799597156091012,
    0.008265607695108906,
    0.007794852894999842,
    0.019092065466110468,
    0.022651177032506045,
    0.0160736159546738,
    0.008579838814226078,
    0.00740107795309529,
    0.004820071695188945,
    0.005285965491326008,
    0.014324109678572667,
    0.011877247567590246,
    0.004596978768678168,
    0.004511502859342805,
    0.008150579307409964,
    0.010692347962725541,
    0.015000174246571454,
    0.0144443393549322,
    0.00820386235553469,
    0.004663800642278307,
    0.0038666560165844382,
    0.004118049379298154,
    0.008594480656637976,
    0.010822914784905878,
    0.005048405625423741,
    0.0033876484423873286,
    0.0039834991725281295,
    0.004279657090824321,
    0.0044249562477325826,
    0.007503679670990741,
    0.005708468840299951,
    0.0018760611633919335,
    0.00476689559332746,
    0.005733946260662337,
    0.0015903093015327404
  ]
}