{
  "positive_frequencies": [
    0.0,
    0.07734375,
    0.1546875,
    0.23203125000000002,
    0.309375,
    0.38671875,
    0.46406250000000004,
    0.54140625,
    0.61875,
    0.6960937500000001,
    0.7734375,
    0.85078125,
    0.9281250000000001,
    1.0054687500000001,
    1.0828125,
    1.16015625,
    1.2375,
    1.31484375,
    1.3921875000000001,
    1.46953125,
    1.546875,
    1.62421875,
    1.7015625,
    1.7789062500000001,
    1.8562500000000002,
    1.93359375,
    2.0109375000000003,
    2.08828125,
    2.165625,
    2.24296875,
    2.3203125,
    2.3976562500000003,
    2.475,
    2.55234375,
    2.6296875,
    2.70703125,
    2.7843750000000003,
    2.86171875,
    2.9390625,
    3.01640625,
    3.09375,
    3.1710937500000003,
    3.2484375,
    3.32578125,
    3.403125,
    3.48046875,
    3.5578125000000003,
    3.63515625,
    3.7125000000000004,
    3.78984375,
    3.8671875,
    3.9445312500000003,
    4.0218750000000005,
    4.09921875,
    4.1765625,
    4.25390625,
    4.33125,
    4.4085937500000005,
    4.4859375,
    4.56328125,
    4.640625,
    4.71796875,
    4.7953125000000005,
    4.87265625,
    4.95
  ],
  "mx_fft_pos": [
    0.5697662428305612,
    0.41196882138273766,
    0.1634652921805663,
    0.053993189536419184,
    0.006334663274504854,
    0.04999032917263947,
    0.022136576800625682,
    0.03094436337107457,
    0.03285809389377853,
    0.006532063457071386,
    0.003355599688121721,
    0.022694099134432415,
    0.05377328038836527,
    0.05626400480950902,
    0.043387142274949275,
    0.034602866247157,
    0.025647334502287764,
    0.016422132241120154,
    0.008868439436224798,
    0.00113292933907094,
    0.004042578964065338,
    0.0007576387648754047,
    0.005117921569844061,
    0.00988660664045556,
    0.01712113296738345,
    0.019388067331476598,
    0.014267780800115521,
    0.00929196294392548,
    0.00619595281827201,
    0.0031931946777019817,
    0.0014586662949183072,
    0.0020790535096094076,
    0.0038551841239174507,
    0.0036178903111977858,
    0.0028782036882723638,
    0.001183864806675228,
    0.0042799967802901314,
    0.008001817723432064,
    0.006640076259653508,
    0.0037252107659539995,
    0.0025796181492976156,
    0.002302298840369087,
    0.0017572169901396697,
    0.0003541503832386156,
    0.0014980766677668922,
    0.0018067538589663942,
    0.0008859069056358285,
    0.00030547690477540927,
    0.00010615755266649301,
    0.0001883698500705157,
    0.00031517640480605344,
    0.0003720841401332963,
    0.00042163423993295994,
    0.0004508836070690557,
    0.00046382307918969016,
    0.0003685103299574504,
    0.00017562450937243546,
    5.409657791763262e-05,
    6.502076188652495e-05,
    0.00011131290819868095,
    0.0001261519608086418,
    0.00011373658823393813,
    7.297737471896747e-05,
    3.6970646237112996e-05,
    5.8760328909031047e-05
  ],
  "my_fft_pos": [
    0.03553707933721209,
    0.021972082387068777,
    0.0007976982399224204,
    0.007790837462928879,
    0.015248140433542048,
    0.019432176124226666,
    0.010748482356994177,
    0.01467423493298188,
    0.01854517509182258,
    0.018744982756191585,
    0.016585026185147428,
    0.004041759816812154,
    0.010506591125167884,
    0.014017198496403338,
    0.011248254612704449,
    0.010422042722329446,
    0.012105909008549368,
    0.013739413649615666,
    0.009981485073334857,
    0.001815684517147507,
    0.0024931687310948535,
    0.0019039348661541514,
    0.004692052327002634,
    0.003492958631844421,
    0.0009777539027090783,
    0.0017930377325508775,
    0.0010098635999682085,
    0.0007651681456415195,
    0.0004914243260881556,
    0.0007936630947323341,
    0.0010276805612694177,
    0.0017993291051530075,
    0.0027044106930114043,
    0.002583292068275973,
    0.0021707025034964737,
    0.001274900878080065,
    0.0007869944782498463,
    0.0024197202869513613,
    0.002636936329732018,
    0.0025600092067294216,
    0.0021816640272432374,
    0.0011220097262350207,
    0.0002581588749705075,
    0.00031665805011215275,
    0.0008896869159110304,
    0.0009691926127367339,
    0.0005514417268181815,
    0.0002665546373773946,
    9.08363795713153e-05,
    0.0001114361673018884,
    0.00017911866704378197,
    0.00014433666579573518,
    0.00015520624086141346,
    0.0002585762361291705,
    0.00037460910085128834,
    0.000284252435069389,
    3.30643306756934e-05,
    0.00010196548760202565,
    5.4807360364402685e-05,
    1.692783700021516e-05,
    3.6855161678698165e-05,
    6.70205039965005e-05,
    5.212216639147986e-05,
    2.2975598646526315e-05,
    2.015875088876129e-05
  ],
  "mz_fft_pos": [
    0.06458894393722367,
    0.05271521425029439,
    0.047025006967904875,
    0.037325137279046426,
    0.005161578766347708,
    0.018301815649047058,
    0.028392727829455802,
    0.03846434386732084,
    0.03360692910936804,
    0.015644760335730465,
    0.015192166782850389,
    0.012429546553612551,
    0.010175743086677593,
    0.00760910798026912,
    0.00499471139998726,
    0.004508531564408806,
    0.0007763848770699459,
    0.005362387108169751,
    0.00457747769863245,
    0.0012497646633632025,
    0.0023356036402739488,
    0.002237144810714558,
    0.0026999133736095105,
    0.002648553698902043,
    0.002317706996145535,
    0.0021234268563065524,
    0.0016309845138746649,
    0.0010986464445776735,
    0.0006925082537874331,
    0.0030471210399844674,
    0.003699818319163635,
    0.002119106936594779,
    0.0007467565999146797,
    0.0006906129609555124,
    0.0011405496957284113,
    0.0009758990996020016,
    0.0005872065369541374,
    0.0012064749202260945,
    0.0013090342474048285,
    0.0012963081544918808,
    0.001045763954590627,
    0.00033935401785860407,
    0.00036241645932666476,
    0.00024590151454093766,
    0.00016244172636547174,
    0.0001932438227771123,
    0.00011858302001306626,
    6.455388234354369e-05,
    6.566391735728601e-05,
    0.00013830455260785334,
    0.00013825792605175029,
    0.00010553178750147206,
    0.00011143260337140884,
    6.0101534565993196e-05,
    7.228419120584052e-05,
    5.1413332949738794e-05,
    4.443773391709793e-05,
    7.70761603017855e-05,
    3.7054248586839726e-05,
    2.3872411474091495e-05,
    1.015759971079008e-05,
    1.8816627665992756e-05,
    2.653055372292506e-05,
    2.8673478691418787e-05,
    3.1403484051928386e-05
  ]
}