{
  "times": [
    0.0,
    0.10101010101010101,
    0.20202020202020202,
    0.30303030303030304,
    0.40404040404040403,
    0.5050505050505051,
    0.6060606060606061,
    0.7070707070707071,
    0.8080808080808081,
    0.9090909090909091,
    1.0101010101010102,
    1.1111111111111112,
    1.2121212121212122,
    1.3131313131313131,
    1.4141414141414141,
    1.5151515151515151,
    1.6161616161616161,
    1.7171717171717171,
    1.8181818181818181,
    1.9191919191919191,
    2.0202020202020203,
    2.121212121212121,
    2.2222222222222223,
    2.323232323232323,
    2.4242424242424243,
    2.525252525252525,
    2.6262626262626263,
    2.727272727272727,
    2.8282828282828283,
    2.929292929292929,
    3.0303030303030303,
    3.131313131313131,
    3.2323232323232323,
    3.3333333333333335,
    3.4343434343434343,
    3.5353535353535355,
    3.6363636363636362,
    3.7373737373737375,
    3.8383838383838382,
    3.9393939393939394,
    4.040404040404041,
    4.141414141414141,
    4.242424242424242,
    4.343434343434343,
    4.444444444444445,
    4.545454545454545,
    4.646464646464646,
    4.747474747474747,
    4.848484848484849,
    4.94949494949495,
    5.05050505050505,
    5.151515151515151,
    5.252525252525253,
    5.353535353535354,
    5.454545454545454,
    5.555555555555555,
    5.656565656565657,
    5.757575757575758,
    5.858585858585858,
    5.959595959595959,
    6.0606060606060606,
    6.161616161616162,
    6.262626262626262,
    6.363636363636363,
    6.4646464646464645,
    6.565656565656566,
    6.666666666666667,
    6.767676767676767,
    6.8686868686868685,
    6.96969696969697,
    7.070707070707071,
    7.171717171717171,
    7.2727272727272725,
    7.373737373737374,
    7.474747474747475,
    7.575757575757575,
    7.6767676767676765,
    7.777777777777778,
    7.878787878787879,
    7.979797979797979,
    8.080808080808081,
    8.181818181818182,
    8.282828282828282,
    8.383838383838384,
    8.484848484848484,
    8.585858585858587,
    8.686868686868687,
    8.787878787878787,
    8.88888888888889,
    8.98989898989899,
    9.09090909090909,
    9.191919191919192,
    9.292929292929292,
    9.393939393939394,
    9.494949494949495,
    9.595959595959595,
    9.696969696969697,
    9.797979797979798,
    9.8989898989899,
    10.0
  ],
  "mx": [
    1.0,
    0.8227860463967388,
    0.4773776860911645,
    0.27802746984915105,
    0.1814187748969986,
    0.10524422193786973,
    0.06324442294468165,
    0.07319286688919927,
    0.07823444132742095,
    0.02843519867195715,
    0.020059709541962182,
    0.0637785370547984,
    0.07571140921746841,
    0.07999121035533838,
    0.05291064918199289,
    0.013478227713109565,
    0.01225697064263405,
    0.007906641586617818,
    0.003760824704611397,
    0.026963488135265255,
    0.03370169066538437,
    0.0016733514783701228,
    -0.05820189266691712,
    -0.06435876949406091,
    -0.010304991850928159,
    0.045169310604661374,
    0.05519087489203613,
    0.03785831730902834,
    0.014516492997929589,
    -0.014295083694844822,
    -0.023141573745337617,
    -0.005127508848496554,
    -0.008926820881251397,
    -0.046739286191612016,
    -0.059553332138991374,
    -0.03076249115607516,
    -0.01522245255753002,
    -0.008031756317855231,
    0.0260234373512082,
    0.037357413611395995,
    0.006838254364322003,
    -0.029195572779339436,
    -0.05713277409314645,
    -0.044002946209780125,
    0.007849504951707238,
    0.04740775882985793,
    0.06566747146948734,
    0.05748703094091865,
    0.011402110672651582,
    -0.03393794372178933,
    -0.04742415708037915,
    -0.043772803388514844,
    -0.032158342493367804,
    -0.020226528150091884,
    -0.007779105214900148,
    0.018908423215474084,
    0.03648421674852655,
    0.02216621649449525,
    0.009073762973271665,
    -0.019561467199567886,
    -0.06818709067551564,
    -0.06415779552516389,
    -0.019374069641469063,
    0.011313517398708894,
    0.021687164680226686,
    0.022973900096696094,
    0.03483105120514861,
    0.0723196916724806,
    0.08172646252230549,
    0.05539785248152027,
    0.025197771036073992,
    0.003767005877301717,
    0.02409319696004707,
    0.03225721794185175,
    -0.005895309034065999,
    -0.0239097530284105,
    -0.013945448212910693,
    0.0022075376395345437,
    0.021693966748258426,
    0.003042898971765466,
    -0.005744076861836771,
    0.01936803125282575,
    0.014419559871909847,
    -0.017118326726449275,
    -0.011909119249691905,
    -0.017552552386018255,
    -0.048718154886611006,
    -0.03936143931547275,
    -0.02061939286530032,
    -0.023620728760671058,
    -0.03338034870617408,
    -0.01693965581333356,
    0.019245283604932502,
    0.015210941654277868,
    -0.002547577287066217,
    -0.001435649362676297,
    -0.006440227816734112,
    -0.018775164566022715,
    -0.04732182088472143,
    -0.08624583691931886
  ],
  "my": [
    0.0,
    0.21982333301930282,
    0.18792146329701723,
    0.09101091457710594,
    0.06356079735460753,
    0.03282217073358059,
    0.01820806304027615,
    0.02768913341132692,
    0.08038591186455338,
    0.0920559421223623,
    0.07109087687512095,
    0.07360336260495683,
    0.038387548340896034,
    -0.029337234848245953,
    -0.04508336003281323,
    -0.005834492593288844,
    0.009767769156498499,
    -0.012459275341647435,
    -0.0034931742139917518,
    0.04314804457688732,
    0.06237359929536544,
    0.07549117662928125,
    0.06736993580868797,
    0.020161525855339386,
    -0.010029440333968733,
    0.013913516698882048,
    0.031133029437583004,
    0.018665321423444285,
    0.027836724778831732,
    0.05580263060485594,
    0.049831664301808624,
    0.01318222415746574,
    -0.0018885161151029706,
    0.024876842138934843,
    0.057358557176023485,
    0.07595214487964662,
    0.08231695167754227,
    0.06782769758622774,
    0.047137373577492904,
    0.02185175966135895,
    -0.02871808210245005,
    -0.08401416084803008,
    -0.09230348195316121,
    -0.05962393722069377,
    -0.055894893545349204,
    -0.06741229667588365,
    -0.05434575250060545,
    -0.030516915018901636,
    -0.018837742250858193,
    -0.021418543328056944,
    -0.04485480023845979,
    -0.05163400494844133,
    -0.024723940358426084,
    0.004107272285901524,
    0.025625716945064346,
    0.026297697978792733,
    0.018115377602314072,
    0.0010669027266728673,
    -0.002231044044649962,
    0.025399543979177635,
    0.03702626804726116,
    0.022219438792368484,
    0.015094254162056552,
    0.04385063872163768,
    0.06888428326367615,
    0.04139360567062032,
    0.01685884103707468,
    0.012533696523074253,
    -0.010987321055079944,
    -0.036352644218460815,
    -0.0574425280668111,
    -0.061050130571386065,
    -0.05758437119190648,
    -0.06967079045241763,
    -0.060089464143767236,
    0.0021511253071467493,
    0.040209732399823686,
    0.036312947660177355,
    0.02522241423868307,
    0.007788690630759063,
    -0.004638968614766569,
    -0.0066264257670124605,
    -0.0012809701975698546,
    0.02316743333027439,
    0.030879879055434607,
    0.03780424600809097,
    0.049594843936658736,
    0.0361811175641635,
    0.003484411227623082,
    -0.013405612691125569,
    -0.02544212648944048,
    -0.039901334025830994,
    -0.04614275828898113,
    -0.03296246925733972,
    -0.01289171530193727,
    -0.015516734753178274,
    -0.04721763249052381,
    -0.06701516497242267,
    -0.05576533110233926,
    -0.03557053522730318
  ],