{
  "positive_frequencies": [
    0.0,
    0.07734375,
    0.1546875,
    0.23203125000000002,
    0.309375,
    0.38671875,
    0.46406250000000004,
    0.54140625,
    0.61875,
    0.6960937500000001,
    0.7734375,
    0.85078125,
    0.9281250000000001,
    1.0054687500000001,
    1.0828125,
    1.16015625,
    1.2375,
    1.31484375,
    1.3921875000000001,
    1.46953125,
    1.546875,
    1.62421875,
    1.7015625,
    1.7789062500000001,
    1.8562500000000002,
    1.93359375,
    2.0109375000000003,
    2.08828125,
    2.165625,
    2.24296875,
    2.3203125,
    2.3976562500000003,
    2.475,
    2.55234375,
    2.6296875,
    2.70703125,
    2.7843750000000003,
    2.86171875,
    2.9390625,
    3.01640625,
    3.09375,
    3.1710937500000003,
    3.2484375,
    3.32578125,
    3.403125,
    3.48046875,
    3.5578125000000003,
    3.63515625,
    3.7125000000000004,
    3.78984375,
    3.8671875,
    3.9445312500000003,
    4.0218750000000005,
    4.09921875,
    4.1765625,
    4.25390625,
    4.33125,
    4.4085937500000005,
    4.4859375,
    4.56328125,
    4.640625,
    4.71796875,
    4.7953125000000005,
    4.87265625,
    4.95
  ],
  "mx_fft_pos": [
    0.0013644712219517646,
    0.0022417079341068118,
    0.0066173710048782475,
    0.003508985025872037,
    0.005355686545703151,
    0.007503308495499492,
    0.007192353891519942,
    0.004912244191862163,
    0.0009321845621568426,
    0.006904691496484684,
    0.007010694484772111,
    0.006325584376888945,
    0.011870928130573798,
    0.014062055024143682,
    0.013383642672071703,
    0.010128929978036,
    0.006078215839184398,
    0.004839971685441982,
    0.005534973195891535,
    0.006528997867725932,
    0.0069155617057167565,
    0.006228208602621794,
    0.0035755573310899324,
    0.0031918854095245508,
    0.005319464157442685,
    0.003846835356154206,
    0.00108419522101722,
    0.003584079700120027,
    0.002899513232227908,
    0.000908494995198492,
    0.0013214776920667613,
    0.0014556615622553452,
    0.001951539011696483,
    0.0022612231064718614,
    0.0024530299921116396,
    0.0007194749746685424,
    0.0010007228002869184,
    0.0012565662819882832,
    0.0014441379259478554,
    0.0009595860516937682,
    8.030711052904183e-05,
    0.0008587912656762267,
    0.0009386201829322606,
    0.0011435642113398583,
    0.0014655273347213688,
    0.00156816793919938,
    0.0009665051429158484,
    0.00029253708161103926,
    0.0004349058261569277,
    0.00025187955031770476,
    0.00027140341763737545,
    0.00015159999389089158,
    0.0002727687837132945,
    0.00010946897670967549,
    0.00015378881590982101,
    0.00010373903706239031,
    1.0067679011285927e-05,
    7.957257862187503e-05,
    0.0001558410036259882,
    9.524290598954868e-05,
    8.569803480369563e-05,
    0.00011585887558643266,
    2.337048392194297e-05,
    8.170765364253449e-05,
    3.8738534353017076e-05
  ],
  "my_fft_pos": [
    0.0021332265157773117,
    0.0053776479895279025,
    0.008932800056257717,
    0.012845272101752769,
    0.01799621555600169,
    0.019054094698940163,
    0.012580645855426205,
    0.0037308790278703886,
    0.008104804697377933,
    0.012543950978126635,
    0.008625515691755464,
    0.00045709952262387965,
    0.00498685475610812,
    0.009468195327529532,
    0.009461750986860388,
    0.006701989735306367,
    0.006398537967923219,
    0.002629153753774914,
    0.0014563102556910629,
    0.002629040118020059,
    0.0020050133930712786,
    0.002422940755295446,
    0.0026046368366355087,
    0.004269771635329491,
    0.003840101347290467,
    0.0028944325284837123,
    0.0034967375421616144,
    0.004151742419908047,
    0.0031338858115336184,
    0.002015573976896474,
    0.0032323054714369194,
    0.0031083116976004777,
    0.0024700359379240477,
    0.0020223724201639008,
    0.0020197594433530204,
    0.00032727925375002526,
    0.0017329959345014948,
    0.0022167524931170023,
    0.0019394441766706749,
    0.0009993550831609783,
    0.0003352349743112909,
    0.0002396929790206314,
    0.0004419198772623394,
    0.0008252670769647901,
    0.0007704255531373567,
    0.00039468978157904474,
    0.00039360635381793254,
    0.00023468866237854786,
    0.0005701585490774884,
    0.0005344981854865694,
    0.0004493025073009201,
    0.0003935845830553227,
    0.00023103091394438178,
    0.00021355476615316993,
    0.00029775755296110215,
    0.0002136637319690563,
    0.0001203897357324236,
    9.893637969715032e-05,
    0.00014418311069701689,
    0.0001641326394102338,
    0.00011320765106268846,
    7.833910174759543e-05,
    8.288031609664532e-05,
    6.006287523231453e-05,
    0.00014849201909086633
  ],
  "mz_fft_pos": [
    0.012209444950220093,
    0.014318042349998781,
    0.015381374352903354,
    0.009232142250730402,
    0.003592766969437328,
    0.003247899282142437,
    0.0037943124590061293,
    0.005113006329265436,
    0.00798229217334449,
    0.009608319211996164,
    0.00760435111208074,
    0.005725797959814506,
    0.002283770215672733,
    0.004395578027782105,
    0.007469302768622573,
    0.004519214679492001,
    0.004894780988906198,
    0.008567003312154126,
    0.005768042968019097,
    0.0030409696730177888,
    0.004029502769897073,
    0.005868245080252221,
    0.003933400826222125,
    0.005894266839915368,
    0.010248072136457967,
    0.008525537163386438,
    0.004300609267728407,
    0.0005876480342637637,
    0.001823246900546527,
    0.0021832240657095785,
    0.0028132321160446007,
    0.003221931551979039,
    0.0023864378819077447,
    0.0024133053997155355,
    0.0022338370579056822,
    0.0016848473106256243,
    0.0007500365476830021,
    0.0020044143981597902,
    0.0018726360519656319,
    0.0009063909371655067,
    0.0004780437284561633,
    0.000476889182535231,
    7.284707968228412e-05,
    0.000725062964733998,
    0.0007008869680897833,
    0.0004989511271357948,
    0.0005609678144462447,
    0.0002935445034668838,
    0.0008994384789548812,
    0.0006121310286841847,
    0.00010957550767273018,
    0.0002697989382376954,
    0.0003137962176338662,
    0.0003047886639507057,
    0.00013869160344827532,
    5.82073669639127e-05,
    6.623888361087883e-05,
    0.0002312185930730881,
    0.00023976699798238587,
    4.0706863709794135e-05,
    0.000119077286975233,
    2.295351130061512e-05,
    9.109806182380484e-05,
    6.442996079695323e-05,
    1.8204063722974116e-05
  ]
}