{
  "positive_frequencies": [
    0.0,
    0.07734375,
    0.1546875,
    0.23203125000000002,
    0.309375,
    0.38671875,
    0.46406250000000004,
    0.54140625,
    0.61875,
    0.6960937500000001,
    0.7734375,
    0.85078125,
    0.9281250000000001,
    1.0054687500000001,
    1.0828125,
    1.16015625,
    1.2375,
    1.31484375,
    1.3921875000000001,
    1.46953125,
    1.546875,
    1.62421875,
    1.7015625,
    1.7789062500000001,
    1.8562500000000002,
    1.93359375,
    2.0109375000000003,
    2.08828125,
    2.165625,
    2.24296875,
    2.3203125,
    2.3976562500000003,
    2.475,
    2.55234375,
    2.6296875,
    2.70703125,
    2.7843750000000003,
    2.86171875,
    2.9390625,
    3.01640625,
    3.09375,
    3.1710937500000003,
    3.2484375,
    3.32578125,
    3.403125,
    3.48046875,
    3.5578125000000003,
    3.63515625,
    3.7125000000000004,
    3.78984375,
    3.8671875,
    3.9445312500000003,
    4.0218750000000005,
    4.09921875,
    4.1765625,
    4.25390625,
    4.33125,
    4.4085937500000005,
    4.4859375,
    4.56328125,
    4.640625,
    4.71796875,
    4.7953125000000005,
    4.87265625,
    4.95
  ],
  "mx_fft_pos": [
    0.00442908545937636,
    0.019241218711256794,
    0.04655351856284051,
    0.04243441706796032,
    0.02889603337985728,
    0.03674024426498348,
    0.025928587996145603,
    0.008199037967779387,
    0.030726902578537094,
    0.038332674223426615,
    0.03216397840589099,
    0.03702638121755483,
    0.038112635996842455,
    0.03857381277181245,
    0.025200944925009697,
    0.00542697989579802,
    0.01337174442212668,
    0.019179497840555396,
    0.017515773760486443,
    0.01709323860026529,
    0.008870448696942845,
    0.009115473906667702,
    0.012605454846819469,
    0.00694682000623968,
    0.011320814627819625,
    0.00704757016988381,
    0.007612211428067102,
    0.005569552653471246,
    0.002939684965928081,
    0.004473584172652877,
    0.002675470648476042,
    0.00403254325092381,
    0.003967354757033161,
    0.0011039313096095713,
    0.0008329660215556358,
    0.001852984032147808,
    0.0018330987917687814,
    0.0006468615806722609,
    0.0005900845434475128,
    0.0005059170879982926,
    0.0004902789775574057,
    0.0002861476168464668,
    0.000672563640129695,
    0.0003053923681522342,
    0.0001404377373026575,
    0.00011537030493584865,
    0.00013197706881315244,
    0.00015079232185807629,
    2.92152989049738e-05,
    5.158221323031588e-05,
    2.4264470604701506e-05,
    1.548976039581313e-05,
    2.432705134160206e-05,
    1.009889995247674e-05,
    1.3993126222936012e-05,
    4.926935737768425e-06,
    1.3635448285718888e-06,
    3.762883657553021e-06,
    1.1498578336929763e-06,
    3.3593029809543355e-06,
    1.1843856446034124e-06,
    9.77424160752275e-07,
    5.996512624218372e-07,
    4.991391753559864e-07,
    1.0199994736448392e-07
  ],
  "my_fft_pos": [
    0.09473507454020556,
    0.07314606273915698,
    0.03730483513138165,
    0.01999076299947881,
    0.00984509662019154,
    0.01490904610972261,
    0.03773934800128042,
    0.04911129912924503,
    0.04332331111809122,
    0.0327313845116792,
    0.012619669835471534,
    0.01849447969904498,
    0.04022655624523477,
    0.04200262107645236,
    0.03673726546248643,
    0.04024041679618417,
    0.031911429586245633,
    0.00996879890973683,
    0.003677202336859233,
    0.01016120941372604,
    0.010748038997726014,
    0.018321075497781135,
    0.02113846789372915,
    0.01725159067010658,
    0.016678014435349796,
    0.010363380905385376,
    0.0020269618646169716,
    0.002415805783616443,
    0.0031105964023076414,
    0.002962854209660124,
    0.002346599876731651,
    0.001200231052167425,
    0.000586081002957951,
    0.0015974427684425335,
    0.0015377045055398324,
    0.0007954753368963712,
    0.0004949576161586886,
    0.001071714058682145,
    0.0007047904882270289,
    0.0006254599795309779,
    0.000299784275493719,
    0.00014074323277211653,
    0.00033037369073601186,
    1.4130027595651889e-05,
    0.00022062125026090214,
    6.0264553539544236e-05,
    5.858304809251659e-05,
    4.760724753992226e-05,
    5.352107856832851e-05,
    6.591303652679227e-05,
    1.83895325896394e-05,
    1.2440203533446778e-05,
    1.7924070219192894e-05,
    1.4063474280433821e-06,
    8.686258481768961e-06,
    1.6564531126384823e-06,
    1.4200800793656893e-06,
    2.2396629877257777e-06,
    2.579779365126626e-06,
    1.7781462304437391e-06,
    1.713975131730785e-06,
    2.067258563131828e-06,
    2.15640500198e-06,
    1.8019085724749939e-06,
    1.3785638677532574e-06
  ],
  "mz_fft_pos": [
    0.06809641624246203,
    0.04719887497182741,
    0.02506382445400311,
    0.05875950042118652,
    0.06881204614779281,
    0.06657762347016818,
    0.06789748560515997,
    0.04937599639961121,
    0.024243452363348038,
    0.03497801806621451,
    0.03492831571211689,
    0.03239135132720108,
    0.025890010849169073,
    0.0009021557217953895,
    0.01630729115043299,
    0.01029810727263736,
    0.025785067378339046,
    0.016738522912763665,
    0.0052470025144044806,
    0.015056256518752874,
    0.021444476618725637,
    0.01763479988864754,
    0.005858661464609278,
    0.011503311773204718,
    0.01806559529640613,
    0.007866386332250253,
    0.005361699186179955,
    0.004028635157341905,
    0.0066903961791482825,
    0.006158787264630211,
    0.0007475230816187155,
    0.0032065910199743247,
    0.002364597248853466,
    0.0009817580799737662,
    0.0010702014363015897,
    0.0015461531523827629,
    0.0012910116408438451,
    0.0002509107554685929,
    0.000851155900269435,
    0.000785467476131782,
    0.0006678752186552822,
    0.0003854494049529501,
    0.0005245734348647783,
    0.00026250550691514566,
    0.00025367662523492404,
    0.00025309297793554034,
    0.0001968582097117678,
    0.00015108690646037796,
    5.6796891971127394e-05,
    8.505697377923882e-05,
    4.494912589346057e-05,
    3.412157481751812e-05,
    2.350458186638588e-05,
    1.881149923885442e-05,
    1.1091758685547711e-05,
    7.534521969260479e-06,
    3.4882569088774983e-06,
    2.690613259084033e-06,
    8.294497200387043e-07,
    1.0858466087871133e-06,
    5.816888435892196e-07,
    6.404620843303743e-07,
    3.6619799552084756e-07,
    1.5232822404919184e-07,
    2.2942596114905455e-07
  ]
}