{
  "times": [
    0.0,
    0.10101010101010101,
    0.20202020202020202,
    0.30303030303030304,
    0.40404040404040403,
    0.5050505050505051,
    0.6060606060606061,
    0.7070707070707071,
    0.8080808080808081,
    0.9090909090909091,
    1.0101010101010102,
    1.1111111111111112,
    1.2121212121212122,
    1.3131313131313131,
    1.4141414141414141,
    1.5151515151515151,
    1.6161616161616161,
    1.7171717171717171,
    1.8181818181818181,
    1.9191919191919191,
    2.0202020202020203,
    2.121212121212121,
    2.2222222222222223,
    2.323232323232323,
    2.4242424242424243,
    2.525252525252525,
    2.6262626262626263,
    2.727272727272727,
    2.8282828282828283,
    2.929292929292929,
    3.0303030303030303,
    3.131313131313131,
    3.2323232323232323,
    3.3333333333333335,
    3.4343434343434343,
    3.5353535353535355,
    3.6363636363636362,
    3.7373737373737375,
    3.8383838383838382,
    3.9393939393939394,
    4.040404040404041,
    4.141414141414141,
    4.242424242424242,
    4.343434343434343,
    4.444444444444445,
    4.545454545454545,
    4.646464646464646,
    4.747474747474747,
    4.848484848484849,
    4.94949494949495,
    5.05050505050505,
    5.151515151515151,
    5.252525252525253,
    5.353535353535354,
    5.454545454545454,
    5.555555555555555,
    5.656565656565657,
    5.757575757575758,
    5.858585858585858,
    5.959595959595959,
    6.0606060606060606,
    6.161616161616162,
    6.262626262626262,
    6.363636363636363,
    6.4646464646464645,
    6.565656565656566,
    6.666666666666667,
    6.767676767676767,
    6.8686868686868685,
    6.96969696969697,
    7.070707070707071,
    7.171717171717171,
    7.2727272727272725,
    7.373737373737374,
    7.474747474747475,
    7.575757575757575,
    7.6767676767676765,
    7.777777777777778,
    7.878787878787879,
    7.979797979797979,
    8.080808080808081,
    8.181818181818182,
    8.282828282828282,
    8.383838383838384,
    8.484848484848484,
    8.585858585858587,
    8.686868686868687,
    8.787878787878787,
    8.88888888888889,
    8.98989898989899,
    9.09090909090909,
    9.191919191919192,
    9.292929292929292,
    9.393939393939394,
    9.494949494949495,
    9.595959595959595,
    9.696969696969697,
    9.797979797979798,
    9.8989898989899,
    10.0
  ],
  "mx": [
    1.0,
    0.33304690802707165,
    0.03367041017290204,
    -0.0003793344399860714,
    -0.012530229388150736,
    -0.02115654952350769,
    0.001211672883357459,
    0.010772868908306138,
    0.02503599260770192,
    0.008612623085374187,
    0.00022873219542819602,
    -0.029831743172824252,
    -0.024358207918570914,
    -0.020897512500947235,
    0.01225246675906557,
    0.003077614170365575,
    -0.055868391538344615,
    -0.04400726321705456,
    0.03797458523769641,
    0.041642524586322206,
    0.048857570544753544,
    0.01671687262481527,
    -0.004690520733569983,
    0.002280815014492429,
    -0.030368731657478845,
    -0.04661823933583293,
    -0.010824395741390548,
    0.0038786068407185093,
    -0.009794501043576882,
    -0.0387860480327813,
    -0.05118032356407761,
    -0.039214821774283995,
    -0.015431640634754253,
    -0.001523016223662449,
    -0.006897175178391728,
    0.005499370521802214,
    0.0105039618295697,
    -0.013085644066527452,
    -0.013071886466740077,
    0.0009738106390124048,
    -0.0023935560447576085,
    -0.0037316533493344742,
    0.0046484241028095456,
    0.013922773569051352,
    0.011565175641149526,
    -0.007212969821545444,
    -0.015525106552740527,
    -0.0064107066783732555,
    0.008770933653243412,
    0.011030071981073718,
    -0.00514949641103834,
    -0.00818528638122526,
    0.006835839046459689,
    -0.00783642387130979,
    -0.045082206214720394,
    -0.045918740865762864,
    -0.01010505017492249,
    0.007272684759393728,
    0.00606494389540486,
    0.02520563018901662,
    0.04462640597617277,
    0.021379654991410788,
    -0.016076943931743817,
    -0.023497190855154206,
    0.01988633985065216,
    0.02773526395853922,
    0.01647140593495774,
    9.430844994600612e-07,
    0.020809901341085398,
    -0.009842569359029697,
    -0.013797108134854165,
    0.022377305176674318,
    0.030461774908895407,
    -4.056965154181196e-05,
    -0.01154667196249231,
    0.040100502203656734,
    -0.011290902746184524,
    -0.02506654477863268,
    -0.013704309064922008,
    -0.0160526394621698,
    -0.005012276396945767,
    0.03737061673958079,
    -0.00560104492286646,
    -0.015895126789881267,
    -0.038980106754612824,
    8.587866712002962e-05,
    -0.007650856287674356,
    0.0028724876300663975,
    0.013516867093345479,
    -0.009775364792547247,
    -0.009680061743307948,
    0.00012258678106418956,
    -0.0392296237235126,
    -0.031396767867394364,
    -0.01555081691585365,
    -0.02729581618010717,
    -0.015448559848711133,
    0.013216057127688755,
    0.016494250222697383,
    0.0077550667026669755
  ],
  "my": [
    0.0,
    0.06660095410036537,
    0.004863248946193916,
    0.0016535792345990384,
    -0.001930226130999439,
    0.02762618225873825,
    0.003843216939980471,
    0.009690109215312853,
    0.022768737685299387,
    -0.02406732283168966,
    -0.02302218787482439,
    0.015356023558998918,
    0.022999204263671184,
    0.035341547886795985,
    0.03668971239435009,
    0.0029366152958445243,
    -0.02610182329735034,
    -0.08255708981964255,
    -0.031507023472351146,
    0.0541186547178117,
    0.038298313485589555,
    0.003636465405160143,
    -0.015689063818216727,
    0.031452106931618276,
    0.04628417082923314,
    0.04280052003387083,
    -0.003269881225536222,
    -0.026432736642431762,
    -0.005799976699343953,
    -0.020764365888093918,
    -0.043246918041889265,
    -0.03740961685898367,
    -0.02779984563758825,
    -0.02694872762903589,
    -0.029036270791661916,
    -0.030489408118957742,
    -0.0005846045106390566,
    0.029832324794742588,
    0.019295628783166804,
    -0.002159910787838513,
    -0.00782011713022641,
    -0.0022038129757620626,
    0.006784716768017573,
    0.012197753226728574,
    0.019653638318293778,
    0.022720925902918625,
    0.019442711884153294,
    0.01620981115036531,
    0.012922545681561813,
    0.004972661699526563,
    -0.00843888042332725,
    -0.022761519569633657,
    -0.018819721971372008,
    0.0029360446965797996,
    0.008566892856849657,
    -0.007537165379804773,
    -0.024800569849855018,
    -0.005180752122546315,
    0.01707863978894134,
    0.011585196432572546,
    0.014117048569393546,
    0.00907751780593586,
    -0.0007109821859386384,
    -0.021350117205355214,
    -0.008776501499216965,
    0.018843256491827276,
    -0.007920245107012792,
    -0.007599976576023388,
    0.022243966733027684,
    0.040026503114135276,
    0.023839059161389557,
    0.020365022360580756,
    -0.003134676884877388,
    0.003065083041998853,
    -0.016151127542682945,
    0.02330512082589248,
    -0.03199519870030431,
    -0.011855524521093534,
    0.003123735062611703,
    -0.004676182393922323,
    -0.0211529581065664,
    0.011166091648061585,
    -0.006235626837057893,
    -0.0033268182974430438,
    0.009117779603395484,
    -0.030547718011993106,
    0.018863913487452547,
    -0.0063441692329610526,
    -0.04531216674933328,
    -0.034277473365913184,
    -0.0075297396687456,
    0.029843834472553912,
    0.01984282602390332,
    0.0003018272326710166,
    -0.01662835118187535,
    0.015935297011567255,
    -0.03979260733001793,
    0.002573959180252458,
    0.011238057697041975,
    -0.01162303211790459
  ],