{
  "metadata": {
    "circuit_type": "comb_generator",
    "qubits": 9,
    "shots": 8192,
    "drive_steps": 5,
    "time_points": 100,
    "max_time": 10.0,
    "drive_param": 0.7,
    "init_state": "superposition",
    "drive_frequency": 0.1,
    "has_subharmonics": false,
    "time_crystal_detected": false,
    "incommensurate_count": 0,
    "linear_combs_detected": false,
    "log_combs_detected": false,
    "created_at": "2025-05-17 22:14:58",
    "sweep_session": "parameter_scan_20250517_20250517_221328",
    "sweep_index": 6,
    "sweep_param1": "drive_param",
    "sweep_value1": 0.7,
    "sweep_param2": null,
    "sweep_value2": null
  },
  "positive_frequencies": [
    0.0,
    0.07734375,
    0.1546875,
    0.23203125000000002,
    0.309375,
    0.38671875,
    0.46406250000000004,
    0.54140625,
    0.61875,
    0.6960937500000001,
    0.7734375,
    0.85078125,
    0.9281250000000001,
    1.0054687500000001,
    1.0828125,
    1.16015625,
    1.2375,
    1.31484375,
    1.3921875000000001,
    1.46953125,
    1.546875,
    1.62421875,
    1.7015625,
    1.7789062500000001,
    1.8562500000000002,
    1.93359375,
    2.0109375000000003,
    2.08828125,
    2.165625,
    2.24296875,
    2.3203125,
    2.3976562500000003,
    2.475,
    2.55234375,
    2.6296875,
    2.70703125,
    2.7843750000000003,
    2.86171875,
    2.9390625,
    3.01640625,
    3.09375,
    3.1710937500000003,
    3.2484375,
    3.32578125,
    3.403125,
    3.48046875,
    3.5578125000000003,
    3.63515625,
    3.7125000000000004,
    3.78984375,
    3.8671875,
    3.9445312500000003,
    4.0218750000000005,
    4.09921875,
    4.1765625,
    4.25390625,
    4.33125,
    4.4085937500000005,
    4.4859375,
    4.56328125,
    4.640625,
    4.71796875,
    4.7953125000000005,
    4.87265625,
    4.95
  ],
  "mx_fft_pos": [
    0.0024314531402119476,
    0.003261108577089831,
    0.003915146238167077,
    0.001561684220697374,
    0.0024954092929191326,
    0.005017208289523719,
    0.0048087823277142274,
    0.002589401268185776,
    0.00030466410426847174,
    0.0033633904511637057,
    0.004368004233248706,
    0.0025659961008374253,
    0.002296566903491207,
    0.0026783046154952735,
    0.0016759867457780862,
    0.003165911683225816,
    0.006429345372534925,
    0.00672219962607103,
    0.0021759794194668417,
    0.0027844418071621617,
    0.0033166732842697107,
    0.001552560383264083,
    0.0010716276040615587,
    0.0025409648044325607,
    0.0022094058303369886,
    0.0013337917093456278,
    0.0013919226362647656,
    0.00270999445019771,
    0.0010279198600024774,
    0.0013500002640865324,
    0.0035921828639039017,
    0.004964459982936741,
    0.003825485568278138,
    0.00265047405440617,
    0.0029484706820345073,
    0.002464935639880691,
    0.00251732442510867,
    0.001653009891240466,
    0.0005370892051651464,
    0.0017070296535645218,
    0.0021721047674613764,
    0.0007822250117144116,
    0.0012838412928682333,
    0.0012520042622507297,
    0.0004942129896217721,
    0.0008231598301702731,
    0.00019019019972115804,
    0.0006761062077394748,
    0.0003603689764508356,
    0.0012309285376494194,
    0.0003977030752634317,
    0.000768328092570737,
    0.0005264332917610849,
    0.0005358398944529638,
    0.0005762940012231343,
    0.0004233917071590168,
    0.0005017843690237329,
    0.000536877414517663,
    0.0007138013296613539,
    0.0009161558005026392,
    0.0007218461244567515,
    0.0010159381902648669,
    0.0005223580867289544,
    0.0005982870056579801,
    0.00010546789590980877
  ],
  "my_fft_pos": [
    0.00038568464642297213,
    0.0012673759820673028,
    0.0024850892096716496,
    0.001803132773200939,
    0.0034237226887402997,
    0.006206533294041455,
    0.005889115310480038,
    0.0040618337016930205,
    0.003786749692733418,
    0.0021577422778366966,
    0.0025699263860588365,
    0.005894990781601133,
    0.0042724190232311665,
    0.0011131402192418522,
    0.0002492162777409273,
    0.0019468174820307918,
    0.003582865604778655,
    0.0025592335696776724,
    0.0014820521240060712,
    0.0018189290563838997,
    0.0014095825222833836,
    0.0019825718957313804,
    0.0036098668153389597,
    0.004257270300679958,
    0.0022475861845139907,
    0.002980360334561085,
    0.0028946313347937443,
    0.0013850168621414188,
    0.00270486893971289,
    0.0023490260917061762,
    0.002943312875757244,
    0.003825308774594878,
    0.0017490980085172222,
    0.000948175088366784,
    0.0014022480765969625,
    0.0011508179403708864,
    0.0018629424075176022,
    0.0017116216774893,
    0.001432801385724218,
    0.0015843879668104915,
    0.0005775956051044819,
    0.0013366786168811698,
    0.0012131527554161388,
    0.0005040113213280822,
    0.001233424785914397,
    0.0001792393950297193,
    0.0008587962627114032,
    0.0006095206474229658,
    0.0005059598709989172,
    0.0012527627097913194,
    0.0008616696467638965,
    0.00043773996270168105,
    0.0008230621641758712,
    0.0005174491078043966,
    0.0004106956007573155,
    0.0006131574866024607,
    0.00045955930113879257,
    0.0008605726587528884,
    0.000639153624413556,
    0.0012591588543208376,
    0.0007633840558772495,
    0.001010519510900915,
    0.0010012307968613379,
    0.000824090512525005,
    0.001034157857058442
  ],
  "mz_fft_pos": [
    0.00527979831538327,
    0.0039016250863331443,
    0.0014400030517785125,
    0.0006631966264265271,
    0.0019994065912182077,
    0.003981106850083267,
    0.0055228718309868995,
    0.005405241442036472,
    0.0034743268185773663,
    0.0017378285708801939,
    0.0019869592071674515,
    0.0017802888724505895,
    0.0023775237878700182,
    0.002744931390516349,
    0.001707631315185931,
    0.0003846276748305969,
    0.00028216466094696703,
    0.0012908179827945665,
    0.001294104253223313,
    0.0015113862300807138,
    0.0026286043326596443,
    0.001653278404044622,
    0.0012028690555363874,
    0.0016141877457425454,
    0.0009411874649537444,
    0.002125753429474496,
    0.0011459916669593992,
    0.0015912878269330633,
    0.0027592471853706375,
    0.0013900088714883373,
    0.0014238610792276863,
    0.0017230220251532584,
    0.0008784154381226756,
    0.001153021147490307,
    0.0016326483593331745,
    0.0009838186396842542,
    0.0019342184714305594,
    0.0011327554774480976,
    0.0014452450707805194,
    0.0013363173570882642,
    0.0007306533398396904,
    0.0017029068086000338,
    0.0006227048960473929,
    0.0010308003905245013,
    0.0011636783655823051,
    0.0001354444487872338,
    0.000668433999483405,
    0.0004773835159128993,
    0.0007201260405464011,
    0.0009874813374569174,
    0.0007526467307734728,
    0.0006112732620360793,
    0.0004921208699459755,
    5.4004269090379746e-05,
    0.0003624381824377805,
    0.0005961967524726674,
    0.0009858272114960254,
    0.0008307868251126099,
    0.0010713621297879963,
    0.0010720195770862807,
    0.0006478139304921097,
    0.0007779721437403607,
    0.0001438674008580049,
    0.0006109772957807895,
    0.0008437398051998979
  ],
  "peaks": {
    "mx": {
      "frequencies": [],
      "amplitudes": [],
      "is_harmonic": [],
      "is_incommensurate": [],
      "is_comb_tooth": []
    },
    "my": {
      "frequencies": [],
      "amplitudes": [],
      "is_harmonic": [],
      "is_incommensurate": [],
      "is_comb_tooth": []
    },
    "mz": {
      "frequencies": [],
      "amplitudes": [],
      "is_harmonic": [],
      "is_incommensurate": [],
      "is_comb_tooth": []
    }
  }
}