{
  "positive_frequencies": [
    0.0,
    0.07734375,
    0.1546875,
    0.23203125000000002,
    0.309375,
    0.38671875,
    0.46406250000000004,
    0.54140625,
    0.61875,
    0.6960937500000001,
    0.7734375,
    0.85078125,
    0.9281250000000001,
    1.0054687500000001,
    1.0828125,
    1.16015625,
    1.2375,
    1.31484375,
    1.3921875000000001,
    1.46953125,
    1.546875,
    1.62421875,
    1.7015625,
    1.7789062500000001,
    1.8562500000000002,
    1.93359375,
    2.0109375000000003,
    2.08828125,
    2.165625,
    2.24296875,
    2.3203125,
    2.3976562500000003,
    2.475,
    2.55234375,
    2.6296875,
    2.70703125,
    2.7843750000000003,
    2.86171875,
    2.9390625,
    3.01640625,
    3.09375,
    3.1710937500000003,
    3.2484375,
    3.32578125,
    3.403125,
    3.48046875,
    3.5578125000000003,
    3.63515625,
    3.7125000000000004,
    3.78984375,
    3.8671875,
    3.9445312500000003,
    4.0218750000000005,
    4.09921875,
    4.1765625,
    4.25390625,
    4.33125,
    4.4085937500000005,
    4.4859375,
    4.56328125,
    4.640625,
    4.71796875,
    4.7953125000000005,
    4.87265625,
    4.95
  ],
  "mx_fft_pos": [
    0.03519378141912413,
    0.03237846773061982,
    0.029930886928773832,
    0.02730898879217276,
    0.019096059094077952,
    0.011849631377888397,
    0.007648936304769717,
    0.00655585014986492,
    0.00697721504587974,
    0.006399100994515232,
    0.0042998454347650435,
    0.00601187582551203,
    0.0011975099997215894,
    0.002315893608302453,
    0.0017105753688530059,
    0.005879972772921032,
    0.007878716191174638,
    0.0074396814888863586,
    0.005264191847854247,
    0.002400120337495978,
    0.0012304580408962205,
    0.001492492738054803,
    0.0018495866920317172,
    0.0016801583301129992,
    0.0014344571345170753,
    0.0016349992783567158,
    0.0014213498379023065,
    0.0008065976937712792,
    0.00038073754292918904,
    0.00041848629680866123,
    0.0006491113651998494,
    0.0006724850328717184,
    0.0005864788663802225,
    0.0003675092129808063,
    0.0001358409484583133,
    0.00010871169953959347,
    6.072114565556028e-05,
    0.00010445337038091588,
    8.814693807650666e-05,
    3.763173629852633e-05,
    0.00010032202572749178,
    6.430592115803268e-05,
    7.893203318371878e-05,
    0.00010624494118702668,
    5.725880887629781e-05,
    1.8938805075786887e-05,
    1.6573442319913967e-05,
    3.489679419227179e-05,
    3.135976636203409e-05,
    2.2641152044730493e-05,
    1.585106474566679e-05,
    1.1345181937233634e-05,
    1.650165840093762e-05,
    8.694356803705015e-06,
    3.5618138009220974e-06,
    5.474061438708499e-06,
    1.0791900139274997e-06,
    3.7121292129638478e-06,
    1.298779274021912e-06,
    6.056924375344944e-07,
    8.642697933801552e-07,
    3.70560510656251e-07,
    8.627878534983029e-07,
    8.952216663558788e-07,
    6.420404370910404e-07
  ],
  "my_fft_pos": [
    0.003967236144321493,
    0.004428516060487433,
    0.0016903144385825573,
    0.005000572689990995,
    0.006672343086303637,
    0.0026517301596514814,
    0.006833353955695232,
    0.005620251760250079,
    0.003806976333192499,
    0.010453851172725636,
    0.008928043870268486,
    0.006215245014373364,
    0.003938056905029783,
    0.0012292806612502667,
    0.0013989139648669122,
    0.0027699574865320763,
    0.0033760298226488007,
    0.003283768201007058,
    0.00355408275857603,
    0.003463790045160042,
    0.002507005080310069,
    0.0014949044242044533,
    0.0011191865211572026,
    0.0009756375764688859,
    0.00043935792290105124,
    0.00023928833091816339,
    0.0006952377152342541,
    0.0011140033939047098,
    0.0013109774413159491,
    0.0009695177340658805,
    0.0004411414919838573,
    0.00019049931521631654,
    0.000659666350233788,
    0.0006157065319103469,
    0.00038588818567184116,
    0.000334065474105124,
    0.0003709225322185356,
    0.0002477832869696877,
    4.0442994363501285e-05,
    0.00018774489607095853,
    0.00015694667818976388,
    0.00012962404651744872,
    0.0001256190734703807,
    6.171838069326059e-05,
    1.4990548610615397e-05,
    3.087733779152978e-05,
    9.420013476358446e-06,
    3.161714765474352e-05,
    3.4197689745406506e-05,
    1.833066045853816e-05,
    2.532150263814823e-05,
    1.1284873251121109e-05,
    2.5494226448851864e-06,
    5.8435625570597385e-06,
    1.0119200601688614e-05,
    2.4320204060585337e-06,
    2.5933331038024643e-06,
    1.917918024001361e-06,
    2.340656398241434e-06,
    1.451505734640442e-06,
    1.8488795167825793e-06,
    1.8165343593573241e-06,
    1.7573357808689132e-06,
    6.467741688895978e-07,
    5.249267815277125e-07
  ],
  "mz_fft_pos": [
    0.006774792042601556,
    0.009820285310737382,
    0.010420200912004898,
    0.008294299173417256,
    0.009817412242644267,
    0.013807635515238342,
    0.015355909887686602,
    0.008478081568058106,
    0.0027819025145893878,
    0.002747885434181652,
    0.00438972807309113,
    0.0037804584417061218,
    0.0024591770192103142,
    0.0010762244434108044,
    0.0022568051202520325,
    0.0044021230382145496,
    0.002429880928419906,
    0.000528348033892181,
    0.0013894310400303616,
    0.0013446956478534546,
    0.0005260795504373791,
    0.001139601362477737,
    0.0012071732737556685,
    0.0022923020022510214,
    0.002417565426633342,
    0.0015286641990874394,
    0.0007940632222453768,
    0.0012431059098773694,
    0.0011377490542534843,
    0.00044285286628141166,
    0.0004191581367268256,
    0.0001715909575624062,
    0.0003242438882377302,
    0.0002819120369824552,
    0.0002437421383304131,
    0.00010104285735496819,
    0.00018820734700003908,
    0.0002041963732668298,
    0.00017504139776989322,
    0.0002453119452295696,
    0.00014729588080628764,
    7.577983364392479e-05,
    7.31814635181603e-05,
    5.022263592041996e-05,
    2.5272588856599954e-05,
    5.402559150747787e-06,
    5.3485972509842674e-06,
    8.57057707181743e-06,
    9.65555648462229e-06,
    1.6175474959685496e-06,
    6.6818350599302424e-06,
    1.1108262027052194e-05,
    9.539029743728456e-06,
    3.515539228276011e-06,
    1.6442677757248306e-06,
    1.4635362206158204e-06,
    1.338899746068921e-06,
    1.5876485226247894e-06,
    1.8967521893027341e-06,
    1.2337601416158934e-06,
    1.2841330636110295e-06,
    1.2738079286730506e-06,
    1.1443391528904012e-06,
    1.2805751592526505e-06,
    6.321431777273067e-07
  ]
}