{
  "positive_frequencies": [
    0.0,
    0.07734375,
    0.1546875,
    0.23203125000000002,
    0.309375,
    0.38671875,
    0.46406250000000004,
    0.54140625,
    0.61875,
    0.6960937500000001,
    0.7734375,
    0.85078125,
    0.9281250000000001,
    1.0054687500000001,
    1.0828125,
    1.16015625,
    1.2375,
    1.31484375,
    1.3921875000000001,
    1.46953125,
    1.546875,
    1.62421875,
    1.7015625,
    1.7789062500000001,
    1.8562500000000002,
    1.93359375,
    2.0109375000000003,
    2.08828125,
    2.165625,
    2.24296875,
    2.3203125,
    2.3976562500000003,
    2.475,
    2.55234375,
    2.6296875,
    2.70703125,
    2.7843750000000003,
    2.86171875,
    2.9390625,
    3.01640625,
    3.09375,
    3.1710937500000003,
    3.2484375,
    3.32578125,
    3.403125,
    3.48046875,
    3.5578125000000003,
    3.63515625,
    3.7125000000000004,
    3.78984375,
    3.8671875,
    3.9445312500000003,
    4.0218750000000005,
    4.09921875,
    4.1765625,
    4.25390625,
    4.33125,
    4.4085937500000005,
    4.4859375,
    4.56328125,
    4.640625,
    4.71796875,
    4.7953125000000005,
    4.87265625,
    4.95
  ],
  "mx_fft_pos": [
    0.0743136260530348,
    0.08204009191324961,
    0.084570642455678,
    0.062354684312066144,
    0.026751018801331208,
    0.007925806187367476,
    0.036949356735769635,
    0.047781962486418285,
    0.044878871874635316,
    0.048022725252360086,
    0.04856513804834261,
    0.048081328966474615,
    0.05470851140271708,
    0.04425883903810683,
    0.011022445223716587,
    0.04264054913147119,
    0.04006480386705388,
    0.004999781876693341,
    0.02432580045392926,
    0.017543663973335972,
    0.0028103500761984357,
    0.010798337651756175,
    0.024772378412492344,
    0.03951207876764329,
    0.045565373859268954,
    0.034283210201238055,
    0.017492858501128507,
    0.009158849830235079,
    0.009253834063245746,
    0.006488476716970336,
    0.01598053617582587,
    0.018620711103964273,
    0.011808988862613827,
    0.010897986453482285,
    0.012142904339903332,
    0.0055042310194073265,
    0.0009880875592464702,
    0.002640118933125828,
    0.007392485528220825,
    0.009275331308239656,
    0.006032717332956406,
    0.002112651232392505,
    0.002065770051372931,
    0.003100342574424891,
    0.002258451489682416,
    0.0005836856993921761,
    0.0007892809636828688,
    0.0034901035431297005,
    0.003777090508738403,
    0.0008967422588922497,
    0.0014135356910580058,
    0.0026553183470454937,
    0.002007500215775883,
    0.0010032778153499196,
    0.0012679720420215044,
    0.0008267418745275132,
    0.0004844864598496851,
    0.0005946759264959857,
    0.0003859161876001036,
    0.0005573058195367986,
    0.00019144054723407546,
    0.0004891655984949701,
    0.00037559215323628494,
    0.00019523219964712082,
    0.0004949756040218833
  ],
  "my_fft_pos": [
    0.030030465092591795,
    0.0477428024732229,
    0.05285319391996051,
    0.036394216300748995,
    0.02605706527021633,
    0.025350524047868635,
    0.02705955593019547,
    0.0318745343863959,
    0.036547204474875084,
    0.03286525136968747,
    0.030690301855467048,
    0.0349113261447016,
    0.03067537778509961,
    0.03357561866166491,
    0.050611105376255565,
    0.05510629709279273,
    0.02945358481704742,
    0.017602031358148026,
    0.03204359936295981,
    0.032232850574649884,
    0.020631830329006173,
    0.03147396570603633,
    0.034562110283510895,
    0.02679485762014651,
    0.006585967474277673,
    0.016778052353346673,
    0.022468360880973374,
    0.01942713816878719,
    0.019225863753496265,
    0.021810694487903695,
    0.020304959484352132,
    0.012660678924272752,
    0.008436687740520364,
    0.005625478765967411,
    0.006865950993580439,
    0.005934228718627598,
    0.012876813314187463,
    0.010578747893399982,
    0.006261491353664284,
    0.008521400373077843,
    0.006266359637067331,
    0.004525920014933908,
    0.003994286381649239,
    0.007136942492693414,
    0.008538620503329888,
    0.00468969470736944,
    0.0014117241742710453,
    0.001303652295555408,
    0.0018474021706421683,
    0.0011418321739631353,
    0.002201320690561307,
    0.0017733348602219851,
    0.0002913218416165194,
    0.0009282751392088554,
    0.0001700096391733664,
    0.0002399910763658861,
    0.001609751586030898,
    0.0011095759494516202,
    0.0009124036196167369,
    0.0004491476039077124,
    0.00020887075058165645,
    0.00042367818556129553,
    0.00037311852771359496,
    0.0004469344332264834,
    7.868497593199741e-05
  ],
  "mz_fft_pos": [
    0.00944580747978258,
    0.021623525946481842,
    0.03572552928681899,
    0.039074455134233126,
    0.02501768898773098,
    0.026708242546292834,
    0.06835201258502002,
    0.04996167305520678,
    0.031815733036069146,
    0.07535346927774463,
    0.06291753757398405,
    0.027739212927822714,
    0.031660276231787354,
    0.007015131600019786,
    0.025535302605156955,
    0.01827843831519566,
    0.02378967577621403,
    0.03612832282408911,
    0.028465544248979447,
    0.01766827706276418,
    0.016119854855518437,
    0.028184352421296865,
    0.03366002900644256,
    0.030017002444292677,
    0.0269627414247371,
    0.026098344912745527,
    0.018017820638362807,
    0.011997994464220545,
    0.009259039783513865,
    0.005531150313611167,
    0.012746877573162537,
    0.014115086527601205,
    0.01165966466894374,
    0.010817268781441158,
    0.009869861199178778,
    0.008841682003974886,
    0.003444096532775753,
    0.005841916287728444,
    0.005867216172299865,
    0.005499930473413155,
    0.0034133091122126057,
    0.0017526165570216782,
    0.0041500652713971535,
    0.0020749816010633046,
    0.0005583462255746088,
    0.0014814821426501659,
    0.0015206297001194302,
    0.0007356065265060534,
    0.00048166335140841757,
    0.0003789275141931141,
    0.000770118639326787,
    0.0004035428864218879,
    0.0008907532246933856,
    0.00045627096058355643,
    0.00034156624071881366,
    0.00042409149509501726,
    0.0003286445536446102,
    0.00021187440937738103,
    0.00013323729956472044,
    8.531456397164082e-05,
    2.9687776011238028e-05,
    1.7837956126406065e-05,
    8.93027388320803e-06,
    7.517972250071435e-07,
    1.4889802244510975e-08
  ]
}