{
  "positive_frequencies": [
    0.0,
    0.07734375,
    0.1546875,
    0.23203125000000002,
    0.309375,
    0.38671875,
    0.46406250000000004,
    0.54140625,
    0.61875,
    0.6960937500000001,
    0.7734375,
    0.85078125,
    0.9281250000000001,
    1.0054687500000001,
    1.0828125,
    1.16015625,
    1.2375,
    1.31484375,
    1.3921875000000001,
    1.46953125,
    1.546875,
    1.62421875,
    1.7015625,
    1.7789062500000001,
    1.8562500000000002,
    1.93359375,
    2.0109375000000003,
    2.08828125,
    2.165625,
    2.24296875,
    2.3203125,
    2.3976562500000003,
    2.475,
    2.55234375,
    2.6296875,
    2.70703125,
    2.7843750000000003,
    2.86171875,
    2.9390625,
    3.01640625,
    3.09375,
    3.1710937500000003,
    3.2484375,
    3.32578125,
    3.403125,
    3.48046875,
    3.5578125000000003,
    3.63515625,
    3.7125000000000004,
    3.78984375,
    3.8671875,
    3.9445312500000003,
    4.0218750000000005,
    4.09921875,
    4.1765625,
    4.25390625,
    4.33125,
    4.4085937500000005,
    4.4859375,
    4.56328125,
    4.640625,
    4.71796875,
    4.7953125000000005,
    4.87265625,
    4.95
  ],
  "mx_fft_pos": [
    0.07431362605303482,
    0.08204009191324958,
    0.08457064245567798,
    0.06235468431206612,
    0.026751018801331208,
    0.007925806187367478,
    0.03694935673576964,
    0.04778196248641829,
    0.04487887187463532,
    0.048022725252360086,
    0.04856513804834261,
    0.048081328966474615,
    0.05470851140271708,
    0.04425883903810683,
    0.011022445223716601,
    0.0426405491314712,
    0.040064803867053876,
    0.004999781876693337,
    0.024325800453929243,
    0.01754366397333596,
    0.002810350076198433,
    0.010798337651756175,
    0.02477237841249234,
    0.03951207876764328,
    0.04556537385926896,
    0.034283210201238055,
    0.017492858501128514,
    0.009158849830235087,
    0.009253834063245757,
    0.006488476716970333,
    0.015980536175825864,
    0.018620711103964266,
    0.011808988862613818,
    0.010897986453482285,
    0.012142904339903329,
    0.005504231019407328,
    0.0009880875592464685,
    0.002640118933125829,
    0.007392485528220824,
    0.00927533130823966,
    0.006032717332956411,
    0.0021126512323925107,
    0.0020657700513729295,
    0.0031003425744248947,
    0.0022584514896824117,
    0.0005836856993921744,
    0.0007892809636828695,
    0.003490103543129702,
    0.003777090508738404,
    0.0008967422588922513,
    0.0014135356910580028,
    0.002655318347045481,
    0.002007500215775872,
    0.0010032778153499196,
    0.0012679720420214968,
    0.0008267418745275254,
    0.00048448645984968807,
    0.0005946759264959907,
    0.00038591618760010264,
    0.0005573058195367936,
    0.00019144054723407793,
    0.0004891655984949793,
    0.00037559215323628917,
    0.00019523219964711445,
    0.0004949756040218967
  ],
  "my_fft_pos": [
    0.030030465092591784,
    0.0477428024732229,
    0.05285319391996053,
    0.036394216300749,
    0.026057065270216322,
    0.02535052404786864,
    0.02705955593019547,
    0.0318745343863959,
    0.03654720447487507,
    0.032865251369687466,
    0.030690301855467034,
    0.03491132614470161,
    0.030675377785099604,
    0.0335756186616649,
    0.05061110537625558,
    0.05510629709279273,
    0.029453584817047424,
    0.017602031358148022,
    0.032043599362959814,
    0.03223285057464989,
    0.020631830329006184,
    0.031473965706036326,
    0.03456211028351091,
    0.026794857620146516,
    0.006585967474277674,
    0.016778052353346676,
    0.022468360880973374,
    0.019427138168787186,
    0.01922586375349626,
    0.021810694487903702,
    0.020304959484352132,
    0.012660678924272735,
    0.008436687740520359,
    0.005625478765967393,
    0.006865950993580437,
    0.005934228718627588,
    0.012876813314187456,
    0.010578747893399987,
    0.006261491353664287,
    0.008521400373077841,
    0.006266359637067332,
    0.004525920014933914,
    0.003994286381649241,
    0.007136942492693411,
    0.008538620503329887,
    0.0046896947073694385,
    0.0014117241742710482,
    0.0013036522955554145,
    0.001847402170642172,
    0.0011418321739631381,
    0.0022013206905613174,
    0.0017733348602219784,
    0.00029132184161653247,
    0.0009282751392088606,
    0.00017000963917335266,
    0.00023999107636588424,
    0.001609751586030898,
    0.0011095759494516267,
    0.0009124036196167375,
    0.00044914760390771274,
    0.0002088707505816549,
    0.0004236781855612923,
    0.0003731185277135923,
    0.00044693443322647527,
    7.868497593199741e-05
  ],
  "mz_fft_pos": [
    0.009445807479782575,
    0.02162352594648185,
    0.03572552928681899,
    0.039074455134233126,
    0.025017688987730997,
    0.02670824254629283,
    0.06835201258502001,
    0.04996167305520677,
    0.03181573303606913,
    0.07535346927774463,
    0.06291753757398405,
    0.027739212927822714,
    0.031660276231787354,
    0.007015131600019784,
    0.02553530260515696,
    0.018278438315195666,
    0.023789675776214044,
    0.03612832282408912,
    0.028465544248979444,
    0.017668277062764172,
    0.016119854855518423,
    0.028184352421296865,
    0.03366002900644258,
    0.030017002444292683,
    0.02696274142473711,
    0.02609834491274554,
    0.01801782063836282,
    0.011997994464220531,
    0.009259039783513867,
    0.005531150313611173,
    0.01274687757316254,
    0.014115086527601206,
    0.011659664668943743,
    0.010817268781441148,
    0.009869861199178775,
    0.008841682003974888,
    0.0034440965327757617,
    0.00584191628772844,
    0.0058672161722998694,
    0.005499930473413166,
    0.0034133091122126036,
    0.001752616557021673,
    0.004150065271397154,
    0.00207498160106331,
    0.0005583462255746135,
    0.0014814821426501748,
    0.00152062970011943,
    0.0007356065265060453,
    0.0004816633514083989,
    0.0003789275141931385,
    0.0007701186393268057,
    0.0004035428864218836,
    0.0008907532246933794,
    0.0004562709605835526,
    0.00034156624071880753,
    0.00042409149509500707,
    0.0003286445536446178,
    0.00021187440937738792,
    0.00013323729956471215,
    8.531456397162921e-05,
    2.9687776011230103e-05,
    1.7837956126402253e-05,
    8.930273883214774e-06,
    7.517972250145674e-07,
    1.4889802239514972e-08
  ]
}