{
  "metadata": {
    "circuit_type": "penrose",
    "qubits": 8,
    "shots": 8192,
    "drive_steps": 5,
    "time_points": 100,
    "max_time": 10.0,
    "drive_param": 0.9,
    "init_state": "superposition",
    "drive_frequency": 0.1,
    "has_subharmonics": false,
    "time_crystal_detected": false,
    "incommensurate_count": 0,
    "linear_combs_detected": false,
    "log_combs_detected": false,
    "created_at": "2025-05-17 22:09:03",
    "sweep_session": null,
    "sweep_index": null,
    "sweep_param1": null,
    "sweep_value1": null,
    "sweep_param2": null,
    "sweep_value2": null
  },
  "positive_frequencies": [
    0.0,
    0.07734375,
    0.1546875,
    0.23203125000000002,
    0.309375,
    0.38671875,
    0.46406250000000004,
    0.54140625,
    0.61875,
    0.6960937500000001,
    0.7734375,
    0.85078125,
    0.9281250000000001,
    1.0054687500000001,
    1.0828125,
    1.16015625,
    1.2375,
    1.31484375,
    1.3921875000000001,
    1.46953125,
    1.546875,
    1.62421875,
    1.7015625,
    1.7789062500000001,
    1.8562500000000002,
    1.93359375,
    2.0109375000000003,
    2.08828125,
    2.165625,
    2.24296875,
    2.3203125,
    2.3976562500000003,
    2.475,
    2.55234375,
    2.6296875,
    2.70703125,
    2.7843750000000003,
    2.86171875,
    2.9390625,
    3.01640625,
    3.09375,
    3.1710937500000003,
    3.2484375,
    3.32578125,
    3.403125,
    3.48046875,
    3.5578125000000003,
    3.63515625,
    3.7125000000000004,
    3.78984375,
    3.8671875,
    3.9445312500000003,
    4.0218750000000005,
    4.09921875,
    4.1765625,
    4.25390625,
    4.33125,
    4.4085937500000005,
    4.4859375,
    4.56328125,
    4.640625,
    4.71796875,
    4.7953125000000005,
    4.87265625,
    4.95
  ],
  "mx_fft_pos": [
    0.0030375939129675266,
    0.003125568384521063,
    0.0025459373303190216,
    0.005933803892700515,
    0.00943769929743247,
    0.009229870579803309,
    0.005558206628068705,
    0.0030586141577530414,
    0.009264357162701777,
    0.009293374583235571,
    0.007705857791374162,
    0.00447408056750351,
    0.004267028490661023,
    0.0052941673506301775,
    0.0032193945331519787,
    0.002451534097077941,
    0.004773164348762877,
    0.005606647687051647,
    0.004666465654371928,
    0.004409480494175692,
    0.0027283906285386333,
    0.0018038170337947924,
    0.002452741621395878,
    0.0014419499704736995,
    0.0009224968639121437,
    0.0007135054069239162,
    0.0003930524938410373,
    0.00030383758380201384,
    0.000500987573453114,
    0.0010208683067284398,
    0.0011733957087594856,
    0.0013522487746424042,
    0.0010438622481569481,
    0.0015593156137197661,
    0.0012580572742612011,
    0.0006466101961045071,
    0.001153888331999888,
    0.0017221640826484625,
    0.0018057094683603015,
    0.0010986458941900003,
    0.0009042107738510656,
    0.0012863083159338736,
    0.0009856519677064713,
    0.0005035944102370124,
    0.0006827291180337197,
    0.0004061481104101066,
    0.00014546676463005572,
    0.0002703563502693469,
    0.00020587938839369295,
    0.00026767265972771776,
    0.0002676180045696675,
    0.0002489159995533816,
    0.0002086752739431429,
    0.00018825923775621538,
    7.216340655704337e-05,
    0.00014243559072403268,
    4.526348576502378e-05,
    0.0001273958011890933,
    5.119219772421242e-05,
    4.5463209364170736e-05,
    2.3062484695695303e-05,
    4.480246288909388e-05,
    7.886335099492045e-05,
    7.074985148636264e-05,
    2.2377219200655497e-05
  ],
  "my_fft_pos": [
    0.004848183678834831,
    0.0011742199209571656,
    0.006800720387851786,
    0.010688048886854502,
    0.010064758250723276,
    0.0018045593684506186,
    0.007919810643303691,
    0.009830188576117073,
    0.008997457391599663,
    0.007148392397873604,
    0.0055895721058544815,
    0.007863541912700955,
    0.007599133028501047,
    0.0031328788048186314,
    0.0017736703564210548,
    0.004350006491977849,
    0.003843106795492031,
    0.0047714667529941196,
    0.0057738025386672,
    0.0024982564895890207,
    0.0018131981849180668,
    0.004142701099361195,
    0.004528094109412965,
    0.0032633374288295876,
    0.0026164168315551445,
    0.003573630774170038,
    0.003987944819274989,
    0.0033429123975325017,
    0.0013277117383965447,
    0.0011541294683914938,
    0.0010134730221968984,
    0.0003495707095387937,
    0.0016254576018083788,
    0.002609769875674509,
    0.001888291564037561,
    0.0006452253000947267,
    0.0010216604810394016,
    0.0014400829607627574,
    0.0008111969331504206,
    0.00039648776653197006,
    0.0008657861985113123,
    0.0007245327489144682,
    0.0006721834657162207,
    0.0007140935367586753,
    0.0003352451229374059,
    0.0005185013630831755,
    0.0005710463846883217,
    0.00023919108372909048,
    0.00011939693579899902,
    0.0003928681507114156,
    0.00045230624125462975,
    0.0001625788169905943,
    0.0003686938712255702,
    0.00029735136264987894,
    0.0003274150822750563,
    0.00019377528796128395,
    0.0001957724675438588,
    8.238986001300432e-05,
    0.00011362285901615537,
    0.0001539461568217297,
    0.00014128224886407521,
    0.00010479367599788061,
    0.00010946699273336578,
    6.062630875748529e-05,
    0.00014157388736999731
  ],
  "mz_fft_pos": [
    0.0075082426542252435,
    0.007966386602052285,
    0.0067199083988296925,
    0.004076306135320325,
    0.0018099744809128469,
    0.0020209526495345866,
    0.0032429336852339862,
    0.006360289958249993,
    0.0068891612826569686,
    0.004739698978333277,
    0.0024978439744800436,
    0.005010059416019277,
    0.004616996103395258,
    0.003759554706801974,
    0.0030523714620769955,
    0.002516611342227285,
    0.005192728192908182,
    0.005303567064237187,
    0.003929295605860756,
    0.0034769686297760577,
    0.0025157697951231034,
    0.0009769265844479283,
    0.00201145850331582,
    0.00277188116059081,
    0.0015246605123841255,
    0.0012680806207548648,
    0.0014163751147864782,
    0.0018389647405487395,
    0.0026665075680894854,
    0.00204990934129084,
    0.00136483319769714,
    0.0016806784720974893,
    0.0010417575842732159,
    0.0003188122189101692,
    0.0003840577083505721,
    0.0011774639861761719,
    0.0010580594835013528,
    0.00034737284718239713,
    0.0008345660712675744,
    0.001350307911037895,
    0.0015220321349661368,
    0.0007418197136471444,
    0.0008822364160785311,
    0.0020779984702875955,
    0.0018646892164362347,
    0.0007793946854383406,
    0.0007054417942128914,
    0.0008101313958578998,
    0.00043236490436591134,
    0.00011094143257571634,
    5.103183487043664e-05,
    0.0002425159602527256,
    0.0003825772216715802,
    0.00038727992100521136,
    0.00019399533578480822,
    0.00012872318972755088,
    0.00015776576237530035,
    0.0001710859721086286,
    0.0003084084592480277,
    0.00015525678105515533,
    2.039813550730001e-05,
    2.2866449315440873e-05,
    7.35474599966381e-05,
    8.983949206442888e-05,
    9.638101489741147e-05
  ],
  "peaks": {
    "mx": {
      "frequencies": [],
      "amplitudes": [],
      "is_harmonic": [],
      "is_incommensurate": [],
      "is_comb_tooth": []
    },
    "my": {
      "frequencies": [],
      "amplitudes": [],
      "is_harmonic": [],
      "is_incommensurate": [],
      "is_comb_tooth": []
    },
    "mz": {
      "frequencies": [],
      "amplitudes": [],
      "is_harmonic": [],
      "is_incommensurate": [],
      "is_comb_tooth": []
    }
  }
}