{
  "times": [
    0.0,
    0.10101010101010101,
    0.20202020202020202,
    0.30303030303030304,
    0.40404040404040403,
    0.5050505050505051,
    0.6060606060606061,
    0.7070707070707071,
    0.8080808080808081,
    0.9090909090909091,
    1.0101010101010102,
    1.1111111111111112,
    1.2121212121212122,
    1.3131313131313131,
    1.4141414141414141,
    1.5151515151515151,
    1.6161616161616161,
    1.7171717171717171,
    1.8181818181818181,
    1.9191919191919191,
    2.0202020202020203,
    2.121212121212121,
    2.2222222222222223,
    2.323232323232323,
    2.4242424242424243,
    2.525252525252525,
    2.6262626262626263,
    2.727272727272727,
    2.8282828282828283,
    2.929292929292929,
    3.0303030303030303,
    3.131313131313131,
    3.2323232323232323,
    3.3333333333333335,
    3.4343434343434343,
    3.5353535353535355,
    3.6363636363636362,
    3.7373737373737375,
    3.8383838383838382,
    3.9393939393939394,
    4.040404040404041,
    4.141414141414141,
    4.242424242424242,
    4.343434343434343,
    4.444444444444445,
    4.545454545454545,
    4.646464646464646,
    4.747474747474747,
    4.848484848484849,
    4.94949494949495,
    5.05050505050505,
    5.151515151515151,
    5.252525252525253,
    5.353535353535354,
    5.454545454545454,
    5.555555555555555,
    5.656565656565657,
    5.757575757575758,
    5.858585858585858,
    5.959595959595959,
    6.0606060606060606,
    6.161616161616162,
    6.262626262626262,
    6.363636363636363,
    6.4646464646464645,
    6.565656565656566,
    6.666666666666667,
    6.767676767676767,
    6.8686868686868685,
    6.96969696969697,
    7.070707070707071,
    7.171717171717171,
    7.2727272727272725,
    7.373737373737374,
    7.474747474747475,
    7.575757575757575,
    7.6767676767676765,
    7.777777777777778,
    7.878787878787879,
    7.979797979797979,
    8.080808080808081,
    8.181818181818182,
    8.282828282828282,
    8.383838383838384,
    8.484848484848484,
    8.585858585858587,
    8.686868686868687,
    8.787878787878787,
    8.88888888888889,
    8.98989898989899,
    9.09090909090909,
    9.191919191919192,
    9.292929292929292,
    9.393939393939394,
    9.494949494949495,
    9.595959595959595,
    9.696969696969697,
    9.797979797979798,
    9.8989898989899,
    10.0
  ],
  "mx": [
    1.0,
    0.7980508702458815,
    0.3960510167169811,
    0.1795487008675507,
    0.25127837619451865,
    0.36374019368555527,
    0.35090363889202464,
    0.2930039864418364,
    0.27609740231631025,
    0.25921526261384514,
    0.16708247773682197,
    0.020413679265994633,
    -0.1139805448701073,
    -0.23980340848075452,
    -0.36947616567502517,
    -0.43962845596138095,
    -0.3855423573371975,
    -0.23822883198366304,
    -0.07231074414433127,
    0.059353985941866444,
    0.08995301372961402,
    -0.01901150388945218,
    -0.1721281932759502,
    -0.21737625099316985,
    -0.12749261775488377,
    -0.019690196026764265,
    -0.01571721248047787,
    -0.09435083704972907,
    -0.10866231580214673,
    0.008811720685191963,
    0.1497852134226136,
    0.17922519361807318,
    0.08643987975246474,
    -0.031400986646517005,
    -0.08064747389917164,
    -0.042604477282186935,
    0.04771004325475073,
    0.15397349601666968,
    0.2528069003881314,
    0.3229973524853987,
    0.34115722949068045,
    0.2842389404341327,
    0.15634823639597809,
    0.021736117597533546,
    -0.046926049906424745,
    -0.05703430687361555,
    -0.05928626351463021,
    -0.057302665336331306,
    -0.029554739579204913,
    0.012304238728170436,
    0.044109390292315996,
    0.06845100972314287,
    0.09140170623039053,
    0.0815754043934865,
    0.0053578266128964476,
    -0.10460840332514997,
    -0.17982992504086384,
    -0.1955380403262498,
    -0.16519213557721266,
    -0.10386885604040179,
    -0.03480219683575501,
    0.008287071072451671,
    0.005940926015635034,
    -0.02409567174339361,
    -0.03409941031008962,
    0.004708680478038056,
    0.06106728022254556,
    0.08109740049550014,
    0.05907893595141201,
    0.023134613696819895,
    -0.030536293037939338,
    -0.12078618163835712,
    -0.21725781214322348,
    -0.26407479364764647,
    -0.26401691457309673,
    -0.2662180868458817,
    -0.2461765165753271,
    -0.13216153304694642,
    -0.008631350728328158,
    -0.025780150278480365,
    -0.12476991711683712,
    -0.16358003960834044,
    -0.10726768931526472,
    0.0473522616404334,
    0.24092308452487354,
    0.3267303689226388,
    0.2724173464471031,
    0.19965421501807457,
    0.17465503134495272,
    0.1594594263497309,
    0.14325552929818505,
    0.1502620336741338,
    0.1573326240778822,
    0.10657077761117262,
    0.007254175625768221,
    -0.03719290640940768,
    0.017676259770103415,
    0.10665013878970205,
    0.1789149148162703,
    0.21146488152165208
  ],
  "my": [
    0.0,
    0.3969514680211675,
    0.4226633088706035,
    0.11720617838738186,
    -0.13795130929164628,
    -0.1450563025860012,
    -0.04626322284323123,
    0.0276100791461369,
    0.0751781652412196,
    0.08449697725114848,
    0.035742980892083165,
    -0.025061580083617103,
    -0.01964062246437052,
    0.076252918329627,
    0.21460169880738347,
    0.30075844769307897,
    0.2609704778374671,
    0.12265274268415133,
    -0.0055989742741077335,
    -0.032890770407806226,
    0.032526101609327195,
    0.1011360196811197,
    0.11204613966995357,
    0.08483750847463427,
    0.06378556762580088,
    0.06740587254470347,
    0.06940094259426677,
    0.021840442493817742,
    -0.06207337428853658,
    -0.11157518181359531,
    -0.09705693156518395,
    -0.042163264930591415,
    0.030375334645996472,
    0.10626544004011414,
    0.166887923418618,
    0.19742764412172198,
    0.1994573206992768,
    0.19052773715605556,
    0.18948284412338764,
    0.19440576484985053,
    0.16930958320526954,
    0.06959488737394882,
    -0.08855497330540547,
    -0.20002174878393078,
    -0.1686611448410736,
    -0.02284308193140337,
    0.12218610140558718,
    0.18826224995402577,
    0.1770068015694605,
    0.13506114802650174,
    0.1143292036804595,
    0.13439153248415872,
    0.1665455520052838,
    0.18123616867667847,
    0.2020682323225745,
    0.26869979592254484,
    0.3617658486855125,
    0.40076881772406603,
    0.31121464951865047,
    0.10640827409683667,
    -0.09346850120515637,
    -0.16217478668588733,
    -0.08769680934764462,
    0.03544531232466164,
    0.11913116326968161,
    0.15728034916819697,
    0.1913589784877995,
    0.22726834281928923,
    0.2139789501016384,
    0.12161423379503265,
    0.015418738808717433,
    -0.008852091349491423,
    0.05756985581818027,
    0.14962370579282547,
    0.20987516850645735,
    0.20052494463471815,
    0.1072740464634645,
    0.001513924997382866,
    -0.0013523007355362205,
    0.08036770381665286,
    0.12246402445633071,
    0.0913687945326123,
    0.02919811329418907,
    -0.035070467432086805,
    -0.0781767884647216,
    -0.10379430564057475,
    -0.1186102994000852,
    -0.08722574035354853,
    -0.017238112731975803,
    0.014974423368604875,
    0.005379073430075061,
    0.02555209459215523,
    0.06565919217660865,
    0.06860234586553883,
    0.06234169067031312,
    0.0874036234216881,
    0.11328899284453026,
    0.11001328766728848,
    0.07257500261296086,
    -0.005638471368989577
  ],