{
  "positive_frequencies": [
    0.0,
    0.07734375,
    0.1546875,
    0.23203125000000002,
    0.309375,
    0.38671875,
    0.46406250000000004,
    0.54140625,
    0.61875,
    0.6960937500000001,
    0.7734375,
    0.85078125,
    0.9281250000000001,
    1.0054687500000001,
    1.0828125,
    1.16015625,
    1.2375,
    1.31484375,
    1.3921875000000001,
    1.46953125,
    1.546875,
    1.62421875,
    1.7015625,
    1.7789062500000001,
    1.8562500000000002,
    1.93359375,
    2.0109375000000003,
    2.08828125,
    2.165625,
    2.24296875,
    2.3203125,
    2.3976562500000003,
    2.475,
    2.55234375,
    2.6296875,
    2.70703125,
    2.7843750000000003,
    2.86171875,
    2.9390625,
    3.01640625,
    3.09375,
    3.1710937500000003,
    3.2484375,
    3.32578125,
    3.403125,
    3.48046875,
    3.5578125000000003,
    3.63515625,
    3.7125000000000004,
    3.78984375,
    3.8671875,
    3.9445312500000003,
    4.0218750000000005,
    4.09921875,
    4.1765625,
    4.25390625,
    4.33125,
    4.4085937500000005,
    4.4859375,
    4.56328125,
    4.640625,
    4.71796875,
    4.7953125000000005,
    4.87265625,
    4.95
  ],
  "mx_fft_pos": [
    0.00442908545937636,
    0.01924121871125679,
    0.04655351856284049,
    0.04243441706796032,
    0.028896033379857276,
    0.03674024426498348,
    0.025928587996145596,
    0.008199037967779389,
    0.030726902578537094,
    0.03833267422342661,
    0.032163978405890976,
    0.03702638121755482,
    0.03811263599684245,
    0.038573812771812446,
    0.025200944925009693,
    0.005426979895798023,
    0.013371744422126679,
    0.019179497840555393,
    0.017515773760486436,
    0.01709323860026529,
    0.008870448696942842,
    0.009115473906667703,
    0.01260545484681947,
    0.006946820006239684,
    0.011320814627819626,
    0.007047570169883812,
    0.007612211428067105,
    0.005569552653471248,
    0.0029396849659280738,
    0.00447358417265287,
    0.002675470648476044,
    0.004032543250923814,
    0.0039673547570331655,
    0.001103931309609572,
    0.0008329660215556413,
    0.0018529840321478092,
    0.0018330987917687777,
    0.000646861580672261,
    0.0005900845434475162,
    0.0005059170879982914,
    0.0004902789775574052,
    0.00028614761684647206,
    0.0006725636401296919,
    0.00030539236815222895,
    0.00014043773730265872,
    0.00011537030493584506,
    0.00013197706881314854,
    0.00015079232185807563,
    2.921529890497764e-05,
    5.158221323030901e-05,
    2.4264470604694177e-05,
    1.5489760395820467e-05,
    2.4327051341602068e-05,
    1.0098899952475222e-05,
    1.399312622293975e-05,
    4.926935737771869e-06,
    1.363544828575265e-06,
    3.762883657552555e-06,
    1.1498578336970643e-06,
    3.3593029809546374e-06,
    1.1843856446036093e-06,
    9.77424160752821e-07,
    5.996512624152495e-07,
    4.991391753535092e-07,
    1.0199994737114527e-07
  ],
  "my_fft_pos": [
    0.09473507454020556,
    0.07314606273915698,
    0.03730483513138164,
    0.01999076299947881,
    0.00984509662019154,
    0.014909046109722612,
    0.03773934800128042,
    0.04911129912924502,
    0.04332331111809122,
    0.0327313845116792,
    0.012619669835471536,
    0.01849447969904498,
    0.04022655624523477,
    0.04200262107645236,
    0.03673726546248642,
    0.04024041679618417,
    0.031911429586245633,
    0.009968798909736832,
    0.0036772023368592368,
    0.010161209413726044,
    0.010748038997726014,
    0.018321075497781135,
    0.021138467893729147,
    0.017251590670106585,
    0.016678014435349796,
    0.01036338090538538,
    0.0020269618646169716,
    0.0024158057836164448,
    0.003110596402307645,
    0.0029628542096601256,
    0.002346599876731653,
    0.0012002310521674279,
    0.000586081002957945,
    0.0015974427684425413,
    0.0015377045055398318,
    0.0007954753368963663,
    0.0004949576161586874,
    0.0010717140586821471,
    0.000704790488227028,
    0.0006254599795309744,
    0.0002997842754937138,
    0.00014074323277211674,
    0.00033037369073601164,
    1.4130027595653007e-05,
    0.000220621250260899,
    6.026455353954063e-05,
    5.858304809251835e-05,
    4.760724753992266e-05,
    5.352107856831705e-05,
    6.591303652678717e-05,
    1.838953258964344e-05,
    1.244020353343532e-05,
    1.7924070219194086e-05,
    1.4063474280450334e-06,
    8.68625848176982e-06,
    1.6564531126396682e-06,
    1.4200800793614571e-06,
    2.2396629877320084e-06,
    2.5797793651236777e-06,
    1.7781462304373616e-06,
    1.713975131730561e-06,
    2.0672585631359486e-06,
    2.1564050019799384e-06,
    1.8019085724837482e-06,
    1.3785638677532574e-06
  ],
  "mz_fft_pos": [
    0.068096416242462,
    0.04719887497182741,
    0.025063824454003115,
    0.05875950042118652,
    0.06881204614779281,
    0.06657762347016818,
    0.06789748560515997,
    0.04937599639961119,
    0.024243452363348038,
    0.03497801806621451,
    0.03492831571211689,
    0.032391351327201084,
    0.025890010849169077,
    0.0009021557217953925,
    0.016307291150432994,
    0.010298107272637363,
    0.025785067378339042,
    0.016738522912763655,
    0.005247002514404487,
    0.015056256518752887,
    0.021444476618725644,
    0.017634799888647537,
    0.005858661464609271,
    0.011503311773204723,
    0.018065595296406136,
    0.007866386332250251,
    0.0053616991861799536,
    0.004028635157341902,
    0.006690396179148287,
    0.006158787264630216,
    0.0007475230816187112,
    0.003206591019974332,
    0.002364597248853469,
    0.0009817580799737528,
    0.0010702014363015956,
    0.0015461531523827724,
    0.0012910116408438397,
    0.00025091075546859135,
    0.0008511559002694321,
    0.0007854674761317698,
    0.000667875218655286,
    0.00038544940495295626,
    0.0005245734348647759,
    0.000262505506915148,
    0.00025367662523491846,
    0.00025309297793554267,
    0.00019685820971176743,
    0.00015108690646037633,
    5.679689197113207e-05,
    8.505697377923498e-05,
    4.494912589345113e-05,
    3.412157481751419e-05,
    2.3504581866390296e-05,
    1.8811499238853095e-05,
    1.1091758685550215e-05,
    7.534521969276275e-06,
    3.4882569088594344e-06,
    2.6906132590678715e-06,
    8.294497200403521e-07,
    1.0858466087808862e-06,
    5.816888435892196e-07,
    6.404620843352038e-07,
    3.6619799551817613e-07,
    1.523282240449118e-07,
    2.2942596116237724e-07
  ]
}