{
  "positive_frequencies": [
    0.0,
    0.07734375,
    0.1546875,
    0.23203125000000002,
    0.309375,
    0.38671875,
    0.46406250000000004,
    0.54140625,
    0.61875,
    0.6960937500000001,
    0.7734375,
    0.85078125,
    0.9281250000000001,
    1.0054687500000001,
    1.0828125,
    1.16015625,
    1.2375,
    1.31484375,
    1.3921875000000001,
    1.46953125,
    1.546875,
    1.62421875,
    1.7015625,
    1.7789062500000001,
    1.8562500000000002,
    1.93359375,
    2.0109375000000003,
    2.08828125,
    2.165625,
    2.24296875,
    2.3203125,
    2.3976562500000003,
    2.475,
    2.55234375,
    2.6296875,
    2.70703125,
    2.7843750000000003,
    2.86171875,
    2.9390625,
    3.01640625,
    3.09375,
    3.1710937500000003,
    3.2484375,
    3.32578125,
    3.403125,
    3.48046875,
    3.5578125000000003,
    3.63515625,
    3.7125000000000004,
    3.78984375,
    3.8671875,
    3.9445312500000003,
    4.0218750000000005,
    4.09921875,
    4.1765625,
    4.25390625,
    4.33125,
    4.4085937500000005,
    4.4859375,
    4.56328125,
    4.640625,
    4.71796875,
    4.7953125000000005,
    4.87265625,
    4.95
  ],
  "mx_fft_pos": [
    0.0017066847742772528,
    0.0014878686622939315,
    0.005635824167165193,
    0.007290494512599847,
    0.0012378678052201988,
    0.006797917652647304,
    0.00838143754905332,
    0.009377351512416216,
    0.005741870804258561,
    0.004430674803040729,
    0.004245132857649539,
    0.00791799229855527,
    0.010962504733290822,
    0.006302736045372953,
    0.006536460843075795,
    0.005813617289928036,
    0.010155839665774158,
    0.007739072893431691,
    0.005460009516755443,
    0.0032491277543784712,
    0.006033541127500303,
    0.011117812789963424,
    0.011304853340729957,
    0.008374999159826323,
    0.00983822919974138,
    0.010705445323119376,
    0.01281083413353013,
    0.00935376420709746,
    0.0016678897907596887,
    0.002852564323037503,
    0.00453641836449081,
    0.004143057586617172,
    0.007609356995738377,
    0.009897767067881346,
    0.0035262156550170056,
    0.006299581863304182,
    0.0069751651912092,
    0.002495971164809889,
    0.002004972420212117,
    0.002858225731511192,
    0.0020863826491777935,
    0.004451177233989123,
    0.0053418310432250486,
    0.005230750609583456,
    0.004557156925771723,
    0.004090486380882529,
    0.003638425386969564,
    0.002636723201969873,
    0.002248412669728451,
    0.001915818997373063,
    0.0003500451491707152,
    0.0017689842973966491,
    0.00269531284343014,
    0.0021546029767639838,
    0.0016887445713881636,
    0.0015338346109530327,
    0.001506667430038296,
    0.001012439947447461,
    0.00014600657451138222,
    0.0007257353968947786,
    0.0007575929834042938,
    0.0006240209714846783,
    0.0008046163230687191,
    0.00029290114523940214,
    0.00025239743934038603
  ],
  "my_fft_pos": [
    0.0014621803466613845,
    0.004290781775623576,
    0.010322455626405996,
    0.01209308014050181,
    0.010000201539381501,
    0.012606526896271664,
    0.016542597902108266,
    0.011027472011302927,
    0.0056157518543636376,
    0.006257131341021657,
    0.009222413210504992,
    0.012556863421099317,
    0.01047852553203135,
    0.005093538857036541,
    0.003011774719265359,
    0.01014593464004221,
    0.015694159640853113,
    0.010729939844625405,
    0.007210626444892867,
    0.0105820214785832,
    0.00757138781910973,
    0.006363297737584725,
    0.008723785792263695,
    0.009978738116470258,
    0.008907880842494692,
    0.007007579304819555,
    0.005335916478215205,
    0.002944475247774462,
    0.0012288154816951493,
    0.0029022591289411754,
    0.00479923442491496,
    0.0033969475879180645,
    0.002610727548627758,
    0.006634037576687163,
    0.007449022034639266,
    0.005535243343831684,
    0.0023755614485603035,
    0.002244553306155326,
    0.005159386522412043,
    0.004833042642638632,
    0.0016764075309987484,
    0.003451725146501262,
    0.0029093849664107406,
    0.0022663640877262055,
    0.002825854873664616,
    0.0022288500951341992,
    0.0016664943325062711,
    0.0018878362628777046,
    0.0016247026590573918,
    0.0006838483791313543,
    0.0013454537802956024,
    0.0023948709520026034,
    0.0019243863114650536,
    0.0008550180602737023,
    0.00028384906500554844,
    0.00044508269584997906,
    0.0005055664862740392,
    0.00044428378347807757,
    0.0006202212963178668,
    0.0010968903303643933,
    0.0011714752674561683,
    0.0007026123516735894,
    0.000594390060761998,
    0.0006785613309773776,
    0.0005527962697682346
  ],
  "mz_fft_pos": [
    0.007225704786917555,
    0.003290730791866135,
    0.014704104961236513,
    0.03896176903982378,
    0.04942240826278203,
    0.03718239285383739,
    0.016277331941276993,
    0.008485896821586889,
    0.012853531048615618,
    0.013657444449218896,
    0.010879723966611118,
    0.016091632148394465,
    0.024706713725388532,
    0.02092068320498828,
    0.009731242352171753,
    0.013494040758666743,
    0.0162972391392074,
    0.011224023634937894,
    0.006087428825594064,
    0.012183421070123211,
    0.02161711565644253,
    0.017589969849296994,
    0.0033682999516754255,
    0.005427461699567766,
    0.002347573428084962,
    0.008241183948122822,
    0.014936793011826467,
    0.011273305427717505,
    0.007249368009050493,
    0.007438931055149387,
    0.005166692985931861,
    0.0019710188762503216,
    0.0014204489188237692,
    0.0036576214981191898,
    0.005109154000983148,
    0.0030900812130958953,
    0.002474520585660229,
    0.0025042729527252265,
    0.0012317221599528541,
    0.003939533974395826,
    0.003081052199143782,
    0.0010488233903147163,
    0.001974811093629348,
    0.0010172289843474436,
    0.0012073283995810823,
    0.0008717071614625163,
    0.0006151776911448576,
    0.0012100721102233367,
    0.0007677500240347068,
    0.0006031466318847053,
    0.0010039129496519287,
    0.0008453482309183199,
    0.0002743416436657182,
    0.0002609929586804394,
    0.0007767141408861737,
    0.0006069135118456592,
    5.916236287634909e-05,
    0.0004000565455753018,
    0.0005646278166523915,
    0.0004870873665252911,
    0.0003412346853720681,
    0.00045167493342554947,
    0.0003190903237235344,
    0.00010497903552721526,
    0.0002751297626784571
  ]
}