{
  "positive_frequencies": [
    0.0,
    0.07734375,
    0.1546875,
    0.23203125000000002,
    0.309375,
    0.38671875,
    0.46406250000000004,
    0.54140625,
    0.61875,
    0.6960937500000001,
    0.7734375,
    0.85078125,
    0.9281250000000001,
    1.0054687500000001,
    1.0828125,
    1.16015625,
    1.2375,
    1.31484375,
    1.3921875000000001,
    1.46953125,
    1.546875,
    1.62421875,
    1.7015625,
    1.7789062500000001,
    1.8562500000000002,
    1.93359375,
    2.0109375000000003,
    2.08828125,
    2.165625,
    2.24296875,
    2.3203125,
    2.3976562500000003,
    2.475,
    2.55234375,
    2.6296875,
    2.70703125,
    2.7843750000000003,
    2.86171875,
    2.9390625,
    3.01640625,
    3.09375,
    3.1710937500000003,
    3.2484375,
    3.32578125,
    3.403125,
    3.48046875,
    3.5578125000000003,
    3.63515625,
    3.7125000000000004,
    3.78984375,
    3.8671875,
    3.9445312500000003,
    4.0218750000000005,
    4.09921875,
    4.1765625,
    4.25390625,
    4.33125,
    4.4085937500000005,
    4.4859375,
    4.56328125,
    4.640625,
    4.71796875,
    4.7953125000000005,
    4.87265625,
    4.95
  ],
  "mx_fft_pos": [
    0.009641215349494978,
    0.0082687496744683,
    0.005618715495006268,
    0.0031401273517324946,
    0.0016432672341595816,
    0.003151755403607703,
    0.003274952684168111,
    0.0010830606892805253,
    0.0029148797286284106,
    0.005074371876642204,
    0.004608415959126187,
    0.0034228161543783642,
    0.002033869056450134,
    0.0017303898755094244,
    0.004005135124462073,
    0.0019241290152406994,
    0.0024875779473280866,
    0.0028059439772096326,
    0.00021500592995015545,
    0.0008729304959330901,
    0.0001481506507844781,
    0.00019508351472674482,
    0.00024924163609187333,
    0.0006369229883491997,
    0.001446142330461238,
    0.0011720608022149812,
    0.0016933672857880027,
    0.0020487444189717704,
    0.0007743762012851124,
    0.0001821407036162183,
    0.0013664756750879957,
    0.001173549719443851,
    0.0009801532424209278,
    0.0013557848096062254,
    0.0016321472118602666,
    0.0031477841808160794,
    0.0023484454037973864,
    0.0009753164496269667,
    0.0007810419402857903,
    0.0008029551410974154,
    0.0003011658009617115,
    0.000506980279207547,
    0.000844933436134284,
    0.0020070529115826467,
    0.0022162069007144857,
    0.0012886349056314438,
    0.0006483572790036084,
    0.00014365362678559946,
    0.000816126221413268,
    0.0009529576242967322,
    0.00035880849138725945,
    0.0013142569793489006,
    0.0008576611544316674,
    0.0011731581087739116,
    0.001282214806702297,
    0.0008980759545822463,
    0.0011571449570213104,
    0.0006402544758353508,
    0.0002116932401672752,
    0.0006712228500183508,
    0.000698728178767488,
    0.0008261685474807326,
    0.0008635112993963848,
    0.000724597303658274,
    0.0006261481100051003
  ],
  "my_fft_pos": [
    0.009233655794119484,
    0.009234270730692558,
    0.006577015988342617,
    0.0033596932847693418,
    0.002639652136599928,
    0.001971178087236977,
    0.002015793371870963,
    0.002434332158188467,
    0.001305404060978433,
    0.0008123526159625015,
    0.003351738837859352,
    0.006158835227197121,
    0.00527091188930301,
    0.0021700024139381944,
    0.0006344672976052188,
    0.00040834841250779263,
    0.0005281923447431541,
    0.0010340835725670327,
    0.0011192946429833543,
    0.00047209533829052733,
    0.002340756869309923,
    0.0037990573896678845,
    0.003557092547346469,
    0.0014178501593699556,
    0.001436684677648084,
    0.002715062535113041,
    0.003188418102290954,
    0.002802813375598912,
    0.0024482444515175365,
    0.002486755986307802,
    0.001986749390349655,
    0.0011067261735743263,
    0.0014788015399888443,
    0.0020825983358681677,
    0.0013555368603884244,
    0.0033573847312162153,
    0.0027544277816434876,
    0.001148192323722973,
    0.0016232591858910141,
    0.0017971929384981641,
    0.001399680796325271,
    0.0015998148470544704,
    0.0017825816592638045,
    0.0020018596958025258,
    0.0020654364268948462,
    0.001331391052149621,
    0.0005735464293803286,
    0.00039045917974898085,
    0.0009735438449356527,
    0.000631022802127868,
    0.0012049551349306849,
    0.0013368119514559124,
    0.0006075776900212885,
    0.0006280429063617468,
    0.000711765888072103,
    0.000811142255689906,
    0.0012667692929714612,
    0.0007196864621329755,
    0.0005911594409556851,
    0.000643066676480289,
    0.000630645888221483,
    0.0003090664384943732,
    0.0004680569469210714,
    0.0008260792719736786,
    0.000924316649951753
  ],
  "mz_fft_pos": [
    0.0023637190998216586,
    0.001012918676949891,
    0.001978817680271225,
    0.002964905042504014,
    0.002500944242299748,
    0.0024849976990336834,
    0.002827846531352411,
    0.002455743859163886,
    0.0027201019812826497,
    0.0040780063415249476,
    0.004144685714540153,
    0.0034543736729904405,
    0.0030138846650318725,
    0.0027993179750498715,
    0.0006832699804856382,
    0.0021112522485754043,
    0.0026499754167057573,
    0.0013969918657116358,
    0.0008241929785131112,
    0.0023477830443672746,
    0.002753410667951143,
    0.002464246013266487,
    0.0019893107202412917,
    0.0007697498693872519,
    0.002400991728291684,
    0.002440429280233045,
    0.0013810222018649512,
    0.002546195453750267,
    0.0024984765658441943,
    0.0017782739820555143,
    0.0012436089027401834,
    0.0006468848532750887,
    0.0006601160103114141,
    0.001072364652489481,
    0.0012372035023799923,
    0.0004287122831095106,
    0.0008128936902749861,
    0.0005843214026956485,
    0.0005968309857513196,
    0.0003940850372630486,
    0.000670055133255752,
    0.0004062493443869593,
    0.00029540860320445653,
    0.0007691500005359271,
    0.0014559269385494649,
    0.0012549073575992104,
    0.0008636402983974344,
    0.0007928998553732529,
    0.00022256933734200005,
    0.0006978855359325234,
    0.0009176684969045454,
    0.0006128504161120516,
    0.0009512042977485449,
    0.0004973307340519365,
    0.0004162524363175415,
    0.0005719460015193577,
    0.000283535386375319,
    0.00045107119358159855,
    0.00032901829141440854,
    0.00025313058541040457,
    0.0003863946766002723,
    3.303528421673572e-05,
    0.00029145176807841437,
    0.00024049554389195827,
    0.000579886527735647
  ]
}