{
  "positive_frequencies": [
    0.0,
    0.07734375,
    0.1546875,
    0.23203125000000002,
    0.309375,
    0.38671875,
    0.46406250000000004,
    0.54140625,
    0.61875,
    0.6960937500000001,
    0.7734375,
    0.85078125,
    0.9281250000000001,
    1.0054687500000001,
    1.0828125,
    1.16015625,
    1.2375,
    1.31484375,
    1.3921875000000001,
    1.46953125,
    1.546875,
    1.62421875,
    1.7015625,
    1.7789062500000001,
    1.8562500000000002,
    1.93359375,
    2.0109375000000003,
    2.08828125,
    2.165625,
    2.24296875,
    2.3203125,
    2.3976562500000003,
    2.475,
    2.55234375,
    2.6296875,
    2.70703125,
    2.7843750000000003,
    2.86171875,
    2.9390625,
    3.01640625,
    3.09375,
    3.1710937500000003,
    3.2484375,
    3.32578125,
    3.403125,
    3.48046875,
    3.5578125000000003,
    3.63515625,
    3.7125000000000004,
    3.78984375,
    3.8671875,
    3.9445312500000003,
    4.0218750000000005,
    4.09921875,
    4.1765625,
    4.25390625,
    4.33125,
    4.4085937500000005,
    4.4859375,
    4.56328125,
    4.640625,
    4.71796875,
    4.7953125000000005,
    4.87265625,
    4.95
  ],
  "mx_fft_pos": [
    0.0030375939129675274,
    0.0031255683845210643,
    0.0025459373303190224,
    0.005933803892700515,
    0.00943769929743247,
    0.00922987057980331,
    0.005558206628068706,
    0.0030586141577530397,
    0.009264357162701777,
    0.00929337458323557,
    0.007705857791374162,
    0.00447408056750351,
    0.004267028490661023,
    0.005294167350630177,
    0.0032193945331519774,
    0.0024515340970779416,
    0.004773164348762878,
    0.0056066476870516475,
    0.004666465654371928,
    0.004409480494175693,
    0.0027283906285386346,
    0.0018038170337947908,
    0.0024527416213958784,
    0.0014419499704736987,
    0.000922496863912143,
    0.0007135054069239159,
    0.00039305249384103715,
    0.0003038375838020146,
    0.0005009875734531136,
    0.0010208683067284385,
    0.0011733957087594836,
    0.001352248774642403,
    0.0010438622481569481,
    0.001559315613719767,
    0.0012580572742612013,
    0.0006466101961045074,
    0.0011538883319998899,
    0.0017221640826484636,
    0.0018057094683603015,
    0.001098645894189999,
    0.0009042107738510667,
    0.0012863083159338742,
    0.0009856519677064704,
    0.0005035944102370117,
    0.0006827291180337192,
    0.00040614811041010494,
    0.00014546676463005707,
    0.00027035635026934757,
    0.000205879388393693,
    0.00026767265972771733,
    0.00026761800456966774,
    0.000248915999553382,
    0.000208675273943143,
    0.00018825923775621524,
    7.216340655704247e-05,
    0.000142435590724033,
    4.526348576502378e-05,
    0.0001273958011890929,
    5.119219772421256e-05,
    4.5463209364170005e-05,
    2.306248469569598e-05,
    4.480246288909335e-05,
    7.886335099491971e-05,
    7.074985148636351e-05,
    2.237721920065494e-05
  ],
  "my_fft_pos": [
    0.00484818367883483,
    0.001174219920957165,
    0.006800720387851788,
    0.010688048886854498,
    0.010064758250723276,
    0.0018045593684506188,
    0.007919810643303691,
    0.00983018857611707,
    0.008997457391599665,
    0.007148392397873604,
    0.005589572105854482,
    0.007863541912700955,
    0.007599133028501047,
    0.0031328788048186305,
    0.0017736703564210554,
    0.004350006491977851,
    0.003843106795492031,
    0.0047714667529941196,
    0.005773802538667201,
    0.002498256489589022,
    0.0018131981849180663,
    0.004142701099361194,
    0.004528094109412965,
    0.0032633374288295876,
    0.0026164168315551445,
    0.003573630774170038,
    0.003987944819274989,
    0.003342912397532501,
    0.0013277117383965436,
    0.0011541294683914936,
    0.0010134730221968982,
    0.0003495707095387934,
    0.0016254576018083786,
    0.0026097698756745087,
    0.0018882915640375606,
    0.0006452253000947271,
    0.001021660481039402,
    0.0014400829607627572,
    0.0008111969331504202,
    0.0003964877665319702,
    0.0008657861985113112,
    0.0007245327489144677,
    0.0006721834657162209,
    0.0007140935367586767,
    0.00033524512293740615,
    0.0005185013630831754,
    0.000571046384688322,
    0.0002391910837290913,
    0.00011939693579899866,
    0.0003928681507114152,
    0.00045230624125462937,
    0.00016257881699059342,
    0.00036869387122557,
    0.0002973513626498782,
    0.00032741508227505684,
    0.00019377528796128487,
    0.00019577246754385734,
    8.238986001300321e-05,
    0.00011362285901615562,
    0.00015394615682172959,
    0.0001412822488640743,
    0.00010479367599788114,
    0.00010946699273336613,
    6.0626308757484286e-05,
    0.00014157388736999677
  ],
  "mz_fft_pos": [
    0.007508242654225245,
    0.007966386602052287,
    0.006719908398829693,
    0.0040763061353203235,
    0.001809974480912846,
    0.0020209526495345857,
    0.0032429336852339862,
    0.006360289958249993,
    0.00688916128265697,
    0.004739698978333278,
    0.002497843974480043,
    0.005010059416019278,
    0.004616996103395259,
    0.0037595547068019737,
    0.0030523714620769955,
    0.002516611342227286,
    0.005192728192908182,
    0.0053035670642371845,
    0.003929295605860755,
    0.003476968629776056,
    0.002515769795123101,
    0.0009769265844479283,
    0.00201145850331582,
    0.00277188116059081,
    0.0015246605123841262,
    0.0012680806207548657,
    0.0014163751147864784,
    0.0018389647405487395,
    0.0026665075680894863,
    0.00204990934129084,
    0.0013648331976971395,
    0.001680678472097489,
    0.0010417575842732165,
    0.0003188122189101681,
    0.0003840577083505715,
    0.0011774639861761732,
    0.0010580594835013525,
    0.0003473728471823973,
    0.0008345660712675766,
    0.0013503079110378966,
    0.0015220321349661368,
    0.0007418197136471431,
    0.0008822364160785328,
    0.0020779984702875964,
    0.0018646892164362356,
    0.0007793946854383399,
    0.0007054417942128911,
    0.0008101313958579003,
    0.00043236490436591166,
    0.00011094143257571602,
    5.103183487043494e-05,
    0.00024251596025272315,
    0.00038257722167157947,
    0.0003872799210052113,
    0.00019399533578480944,
    0.00012872318972754858,
    0.0001577657623752991,
    0.00017108597210862772,
    0.0003084084592480264,
    0.00015525678105515376,
    2.0398135507299907e-05,
    2.2866449315440103e-05,
    7.354745999663713e-05,
    8.983949206442923e-05,
    9.638101489741258e-05
  ]
}