{
  "positive_frequencies": [
    0.0,
    0.07734375,
    0.1546875,
    0.23203125000000002,
    0.309375,
    0.38671875,
    0.46406250000000004,
    0.54140625,
    0.61875,
    0.6960937500000001,
    0.7734375,
    0.85078125,
    0.9281250000000001,
    1.0054687500000001,
    1.0828125,
    1.16015625,
    1.2375,
    1.31484375,
    1.3921875000000001,
    1.46953125,
    1.546875,
    1.62421875,
    1.7015625,
    1.7789062500000001,
    1.8562500000000002,
    1.93359375,
    2.0109375000000003,
    2.08828125,
    2.165625,
    2.24296875,
    2.3203125,
    2.3976562500000003,
    2.475,
    2.55234375,
    2.6296875,
    2.70703125,
    2.7843750000000003,
    2.86171875,
    2.9390625,
    3.01640625,
    3.09375,
    3.1710937500000003,
    3.2484375,
    3.32578125,
    3.403125,
    3.48046875,
    3.5578125000000003,
    3.63515625,
    3.7125000000000004,
    3.78984375,
    3.8671875,
    3.9445312500000003,
    4.0218750000000005,
    4.09921875,
    4.1765625,
    4.25390625,
    4.33125,
    4.4085937500000005,
    4.4859375,
    4.56328125,
    4.640625,
    4.71796875,
    4.7953125000000005,
    4.87265625,
    4.95
  ],
  "mx_fft_pos": [
    0.002368025828032186,
    0.004436858609754896,
    0.00738880394343519,
    0.008635895985385614,
    0.009962485515278749,
    0.007040441383802718,
    0.0039560803750700166,
    0.0028915270705170927,
    0.0033420549533133394,
    0.003238651501613774,
    0.004024844967324577,
    0.002751502400427224,
    0.003374383939343903,
    0.0012007750445815354,
    0.0016303891539471926,
    0.0017169657266064607,
    0.0012720505408001686,
    0.003804438569331225,
    0.005116789880657946,
    0.0036726141097649045,
    0.0023152944025680387,
    0.0010087810038842844,
    0.0011594980559681417,
    0.0023292501232919684,
    0.002288864849854284,
    0.0016810493744383447,
    0.0011725789784227379,
    0.0010449826473354661,
    0.0009011628418826128,
    0.0006889486923771048,
    0.000593734079412603,
    0.00044403764982329645,
    0.0006631140648852851,
    0.0008982307366605895,
    0.0008242442852904808,
    0.000617139132423958,
    0.0008935414161854517,
    0.0011872449575104894,
    0.0008908631508990451,
    0.0004974948411916418,
    0.00042096067691997586,
    0.0002894900941493976,
    0.00027567473864322975,
    0.0004161757404876234,
    0.0002252241967533906,
    0.00036644378112422155,
    0.0005542513448061376,
    0.00037944398022514403,
    0.000269916722191492,
    0.0003231286190253862,
    0.0003324604943232231,
    0.00023928222324404557,
    0.0002484265732976878,
    0.0001986615767967542,
    0.0003332616592796281,
    0.00032553885537630364,
    0.00014881001739513734,
    0.00013831998459968323,
    0.00016346930339887592,
    0.0001544159799108773,
    7.485492162134487e-05,
    9.191560052427666e-05,
    0.00011866950210256848,
    2.020898431113986e-05,
    0.00011831523348834874
  ],
  "my_fft_pos": [
    0.000362722053122557,
    0.005439332271008993,
    0.005188678402767536,
    0.0013894996882967427,
    0.0020059419093001267,
    0.0036031229964890816,
    0.004239423511317477,
    0.004513373411627936,
    0.0038205943402755075,
    0.0035992589009442334,
    0.002836918127593198,
    0.0012770096583689168,
    0.0013174195247848712,
    0.0017901641722511113,
    0.0010502867113736524,
    0.00037705963014498086,
    0.0016631832222573162,
    0.0033635496713564157,
    0.0032404114441662575,
    0.0012274258223799865,
    0.0010774765737369856,
    0.001364866691816507,
    0.0009012674171535545,
    0.002074252785079451,
    0.002508899194320404,
    0.0020888928322786784,
    0.001264415377459648,
    8.058672935482491e-05,
    0.0010683817923467336,
    0.0011576808168607755,
    0.00087120126171654,
    0.000760369062992446,
    0.0008104839198421874,
    0.0011439794441903677,
    0.0011702221520096734,
    0.0004741360669838937,
    0.00023639465642468028,
    0.00019616397304864268,
    0.00032895229919953345,
    0.00036234878589107777,
    0.0005168895864998664,
    0.0007944273789687371,
    0.0006758520411639945,
    0.00041231404571695084,
    0.00024122763847524034,
    0.0006241002115590405,
    0.0007707076404632221,
    0.0005859764910957605,
    0.00047399734934137005,
    0.00022048681587783455,
    8.257719461165317e-05,
    0.0002570302543569667,
    0.00011331426569348213,
    0.00011963584692476537,
    0.00014554540734968379,
    0.0002405083337433515,
    0.00028679942429186435,
    0.00014995145235408288,
    9.724321777514409e-05,
    9.24316642225604e-05,
    1.1788736113243331e-05,
    5.8172921717668333e-05,
    6.805923179777922e-05,
    7.78859967981581e-05,
    7.509027633978392e-05
  ],
  "mz_fft_pos": [
    0.0029899432624885206,
    0.0035989610496935482,
    0.002562401195363457,
    0.0007006515595260329,
    0.0005207246038010783,
    0.0004586662074723099,
    0.0023460610053909854,
    0.004223603475839401,
    0.004000608446270495,
    0.001018114740219523,
    0.001708470004945834,
    0.002097916321547767,
    0.0016290101030342343,
    0.001599754416863876,
    0.0020306338490805103,
    0.00036781683754508583,
    0.0014726999630442891,
    0.002131816453644667,
    0.003480833673714228,
    0.0024967451987746164,
    0.0003644157209146463,
    0.0013168494889401294,
    0.0017679621945539995,
    0.0014011040052018498,
    0.0006653179971346552,
    0.00036181632804927713,
    0.0009786340211071153,
    0.001221405797031727,
    0.0007715893856717394,
    0.00042771265239276407,
    0.0008185503963130897,
    0.001650419112613947,
    0.0021126258458379937,
    0.00194100883756423,
    0.0012722379026725427,
    0.0005076672230662032,
    0.0006789190868373082,
    0.0008654580760883063,
    0.00038595179657921973,
    0.0004243309999898049,
    0.0006774296145488942,
    0.0004916073076971765,
    0.00016229659114762998,
    8.494797243674437e-05,
    0.00021594323912955298,
    0.00040858628163215164,
    0.00044716304374175386,
    0.0003340095489577435,
    9.185530017167732e-05,
    0.00022050726319688217,
    0.00035811211931020506,
    0.00026260664025189233,
    0.0001516682915867697,
    0.0002556504617807689,
    0.00023565614554882657,
    0.00014428420423012956,
    0.00010509500962479248,
    8.088499573085483e-05,
    7.508006435515955e-05,
    6.609668008908482e-05,
    0.00010963997399873232,
    6.621680900395751e-05,
    6.744311215575643e-05,
    3.773308864527661e-05,
    6.047228601212539e-06
  ]
}