{
  "positive_frequencies": [
    0.0,
    0.07734375,
    0.1546875,
    0.23203125000000002,
    0.309375,
    0.38671875,
    0.46406250000000004,
    0.54140625,
    0.61875,
    0.6960937500000001,
    0.7734375,
    0.85078125,
    0.9281250000000001,
    1.0054687500000001,
    1.0828125,
    1.16015625,
    1.2375,
    1.31484375,
    1.3921875000000001,
    1.46953125,
    1.546875,
    1.62421875,
    1.7015625,
    1.7789062500000001,
    1.8562500000000002,
    1.93359375,
    2.0109375000000003,
    2.08828125,
    2.165625,
    2.24296875,
    2.3203125,
    2.3976562500000003,
    2.475,
    2.55234375,
    2.6296875,
    2.70703125,
    2.7843750000000003,
    2.86171875,
    2.9390625,
    3.01640625,
    3.09375,
    3.1710937500000003,
    3.2484375,
    3.32578125,
    3.403125,
    3.48046875,
    3.5578125000000003,
    3.63515625,
    3.7125000000000004,
    3.78984375,
    3.8671875,
    3.9445312500000003,
    4.0218750000000005,
    4.09921875,
    4.1765625,
    4.25390625,
    4.33125,
    4.4085937500000005,
    4.4859375,
    4.56328125,
    4.640625,
    4.71796875,
    4.7953125000000005,
    4.87265625,
    4.95
  ],
  "mx_fft_pos": [
    0.0009256646451413657,
    0.006802119603036163,
    0.008003733849130345,
    0.004006894231995877,
    0.0029291226511129233,
    0.0075892016910846325,
    0.0089441120072964,
    0.008481718736292297,
    0.007340685986710718,
    0.005718284674095984,
    0.0075236221002028085,
    0.008824764496056644,
    0.006399096958471635,
    0.004042050413522875,
    0.004545666325620153,
    0.0067514710727657615,
    0.00673759846202701,
    0.002952923756862035,
    0.0034167480276259365,
    0.00476441061197386,
    0.003478667706177209,
    0.003304872628649445,
    0.0049874622268162045,
    0.004223135545008601,
    0.002758482433284593,
    0.0027860388531021634,
    0.005109431913206436,
    0.007266684177767305,
    0.00706851942215747,
    0.005293611856315593,
    0.0029724497570331365,
    0.002458865778031176,
    0.002664909670214262,
    0.0020375341477661194,
    0.0019155923878738628,
    0.001428072648190571,
    0.001389534471981906,
    0.001745783159134176,
    0.0021201340213027886,
    0.0024368297816801617,
    0.0026955039812257492,
    0.003291689255238283,
    0.0032824917648614114,
    0.0026455613420542185,
    0.004038154497065614,
    0.00509789101104704,
    0.0038543728161441367,
    0.002438929136410934,
    0.0015379424714219378,
    0.002079933318998588,
    0.004144362487881057,
    0.004929641678944525,
    0.003942730221450221,
    0.002644899257816725,
    0.0016126519080771511,
    0.00039413077812687323,
    0.0011732007300273406,
    0.0024179686766961587,
    0.002247113450476152,
    0.0016773217989282574,
    0.0006748326105571527,
    0.0028790889197820996,
    0.003590409405726289,
    0.0017378885779572473,
    0.00019263708995721565
  ],
  "my_fft_pos": [
    0.0016618728364956187,
    0.0009951885757388916,
    0.003951710120914005,
    0.006968954601579714,
    0.0059736662484371475,
    0.0059465360097750415,
    0.0071406145930530095,
    0.005947746281207617,
    0.004784775206951064,
    0.0038187568150991756,
    0.0016608605205549055,
    0.0006471906722275919,
    0.0026366821907263405,
    0.0033965900497255454,
    0.0024457189033671553,
    0.0011505765905753405,
    0.0005521271282319375,
    0.00024408106680534852,
    0.0005213494711008707,
    0.0021613525237930364,
    0.005816608298553421,
    0.007635937952650326,
    0.005050026515120601,
    0.0021731719172407033,
    0.0011129473531057384,
    0.0016862085510454883,
    0.0027332090837223944,
    0.002719086627037877,
    0.0028358232729458954,
    0.002759713919592379,
    0.002390590250168774,
    0.002443976282737366,
    0.0022088364836249357,
    0.0017319687567920786,
    0.002299764365081853,
    0.003373174086518228,
    0.004064116465289851,
    0.0039010395272910505,
    0.0032867261096619724,
    0.002233495294107731,
    0.001224343397314999,
    0.001930659358762625,
    0.002519096805715957,
    0.0022395734968126413,
    0.0013850345644257393,
    0.001552802569382086,
    0.002971939182755129,
    0.0028813745621014395,
    0.0019106000791193059,
    0.0012436825578340765,
    0.0040523671849153585,
    0.0032298767920646205,
    0.0008816739040110882,
    0.0030114677879714384,
    0.002867164627405683,
    0.0023146310867174936,
    0.0023230299936065164,
    0.0015472634004803586,
    0.0014920445067128799,
    0.0012270888302054115,
    0.0004656603682228384,
    0.0007270361650870043,
    0.0006141835380770361,
    0.0011960375792974967,
    0.0019815447656657452
  ],
  "mz_fft_pos": [
    0.003824411900433511,
    0.003972660133244642,
    0.0037353539700682287,
    0.003129109244386985,
    0.001509432316927283,
    0.001190611561143238,
    0.0018061759938720362,
    0.0013326873234574227,
    0.00022070092730348053,
    0.0013424125269415985,
    0.0014797018144449528,
    0.0008847911370643187,
    0.0013672205852740004,
    0.0014243416268138575,
    0.0016022990702951475,
    0.00164396603975123,
    0.0004427123992913061,
    0.0015983070400429878,
    0.002783458734505877,
    0.0023525399774549077,
    0.0009210479949370908,
    0.0010573354875546832,
    0.0014830749914357298,
    0.0007655099825496469,
    0.0006816636996535762,
    0.001667006265368432,
    0.0020369850606537505,
    0.002302836639645294,
    0.0017860568477017708,
    0.0009126412731512425,
    0.0010857034674195058,
    0.0010305857385464205,
    0.0014132393878933613,
    0.001183626221036931,
    0.0013769660324823472,
    0.0012476386731324794,
    0.0017269922722835413,
    0.00205312898721182,
    0.0010521759124639527,
    0.0005357752973794976,
    0.001348662625888758,
    0.0018593608508612083,
    0.0020246648966170313,
    0.0025444885207410715,
    0.002833365389185718,
    0.002495050662352816,
    0.001992165188753196,
    0.0011190337894536192,
    0.000813650000034008,
    0.0007760318744748949,
    0.0001438480995704503,
    0.001531307008388688,
    0.00163019804927386,
    0.0005072365131470371,
    0.001467926562372542,
    0.0016650961783290937,
    0.0009931887270221626,
    0.00038752111054768585,
    0.0005739208122807543,
    0.000648410032803293,
    0.0008970389235044725,
    0.00032264365373770596,
    0.0010568732939223839,
    0.0015692122944339212,
    0.0015744801697334676
  ]
}