{
  "times": [
    0.0,
    0.10101010101010101,
    0.20202020202020202,
    0.30303030303030304,
    0.40404040404040403,
    0.5050505050505051,
    0.6060606060606061,
    0.7070707070707071,
    0.8080808080808081,
    0.9090909090909091,
    1.0101010101010102,
    1.1111111111111112,
    1.2121212121212122,
    1.3131313131313131,
    1.4141414141414141,
    1.5151515151515151,
    1.6161616161616161,
    1.7171717171717171,
    1.8181818181818181,
    1.9191919191919191,
    2.0202020202020203,
    2.121212121212121,
    2.2222222222222223,
    2.323232323232323,
    2.4242424242424243,
    2.525252525252525,
    2.6262626262626263,
    2.727272727272727,
    2.8282828282828283,
    2.929292929292929,
    3.0303030303030303,
    3.131313131313131,
    3.2323232323232323,
    3.3333333333333335,
    3.4343434343434343,
    3.5353535353535355,
    3.6363636363636362,
    3.7373737373737375,
    3.8383838383838382,
    3.9393939393939394,
    4.040404040404041,
    4.141414141414141,
    4.242424242424242,
    4.343434343434343,
    4.444444444444445,
    4.545454545454545,
    4.646464646464646,
    4.747474747474747,
    4.848484848484849,
    4.94949494949495,
    5.05050505050505,
    5.151515151515151,
    5.252525252525253,
    5.353535353535354,
    5.454545454545454,
    5.555555555555555,
    5.656565656565657,
    5.757575757575758,
    5.858585858585858,
    5.959595959595959,
    6.0606060606060606,
    6.161616161616162,
    6.262626262626262,
    6.363636363636363,
    6.4646464646464645,
    6.565656565656566,
    6.666666666666667,
    6.767676767676767,
    6.8686868686868685,
    6.96969696969697,
    7.070707070707071,
    7.171717171717171,
    7.2727272727272725,
    7.373737373737374,
    7.474747474747475,
    7.575757575757575,
    7.6767676767676765,
    7.777777777777778,
    7.878787878787879,
    7.979797979797979,
    8.080808080808081,
    8.181818181818182,
    8.282828282828282,
    8.383838383838384,
    8.484848484848484,
    8.585858585858587,
    8.686868686868687,
    8.787878787878787,
    8.88888888888889,
    8.98989898989899,
    9.09090909090909,
    9.191919191919192,
    9.292929292929292,
    9.393939393939394,
    9.494949494949495,
    9.595959595959595,
    9.696969696969697,
    9.797979797979798,
    9.8989898989899,
    10.0
  ],
  "mx": [
    1.0,
    0.9898796640562991,
    0.9599682099499662,
    0.9115878966123214,
    0.8468562931139925,
    0.7685631874668042,
    0.6800101775526559,
    0.5848237685880703,
    0.4867544324740559,
    0.3894747868504188,
    0.29638978756575396,
    0.2104706367907377,
    0.13412210221498888,
    0.0690902950570363,
    0.016414886995973314,
    -0.02357349309121455,
    -0.05121309817451081,
    -0.06743338804811295,
    -0.073647398475873,
    -0.07162334024192074,
    -0.06334546815398119,
    -0.05087431543491585,
    -0.03621568594135793,
    -0.02120643573555075,
    -0.007423205790664679,
    0.0038819283751285677,
    0.011817247851572657,
    0.0158592342154486,
    0.0158350850802144,
    0.011884135440308334,
    0.0044035416896364326,
    -0.006015834955587304,
    -0.01865737112986203,
    -0.032744931383216866,
    -0.04750276791616018,
    -0.06220556127563696,
    -0.0762163975193331,
    -0.08901180203621864,
    -0.10019417173000934,
    -0.10949296417540537,
    -0.11675674346369631,
    -0.12193861135676115,
    -0.1250776680813229,
    -0.12627898101117382,
    -0.1256941491649933,
    -0.12350401208094583,
    -0.11990444620478519,
    -0.11509560124334166,
    -0.10927442254546335,
    -0.10262993462584255,
    -0.09534055360951027,
    -0.08757265623522507,
    -0.0794797405567785,
    -0.07120173007616264,
    -0.06286424748756644,
    -0.05457796016721327,
    -0.04643832354142246,
    -0.038526177260643994,
    -0.03090965555287363,
    -0.023647749862681717,
    -0.016795622404163366,
    -0.010411446287927891,
    -0.004564189192142036,
    0.000658580242593024,
    0.005144043007638579,
    0.008749945510420187,
    0.01130414911286043,
    0.01260895614289505,
    0.012450848222022982,
    0.010615714225622644,
    0.0069089866232637,
    0.00117941542178112,
    -0.0066554320487764666,
    -0.016584368475668607,
    -0.028481211818894285,
    -0.04208961668979737,
    -0.057016644297020774,
    -0.07273706122994915,
    -0.0886095474665172,
    -0.10390497604461278,
    -0.11784578704334885,
    -0.12965432224302606,
    -0.13860692873969516,
    -0.14408979256074608,
    -0.1456519260085138,
    -0.1430505796710054,
    -0.13628462317794593,
    -0.1256121401810686,
    -0.1115495738047812,
    -0.09485116066751464,
    -0.07646899266307752,
    -0.05749570992106877,
    -0.03909340743649817,
    -0.022413684907438638,
    -0.008514752872484342,
    0.001717974868013547,
    0.007641386587509922,
    0.008908422853414939,
    0.005501299915541446,
    -0.0022590448373292324
  ],
  "my": [
    0.0,
    0.10584146496855946,
    0.20666349340629012,
    0.2977977768669509,
    0.3752485842025768,
    0.43595767547647674,
    0.4779911771678191,
    0.500634247285352,
    0.5043879193120702,
    0.49087143463377775,
    0.46264176333154405,
    0.42294905428424445,
    0.3754517869398801,
    0.32391798343181927,
    0.27193881122929525,
    0.22267836966359367,
    0.1786787707403272,
    0.14173336578453402,
    0.11283384330955862,
    0.09218969493331913,
    0.07931195099923674,
    0.0731477540426665,
    0.07224872412870978,
    0.07495442187685138,
    0.07957255312656807,
    0.08453968974544,
    0.08854983123656347,
    0.0906426039088633,
    0.09024773105158063,
    0.08718705959711172,
    0.08163941750790676,
    0.07407654311947239,
    0.06518006628873814,
    0.055749987548303216,
    0.04661440454315853,
    0.03854860869439563,
    0.03220943667319143,
    0.02808826326742342,
    0.02648360313762194,
    0.027492230766928173,
    0.031016224636533134,
    0.03678248280022293,
    0.04437102701386139,
    0.053248705202920035,
    0.06280554689390622,
    0.07239182237155396,
    0.08135460804735997,
    0.08907320960962614,
    0.09499304436485252,
    0.09865751252226178,
    0.09973704595676186,
    0.09805402577659998,
    0.09360175937685644,
    0.08655536621915877,
    0.07727238156669348,
    0.06628124339789548,
    0.0542566070004638,
    0.041981585376972684,
    0.030298419777857116,
    0.02005056404224313,
    0.012020507122500416,
    0.00686864717582256,
    0.005078986656038947,
    0.006917221037468181,
    0.012405907457455364,
    0.021319880747007913,
    0.033203081265284484,
    0.04740569525233366,
    0.06313825582677884,
    0.07953739616335381,
    0.09573654555923143,
    0.11093421252435154,
    0.12445271487870227,
    0.13578129526329424,
    0.1445993899776951,
    0.15077818778873397,
    0.15436123613270233,
    0.15552739819036437,
    0.15454161116285675,
    0.15170036402736375,
    0.1472794047213284,
    0.14149081442883754,
    0.1344552859736656,
    0.12619337058220945,
    0.11663687124055616,
    0.10565879073928805,
    0.09311764620599877,
    0.07890988006658634,
    0.0630228088011021,
    0.04558023571670111,
    0.02687356912425758,
    0.00737295752039841,
    -0.012284620577174696,
    -0.03133049151338411,
    -0.04891984674084399,
    -0.06420223231133236,
    -0.07639940273862399,
    -0.08488180341960368,
    -0.08923483131597952,
    -0.08930699208698635
  ],