{
  "positive_frequencies": [
    0.0,
    0.07734375,
    0.1546875,
    0.23203125000000002,
    0.309375,
    0.38671875,
    0.46406250000000004,
    0.54140625,
    0.61875,
    0.6960937500000001,
    0.7734375,
    0.85078125,
    0.9281250000000001,
    1.0054687500000001,
    1.0828125,
    1.16015625,
    1.2375,
    1.31484375,
    1.3921875000000001,
    1.46953125,
    1.546875,
    1.62421875,
    1.7015625,
    1.7789062500000001,
    1.8562500000000002,
    1.93359375,
    2.0109375000000003,
    2.08828125,
    2.165625,
    2.24296875,
    2.3203125,
    2.3976562500000003,
    2.475,
    2.55234375,
    2.6296875,
    2.70703125,
    2.7843750000000003,
    2.86171875,
    2.9390625,
    3.01640625,
    3.09375,
    3.1710937500000003,
    3.2484375,
    3.32578125,
    3.403125,
    3.48046875,
    3.5578125000000003,
    3.63515625,
    3.7125000000000004,
    3.78984375,
    3.8671875,
    3.9445312500000003,
    4.0218750000000005,
    4.09921875,
    4.1765625,
    4.25390625,
    4.33125,
    4.4085937500000005,
    4.4859375,
    4.56328125,
    4.640625,
    4.71796875,
    4.7953125000000005,
    4.87265625,
    4.95
  ],
  "mx_fft_pos": [
    0.0743136260530348,
    0.08204009191324958,
    0.084570642455678,
    0.06235468431206612,
    0.026751018801331208,
    0.007925806187367483,
    0.03694935673576964,
    0.04778196248641829,
    0.044878871874635316,
    0.048022725252360086,
    0.04856513804834261,
    0.04808132896647461,
    0.05470851140271708,
    0.04425883903810682,
    0.011022445223716587,
    0.042640549131471195,
    0.04006480386705387,
    0.004999781876693342,
    0.024325800453929257,
    0.017543663973335975,
    0.0028103500761984344,
    0.010798337651756182,
    0.024772378412492344,
    0.03951207876764328,
    0.045565373859268954,
    0.03428321020123806,
    0.017492858501128524,
    0.009158849830235093,
    0.009253834063245758,
    0.006488476716970337,
    0.015980536175825868,
    0.01862071110396427,
    0.01180898886261382,
    0.010897986453482294,
    0.012142904339903336,
    0.00550423101940733,
    0.0009880875592464674,
    0.002640118933125828,
    0.007392485528220817,
    0.00927533130823965,
    0.006032717332956405,
    0.0021126512323924977,
    0.002065770051372926,
    0.003100342574424897,
    0.0022584514896824273,
    0.0005836856993921888,
    0.00078928096368287,
    0.0034901035431297044,
    0.0037770905087384033,
    0.0008967422588922406,
    0.0014135356910579824,
    0.002655318347045479,
    0.002007500215775883,
    0.0010032778153499157,
    0.0012679720420214885,
    0.000826741874527527,
    0.0004844864598496869,
    0.0005946759264959917,
    0.0003859161876001081,
    0.0005573058195367992,
    0.0001914405472340799,
    0.0004891655984949838,
    0.0003755921532362972,
    0.00019523219964711686,
    0.0004949756040219011
  ],
  "my_fft_pos": [
    0.030030465092591784,
    0.047742802473222906,
    0.05285319391996051,
    0.036394216300749,
    0.026057065270216322,
    0.025350524047868635,
    0.02705955593019547,
    0.0318745343863959,
    0.03654720447487507,
    0.03286525136968747,
    0.030690301855467048,
    0.0349113261447016,
    0.030675377785099604,
    0.03357561866166489,
    0.05061110537625558,
    0.05510629709279273,
    0.02945358481704742,
    0.01760203135814802,
    0.03204359936295981,
    0.032232850574649884,
    0.020631830329006173,
    0.03147396570603634,
    0.034562110283510916,
    0.02679485762014653,
    0.006585967474277678,
    0.016778052353346673,
    0.022468360880973374,
    0.019427138168787193,
    0.019225863753496268,
    0.021810694487903706,
    0.020304959484352136,
    0.01266067892427274,
    0.008436687740520359,
    0.00562547876596741,
    0.006865950993580438,
    0.00593422871862759,
    0.012876813314187462,
    0.010578747893399985,
    0.006261491353664293,
    0.008521400373077838,
    0.006266359637067335,
    0.004525920014933914,
    0.003994286381649241,
    0.007136942492693402,
    0.008538620503329876,
    0.004689694707369437,
    0.0014117241742710445,
    0.0013036522955554158,
    0.0018474021706421698,
    0.0011418321739631377,
    0.0022013206905613066,
    0.0017733348602219812,
    0.0002913218416165208,
    0.000928275139208858,
    0.0001700096391733664,
    0.00023999107636588028,
    0.0016097515860308967,
    0.0011095759494516263,
    0.0009124036196167431,
    0.0004491476039077071,
    0.00020887075058165423,
    0.000423678185561289,
    0.0003731185277135929,
    0.0004469344332264852,
    7.868497593200629e-05
  ],
  "mz_fft_pos": [
    0.00944580747978258,
    0.021623525946481842,
    0.03572552928681899,
    0.039074455134233126,
    0.02501768898773098,
    0.026708242546292844,
    0.06835201258502002,
    0.04996167305520678,
    0.03181573303606914,
    0.07535346927774463,
    0.06291753757398404,
    0.027739212927822714,
    0.03166027623178735,
    0.007015131600019783,
    0.025535302605156966,
    0.018278438315195662,
    0.02378967577621403,
    0.03612832282408911,
    0.028465544248979444,
    0.017668277062764182,
    0.01611985485551843,
    0.028184352421296865,
    0.03366002900644256,
    0.030017002444292677,
    0.026962741424737105,
    0.026098344912745538,
    0.018017820638362807,
    0.01199799446422053,
    0.009259039783513862,
    0.005531150313611165,
    0.01274687757316253,
    0.0141150865276012,
    0.011659664668943732,
    0.010817268781441142,
    0.009869861199178763,
    0.00884168200397488,
    0.003444096532775753,
    0.005841916287728443,
    0.005867216172299864,
    0.005499930473413161,
    0.0034133091122126092,
    0.001752616557021678,
    0.004150065271397152,
    0.0020749816010633016,
    0.0005583462255746092,
    0.0014814821426501743,
    0.001520629700119434,
    0.0007356065265060541,
    0.0004816633514084146,
    0.00037892751419312166,
    0.0007701186393267877,
    0.0004035428864218877,
    0.000890753224693384,
    0.0004562709605835536,
    0.00034156624071882006,
    0.0004240914950950249,
    0.0003286445536446202,
    0.0002118744093773794,
    0.00013323729956471467,
    8.531456397163552e-05,
    2.968777601124086e-05,
    1.7837956126400552e-05,
    8.930273883213398e-06,
    7.517972250161808e-07,
    1.4889802243400752e-08
  ]
}