{
  "times": [
    0.0,
    0.20408163265306123,
    0.40816326530612246,
    0.6122448979591837,
    0.8163265306122449,
    1.0204081632653061,
    1.2244897959183674,
    1.4285714285714286,
    1.6326530612244898,
    1.836734693877551,
    2.0408163265306123,
    2.2448979591836737,
    2.4489795918367347,
    2.6530612244897958,
    2.857142857142857,
    3.0612244897959187,
    3.2653061224489797,
    3.4693877551020407,
    3.673469387755102,
    3.8775510204081636,
    4.081632653061225,
    4.285714285714286,
    4.4897959183673475,
    4.6938775510204085,
    4.8979591836734695,
    5.1020408163265305,
    5.3061224489795915,
    5.510204081632653,
    5.714285714285714,
    5.918367346938775,
    6.122448979591837,
    6.326530612244898,
    6.530612244897959,
    6.73469387755102,
    6.938775510204081,
    7.142857142857143,
    7.346938775510204,
    7.551020408163265,
    7.755102040816327,
    7.959183673469388,
    8.16326530612245,
    8.36734693877551,
    8.571428571428571,
    8.775510204081632,
    8.979591836734695,
    9.183673469387756,
    9.387755102040817,
    9.591836734693878,
    9.795918367346939,
    10.0
  ],
  "mx": [
    1.0,
    0.43242299482713,
    0.11117775978182562,
    -0.0191218072086519,
    -0.03740231953244489,
    -0.03239997086802133,
    -0.028858325075104732,
    0.002942839101876467,
    0.025120191270503005,
    0.025070183192235765,
    -0.017782087343686137,
    -0.017642633365603195,
    0.004448680035307769,
    0.0011336699818538603,
    -0.008090274563075449,
    0.055347645497647466,
    0.01078769952868223,
    -0.0028330230414980615,
    0.027594475733822642,
    0.04431814191484327,
    -0.01863540377373897,
    -0.06606624231753556,
    -0.043102727046504606,
    -0.017920177987579076,
    -0.01417669056480436,
    0.009677453545118186,
    0.0005666454431763361,
    -0.003360513434717792,
    -0.01654624029026054,
    -0.0019395304767445224,
    0.013779789654426347,
    0.02362228763458885,
    0.026852643361687842,
    0.021136595399803088,
    -0.010804151960014947,
    -0.03657472237295156,
    -0.05296341040466229,
    -0.04535882164339154,
    0.017451205880944582,
    0.02992816748342285,
    -0.004618894226591378,
    -0.01702266320224405,
    -0.008006348947303617,
    -0.04451430316395407,
    0.005548685244058075,
    -0.007327470814800178,
    0.004924042577570209,
    -0.009484559619224602,
    -0.02771662388018882,
    0.013364439644140753
  ],
  "my": [
    0.0,
    0.17361023673514964,
    0.0177269250944267,
    -0.007285568035975811,
    -0.06054588539775954,
    -0.056662472666624865,
    -0.0280182186245633,
    -0.012170303087071994,
    -0.02920870802140494,
    -0.0003980007807363002,
    0.01924758879134119,
    0.019487486096352914,
    0.004064003820247696,
    0.00433332093364438,
    -0.009724542499451911,
    -0.017597945463681257,
    -0.05306174857569365,
    0.006056720029658288,
    -0.005768209992035976,
    -0.04243956858708682,
    -0.06334412830832296,
    -0.01360334543417632,
    0.021904593557976717,
    0.014992491215998625,
    0.044962599333483524,
    0.008132685899483086,
    -0.011937363784568588,
    -0.011470811598593693,
    -0.004685080049871743,
    0.03566601369562783,
    0.04621584339082839,
    0.0007414415552781045,
    0.03458588853765042,
    0.0028927539420710528,
    -0.013388838032459487,
    -0.025707369578027283,
    -0.06888793006995268,
    -0.09979492336993073,
    -0.023535736952278553,
    0.02086567751133142,
    0.010123459599962569,
    0.0028067637465797194,
    -2.045469083157732e-06,
    0.0007555069491803927,
    -0.038616160118697625,
    -0.00886838068034397,
    -0.06987856693357981,
    -0.0830034277610029,
    -0.029658923265091664,
    0.007763162511376353
  ],
  "mz": [
    1.0842021724855044e-17,
    0.12057250442902476,
    0.05232646067210337,
    0.008287498081120339,
    -0.0029697653250742575,
    -0.013692485551141016,
    -0.06818937558777817,
    -0.01136770692977123,
    -0.009165075876496308,
    0.006043117535154209,
    -0.001987329797850842,
    -0.016083862298150918,
    -0.016019655221894878,
    0.014604236915978692,
    0.010667680643026041,
    0.004617975879805338,
    0.01671592819821796,
    -0.019936189576609767,
    -0.03979954617173718,
    -0.04816702568405106,
    -0.02724993855696958,
    0.01868450122763904,
    -0.020453839134283974,
    -0.0010595167654765987,
    -0.006256971786248152,
    -0.03189172118653659,
    -0.032680306753267614,
    -0.003060841005147426,
    -0.009999525416058613,
    -0.02882037359498891,
    -0.011094046150219233,
    0.018196383963423338,
    0.029388327583325678,
    -0.00918248099507515,
    -0.014023426148931768,
    -0.024367028524561015,
    0.016141011082916153,
    0.01378223608234627,
    0.01514037944232496,
    0.013420434232912535,
    0.02791150373511366,
    0.026789064336351337,
    -0.007841011031561368,
    0.02633398888532558,
    0.009836178004324044,
    -0.004386043303163529,
    -0.0016891789349091175,
    -0.04245545112019776,
    -0.053105688177783064,
    -0.007411192715122501
  ]
}