{
  "positive_frequencies": [
    0.0,
    0.07656249999999999,
    0.15312499999999998,
    0.2296875,
    0.30624999999999997,
    0.38281249999999994,
    0.459375,
    0.5359375,
    0.6124999999999999,
    0.6890624999999999,
    0.7656249999999999,
    0.8421874999999999,
    0.91875,
    0.9953124999999999,
    1.071875,
    1.1484374999999998,
    1.2249999999999999,
    1.3015625,
    1.3781249999999998,
    1.4546875,
    1.5312499999999998,
    1.6078124999999999,
    1.6843749999999997,
    1.7609374999999998,
    1.8375,
    1.9140624999999998,
    1.9906249999999999,
    2.0671874999999997,
    2.14375,
    2.2203125,
    2.2968749999999996,
    2.3734374999999996,
    2.4499999999999997
  ],
  "mx_fft_pos": [
    0.003017778163588625,
    0.003062639566916089,
    0.0023884568244735725,
    0.005612209089433484,
    0.009214320587227806,
    0.00919331288556608,
    0.005700985439384156,
    0.0026032752659934794,
    0.008765474025778801,
    0.009367236548758486,
    0.007858752115389224,
    0.005079726332426695,
    0.003932709043803851,
    0.005389290813404972,
    0.003768303475594707,
    0.0023797310657408663,
    0.004516485490575039,
    0.005701408236369653,
    0.004748048559823611,
    0.004977005028769121,
    0.0037105644316332113,
    0.001004002965114265,
    0.0018614985918300336,
    0.0006031390003700691,
    0.001553524306349677,
    0.0016771671223391766,
    0.0016054847474544643,
    0.0014319332318480274,
    0.0011306419841231458,
    0.0006813880129679256,
    0.0010571606572520888,
    0.002257247240297569,
    0.0020409770175948225
  ],
  "my_fft_pos": [
    0.004823195354358141,
    0.001357254208299983,
    0.0065787977929109885,
    0.01038393556670732,
    0.010040225689686922,
    0.0023894471042974876,
    0.007354855054253298,
    0.009843561754776927,
    0.009019693593298597,
    0.007239213238306373,
    0.005153841238285423,
    0.007628318438926385,
    0.008010091213804225,
    0.003982126924818607,
    0.001036690927231672,
    0.004004271901301719,
    0.004143470847111541,
    0.004035080874382477,
    0.0052288416758710385,
    0.00306128040215927,
    0.0007084012339276347,
    0.003527767712026238,
    0.004491760867730369,
    0.0035623484812548566,
    0.0029362464836543496,
    0.0031903556063031034,
    0.0027610189878393304,
    0.0023192121978948574,
    0.0012668686324283634,
    0.001854036816072928,
    0.003237447521570293,
    0.002423658304887041,
    0.0003599651424404302
  ],
  "mz_fft_pos": [
    0.007425063106778116,
    0.00789165794468967,
    0.006714918204605753,
    0.004129369983609311,
    0.001663589623061393,
    0.001885188982484738,
    0.0031245877090877606,
    0.006138777670217912,
    0.006782667246230238,
    0.004950937684359711,
    0.002651060251896571,
    0.005067722526741577,
    0.004893775050167829,
    0.0038539798741209614,
    0.0032244658979462344,
    0.002090120268721966,
    0.004209020776134971,
    0.004601483298348178,
    0.0036516461357338154,
    0.0034411013741443993,
    0.0026732806640057884,
    0.001484187637638529,
    0.0016555760210113326,
    0.0026154533805263364,
    0.002492742971500546,
    0.002294554331763649,
    0.0019602567844273946,
    0.0010572916517954684,
    0.002540444646733063,
    0.0027684099412991496,
    0.0018062123930586845,
    0.00145266095034549,
    0.0006246874564644656
  ]
}