{
  "times": [
    0.0,
    0.10101010101010101,
    0.20202020202020202,
    0.30303030303030304,
    0.40404040404040403,
    0.5050505050505051,
    0.6060606060606061,
    0.7070707070707071,
    0.8080808080808081,
    0.9090909090909091,
    1.0101010101010102,
    1.1111111111111112,
    1.2121212121212122,
    1.3131313131313131,
    1.4141414141414141,
    1.5151515151515151,
    1.6161616161616161,
    1.7171717171717171,
    1.8181818181818181,
    1.9191919191919191,
    2.0202020202020203,
    2.121212121212121,
    2.2222222222222223,
    2.323232323232323,
    2.4242424242424243,
    2.525252525252525,
    2.6262626262626263,
    2.727272727272727,
    2.8282828282828283,
    2.929292929292929,
    3.0303030303030303,
    3.131313131313131,
    3.2323232323232323,
    3.3333333333333335,
    3.4343434343434343,
    3.5353535353535355,
    3.6363636363636362,
    3.7373737373737375,
    3.8383838383838382,
    3.9393939393939394,
    4.040404040404041,
    4.141414141414141,
    4.242424242424242,
    4.343434343434343,
    4.444444444444445,
    4.545454545454545,
    4.646464646464646,
    4.747474747474747,
    4.848484848484849,
    4.94949494949495,
    5.05050505050505,
    5.151515151515151,
    5.252525252525253,
    5.353535353535354,
    5.454545454545454,
    5.555555555555555,
    5.656565656565657,
    5.757575757575758,
    5.858585858585858,
    5.959595959595959,
    6.0606060606060606,
    6.161616161616162,
    6.262626262626262,
    6.363636363636363,
    6.4646464646464645,
    6.565656565656566,
    6.666666666666667,
    6.767676767676767,
    6.8686868686868685,
    6.96969696969697,
    7.070707070707071,
    7.171717171717171,
    7.2727272727272725,
    7.373737373737374,
    7.474747474747475,
    7.575757575757575,
    7.6767676767676765,
    7.777777777777778,
    7.878787878787879,
    7.979797979797979,
    8.080808080808081,
    8.181818181818182,
    8.282828282828282,
    8.383838383838384,
    8.484848484848484,
    8.585858585858587,
    8.686868686868687,
    8.787878787878787,
    8.88888888888889,
    8.98989898989899,
    9.09090909090909,
    9.191919191919192,
    9.292929292929292,
    9.393939393939394,
    9.494949494949495,
    9.595959595959595,
    9.696969696969697,
    9.797979797979798,
    9.8989898989899,
    10.0
  ],
  "mx": [
    1.0,
    0.04853621006424806,
    -0.006490397128057925,
    -0.013290835085068611,
    0.013185436652987138,
    0.00858741672763674,
    -0.03219259076275441,
    -0.020897512500947044,
    0.009206529010245523,
    -0.06455205000941727,
    0.045434171977083264,
    0.040972318213714526,
    -0.004281104057561108,
    -0.03730449354009994,
    -0.010824395741390585,
    -0.005698556940597484,
    -0.05053321651972816,
    -0.02727064755284556,
    -0.0044609263515304155,
    0.010101662587285279,
    -0.01545858041762325,
    0.0009738106390123605,
    -0.004361902627362374,
    0.01159474025671294,
    0.0012347117866541464,
    -0.013282289030823242,
    0.01153465009409857,
    -0.007333866505604743,
    0.0068358390464596805,
    -0.04093552942695754,
    -0.020913716906282107,
    0.005946959274534692,
    0.03662055873276481,
    0.010096028728026951,
    -0.017726498259023955,
    0.027735263958538942,
    -0.00018654159075508504,
    0.003717440904242146,
    0.006586972925678555,
    0.02157955313692135,
    0.000978145953722775,
    -0.017630105909136704,
    -0.01370430906492209,
    -0.011416535307087658,
    0.007817704653761212,
    -0.03226393653345124,
    0.0025704299661443355,
    0.0026776085749049498,
    -0.008078814894439389,
    0.00012258678106430752,
    -0.03645854334267268,
    -0.03131179284032457,
    0.0010215567734315686,
    0.01553991923533484,
    -0.011140415326707927,
    0.0032058221039988066,
    -0.009485356208194538,
    0.02399709374414908,
    0.016175213646717337,
    -0.04434236998387489,
    -0.019607079758382395,
    -0.01438835103868533,
    -0.016494053236612936,
    -0.007744365269533169,
    -0.006395044452196358,
    0.010760783819181932,
    -0.0044260703083139185,
    -0.0101919533649456,
    0.07191354077447691,
    0.08233939095879023,
    -0.030246944026338367,
    -0.005250379178219712,
    -0.005629033210996389,
    -0.05083005129514291,
    -0.002261871015687581,
    -0.02015795007453444,
    -0.038867199929158575,
    0.02772268048682035,
    -0.01028871797881799,
    -0.006346245928568467,
    0.03241625823761487,
    0.0058783449628233625,
    -0.003659062791798679,
    0.007920919334155967,
    -0.0017627327161777266,
    -0.016336954485963555,
    -0.07864744272174307,
    -0.04535390031111227,
    0.006047087394242504,
    -0.026079722833155187,
    0.007560426738582118,
    -0.01950668660482619,
    -0.05475173736307404,
    0.001620089369466689,
    0.002346727548969832,
    0.009363078068154786,
    -0.0204407442930402,
    -0.0020763152338267705,
    0.012047652095168233,
    0.030836505986625722
  ],
  "my": [
    0.0,
    0.012566044819264072,
    -0.005225543629075965,
    0.016342863204588453,
    0.015824972635619036,
    -0.04098738549283249,
    0.015672631697910708,
    0.035341547886795936,
    0.0021880166486509967,
    -0.07464591041598026,
    0.025444356737085956,
    0.025592035895678062,
    0.00134607647279406,
    0.04843387604130223,
    -0.003269881225536301,
    -0.007584041973419268,
    -0.03854636974375644,
    -0.0296404384946428,
    -0.02664314028312188,
    -0.025549051433236408,
    0.030756716927343417,
    -0.002159910787838444,
    -0.0034432124974399427,
    0.01073780429266639,
    0.022621730043377537,
    0.01797760514626263,
    0.011305298421642304,
    -0.010738029360759595,
    -0.018819721971372144,
    0.009325228778071772,
    -0.022803819828337398,
    0.011009617467720344,
    0.011466197080645724,
    0.005393287088961008,
    -0.02339923562779481,
    0.018843256491827262,
    -0.008226023102807374,
    0.04020915193634431,
    0.02514913272979335,
    -0.004029395749749194,
    -0.009922625394889664,
    -0.033668758976096544,
    0.003123735062611823,
    -0.021965115008860572,
    0.010789371757059312,
    0.018186002682889273,
    -0.0032748546923829593,
    -0.01660265791162144,
    -0.03776016715552277,
    0.029843834472554374,
    0.0018057315564720708,
    0.014554881922241402,
    -0.01530116274546033,
    0.0022554664198760482,
    0.007710246650031187,
    0.0033794651499926016,
    0.006776990437840014,
    0.03125560447415984,
    -0.006087656433698374,
    -0.025431999601374166,
    -0.03751737634848445,
    -0.006950817094210033,
    -0.03849983006534698,
    0.02609363705101582,
    0.042163378685302476,
    0.016826763408808194,
    0.014974221091126743,
    0.0006850435953039582,
    -0.05239858736333479,
    0.049992918149236204,
    0.0226083484260428,
    -0.03456324369942945,
    -0.0037987109107669417,
    -0.004175539548860876,
    -0.014346882011564711,
    0.04937252072315583,
    0.025292509699552893,
    0.016313817827735267,
    0.01069875787999571,
    0.018286004930060693,
    0.038798588750589676,
    0.020049767555075194,
    -0.0019028643925969868,
    0.014572195069640463,
    -0.01820027033961668,
    -0.011005434730396639,
    -0.036566155342502044,
    -0.030460195048873158,
    -0.03956268148267905,
    0.07767419238637148,
    0.013953707263102657,
    -0.03530180255322203,
    0.02375506460296997,
    -0.004614184834281269,
    0.037029081277660914,
    -0.018729777283315898,
    0.0011956940185992432,
    0.011739753008093321,
    0.01570748764708947,
    -0.01398210514410192
  ],