{
  "metadata": {
    "circuit_type": "comb_generator",
    "qubits": 9,
    "shots": 8192,
    "drive_steps": 5,
    "time_points": 100,
    "max_time": 10.0,
    "drive_param": 1.3,
    "init_state": "superposition",
    "drive_frequency": 0.1,
    "has_subharmonics": false,
    "time_crystal_detected": false,
    "incommensurate_count": 0,
    "linear_combs_detected": false,
    "log_combs_detected": false,
    "created_at": "2025-05-17 22:16:14",
    "sweep_session": "parameter_scan_20250517_20250517_221328",
    "sweep_index": 12,
    "sweep_param1": "drive_param",
    "sweep_value1": 1.3,
    "sweep_param2": null,
    "sweep_value2": null
  },
  "positive_frequencies": [
    0.0,
    0.07734375,
    0.1546875,
    0.23203125000000002,
    0.309375,
    0.38671875,
    0.46406250000000004,
    0.54140625,
    0.61875,
    0.6960937500000001,
    0.7734375,
    0.85078125,
    0.9281250000000001,
    1.0054687500000001,
    1.0828125,
    1.16015625,
    1.2375,
    1.31484375,
    1.3921875000000001,
    1.46953125,
    1.546875,
    1.62421875,
    1.7015625,
    1.7789062500000001,
    1.8562500000000002,
    1.93359375,
    2.0109375000000003,
    2.08828125,
    2.165625,
    2.24296875,
    2.3203125,
    2.3976562500000003,
    2.475,
    2.55234375,
    2.6296875,
    2.70703125,
    2.7843750000000003,
    2.86171875,
    2.9390625,
    3.01640625,
    3.09375,
    3.1710937500000003,
    3.2484375,
    3.32578125,
    3.403125,
    3.48046875,
    3.5578125000000003,
    3.63515625,
    3.7125000000000004,
    3.78984375,
    3.8671875,
    3.9445312500000003,
    4.0218750000000005,
    4.09921875,
    4.1765625,
    4.25390625,
    4.33125,
    4.4085937500000005,
    4.4859375,
    4.56328125,
    4.640625,
    4.71796875,
    4.7953125000000005,
    4.87265625,
    4.95
  ],
  "mx_fft_pos": [
    0.0034309947616069426,
    0.0020518026322236893,
    0.0011589807332093214,
    0.002876528845968,
    0.0034816033835993114,
    0.0016790967116240018,
    0.00029551336820633783,
    0.00182731227947626,
    0.004319324850800078,
    0.004634099133006792,
    0.0031628582071506206,
    0.005679674727426759,
    0.004524143121147192,
    0.0021536839818707496,
    0.001224170044730772,
    0.0005341225819644511,
    0.0012108106644421288,
    0.0030665152546730146,
    0.0037661143926693264,
    0.0010420247725156265,
    0.0020602806442747636,
    0.0026814794672024656,
    0.0017709639080858354,
    0.0015896140041764754,
    0.004067303190516516,
    0.0047522211023407375,
    0.0030908389406784764,
    0.0011918728511713115,
    0.000599067412569572,
    0.0017630039477097193,
    0.004038240050306616,
    0.0053174071892737864,
    0.0028269597781643107,
    0.002189864864512782,
    0.0035281241723289893,
    0.0038060512857374584,
    0.0029678821930397784,
    0.0006973613202987082,
    0.0018198719103929564,
    0.0024572336050607403,
    0.00237167841209131,
    0.0019894569276115988,
    0.002295885250380262,
    0.0012202976322742305,
    0.0017348784119031052,
    0.0042144150099676205,
    0.005280722524611226,
    0.004179976543442096,
    0.002491881837808997,
    0.00048819192163704794,
    0.0005671955202596646,
    0.0003086626514996028,
    0.0006649653558682694,
    0.0002588285480194343,
    0.0010457739818285222,
    0.0025786363812493667,
    0.0035990623923097074,
    0.0031337673750883653,
    0.001759356932437979,
    0.0002629080456471483,
    0.00024757408042674976,
    0.00012100406619331039,
    0.00042767972282201056,
    0.0006198384021209592,
    0.0003297411327789901
  ],
  "my_fft_pos": [
    0.0012102236899221572,
    0.0010668044356477583,
    0.0012740286620922011,
    0.0019299471428798542,
    0.0007328990678222325,
    0.0014055775170972293,
    0.001630895823415367,
    0.0007183160505904708,
    0.002024098976177847,
    0.004745841096781136,
    0.003301636836076151,
    0.0020075577139118325,
    0.004159034300451547,
    0.003172343644529763,
    0.0028416925767566995,
    0.003253700053822958,
    0.0012153597221953624,
    0.0012110156952361575,
    0.002727560439621,
    0.005231196364224128,
    0.007380526684525256,
    0.0054349718230328635,
    0.0011515379608001202,
    0.0013734608367803303,
    0.0019887778187832037,
    0.002478516431542582,
    0.002811846204245574,
    0.0018730237077209525,
    0.0010474562008110106,
    0.0008606350321075139,
    0.002085075421625886,
    0.002833074200983366,
    0.0031387222697335858,
    0.002629013983219174,
    0.0019616344770845384,
    0.0017935900554055318,
    0.0014157981173399232,
    0.001719556580237846,
    0.0014999898539386164,
    0.0017955647814930451,
    0.002532052142933326,
    0.004051311306602928,
    0.0026419110274449958,
    0.0024228636482325743,
    0.0042407337376608005,
    0.0037190308763285656,
    0.0014062659373255992,
    0.002683452410194467,
    0.002374785028158071,
    0.0009118591799070219,
    0.0014405746857113527,
    0.001974726460628054,
    0.0026583583401855377,
    0.002834869907522623,
    0.0028247103592843135,
    0.0024381289065389367,
    0.0029991209178056514,
    0.0035393938392984797,
    0.0023822237451785197,
    0.0020132656201700444,
    0.0016587686327323072,
    0.0009263530575564436,
    0.0014783189062459257,
    0.003645598497521647,
    0.004685231803366628
  ],
  "mz_fft_pos": [
    0.0018118594699739379,
    0.0019036336625542763,
    0.001103863794241565,
    0.0004965969147625973,
    0.0006496250073323355,
    0.00020097012035952562,
    0.0008873190979834999,
    0.0018729547355811236,
    0.0017634581105133303,
    0.0004509976831915572,
    0.002101550552429654,
    0.0013673762425284168,
    0.0020856810633869192,
    0.0007897098561965285,
    0.002136330024369395,
    0.002072272402918022,
    0.001588096810670708,
    0.001041781109376505,
    0.0011474292251726134,
    0.0015392971318355408,
    0.0008807923809584995,
    0.001068650002782282,
    0.001005203194689047,
    0.001873774094140722,
    0.0037503492631711433,
    0.004919516272844013,
    0.003971405332780532,
    0.0022888162055610525,
    0.0012731356196738182,
    0.0009694510226813485,
    0.0011954184391779912,
    0.001714658436480324,
    0.0021955462986531144,
    0.0012852465870470953,
    0.0008037095575196121,
    0.001761424729705731,
    0.0020651838761317123,
    0.0016373921799679638,
    0.0015362781198519611,
    0.0007072707210882529,
    0.0009045250218615323,
    0.0022758326365190703,
    0.002715037832281604,
    0.0020232539741952536,
    0.0010274463714857183,
    0.00046401334536958237,
    0.0018990686110637125,
    0.002767350505248285,
    0.0023050591631941686,
    0.0016665942004578122,
    0.0016646140894599293,
    0.001694842733231852,
    0.0017305985335422922,
    0.0019599338107028925,
    0.0019486032318660447,
    0.0020195529192700125,
    0.0024084069553865686,
    0.002472695322716557,
    0.002119257811371482,
    0.0012442200529242742,
    0.00043727784581851676,
    0.0008759468107587532,
    0.0009190880801166361,
    0.0009947433114818954,
    0.00115556762029108
  ],
  "peaks": {
    "mx": {
      "frequencies": [],
      "amplitudes": [],
      "is_harmonic": [],
      "is_incommensurate": [],
      "is_comb_tooth": []
    },
    "my": {
      "frequencies": [],
      "amplitudes": [],
      "is_harmonic": [],
      "is_incommensurate": [],
      "is_comb_tooth": []
    },
    "mz": {
      "frequencies": [],
      "amplitudes": [],
      "is_harmonic": [],
      "is_incommensurate": [],
      "is_comb_tooth": []
    }
  }
}