{
  "positive_frequencies": [
    0.0,
    0.07734375,
    0.1546875,
    0.23203125000000002,
    0.309375,
    0.38671875,
    0.46406250000000004,
    0.54140625,
    0.61875,
    0.6960937500000001,
    0.7734375,
    0.85078125,
    0.9281250000000001,
    1.0054687500000001,
    1.0828125,
    1.16015625,
    1.2375,
    1.31484375,
    1.3921875000000001,
    1.46953125,
    1.546875,
    1.62421875,
    1.7015625,
    1.7789062500000001,
    1.8562500000000002,
    1.93359375,
    2.0109375000000003,
    2.08828125,
    2.165625,
    2.24296875,
    2.3203125,
    2.3976562500000003,
    2.475,
    2.55234375,
    2.6296875,
    2.70703125,
    2.7843750000000003,
    2.86171875,
    2.9390625,
    3.01640625,
    3.09375,
    3.1710937500000003,
    3.2484375,
    3.32578125,
    3.403125,
    3.48046875,
    3.5578125000000003,
    3.63515625,
    3.7125000000000004,
    3.78984375,
    3.8671875,
    3.9445312500000003,
    4.0218750000000005,
    4.09921875,
    4.1765625,
    4.25390625,
    4.33125,
    4.4085937500000005,
    4.4859375,
    4.56328125,
    4.640625,
    4.71796875,
    4.7953125000000005,
    4.87265625,
    4.95
  ],
  "mx_fft_pos": [
    0.003037593912967528,
    0.003125568384521065,
    0.0025459373303190207,
    0.005933803892700512,
    0.009437699297432468,
    0.009229870579803312,
    0.005558206628068706,
    0.0030586141577530397,
    0.009264357162701778,
    0.009293374583235571,
    0.007705857791374163,
    0.00447408056750351,
    0.004267028490661023,
    0.0052941673506301775,
    0.0032193945331519774,
    0.0024515340970779416,
    0.004773164348762878,
    0.005606647687051647,
    0.004666465654371927,
    0.004409480494175693,
    0.0027283906285386346,
    0.0018038170337947908,
    0.0024527416213958784,
    0.0014419499704737,
    0.0009224968639121449,
    0.0007135054069239165,
    0.0003930524938410365,
    0.0003038375838020129,
    0.0005009875734531153,
    0.0010208683067284403,
    0.001173395708759485,
    0.0013522487746424029,
    0.0010438622481569462,
    0.001559315613719767,
    0.0012580572742612013,
    0.0006466101961045052,
    0.001153888331999889,
    0.001722164082648464,
    0.0018057094683603015,
    0.00109864589419,
    0.0009042107738510676,
    0.0012863083159338749,
    0.0009856519677064704,
    0.0005035944102370117,
    0.0006827291180337186,
    0.0004061481104101048,
    0.00014546676463005672,
    0.0002703563502693478,
    0.0002058793883936924,
    0.0002676726597277165,
    0.0002676180045696681,
    0.00024891599955338353,
    0.000208675273943143,
    0.00018825923775621486,
    7.216340655704295e-05,
    0.00014243559072403425,
    4.5263485765023756e-05,
    0.00012739580118909403,
    5.1192197724212925e-05,
    4.546320936417109e-05,
    2.3062484695696052e-05,
    4.480246288909444e-05,
    7.886335099492055e-05,
    7.074985148636266e-05,
    2.2377219200654385e-05
  ],
  "my_fft_pos": [
    0.004848183678834832,
    0.001174219920957165,
    0.006800720387851788,
    0.0106880488868545,
    0.010064758250723276,
    0.0018045593684506186,
    0.007919810643303691,
    0.009830188576117073,
    0.008997457391599666,
    0.007148392397873604,
    0.005589572105854482,
    0.007863541912700955,
    0.007599133028501047,
    0.0031328788048186305,
    0.0017736703564210556,
    0.004350006491977851,
    0.00384310679549203,
    0.004771466752994121,
    0.005773802538667202,
    0.002498256489589021,
    0.001813198184918068,
    0.004142701099361195,
    0.004528094109412965,
    0.0032633374288295876,
    0.002616416831555144,
    0.0035736307741700375,
    0.003987944819274989,
    0.0033429123975325025,
    0.0013277117383965439,
    0.0011541294683914938,
    0.0010134730221968995,
    0.00034957070953879274,
    0.0016254576018083795,
    0.002609769875674509,
    0.0018882915640375602,
    0.0006452253000947264,
    0.0010216604810394016,
    0.0014400829607627576,
    0.0008111969331504202,
    0.000396487766531971,
    0.0008657861985113119,
    0.0007245327489144672,
    0.0006721834657162194,
    0.0007140935367586755,
    0.00033524512293740675,
    0.0005185013630831755,
    0.0005710463846883223,
    0.00023919108372909132,
    0.0001193969357989987,
    0.0003928681507114156,
    0.0004523062412546311,
    0.0001625788169905946,
    0.00036869387122557114,
    0.0002973513626498794,
    0.0003274150822750573,
    0.0001937752879612855,
    0.00019577246754385905,
    8.238986001300357e-05,
    0.00011362285901615618,
    0.00015394615682173018,
    0.00014128224886407356,
    0.0001047936759978807,
    0.00010946699273336476,
    6.062630875748428e-05,
    0.00014157388736999647
  ],
  "mz_fft_pos": [
    0.007508242654225245,
    0.007966386602052287,
    0.006719908398829695,
    0.0040763061353203235,
    0.0018099744809128469,
    0.002020952649534588,
    0.003242933685233986,
    0.006360289958249993,
    0.006889161282656971,
    0.0047396989783332795,
    0.0024978439744800414,
    0.005010059416019279,
    0.004616996103395259,
    0.003759554706801975,
    0.003052371462076996,
    0.002516611342227286,
    0.005192728192908181,
    0.005303567064237184,
    0.003929295605860753,
    0.0034769686297760564,
    0.002515769795123101,
    0.0009769265844479275,
    0.0020114585033158207,
    0.0027718811605908105,
    0.001524660512384128,
    0.0012680806207548672,
    0.0014163751147864792,
    0.0018389647405487408,
    0.0026665075680894867,
    0.00204990934129084,
    0.0013648331976971399,
    0.0016806784720974897,
    0.0010417575842732168,
    0.00031881221891016893,
    0.0003840577083505725,
    0.0011774639861761712,
    0.001058059483501352,
    0.0003473728471823978,
    0.0008345660712675755,
    0.0013503079110378962,
    0.0015220321349661372,
    0.0007418197136471434,
    0.0008822364160785338,
    0.0020779984702875985,
    0.0018646892164362364,
    0.0007793946854383391,
    0.0007054417942128926,
    0.0008101313958579021,
    0.0004323649043659121,
    0.00011094143257571572,
    5.103183487043485e-05,
    0.00024251596025272361,
    0.0003825772216715792,
    0.00038727992100521066,
    0.00019399533578480857,
    0.00012872318972755045,
    0.00015776576237530097,
    0.00017108597210862688,
    0.00030840845924802647,
    0.00015525678105515438,
    2.0398135507298226e-05,
    2.2866449315439158e-05,
    7.354745999663684e-05,
    8.983949206442963e-05,
    9.63810148974148e-05
  ]
}