{
  "times": [
    0.0,
    0.10101010101010101,
    0.20202020202020202,
    0.30303030303030304,
    0.40404040404040403,
    0.5050505050505051,
    0.6060606060606061,
    0.7070707070707071,
    0.8080808080808081,
    0.9090909090909091,
    1.0101010101010102,
    1.1111111111111112,
    1.2121212121212122,
    1.3131313131313131,
    1.4141414141414141,
    1.5151515151515151,
    1.6161616161616161,
    1.7171717171717171,
    1.8181818181818181,
    1.9191919191919191,
    2.0202020202020203,
    2.121212121212121,
    2.2222222222222223,
    2.323232323232323,
    2.4242424242424243,
    2.525252525252525,
    2.6262626262626263,
    2.727272727272727,
    2.8282828282828283,
    2.929292929292929,
    3.0303030303030303,
    3.131313131313131,
    3.2323232323232323,
    3.3333333333333335,
    3.4343434343434343,
    3.5353535353535355,
    3.6363636363636362,
    3.7373737373737375,
    3.8383838383838382,
    3.9393939393939394,
    4.040404040404041,
    4.141414141414141,
    4.242424242424242,
    4.343434343434343,
    4.444444444444445,
    4.545454545454545,
    4.646464646464646,
    4.747474747474747,
    4.848484848484849,
    4.94949494949495,
    5.05050505050505,
    5.151515151515151,
    5.252525252525253,
    5.353535353535354,
    5.454545454545454,
    5.555555555555555,
    5.656565656565657,
    5.757575757575758,
    5.858585858585858,
    5.959595959595959,
    6.0606060606060606,
    6.161616161616162,
    6.262626262626262,
    6.363636363636363,
    6.4646464646464645,
    6.565656565656566,
    6.666666666666667,
    6.767676767676767,
    6.8686868686868685,
    6.96969696969697,
    7.070707070707071,
    7.171717171717171,
    7.2727272727272725,
    7.373737373737374,
    7.474747474747475,
    7.575757575757575,
    7.6767676767676765,
    7.777777777777778,
    7.878787878787879,
    7.979797979797979,
    8.080808080808081,
    8.181818181818182,
    8.282828282828282,
    8.383838383838384,
    8.484848484848484,
    8.585858585858587,
    8.686868686868687,
    8.787878787878787,
    8.88888888888889,
    8.98989898989899,
    9.09090909090909,
    9.191919191919192,
    9.292929292929292,
    9.393939393939394,
    9.494949494949495,
    9.595959595959595,
    9.696969696969697,
    9.797979797979798,
    9.8989898989899,
    10.0
  ],
  "mx": [
    1.0,
    0.13270032636882412,
    0.0017437113321700944,
    -0.02341589219242282,
    -0.009683418867101057,
    0.009838297217006865,
    0.017954741802257725,
    0.00022873219542825807,
    -0.03029995089823119,
    -0.02594534435197033,
    0.018259006322246696,
    -0.037524760079552494,
    -0.030517853918108136,
    0.04543417197708311,
    0.04885757054475396,
    0.0022340316890277286,
    0.0018259998998945664,
    -0.04339633792613595,
    -0.02116405530373751,
    0.0038803130407838466,
    -0.027652550308105976,
    -0.051180323564077645,
    -0.030765447716330645,
    -0.001353784386487383,
    -0.005347552975239754,
    0.012872454074669212,
    -0.015458580417623151,
    -0.0034884683733376817,
    -0.002393556044757684,
    -0.0006754671713048231,
    0.012837247500597608,
    0.006913468610411951,
    -0.015204347034896232,
    -0.004227193857694895,
    0.012737093327245815,
    -0.005149496411038548,
    -0.0013405910636519669,
    -0.003082986215511314,
    -0.05060118905503215,
    -0.020913716906282284,
    0.007233412849406393,
    0.013943584618472647,
    0.044626405976172345,
    0.004652186375091981,
    -0.027615604885760463,
    0.024531450168903672,
    0.020958330772573436,
    0.0019328158009403378,
    0.009873267243306257,
    -0.013797108134854344,
    0.03293137087732664,
    0.005840831122748648,
    0.0009781459537221288,
    0.007355608090901211,
    -0.023080664740187693,
    -0.011471092152754473,
    -0.0050122763969464084,
    0.02351021308681299,
    -0.015241818502941805,
    -0.03177004537176859,
    -0.004823586967357169,
    0.002580282155531567,
    -0.001415432156881408,
    -0.009680061743307834,
    -0.004517327244514214,
    -0.03645854334267335,
    -0.02176667724820579,
    -0.017287871929514597,
    0.016265453264459228,
    0.01575779161630315,
    -0.011910488179335828,
    -0.011723844026627584,
    0.0024995184678655285,
    -0.008822316784697038,
    0.018919988892568622,
    0.02618103505043184,
    -0.01642875315191423,
    -0.041650505155214665,
    -0.019607079758382422,
    -0.007896622461615302,
    -0.032913801193870294,
    -0.014016000863531781,
    -0.007398960287514124,
    -0.007858937026863537,
    0.004161936882678457,
    0.009685694947641543,
    -0.008720954088204733,
    -0.01144559763853592,
    0.03307675162148021,
    0.1101984783950352,
    0.054315730597092986,
    -0.030246944026337184,
    -0.018184070498725818,
    0.005202900622713126,
    -0.019477805766719945,
    -0.05182707287389868,
    -0.013520068326807366,
    0.0022539168828858147,
    -0.036571368426959544,
    -0.03305531839916705
  ],
  "my": [
    0.0,
    0.03461324280025975,
    -0.0013559397119587077,
    0.011764493506460928,
    0.011126818909194237,
    0.010580457923475,
    0.004169540831047535,
    -0.02302218787482455,
    0.01567108461560276,
    0.03143827636969652,
    0.020965596849653784,
    -0.0047206079211567055,
    -0.08295249115481051,
    0.02544435673708558,
    0.038298313485589895,
    -0.016959268523459425,
    0.028004127770582248,
    0.050136110994049826,
    0.011157259743080981,
    -0.024497284989995878,
    -0.010208945987921403,
    -0.0432469180418893,
    -0.031044434099436524,
    -0.027218484052636563,
    -0.030956795259548673,
    -0.012146769818902822,
    0.030756716927343403,
    0.005611675874080277,
    -0.007820117130226407,
    0.0018691673671927102,
    0.011438262432565318,
    0.02151632782274697,
    0.020488481630884847,
    0.01580141638720898,
    0.009150331039588972,
    -0.00843888042332724,
    -0.024321945715829282,
    7.45387533072998e-05,
    0.005796456704873556,
    -0.022803819828337235,
    -0.0007348256889056153,
    0.014945355330680248,
    0.01411704856939338,
    0.0038516413919228196,
    -0.01846995969737629,
    0.004493627066341605,
    -0.002111101370416386,
    -0.006211273101185179,
    0.03834987028445804,
    0.023839059161389804,
    0.009960889853664612,
    0.0026645622307951006,
    -0.009922625394890278,
    -0.015907915247976315,
    -0.008324182064585357,
    0.0010234243319444444,
    -0.02115295810656658,
    0.019782852805478843,
    -0.0113268370641758,
    -0.002434042407593959,
    0.01578152676361539,
    -0.010955625846896437,
    -0.02948827400534905,
    -0.007529739668746229,
    0.03770463788312263,
    0.0018057315564721694,
    -0.010432083630075289,
    -0.03121847540205102,
    0.004641407061358773,
    -0.0020873020304635645,
    -0.007546107152402046,
    0.03613381387617602,
    -0.014121731099084532,
    0.004326222595530563,
    0.034041108009215976,
    -0.009837936937284006,
    0.010647816060507433,
    -0.04568902324809977,
    -0.03751737634848448,
    -0.008568595431366614,
    -0.030498784801736227,
    -0.02607632338047966,
    0.03365910082005015,
    0.0490517352225224,
    0.01927854367188285,
    0.010142748538679634,
    0.01693503810242616,
    0.0048336956104545106,
    -0.0504786815439206,
    -0.010111245796160547,
    0.05856370411074517,
    0.022608348426043937,
    -0.03219276651776368,
    -0.0213410283838803,
    0.004949903758477438,
    -0.007485304413641585,
    -0.021677930372407974,
    0.03447387044853085,
    0.043843775301720726,
    0.02130220557266639
  ],