{
  "positive_frequencies": [
    0.0,
    0.07734375,
    0.1546875,
    0.23203125000000002,
    0.309375,
    0.38671875,
    0.46406250000000004,
    0.54140625,
    0.61875,
    0.6960937500000001,
    0.7734375,
    0.85078125,
    0.9281250000000001,
    1.0054687500000001,
    1.0828125,
    1.16015625,
    1.2375,
    1.31484375,
    1.3921875000000001,
    1.46953125,
    1.546875,
    1.62421875,
    1.7015625,
    1.7789062500000001,
    1.8562500000000002,
    1.93359375,
    2.0109375000000003,
    2.08828125,
    2.165625,
    2.24296875,
    2.3203125,
    2.3976562500000003,
    2.475,
    2.55234375,
    2.6296875,
    2.70703125,
    2.7843750000000003,
    2.86171875,
    2.9390625,
    3.01640625,
    3.09375,
    3.1710937500000003,
    3.2484375,
    3.32578125,
    3.403125,
    3.48046875,
    3.5578125000000003,
    3.63515625,
    3.7125000000000004,
    3.78984375,
    3.8671875,
    3.9445312500000003,
    4.0218750000000005,
    4.09921875,
    4.1765625,
    4.25390625,
    4.33125,
    4.4085937500000005,
    4.4859375,
    4.56328125,
    4.640625,
    4.71796875,
    4.7953125000000005,
    4.87265625,
    4.95
  ],
  "mx_fft_pos": [
    0.0743136260530348,
    0.08204009191324957,
    0.08457064245567798,
    0.06235468431206612,
    0.026751018801331197,
    0.007925806187367474,
    0.03694935673576963,
    0.047781962486418285,
    0.04487887187463531,
    0.048022725252360086,
    0.04856513804834262,
    0.04808132896647461,
    0.05470851140271707,
    0.04425883903810683,
    0.011022445223716601,
    0.04264054913147119,
    0.04006480386705387,
    0.0049997818766933325,
    0.024325800453929257,
    0.01754366397333597,
    0.002810350076198448,
    0.010798337651756171,
    0.02477237841249234,
    0.03951207876764329,
    0.04556537385926896,
    0.03428321020123807,
    0.017492858501128517,
    0.009158849830235082,
    0.009253834063245744,
    0.0064884767169703225,
    0.015980536175825864,
    0.018620711103964266,
    0.01180898886261382,
    0.01089798645348228,
    0.012142904339903329,
    0.005504231019407331,
    0.0009880875592464672,
    0.002640118933125818,
    0.0073924855282208055,
    0.009275331308239652,
    0.006032717332956416,
    0.002112651232392521,
    0.0020657700513729256,
    0.0031003425744248973,
    0.002258451489682424,
    0.0005836856993921861,
    0.0007892809636828657,
    0.0034901035431296966,
    0.0037770905087384007,
    0.0008967422588922487,
    0.0014135356910579993,
    0.002655318347045486,
    0.0020075002157758665,
    0.0010032778153499066,
    0.0012679720420214885,
    0.0008267418745275188,
    0.0004844864598496866,
    0.0005946759264959966,
    0.00038591618760010167,
    0.0005573058195367894,
    0.00019144054723407915,
    0.0004891655984949809,
    0.00037559215323628917,
    0.00019523219964710467,
    0.0004949756040218833
  ],
  "my_fft_pos": [
    0.030030465092591784,
    0.04774280247322291,
    0.05285319391996052,
    0.036394216300748995,
    0.02605706527021633,
    0.02535052404786864,
    0.02705955593019548,
    0.03187453438639591,
    0.03654720447487507,
    0.03286525136968747,
    0.03069030185546705,
    0.0349113261447016,
    0.030675377785099604,
    0.033575618661664905,
    0.05061110537625558,
    0.05510629709279273,
    0.02945358481704742,
    0.01760203135814802,
    0.032043599362959814,
    0.03223285057464989,
    0.02063183032900619,
    0.03147396570603634,
    0.034562110283510916,
    0.02679485762014651,
    0.006585967474277668,
    0.016778052353346676,
    0.022468360880973384,
    0.01942713816878719,
    0.019225863753496265,
    0.02181069448790369,
    0.02030495948435212,
    0.012660678924272736,
    0.008436687740520362,
    0.005625478765967399,
    0.006865950993580439,
    0.005934228718627595,
    0.012876813314187465,
    0.01057874789339999,
    0.006261491353664284,
    0.008521400373077834,
    0.00626635963706733,
    0.004525920014933919,
    0.0039942863816492475,
    0.007136942492693411,
    0.008538620503329888,
    0.0046896947073694455,
    0.001411724174271046,
    0.001303652295555412,
    0.0018474021706421661,
    0.0011418321739631299,
    0.0022013206905613027,
    0.0017733348602219845,
    0.0002913218416165271,
    0.0009282751392088633,
    0.00017000963917335527,
    0.00023999107636588538,
    0.0016097515860309052,
    0.0011095759494516332,
    0.0009124036196167387,
    0.000449147603907708,
    0.00020887075058165523,
    0.00042367818556129927,
    0.0003731185277135928,
    0.00044693443322647646,
    7.868497593199964e-05
  ],
  "mz_fft_pos": [
    0.009445807479782575,
    0.02162352594648186,
    0.035725529286819005,
    0.03907445513423314,
    0.025017688987730984,
    0.026708242546292844,
    0.06835201258502002,
    0.04996167305520678,
    0.031815733036069126,
    0.07535346927774463,
    0.06291753757398402,
    0.02773921292782271,
    0.03166027623178737,
    0.007015131600019794,
    0.025535302605156955,
    0.01827843831519566,
    0.023789675776214034,
    0.03612832282408912,
    0.028465544248979447,
    0.01766827706276418,
    0.01611985485551842,
    0.02818435242129686,
    0.03366002900644256,
    0.030017002444292697,
    0.02696274142473711,
    0.026098344912745538,
    0.018017820638362807,
    0.011997994464220537,
    0.009259039783513863,
    0.0055311503136111564,
    0.012746877573162533,
    0.014115086527601206,
    0.011659664668943734,
    0.010817268781441142,
    0.009869861199178768,
    0.008841682003974886,
    0.003444096532775758,
    0.005841916287728442,
    0.005867216172299861,
    0.005499930473413167,
    0.003413309112212612,
    0.0017526165570216831,
    0.0041500652713971605,
    0.002074981601063306,
    0.0005583462255746174,
    0.0014814821426501837,
    0.0015206297001194543,
    0.0007356065265060598,
    0.00048166335140840613,
    0.0003789275141931395,
    0.0007701186393267985,
    0.0004035428864218885,
    0.0008907532246933794,
    0.00045627096058355014,
    0.00034156624071880553,
    0.00042409149509500707,
    0.0003286445536446256,
    0.0002118744093773908,
    0.0001332372995647138,
    8.531456397163707e-05,
    2.9687776011241525e-05,
    1.7837956126401226e-05,
    8.930273883209737e-06,
    7.517972250148545e-07,
    1.4889802242290528e-08
  ]
}