{
  "times": [
    0.0,
    0.10101010101010101,
    0.20202020202020202,
    0.30303030303030304,
    0.40404040404040403,
    0.5050505050505051,
    0.6060606060606061,
    0.7070707070707071,
    0.8080808080808081,
    0.9090909090909091,
    1.0101010101010102,
    1.1111111111111112,
    1.2121212121212122,
    1.3131313131313131,
    1.4141414141414141,
    1.5151515151515151,
    1.6161616161616161,
    1.7171717171717171,
    1.8181818181818181,
    1.9191919191919191,
    2.0202020202020203,
    2.121212121212121,
    2.2222222222222223,
    2.323232323232323,
    2.4242424242424243,
    2.525252525252525,
    2.6262626262626263,
    2.727272727272727,
    2.8282828282828283,
    2.929292929292929,
    3.0303030303030303,
    3.131313131313131,
    3.2323232323232323,
    3.3333333333333335,
    3.4343434343434343,
    3.5353535353535355,
    3.6363636363636362,
    3.7373737373737375,
    3.8383838383838382,
    3.9393939393939394,
    4.040404040404041,
    4.141414141414141,
    4.242424242424242,
    4.343434343434343,
    4.444444444444445,
    4.545454545454545,
    4.646464646464646,
    4.747474747474747,
    4.848484848484849,
    4.94949494949495,
    5.05050505050505,
    5.151515151515151,
    5.252525252525253,
    5.353535353535354,
    5.454545454545454,
    5.555555555555555,
    5.656565656565657,
    5.757575757575758,
    5.858585858585858,
    5.959595959595959,
    6.0606060606060606,
    6.161616161616162,
    6.262626262626262,
    6.363636363636363,
    6.4646464646464645,
    6.565656565656566,
    6.666666666666667,
    6.767676767676767,
    6.8686868686868685,
    6.96969696969697,
    7.070707070707071,
    7.171717171717171,
    7.2727272727272725,
    7.373737373737374,
    7.474747474747475,
    7.575757575757575,
    7.6767676767676765,
    7.777777777777778,
    7.878787878787879,
    7.979797979797979,
    8.080808080808081,
    8.181818181818182,
    8.282828282828282,
    8.383838383838384,
    8.484848484848484,
    8.585858585858587,
    8.686868686868687,
    8.787878787878787,
    8.88888888888889,
    8.98989898989899,
    9.09090909090909,
    9.191919191919192,
    9.292929292929292,
    9.393939393939394,
    9.494949494949495,
    9.595959595959595,
    9.696969696969697,
    9.797979797979798,
    9.8989898989899,
    10.0
  ],
  "mx": [
    -0.12670678338528715,
    -0.12103062024841105,
    -0.1172682115053756,
    -0.11970963975986805,
    -0.12993160303848392,
    -0.14565743478563276,
    -0.16413483901980375,
    -0.18420114381948796,
    -0.20351635878170982,
    -0.21663302101657075,
    -0.21916950501145557,
    -0.21251262411576488,
    -0.2003063124058928,
    -0.17977070247985985,
    -0.14086745490618063,
    -0.07791566520046124,
    -0.0003079935213751138,
    0.07364696613831036,
    0.135436593014589,
    0.19451665740272805,
    0.26297866313148843,
    0.33310852931632073,
    0.3747289015242407,
    0.35689221955292844,
    0.2730742717108724,
    0.14952479507877395,
    0.03357225110019725,
    -0.030453938483542425,
    -0.02616046311423856,
    0.02516056167975837,
    0.0811917935369617,
    0.11030957696172757,
    0.10906826071670243,
    0.09070131755783277,
    0.06299746723634984,
    0.022963508267191676,
    -0.029609706710020944,
    -0.08095909836366964,
    -0.10885115360380876,
    -0.09771036210096902,
    -0.049040499876426856,
    0.019273502992054048,
    0.08313532602352146,
    0.12570072675583396,
    0.14459206944200806,
    0.1467361644768002,
    0.136475649015498,
    0.10950901261688006,
    0.0577804706971771,
    -0.021269062629530672,
    -0.12009227807441754,
    -0.22414165716682724,
    -0.3194532655715264,
    -0.39831278114357405,
    -0.4583769076517956,
    -0.49757137535720775,
    -0.5121144660871021,
    -0.5005922824361261,
    -0.46835583442684375,
    -0.42560821846301483,
    -0.3805181762792107,
    -0.3349182325771638,
    -0.28718101567699206,
    -0.2385387320070401,
    -0.19515039785240196,
    -0.16355741275340654,
    -0.14528668596620636,
    -0.1365560248153688,
    -0.1319135564399165,
    -0.12731854502700937,
    -0.12166763613775122,
    -0.11745702220361125,
    -0.1190220061272499,
    -0.1284114917746233,
    -0.14367235349039234,
    -0.16191216018038537,
    -0.18185580584507047,
    -0.20149076067461746,
    -0.21562393693037396,
    -0.21942354343192602,
    -0.21360204141303826,
    -0.20199400553319524,
    -0.1828581926438723,
    -0.14657600624017778,
    -0.08622113393871039,
    -0.009381436389964857,
    0.06577019609228446,
    0.12876348134624382,
    0.18736112847376993,
    0.25462806897178303,
    0.32580404536032764,
    0.3725250665204615,
    0.3624803569303186,
    0.28549790290019067,
    0.16432306104159253,
    0.04493863822998028,
    -0.02660023060745319,
    -0.029749032414059934,
    0.018193013091129504,
    0.07575703832079879
  ],
  "my": [
    0.00036756017363131593,
    0.020699955559841273,
    0.03541317825728114,
    0.037661793185360386,
    0.02529825657855599,
    -0.0010230185560026587,
    -0.038185278024874376,
    -0.07710150612218271,
    -0.10188309533429529,
    -0.09914744751092693,
    -0.07188601679095895,
    -0.04180617542976508,
    -0.03389677923706702,
    -0.057488448728194565,
    -0.10313353013042105,
    -0.15694295402584663,
    -0.21437892087816598,
    -0.2772265010941959,
    -0.33916448992016063,
    -0.3806868615681734,
    -0.38215516843497105,
    -0.3392811182087099,
    -0.26310952225728546,
    -0.16988569952122012,
    -0.07810732286115588,
    -0.011765646728081598,
    0.0071004419234373005,
    -0.0231343563221142,
    -0.07685746829624947,
    -0.11830720284533203,
    -0.12541978659129593,
    -0.09896882597424424,
    -0.05719948801625769,
    -0.026345493610124837,
    -0.028211162402766773,
    -0.0655266567068498,
    -0.11809776283477076,
    -0.1585951059277509,
    -0.17298239863714734,
    -0.16364115684863903,
    -0.13680803026535124,
    -0.0945899790485623,
    -0.03987704467756983,
    0.016798188107781404,
    0.058099107223228585,
    0.0661907378175056,
    0.02991133832124034,
    -0.048918787322228784,
    -0.15366137149744996,
    -0.25913152800457745,
    -0.34243987174736873,
    -0.3906366065814983,
    -0.4021427655280761,
    -0.38395189212773606,
    -0.3465641354323803,
    -0.2989275692447575,
    -0.24698448900345768,
    -0.19619472109839184,
    -0.15326226118632857,
    -0.1234538932533041,
    -0.10613309947949073,
    -0.09400242824699134,
    -0.07829451242711065,
    -0.056360004452451616,
    -0.034441739730614346,
    -0.0215820428515541,
    -0.019948918068050266,
    -0.021922386775018884,
    -0.01715673801415352,
    -0.0018878873019751972,
    0.01847114066897547,
    0.03427042754592477,
    0.03814051186881818,
    0.0274581887935967,
    0.002652119533884364,
    -0.03357593412332531,
    -0.07301111788771074,
    -0.1002810379165181,
    -0.10096087156363172,
    -0.07568838869747774,
    -0.044525656040559906,
    -0.033183737612847194,
    -0.05336161058143759,
    -0.09725954752751881,
    -0.15058523891385564,
    -0.20751246990633834,
    -0.2697885688084831,
    -0.332634507491153,
    -0.3776765172427423,
    -0.38433230759534004,
    -0.3461998032901359,
    -0.273055519741963,
    -0.1809294470325208,
    -0.08786749112242091,
    -0.01728614414866761,
    0.007661741586929363,
    -0.01778590617961559,
    -0.07067385512604046,
    -0.1150740516875965,
    -0.12651431940340674
  ],