{
  "times": [
    0.0,
    0.10101010101010101,
    0.20202020202020202,
    0.30303030303030304,
    0.40404040404040403,
    0.5050505050505051,
    0.6060606060606061,
    0.7070707070707071,
    0.8080808080808081,
    0.9090909090909091,
    1.0101010101010102,
    1.1111111111111112,
    1.2121212121212122,
    1.3131313131313131,
    1.4141414141414141,
    1.5151515151515151,
    1.6161616161616161,
    1.7171717171717171,
    1.8181818181818181,
    1.9191919191919191,
    2.0202020202020203,
    2.121212121212121,
    2.2222222222222223,
    2.323232323232323,
    2.4242424242424243,
    2.525252525252525,
    2.6262626262626263,
    2.727272727272727,
    2.8282828282828283,
    2.929292929292929,
    3.0303030303030303,
    3.131313131313131,
    3.2323232323232323,
    3.3333333333333335,
    3.4343434343434343,
    3.5353535353535355,
    3.6363636363636362,
    3.7373737373737375,
    3.8383838383838382,
    3.9393939393939394,
    4.040404040404041,
    4.141414141414141,
    4.242424242424242,
    4.343434343434343,
    4.444444444444445,
    4.545454545454545,
    4.646464646464646,
    4.747474747474747,
    4.848484848484849,
    4.94949494949495,
    5.05050505050505,
    5.151515151515151,
    5.252525252525253,
    5.353535353535354,
    5.454545454545454,
    5.555555555555555,
    5.656565656565657,
    5.757575757575758,
    5.858585858585858,
    5.959595959595959,
    6.0606060606060606,
    6.161616161616162,
    6.262626262626262,
    6.363636363636363,
    6.4646464646464645,
    6.565656565656566,
    6.666666666666667,
    6.767676767676767,
    6.8686868686868685,
    6.96969696969697,
    7.070707070707071,
    7.171717171717171,
    7.2727272727272725,
    7.373737373737374,
    7.474747474747475,
    7.575757575757575,
    7.6767676767676765,
    7.777777777777778,
    7.878787878787879,
    7.979797979797979,
    8.080808080808081,
    8.181818181818182,
    8.282828282828282,
    8.383838383838384,
    8.484848484848484,
    8.585858585858587,
    8.686868686868687,
    8.787878787878787,
    8.88888888888889,
    8.98989898989899,
    9.09090909090909,
    9.191919191919192,
    9.292929292929292,
    9.393939393939394,
    9.494949494949495,
    9.595959595959595,
    9.696969696969697,
    9.797979797979798,
    9.8989898989899,
    10.0
  ],
  "mx": [
    1.0,
    0.6202481117245979,
    0.2041049997173882,
    0.11776941460058776,
    0.03185186172155561,
    0.014052399596518148,
    -0.005826369072786488,
    -0.006379357909694114,
    0.001891434959557332,
    -0.014377350850733916,
    -0.024726239046456232,
    0.003389745670846732,
    0.0023749440655557444,
    -0.011223430676255731,
    0.002701604731450038,
    0.003588597253198755,
    0.0023350732123430195,
    -0.0016081976222320506,
    0.002653324611157219,
    0.024287425136490827,
    -0.006441880397599747,
    -0.004853976067627566,
    0.014425461123441416,
    0.022943658439158365,
    0.02727147331349674,
    0.013319643114447827,
    0.010991822652655822,
    0.005442569145320318,
    -0.012131359574449272,
    0.00027510113305919195,
    0.013341472539600862,
    -0.0008578978686828783,
    0.0010154530047578277,
    -0.0037372157636946625,
    0.020962274180246286,
    0.00963759164611391,
    -0.0021640444829964817,
    0.0025483667263434475,
    -0.0045622443329896975,
    0.0004056970933362113,
    0.0029763091234576424,
    -0.0003075921385782514,
    0.0053987791098165675,
    0.0038184515199588625,
    0.0002890077924855877,
    -0.003359780914254126,
    0.004215987946249286,
    0.0031178585661611473,
    -0.0068694866429036255,
    -0.0024718420095252856,
    0.015845258381602684,
    0.00838614837311091,
    0.022879998064010622,
    0.012251929346550786,
    0.009774917042086575,
    0.01196042651983216,
    0.0070100203351630645,
    0.0021845972103242657,
    0.014715428474343192,
    0.00338301864882679,
    -0.008212786366070621,
    -0.006929989396514012,
    0.013817278857232735,
    0.021082178734240946,
    0.004510270184954644,
    0.013743684217540412,
    0.01382867666874937,
    0.006240037085260985,
    -0.009067986436762782,
    -0.0027269970075083664,
    -0.01699608842000603,
    0.0006868924398007889,
    0.010246029487974987,
    0.020987836375649643,
    0.001969359345099765,
    0.0027828536492137705,
    0.0054688069279262485,
    0.004160264541359791,
    0.006076455852841367,
    0.015682005773442594,
    0.006978105049585878,
    0.005357990559827278,
    0.036251799658019966,
    0.050707045193763414,
    0.0782515797709877,
    0.06531400518937366,
    0.05282731439145345,
    0.058738139602496166,
    0.02950344382562914,
    0.01604101506643437,
    0.015582993894262848,
    -0.0053804015036997,
    -0.0023081749861154468,
    0.0048030092774355975,
    0.003837434611893696,
    0.005112449447588945,
    0.00018818444863405106,
    -0.013395790996931816,
    -0.011005996494369476,
    -0.011716041606188627
  ],
  "my": [
    0.0,
    0.13520215385432544,
    0.07104259761084494,
    0.02002877309276798,
    -0.00430483363848551,
    0.009799047534904622,
    0.004303610279936511,
    -0.014552492107999212,
    -0.0026619707704405747,
    0.0016495420198639732,
    0.0027245577964123704,
    -0.0010209944791193654,
    -0.01219134574099318,
    0.01728237970352754,
    0.009434924935954821,
    0.015470059380384218,
    0.008899112579931598,
    0.0039019120223765273,
    0.0023707047830804897,
    0.0024291036207562725,
    -0.01569749147956904,
    -0.015308434768752346,
    0.006946884257873616,
    0.005909766395262534,
    -0.008135029010583248,
    0.007505925070929083,
    0.0026901053841691543,
    -0.019970417463217142,
    -0.019277185574593538,
    0.0070019610208270355,
    0.017234111289665784,
    0.001386520337003562,
    0.00046624305990452115,
    -8.75503758296349e-05,
    -0.014615222172109412,
    -0.012998076010682175,
    -0.006667709303358739,
    0.005122040623242914,
    0.010930062793853865,
    -0.0019670643011623717,
    0.011653697758512955,
    -0.0071756544958217535,
    -0.004862193809720687,
    -0.009785400222154714,
    -0.008595142157277327,
    0.006856545705895309,
    0.007918774572610579,
    0.012613820897259853,
    -0.0012413745347709282,
    -0.001833048912764388,
    0.0004788521020745866,
    0.007548394901681081,
    -0.0004013394380256739,
    -0.007256803442519333,
    -0.021488799567665952,
    -0.01610936439122476,
    0.007002122607451905,
    0.015284051242914497,
    -0.0018503062660083218,
    0.0072867796690373856,
    0.005127153811763864,
    0.003948080338042015,
    -0.01016052271195508,
    0.005025145854397209,
    0.017544484930005974,
    0.006021421186865002,
    -0.005690686538969791,
    0.003104333316872051,
    0.0017471500203183384,
    0.0038560306657465016,
    -0.0004993327645799864,
    0.0037593179112943584,
    0.007272643098101612,
    0.006707344847922738,
    0.0045127796504621795,
    0.002894909332507018,
    0.0058017176819145,
    0.00224147430234634,
    -0.013628789301090866,
    -0.020744212423988974,
    -0.002413401657957139,
    0.006084066665148729,
    -0.0017796628755598059,
    -0.009816156637988228,
    -0.0012281380440659871,
    0.018564754465738853,
    0.0073119858941476145,
    0.00810929989968871,
    0.0046299611557869555,
    0.005645528048644308,
    0.004309587740383636,
    0.005468438722071709,
    0.00294806041552485,
    0.010582156117473273,
    0.0003200174698428563,
    0.009602219616215091,
    0.0008201621419842355,
    0.006487482541802264,
    0.005638934788963469,
    -0.015317268676433807
  ],