{
  "positive_frequencies": [
    0.0,
    0.07734375,
    0.1546875,
    0.23203125000000002,
    0.309375,
    0.38671875,
    0.46406250000000004,
    0.54140625,
    0.61875,
    0.6960937500000001,
    0.7734375,
    0.85078125,
    0.9281250000000001,
    1.0054687500000001,
    1.0828125,
    1.16015625,
    1.2375,
    1.31484375,
    1.3921875000000001,
    1.46953125,
    1.546875,
    1.62421875,
    1.7015625,
    1.7789062500000001,
    1.8562500000000002,
    1.93359375,
    2.0109375000000003,
    2.08828125,
    2.165625,
    2.24296875,
    2.3203125,
    2.3976562500000003,
    2.475,
    2.55234375,
    2.6296875,
    2.70703125,
    2.7843750000000003,
    2.86171875,
    2.9390625,
    3.01640625,
    3.09375,
    3.1710937500000003,
    3.2484375,
    3.32578125,
    3.403125,
    3.48046875,
    3.5578125000000003,
    3.63515625,
    3.7125000000000004,
    3.78984375,
    3.8671875,
    3.9445312500000003,
    4.0218750000000005,
    4.09921875,
    4.1765625,
    4.25390625,
    4.33125,
    4.4085937500000005,
    4.4859375,
    4.56328125,
    4.640625,
    4.71796875,
    4.7953125000000005,
    4.87265625,
    4.95
  ],
  "mx_fft_pos": [
    0.0030375939129675266,
    0.0031255683845210643,
    0.0025459373303190224,
    0.005933803892700515,
    0.00943769929743247,
    0.00922987057980331,
    0.005558206628068706,
    0.00305861415775304,
    0.009264357162701778,
    0.00929337458323557,
    0.007705857791374162,
    0.00447408056750351,
    0.004267028490661024,
    0.005294167350630177,
    0.003219394533151977,
    0.002451534097077941,
    0.004773164348762878,
    0.0056066476870516475,
    0.004666465654371928,
    0.004409480494175691,
    0.0027283906285386346,
    0.0018038170337947915,
    0.0024527416213958775,
    0.001441949970473698,
    0.0009224968639121422,
    0.0007135054069239149,
    0.0003930524938410371,
    0.000303837583802015,
    0.0005009875734531134,
    0.0010208683067284387,
    0.001173395708759484,
    0.0013522487746424024,
    0.0010438622481569468,
    0.0015593156137197668,
    0.0012580572742612018,
    0.0006466101961045064,
    0.0011538883319998894,
    0.0017221640826484636,
    0.0018057094683603015,
    0.0010986458941899997,
    0.0009042107738510669,
    0.0012863083159338744,
    0.0009856519677064704,
    0.0005035944102370116,
    0.0006827291180337193,
    0.00040614811041010516,
    0.00014546676463005726,
    0.0002703563502693483,
    0.00020587938839369233,
    0.00026767265972771787,
    0.0002676180045696681,
    0.0002489159995533812,
    0.0002086752739431425,
    0.00018825923775621557,
    7.2163406557043e-05,
    0.0001424355907240328,
    4.5263485765023756e-05,
    0.00012739580118909335,
    5.1192197724212756e-05,
    4.546320936416989e-05,
    2.306248469569598e-05,
    4.4802462889093343e-05,
    7.886335099492019e-05,
    7.07498514863628e-05,
    2.2377219200655775e-05
  ],
  "my_fft_pos": [
    0.004848183678834831,
    0.0011742199209571643,
    0.006800720387851786,
    0.0106880488868545,
    0.010064758250723277,
    0.0018045593684506201,
    0.007919810643303691,
    0.00983018857611707,
    0.008997457391599665,
    0.0071483923978736055,
    0.005589572105854482,
    0.007863541912700955,
    0.007599133028501046,
    0.0031328788048186297,
    0.0017736703564210552,
    0.004350006491977849,
    0.00384310679549203,
    0.004771466752994121,
    0.005773802538667201,
    0.0024982564895890207,
    0.001813198184918068,
    0.004142701099361195,
    0.004528094109412965,
    0.003263337428829588,
    0.002616416831555145,
    0.003573630774170038,
    0.003987944819274988,
    0.0033429123975325004,
    0.001327711738396545,
    0.0011541294683914934,
    0.0010134730221968977,
    0.00034957070953879453,
    0.0016254576018083777,
    0.002609769875674509,
    0.0018882915640375613,
    0.0006452253000947276,
    0.001021660481039402,
    0.0014400829607627583,
    0.0008111969331504207,
    0.00039648776653197174,
    0.0008657861985113124,
    0.0007245327489144672,
    0.0006721834657162192,
    0.0007140935367586753,
    0.00033524512293740523,
    0.0005185013630831747,
    0.0005710463846883211,
    0.00023919108372909035,
    0.00011939693579899803,
    0.00039286815071141426,
    0.0004523062412546289,
    0.00016257881699059272,
    0.00036869387122556897,
    0.00029735136264987704,
    0.0003274150822750556,
    0.00019377528796128273,
    0.0001957724675438566,
    8.238986001300302e-05,
    0.00011362285901615604,
    0.00015394615682172837,
    0.00014128224886407505,
    0.00010479367599788097,
    0.00010946699273336512,
    6.0626308757483656e-05,
    0.00014157388736999593
  ],
  "mz_fft_pos": [
    0.0075082426542252435,
    0.007966386602052284,
    0.006719908398829693,
    0.004076306135320325,
    0.001809974480912846,
    0.0020209526495345857,
    0.0032429336852339875,
    0.006360289958249993,
    0.006889161282656969,
    0.004739698978333278,
    0.002497843974480044,
    0.005010059416019278,
    0.004616996103395258,
    0.003759554706801973,
    0.0030523714620769946,
    0.0025166113422272858,
    0.005192728192908181,
    0.0053035670642371845,
    0.003929295605860756,
    0.0034769686297760564,
    0.0025157697951231008,
    0.000976926584447927,
    0.002011458503315819,
    0.0027718811605908097,
    0.0015246605123841273,
    0.0012680806207548663,
    0.0014163751147864773,
    0.001838964740548739,
    0.0026665075680894867,
    0.0020499093412908406,
    0.0013648331976971399,
    0.001680678472097489,
    0.0010417575842732152,
    0.00031881221891016926,
    0.0003840577083505726,
    0.0011774639861761743,
    0.0010580594835013538,
    0.00034737284718239773,
    0.0008345660712675774,
    0.0013503079110378973,
    0.001522032134966137,
    0.000741819713647143,
    0.0008822364160785336,
    0.002077998470287597,
    0.0018646892164362356,
    0.0007793946854383393,
    0.0007054417942128911,
    0.000810131395857901,
    0.0004323649043659116,
    0.0001109414325757159,
    5.103183487043449e-05,
    0.000242515960252723,
    0.0003825772216715797,
    0.00038727992100521256,
    0.00019399533578480968,
    0.00012872318972754866,
    0.00015776576237530024,
    0.00017108597210862837,
    0.0003084084592480273,
    0.00015525678105515446,
    2.0398135507299284e-05,
    2.286644931544019e-05,
    7.354745999663802e-05,
    8.983949206443002e-05,
    9.638101489741313e-05
  ]
}