{
  "positive_frequencies": [
    0.0,
    0.07734375,
    0.1546875,
    0.23203125000000002,
    0.309375,
    0.38671875,
    0.46406250000000004,
    0.54140625,
    0.61875,
    0.6960937500000001,
    0.7734375,
    0.85078125,
    0.9281250000000001,
    1.0054687500000001,
    1.0828125,
    1.16015625,
    1.2375,
    1.31484375,
    1.3921875000000001,
    1.46953125,
    1.546875,
    1.62421875,
    1.7015625,
    1.7789062500000001,
    1.8562500000000002,
    1.93359375,
    2.0109375000000003,
    2.08828125,
    2.165625,
    2.24296875,
    2.3203125,
    2.3976562500000003,
    2.475,
    2.55234375,
    2.6296875,
    2.70703125,
    2.7843750000000003,
    2.86171875,
    2.9390625,
    3.01640625,
    3.09375,
    3.1710937500000003,
    3.2484375,
    3.32578125,
    3.403125,
    3.48046875,
    3.5578125000000003,
    3.63515625,
    3.7125000000000004,
    3.78984375,
    3.8671875,
    3.9445312500000003,
    4.0218750000000005,
    4.09921875,
    4.1765625,
    4.25390625,
    4.33125,
    4.4085937500000005,
    4.4859375,
    4.56328125,
    4.640625,
    4.71796875,
    4.7953125000000005,
    4.87265625,
    4.95
  ],
  "mx_fft_pos": [
    0.0743136260530348,
    0.08204009191324958,
    0.084570642455678,
    0.062354684312066144,
    0.02675101880133121,
    0.007925806187367476,
    0.036949356735769635,
    0.04778196248641829,
    0.044878871874635316,
    0.04802272525236009,
    0.04856513804834262,
    0.048081328966474615,
    0.05470851140271708,
    0.04425883903810683,
    0.011022445223716601,
    0.0426405491314712,
    0.04006480386705388,
    0.0049997818766933395,
    0.024325800453929257,
    0.017543663973335975,
    0.0028103500761984374,
    0.010798337651756173,
    0.024772378412492347,
    0.03951207876764328,
    0.045565373859268954,
    0.03428321020123806,
    0.017492858501128517,
    0.009158849830235094,
    0.00925383406324576,
    0.006488476716970338,
    0.015980536175825857,
    0.018620711103964266,
    0.011808988862613818,
    0.010897986453482285,
    0.012142904339903332,
    0.0055042310194073326,
    0.000988087559246473,
    0.0026401189331258256,
    0.007392485528220812,
    0.009275331308239647,
    0.006032717332956406,
    0.002112651232392501,
    0.002065770051372927,
    0.0031003425744248942,
    0.0022584514896824208,
    0.0005836856993921781,
    0.0007892809636828705,
    0.0034901035431297023,
    0.0037770905087384033,
    0.0008967422588922602,
    0.0014135356910580047,
    0.0026553183470454916,
    0.0020075002157758787,
    0.0010032778153499285,
    0.0012679720420215072,
    0.0008267418745275278,
    0.0004844864598496871,
    0.0005946759264959856,
    0.00038591618760010064,
    0.000557305819536794,
    0.00019144054723407907,
    0.0004891655984949812,
    0.0003755921532362951,
    0.0001952321996471117,
    0.0004949756040218833
  ],
  "my_fft_pos": [
    0.030030465092591795,
    0.047742802473222906,
    0.05285319391996053,
    0.036394216300749,
    0.026057065270216336,
    0.025350524047868642,
    0.02705955593019548,
    0.031874534386395904,
    0.03654720447487507,
    0.03286525136968747,
    0.030690301855467044,
    0.034911326144701604,
    0.030675377785099604,
    0.0335756186616649,
    0.05061110537625558,
    0.05510629709279273,
    0.029453584817047424,
    0.01760203135814802,
    0.032043599362959814,
    0.0322328505746499,
    0.020631830329006187,
    0.03147396570603633,
    0.034562110283510916,
    0.02679485762014651,
    0.006585967474277662,
    0.016778052353346683,
    0.02246836088097338,
    0.019427138168787193,
    0.019225863753496265,
    0.021810694487903695,
    0.020304959484352132,
    0.012660678924272742,
    0.008436687740520366,
    0.005625478765967397,
    0.006865950993580437,
    0.005934228718627595,
    0.012876813314187463,
    0.010578747893399989,
    0.006261491353664292,
    0.008521400373077843,
    0.006266359637067331,
    0.0045259200149339145,
    0.003994286381649243,
    0.007136942492693417,
    0.008538620503329887,
    0.004689694707369442,
    0.0014117241742710547,
    0.0013036522955554148,
    0.0018474021706421644,
    0.0011418321739631308,
    0.002201320690561311,
    0.001773334860221989,
    0.0002913218416165295,
    0.0009282751392088621,
    0.00017000963917335063,
    0.00023999107636588502,
    0.0016097515860309002,
    0.0011095759494516336,
    0.0009124036196167283,
    0.0004491476039077149,
    0.0002088707505816602,
    0.0004236781855612943,
    0.0003731185277135752,
    0.0004469344332264735,
    7.868497593199297e-05
  ],
  "mz_fft_pos": [
    0.009445807479782577,
    0.021623525946481835,
    0.03572552928681899,
    0.03907445513423313,
    0.025017688987730994,
    0.02670824254629284,
    0.06835201258502002,
    0.04996167305520678,
    0.03181573303606914,
    0.07535346927774463,
    0.06291753757398405,
    0.027739212927822707,
    0.031660276231787354,
    0.007015131600019784,
    0.025535302605156955,
    0.018278438315195655,
    0.023789675776214034,
    0.036128322824089114,
    0.028465544248979437,
    0.017668277062764158,
    0.01611985485551841,
    0.02818435242129686,
    0.03366002900644256,
    0.030017002444292683,
    0.026962741424737105,
    0.02609834491274553,
    0.018017820638362825,
    0.011997994464220542,
    0.009259039783513875,
    0.005531150313611172,
    0.012746877573162533,
    0.014115086527601206,
    0.011659664668943743,
    0.010817268781441151,
    0.009869861199178775,
    0.008841682003974886,
    0.003444096532775763,
    0.005841916287728435,
    0.005867216172299856,
    0.005499930473413166,
    0.003413309112212613,
    0.0017526165570216955,
    0.004150065271397164,
    0.002074981601063305,
    0.0005583462255745998,
    0.0014814821426501763,
    0.0015206297001194359,
    0.0007356065265060489,
    0.00048166335140839887,
    0.00037892751419313684,
    0.0007701186393267955,
    0.0004035428864218921,
    0.0008907532246933874,
    0.0004562709605835581,
    0.0003415662407188094,
    0.00042409149509499915,
    0.0003286445536446091,
    0.00021187440937738412,
    0.00013323729956471881,
    8.531456397164475e-05,
    2.968777601124404e-05,
    1.783795612640089e-05,
    8.930273883204448e-06,
    7.517972250057783e-07,
    1.4889802230078075e-08
  ]
}