{
  "positive_frequencies": [
    0.0,
    0.07734375,
    0.1546875,
    0.23203125000000002,
    0.309375,
    0.38671875,
    0.46406250000000004,
    0.54140625,
    0.61875,
    0.6960937500000001,
    0.7734375,
    0.85078125,
    0.9281250000000001,
    1.0054687500000001,
    1.0828125,
    1.16015625,
    1.2375,
    1.31484375,
    1.3921875000000001,
    1.46953125,
    1.546875,
    1.62421875,
    1.7015625,
    1.7789062500000001,
    1.8562500000000002,
    1.93359375,
    2.0109375000000003,
    2.08828125,
    2.165625,
    2.24296875,
    2.3203125,
    2.3976562500000003,
    2.475,
    2.55234375,
    2.6296875,
    2.70703125,
    2.7843750000000003,
    2.86171875,
    2.9390625,
    3.01640625,
    3.09375,
    3.1710937500000003,
    3.2484375,
    3.32578125,
    3.403125,
    3.48046875,
    3.5578125000000003,
    3.63515625,
    3.7125000000000004,
    3.78984375,
    3.8671875,
    3.9445312500000003,
    4.0218750000000005,
    4.09921875,
    4.1765625,
    4.25390625,
    4.33125,
    4.4085937500000005,
    4.4859375,
    4.56328125,
    4.640625,
    4.71796875,
    4.7953125000000005,
    4.87265625,
    4.95
  ],
  "mx_fft_pos": [
    0.0743136260530348,
    0.08204009191324962,
    0.084570642455678,
    0.062354684312066144,
    0.02675101880133121,
    0.007925806187367483,
    0.03694935673576964,
    0.0477819624864183,
    0.04487887187463532,
    0.04802272525236009,
    0.04856513804834262,
    0.04808132896647463,
    0.05470851140271708,
    0.04425883903810683,
    0.011022445223716586,
    0.04264054913147119,
    0.040064803867053876,
    0.004999781876693337,
    0.02432580045392926,
    0.017543663973335975,
    0.002810350076198436,
    0.01079833765175618,
    0.024772378412492344,
    0.039512078767643274,
    0.045565373859268954,
    0.03428321020123805,
    0.017492858501128517,
    0.009158849830235087,
    0.009253834063245758,
    0.006488476716970327,
    0.01598053617582586,
    0.018620711103964266,
    0.011808988862613824,
    0.010897986453482295,
    0.012142904339903336,
    0.005504231019407331,
    0.00098808755924647,
    0.00264011893312583,
    0.007392485528220812,
    0.009275331308239649,
    0.006032717332956402,
    0.0021126512323925008,
    0.002065770051372916,
    0.0031003425744248873,
    0.0022584514896824156,
    0.0005836856993921717,
    0.0007892809636828566,
    0.0034901035431296923,
    0.0037770905087383976,
    0.0008967422588922444,
    0.0014135356910579889,
    0.002655318347045478,
    0.002007500215775872,
    0.0010032778153499112,
    0.0012679720420214937,
    0.0008267418745275167,
    0.00048448645984968406,
    0.0005946759264959946,
    0.00038591618760010216,
    0.0005573058195367874,
    0.00019144054723406977,
    0.0004891655984949746,
    0.0003755921532362872,
    0.0001952321996471131,
    0.0004949756040218833
  ],
  "my_fft_pos": [
    0.030030465092591788,
    0.047742802473222906,
    0.05285319391996051,
    0.036394216300748995,
    0.02605706527021634,
    0.025350524047868642,
    0.02705955593019548,
    0.0318745343863959,
    0.036547204474875084,
    0.03286525136968747,
    0.030690301855467044,
    0.0349113261447016,
    0.030675377785099607,
    0.03357561866166491,
    0.05061110537625558,
    0.05510629709279273,
    0.02945358481704742,
    0.017602031358148026,
    0.032043599362959814,
    0.032232850574649884,
    0.020631830329006184,
    0.031473965706036326,
    0.03456211028351091,
    0.026794857620146516,
    0.006585967474277671,
    0.016778052353346673,
    0.02246836088097338,
    0.019427138168787196,
    0.019225863753496265,
    0.021810694487903702,
    0.02030495948435213,
    0.012660678924272735,
    0.008436687740520369,
    0.005625478765967403,
    0.0068659509935804185,
    0.005934228718627599,
    0.01287681331418747,
    0.010578747893399994,
    0.006261491353664285,
    0.008521400373077836,
    0.006266359637067337,
    0.004525920014933916,
    0.003994286381649246,
    0.007136942492693417,
    0.008538620503329892,
    0.0046896947073694455,
    0.0014117241742710484,
    0.0013036522955554128,
    0.0018474021706421638,
    0.0011418321739631366,
    0.002201320690561312,
    0.001773334860221986,
    0.000291321841616528,
    0.0009282751392088631,
    0.00017000963917335958,
    0.00023999107636588096,
    0.0016097515860308892,
    0.0011095759494516176,
    0.0009124036196167399,
    0.0004491476039077093,
    0.00020887075058165287,
    0.0004236781855612948,
    0.00037311852771359003,
    0.0004469344332264723,
    7.868497593198854e-05
  ],
  "mz_fft_pos": [
    0.009445807479782574,
    0.021623525946481842,
    0.03572552928681899,
    0.039074455134233126,
    0.025017688987730977,
    0.02670824254629286,
    0.06835201258502005,
    0.04996167305520679,
    0.03181573303606915,
    0.07535346927774465,
    0.06291753757398405,
    0.02773921292782271,
    0.03166027623178736,
    0.007015131600019783,
    0.02553530260515696,
    0.01827843831519566,
    0.023789675776214044,
    0.03612832282408912,
    0.028465544248979454,
    0.017668277062764172,
    0.016119854855518423,
    0.028184352421296865,
    0.03366002900644257,
    0.03001700244429268,
    0.026962741424737095,
    0.026098344912745527,
    0.018017820638362814,
    0.011997994464220545,
    0.009259039783513872,
    0.005531150313611176,
    0.01274687757316254,
    0.014115086527601208,
    0.011659664668943746,
    0.01081726878144116,
    0.009869861199178783,
    0.008841682003974899,
    0.0034440965327757656,
    0.005841916287728448,
    0.005867216172299874,
    0.005499930473413177,
    0.003413309112212621,
    0.0017526165570216782,
    0.004150065271397144,
    0.002074981601063297,
    0.0005583462255746201,
    0.0014814821426501843,
    0.0015206297001194528,
    0.0007356065265060612,
    0.0004816633514084173,
    0.00037892751419312665,
    0.0007701186393267891,
    0.0004035428864218926,
    0.0008907532246933894,
    0.00045627096058356033,
    0.00034156624071881756,
    0.000424091495095016,
    0.0003286445536446257,
    0.00021187440937738686,
    0.00013323729956471876,
    8.531456397163524e-05,
    2.968777601123664e-05,
    1.7837956126409165e-05,
    8.930273883219189e-06,
    7.517972250165766e-07,
    1.4889802242290528e-08
  ]
}