{
  "positive_frequencies": [
    0.0,
    0.07734375,
    0.1546875,
    0.23203125000000002,
    0.309375,
    0.38671875,
    0.46406250000000004,
    0.54140625,
    0.61875,
    0.6960937500000001,
    0.7734375,
    0.85078125,
    0.9281250000000001,
    1.0054687500000001,
    1.0828125,
    1.16015625,
    1.2375,
    1.31484375,
    1.3921875000000001,
    1.46953125,
    1.546875,
    1.62421875,
    1.7015625,
    1.7789062500000001,
    1.8562500000000002,
    1.93359375,
    2.0109375000000003,
    2.08828125,
    2.165625,
    2.24296875,
    2.3203125,
    2.3976562500000003,
    2.475,
    2.55234375,
    2.6296875,
    2.70703125,
    2.7843750000000003,
    2.86171875,
    2.9390625,
    3.01640625,
    3.09375,
    3.1710937500000003,
    3.2484375,
    3.32578125,
    3.403125,
    3.48046875,
    3.5578125000000003,
    3.63515625,
    3.7125000000000004,
    3.78984375,
    3.8671875,
    3.9445312500000003,
    4.0218750000000005,
    4.09921875,
    4.1765625,
    4.25390625,
    4.33125,
    4.4085937500000005,
    4.4859375,
    4.56328125,
    4.640625,
    4.71796875,
    4.7953125000000005,
    4.87265625,
    4.95
  ],
  "mx_fft_pos": [
    0.07431362605303482,
    0.08204009191324958,
    0.08457064245567798,
    0.062354684312066144,
    0.026751018801331208,
    0.007925806187367471,
    0.03694935673576962,
    0.047781962486418264,
    0.044878871874635316,
    0.048022725252360086,
    0.04856513804834262,
    0.04808132896647461,
    0.05470851140271708,
    0.04425883903810683,
    0.011022445223716598,
    0.04264054913147119,
    0.040064803867053876,
    0.0049997818766933395,
    0.024325800453929243,
    0.017543663973335972,
    0.002810350076198451,
    0.01079833765175617,
    0.024772378412492337,
    0.039512078767643274,
    0.04556537385926895,
    0.03428321020123806,
    0.017492858501128514,
    0.009158849830235082,
    0.009253834063245744,
    0.006488476716970325,
    0.015980536175825864,
    0.01862071110396428,
    0.011808988862613829,
    0.010897986453482288,
    0.012142904339903327,
    0.005504231019407325,
    0.0009880875592464674,
    0.002640118933125825,
    0.007392485528220817,
    0.00927533130823965,
    0.006032717332956402,
    0.0021126512323925042,
    0.002065770051372932,
    0.003100342574424902,
    0.002258451489682425,
    0.0005836856993921845,
    0.0007892809636828646,
    0.0034901035431296927,
    0.003777090508738398,
    0.000896742258892257,
    0.0014135356910580019,
    0.0026553183470454933,
    0.0020075002157758787,
    0.00100327781534992,
    0.0012679720420215057,
    0.0008267418745275254,
    0.0004844864598496964,
    0.0005946759264960055,
    0.00038591618760011555,
    0.0005573058195367992,
    0.00019144054723408018,
    0.0004891655984949841,
    0.00037559215323629296,
    0.0001952321996471124,
    0.0004949756040218967
  ],
  "my_fft_pos": [
    0.0300304650925918,
    0.0477428024732229,
    0.05285319391996051,
    0.036394216300748995,
    0.026057065270216322,
    0.025350524047868635,
    0.02705955593019547,
    0.0318745343863959,
    0.036547204474875084,
    0.03286525136968747,
    0.030690301855467044,
    0.0349113261447016,
    0.03067537778509961,
    0.0335756186616649,
    0.050611105376255565,
    0.05510629709279272,
    0.02945358481704741,
    0.01760203135814802,
    0.03204359936295981,
    0.032232850574649884,
    0.020631830329006184,
    0.03147396570603633,
    0.0345621102835109,
    0.02679485762014651,
    0.006585967474277666,
    0.016778052353346676,
    0.02246836088097338,
    0.01942713816878719,
    0.019225863753496265,
    0.021810694487903695,
    0.020304959484352122,
    0.012660678924272742,
    0.008436687740520367,
    0.005625478765967402,
    0.0068659509935804375,
    0.005934228718627599,
    0.01287681331418747,
    0.010578747893399996,
    0.006261491353664285,
    0.008521400373077845,
    0.0062663596370673294,
    0.004525920014933912,
    0.0039942863816492475,
    0.007136942492693425,
    0.008538620503329892,
    0.004689694707369435,
    0.0014117241742710473,
    0.001303652295555418,
    0.001847402170642171,
    0.0011418321739631336,
    0.002201320690561305,
    0.001773334860221982,
    0.00029132184161652765,
    0.0009282751392088581,
    0.00017000963917336156,
    0.00023999107636588722,
    0.0016097515860309002,
    0.0011095759494516202,
    0.0009124036196167406,
    0.00044914760390771415,
    0.00020887075058165499,
    0.00042367818556129764,
    0.00037311852771359393,
    0.0004469344332264746,
    7.868497593198631e-05
  ],
  "mz_fft_pos": [
    0.009445807479782574,
    0.02162352594648185,
    0.03572552928681899,
    0.03907445513423314,
    0.025017688987730997,
    0.026708242546292844,
    0.06835201258502002,
    0.04996167305520678,
    0.03181573303606914,
    0.07535346927774461,
    0.06291753757398402,
    0.027739212927822714,
    0.031660276231787375,
    0.0070151316000197925,
    0.025535302605156955,
    0.01827843831519566,
    0.02378967577621403,
    0.03612832282408911,
    0.028465544248979444,
    0.017668277062764172,
    0.016119854855518426,
    0.028184352421296858,
    0.033660029006442556,
    0.030017002444292663,
    0.02696274142473708,
    0.02609834491274551,
    0.018017820638362804,
    0.011997994464220533,
    0.009259039783513865,
    0.00553115031361117,
    0.01274687757316254,
    0.014115086527601206,
    0.011659664668943748,
    0.01081726878144116,
    0.009869861199178775,
    0.008841682003974888,
    0.003444096532775758,
    0.005841916287728439,
    0.005867216172299855,
    0.005499930473413156,
    0.0034133091122126114,
    0.001752616557021682,
    0.0041500652713971605,
    0.002074981601063308,
    0.0005583462255746002,
    0.0014814821426501756,
    0.0015206297001194424,
    0.0007356065265060482,
    0.0004816633514084024,
    0.000378927514193128,
    0.000770118639326794,
    0.0004035428864218839,
    0.0008907532246933847,
    0.0004562709605835611,
    0.0003415662407188188,
    0.00042409149509501016,
    0.0003286445536446168,
    0.00021187440937737865,
    0.000133237299564713,
    8.531456397163059e-05,
    2.968777601123886e-05,
    1.7837956126407803e-05,
    8.930273883211442e-06,
    7.517972250170034e-07,
    1.4889802221751402e-08
  ]
}