{
  "times": [
    0.0,
    0.10101010101010101,
    0.20202020202020202,
    0.30303030303030304,
    0.40404040404040403,
    0.5050505050505051,
    0.6060606060606061,
    0.7070707070707071,
    0.8080808080808081,
    0.9090909090909091,
    1.0101010101010102,
    1.1111111111111112,
    1.2121212121212122,
    1.3131313131313131,
    1.4141414141414141,
    1.5151515151515151,
    1.6161616161616161,
    1.7171717171717171,
    1.8181818181818181,
    1.9191919191919191,
    2.0202020202020203,
    2.121212121212121,
    2.2222222222222223,
    2.323232323232323,
    2.4242424242424243,
    2.525252525252525,
    2.6262626262626263,
    2.727272727272727,
    2.8282828282828283,
    2.929292929292929,
    3.0303030303030303,
    3.131313131313131,
    3.2323232323232323,
    3.3333333333333335,
    3.4343434343434343,
    3.5353535353535355,
    3.6363636363636362,
    3.7373737373737375,
    3.8383838383838382,
    3.9393939393939394,
    4.040404040404041,
    4.141414141414141,
    4.242424242424242,
    4.343434343434343,
    4.444444444444445,
    4.545454545454545,
    4.646464646464646,
    4.747474747474747,
    4.848484848484849,
    4.94949494949495,
    5.05050505050505,
    5.151515151515151,
    5.252525252525253,
    5.353535353535354,
    5.454545454545454,
    5.555555555555555,
    5.656565656565657,
    5.757575757575758,
    5.858585858585858,
    5.959595959595959,
    6.0606060606060606,
    6.161616161616162,
    6.262626262626262,
    6.363636363636363,
    6.4646464646464645,
    6.565656565656566,
    6.666666666666667,
    6.767676767676767,
    6.8686868686868685,
    6.96969696969697,
    7.070707070707071,
    7.171717171717171,
    7.2727272727272725,
    7.373737373737374,
    7.474747474747475,
    7.575757575757575,
    7.6767676767676765,
    7.777777777777778,
    7.878787878787879,
    7.979797979797979,
    8.080808080808081,
    8.181818181818182,
    8.282828282828282,
    8.383838383838384,
    8.484848484848484,
    8.585858585858587,
    8.686868686868687,
    8.787878787878787,
    8.88888888888889,
    8.98989898989899,
    9.09090909090909,
    9.191919191919192,
    9.292929292929292,
    9.393939393939394,
    9.494949494949495,
    9.595959595959595,
    9.696969696969697,
    9.797979797979798,
    9.8989898989899,
    10.0
  ],
  "mx": [
    7.997075224253081e-17,
    0.004010149297189981,
    0.03157905531213172,
    0.05666473024574927,
    0.006448681579410103,
    0.07580396841932568,
    0.17679633552827884,
    0.09360710846338641,
    0.015047458033696651,
    -0.00135368402042816,
    -0.04945258514330436,
    -0.13460958730638564,
    -0.07886468782603288,
    0.009793165902929857,
    0.02631502420662956,
    -0.003691275844451668,
    0.035806337849834585,
    0.040897543944475326,
    0.01475698621674502,
    0.0020339691966453095,
    0.034731736675665655,
    0.07438181703424472,
    0.043580298315406905,
    0.01562998018265247,
    -0.001644338734162435,
    -0.011769983436399825,
    -0.023306242221564837,
    -0.04344329672077312,
    -0.0713093107589981,
    -0.04398690608945462,
    -0.003541286857168273,
    -0.002658200171418722,
    0.0054458108616451196,
    -4.976487971708465e-18,
    0.016561055937269215,
    0.02798214751364858,
    8.442119371329277e-05,
    -0.016545802466179326,
    -0.0244833584298562,
    -0.011272903022942708,
    -0.003932120230134387,
    -0.03795815528533503,
    -0.036054003426674065,
    0.02303332103040365,
    -0.0048002158923791,
    -0.0862639498586715,
    -0.13735293754534933,
    -0.06017954994136354,
    0.09401605280837502,
    0.17532476464428787,
    0.1366940278767321,
    0.014576155064899718,
    0.006197543348820439,
    0.00690001224157583,
    0.020014894273979088,
    -0.037806995293163725,
    -0.07445902754630784,
    -0.026203309587544677,
    -0.00036542384467445275,
    -0.03309433936729993,
    -0.08179512159371767,
    -0.06649086676881732,
    -0.02331880673375091,
    -0.0432490086016631,
    -0.05646185843424463,
    -0.04251353216220119,
    -1.6089560239684886e-17,
    0.0008445637472803486,
    -0.04161886171367381,
    -0.0032103002506789447,
    0.026806532392136373,
    0.009344529562474547,
    -0.006317403465703716,
    -0.021379469321782626,
    0.01046643359883229,
    0.006179390744998582,
    -0.03236707025336649,
    -0.041959349971883525,
    -0.015898321823245992,
    0.0041411989034473755,
    0.011978914690204723,
    0.12928535718440512,
    0.28556665780225804,
    0.2625855159330232,
    0.1195527495732673,
    0.05408075770081422,
    0.0029857184541660525,
    -0.04297523134751097,
    -0.024146208914067914,
    0.06333501901754388,
    0.04618832416035838,
    0.0029851897316669485,
    -0.0086976326177713,
    -0.007481583388876637,
    0.015602223423364054,
    -0.004005533604740663,
    -0.03184531171982431,
    -0.036199880248619525,
    -0.01084779736768928,
    -5.117434254131581e-18
  ],
  "my": [
    0.0,
    -0.015385824468482731,
    -0.025084383710532364,
    -0.022552161302757414,
    -0.006392224117891446,
    -0.1338489806466785,
    -0.11976423685296231,
    -0.0022274550846905355,
    0.012332858232589705,
    0.05125805615533352,
    0.06305911175161796,
    0.0016576453876318898,
    -0.0059200133983193124,
    -0.01611622962390611,
    -0.05385795680234727,
    -0.04272878773592937,
    0.04066251782580665,
    0.09376920533327901,
    0.01921786855333966,
    -0.01982387696284123,
    -0.008138248355821661,
    -0.027585410997461667,
    -0.04207647114142195,
    -0.016821177171402857,
    -0.005163868104332491,
    0.023636660089784593,
    0.022637137016838216,
    -0.02049588806954633,
    -0.04677871752297798,
    -0.04228871786241038,
    -0.056080055589079324,
    -0.05071712063164785,
    -0.019129539626754215,
    -1.003971211721577e-17,
    -0.012928777514862749,
    -0.013493706317202,
    0.022870162823379094,
    0.009413871431778895,
    -0.03111087337568354,
    -0.022160368348534278,
    0.00210628866131303,
    0.02517612897373338,
    0.0011466765217451546,
    0.03167555538290595,
    0.06028464748449134,
    0.012936657213372879,
    0.00014114054098721406,
    -0.02400818285988857,
    0.10356944806988085,
    0.303198201414579,
    0.2584712867147378,
    0.08558961185995043,
    0.015437867210261533,
    0.003897926086239294,
    0.017992488669037642,
    -0.006982858575995158,
    -0.01683307217318112,
    0.0038787080046475174,
    0.017851346619707758,
    0.018267287960599003,
    0.05533170932698254,
    0.05348510921157954,
    0.033719893565962195,
    0.040139643374078,
    -0.012499135732260903,
    -0.035364056669446045,
    7.26415455565288e-18,
    0.029748465482717756,
    -0.05027447575428,
    -0.07330049130631457,
    0.017279685164781084,
    0.037714661549090776,
    0.015491591599634858,
    0.02750929961132768,
    0.020528036384333953,
    0.025126241923258665,
    0.017241965780510543,
    -0.018502079811116977,
    -0.03558799724382038,
    -0.014017642757626453,
    0.008246142987579062,
    0.022135073407516238,
    0.006645955224410316,
    -0.023119214292951946,
    0.007543083924046429,
    0.011541367467609203,
    -0.011797375538949207,
    -0.0016472974184456202,
    -0.02308162686881195,
    -0.0315069454494968,
    -0.008223094534932945,
    0.012604244364748584,
    0.01251691321990141,
    -0.019826552559996637,
    -0.04889459209055267,
    -0.04044845331170906,
    -0.04551667445230619,
    -0.04873297400508288,
    0.002609712411979531,
    -2.8219072044366464e-17
  ],