{
  "positive_frequencies": [
    0.0,
    0.07734375,
    0.1546875,
    0.23203125000000002,
    0.309375,
    0.38671875,
    0.46406250000000004,
    0.54140625,
    0.61875,
    0.6960937500000001,
    0.7734375,
    0.85078125,
    0.9281250000000001,
    1.0054687500000001,
    1.0828125,
    1.16015625,
    1.2375,
    1.31484375,
    1.3921875000000001,
    1.46953125,
    1.546875,
    1.62421875,
    1.7015625,
    1.7789062500000001,
    1.8562500000000002,
    1.93359375,
    2.0109375000000003,
    2.08828125,
    2.165625,
    2.24296875,
    2.3203125,
    2.3976562500000003,
    2.475,
    2.55234375,
    2.6296875,
    2.70703125,
    2.7843750000000003,
    2.86171875,
    2.9390625,
    3.01640625,
    3.09375,
    3.1710937500000003,
    3.2484375,
    3.32578125,
    3.403125,
    3.48046875,
    3.5578125000000003,
    3.63515625,
    3.7125000000000004,
    3.78984375,
    3.8671875,
    3.9445312500000003,
    4.0218750000000005,
    4.09921875,
    4.1765625,
    4.25390625,
    4.33125,
    4.4085937500000005,
    4.4859375,
    4.56328125,
    4.640625,
    4.71796875,
    4.7953125000000005,
    4.87265625,
    4.95
  ],
  "mx_fft_pos": [
    0.0038756766305022648,
    0.006638173401876835,
    0.00649440482980149,
    0.008682303317819431,
    0.013792948017752122,
    0.010243656338162812,
    0.0061191443854618985,
    0.01298579798717001,
    0.02036288872320966,
    0.01287128791843613,
    0.004392594301236066,
    0.008198259503448223,
    0.011656721106412775,
    0.010469130425381359,
    0.008577413796741522,
    0.014372372174675104,
    0.013125333923582562,
    0.008318953594253995,
    0.008410456098230596,
    0.011790554936919908,
    0.009227074827963491,
    0.005994016803575432,
    0.008723239259000525,
    0.01007539711296713,
    0.008138118245564051,
    0.0077709322674954714,
    0.009719038662589063,
    0.011435243417642137,
    0.011865856178155318,
    0.011096142673677829,
    0.008013338406259953,
    0.005504306851970323,
    0.004399949737774399,
    0.003006447807800488,
    0.003313048867862064,
    0.0007225926378144676,
    0.0008184613203357282,
    0.0018981804224401954,
    0.0003094000969260942,
    0.001865218383529674,
    0.0010037417957228139,
    0.00022690103105524453,
    0.0010743832360491472,
    0.0011934989894812236,
    0.0012476710304505224,
    0.0015235220036327057,
    0.0011456321710933068,
    0.0007534183687236732,
    0.0011511833249093794,
    0.000607760774460327,
    0.0006949968985909662,
    0.0017131644060068537,
    0.0021251270348091014,
    0.0019414862605022073,
    0.0013410273477646375,
    0.0009688759070836849,
    0.0010393960901697939,
    0.0013074556904446948,
    0.001441720469741705,
    0.0009633990969499487,
    0.0006864869846644992,
    0.0008542760533520609,
    0.0008208966624325656,
    0.0006468152462114387,
    0.000657584653070358
  ],
  "my_fft_pos": [
    0.016556186430745613,
    0.018079529792545835,
    0.019764026995746947,
    0.019261961397132894,
    0.017179096909184854,
    0.013218827389247066,
    0.009337865311621205,
    0.00840088909298566,
    0.010173294404414899,
    0.013744951712851818,
    0.016979473515091735,
    0.017291966247797025,
    0.01432511631754876,
    0.009504947792447493,
    0.008633142065225134,
    0.01292334543508837,
    0.015492073131779116,
    0.012130602677052703,
    0.008491977334435973,
    0.009306880164038005,
    0.011437658852634201,
    0.012094486451429874,
    0.011659227962335436,
    0.011345134889425543,
    0.010402748322012928,
    0.008014456751059825,
    0.00591180671327915,
    0.0069938909325019585,
    0.01030495851181857,
    0.010776718384617747,
    0.010283848994556992,
    0.008841511618182061,
    0.005329624038695021,
    0.0032355087774732466,
    0.002534394836285179,
    0.002960778924886883,
    0.004194047270322545,
    0.004962312555941092,
    0.005681633123718458,
    0.003755554196712768,
    0.0007638426357935911,
    0.0014662854224531444,
    0.0020927517317484157,
    0.003746440379279353,
    0.003724196950637671,
    0.002423185597835415,
    0.0018029235306868017,
    0.002410156676574618,
    0.0031128661291313564,
    0.0026379209919990478,
    0.0016305082605679283,
    0.0009763920380557703,
    0.0011781200922391984,
    0.0017095875212365704,
    0.0014313672125974555,
    0.0007948762080678313,
    0.00019631203392694253,
    0.00028325742616320604,
    0.0006218111721447286,
    0.0007257389247076007,
    0.0007573813001491397,
    0.0008729211645594963,
    0.0006847794984091407,
    0.0002223746904315095,
    3.9382095803401904e-05
  ],
  "mz_fft_pos": [
    0.012524481190331466,
    0.01373366797830029,
    0.01832916166860274,
    0.033806879661569166,
    0.039262684562162586,
    0.024524365003359666,
    0.005523505606922081,
    0.009048568883503486,
    0.002943599153000974,
    0.0036491576678708195,
    0.004414851117432049,
    0.009201550376118098,
    0.017972418137447172,
    0.021348464859872053,
    0.01741832705597658,
    0.011739818148969692,
    0.004078701559621092,
    0.005368995120908543,
    0.010225759618466015,
    0.01398387379087506,
    0.016595598128044564,
    0.01316542226900346,
    0.006859944971702675,
    0.006285903181812335,
    0.0021349998082907393,
    0.006254942935840091,
    0.008769290200181152,
    0.0058244971194096355,
    0.004170081764783334,
    0.008924396418535218,
    0.011322195146950369,
    0.007905332153505357,
    0.006839331148309172,
    0.004958899123110079,
    0.0009604744429518784,
    0.002284770954426126,
    0.0028774287345451183,
    0.0018350013057390948,
    0.002213381835562881,
    0.0024196856186187677,
    0.001832062254823279,
    0.0013573575876333292,
    0.0008529448100540858,
    0.00017921203701934467,
    0.0005317453007655598,
    0.00029756141528484,
    0.0005074951427217872,
    0.0006653361495866119,
    0.0006733634920178653,
    0.0007790754251808951,
    0.0005552725036805026,
    0.00037306495482408145,
    0.0002330013104999357,
    0.00012848204701221993,
    0.00010051425529273676,
    4.2575883926472495e-05,
    0.00010790000671095351,
    0.00016886200846337031,
    0.00011577127672528171,
    0.000158329228607583,
    0.00017976548158742987,
    6.901424362400354e-05,
    3.2215325164213056e-05,
    7.220062490867939e-05,
    6.21006150067105e-05
  ]
}