{
  "positive_frequencies": [
    0.0,
    0.07734375,
    0.1546875,
    0.23203125000000002,
    0.309375,
    0.38671875,
    0.46406250000000004,
    0.54140625,
    0.61875,
    0.6960937500000001,
    0.7734375,
    0.85078125,
    0.9281250000000001,
    1.0054687500000001,
    1.0828125,
    1.16015625,
    1.2375,
    1.31484375,
    1.3921875000000001,
    1.46953125,
    1.546875,
    1.62421875,
    1.7015625,
    1.7789062500000001,
    1.8562500000000002,
    1.93359375,
    2.0109375000000003,
    2.08828125,
    2.165625,
    2.24296875,
    2.3203125,
    2.3976562500000003,
    2.475,
    2.55234375,
    2.6296875,
    2.70703125,
    2.7843750000000003,
    2.86171875,
    2.9390625,
    3.01640625,
    3.09375,
    3.1710937500000003,
    3.2484375,
    3.32578125,
    3.403125,
    3.48046875,
    3.5578125000000003,
    3.63515625,
    3.7125000000000004,
    3.78984375,
    3.8671875,
    3.9445312500000003,
    4.0218750000000005,
    4.09921875,
    4.1765625,
    4.25390625,
    4.33125,
    4.4085937500000005,
    4.4859375,
    4.56328125,
    4.640625,
    4.71796875,
    4.7953125000000005,
    4.87265625,
    4.95
  ],
  "mx_fft_pos": [
    0.0044290854593763565,
    0.019241218711256797,
    0.04655351856284051,
    0.042434417067960334,
    0.02889603337985728,
    0.03674024426498348,
    0.025928587996145596,
    0.008199037967779387,
    0.030726902578537094,
    0.03833267422342661,
    0.032163978405890976,
    0.03702638121755483,
    0.03811263599684246,
    0.03857381277181246,
    0.025200944925009697,
    0.005426979895798015,
    0.013371744422126684,
    0.01917949784055539,
    0.017515773760486436,
    0.017093238600265286,
    0.008870448696942843,
    0.009115473906667695,
    0.012605454846819462,
    0.0069468200062396766,
    0.01132081462781962,
    0.007047570169883808,
    0.007612211428067106,
    0.005569552653471244,
    0.0029396849659280772,
    0.004473584172652872,
    0.0026754706484760386,
    0.0040325432509238125,
    0.003967354757033167,
    0.001103931309609573,
    0.0008329660215556413,
    0.0018529840321478066,
    0.0018330987917687764,
    0.0006468615806722672,
    0.000590084543447507,
    0.0005059170879982983,
    0.0004902789775574086,
    0.00028614761684647196,
    0.0006725636401296963,
    0.0003053923681522304,
    0.00014043773730265885,
    0.00011537030493584584,
    0.00013197706881315448,
    0.00015079232185807818,
    2.9215298904970844e-05,
    5.15822132303145e-05,
    2.4264470604699026e-05,
    1.548976039581212e-05,
    2.4327051341604283e-05,
    1.0098899952476596e-05,
    1.3993126222938065e-05,
    4.9269357377704e-06,
    1.3635448285704989e-06,
    3.762883657551147e-06,
    1.1498578336929763e-06,
    3.359302980953784e-06,
    1.1843856446046738e-06,
    9.774241607569287e-07,
    5.996512624219347e-07,
    4.991391753493502e-07,
    1.0199994736448392e-07
  ],
  "my_fft_pos": [
    0.09473507454020556,
    0.073146062739157,
    0.03730483513138165,
    0.01999076299947881,
    0.009845096620191542,
    0.014909046109722617,
    0.03773934800128042,
    0.04911129912924502,
    0.04332331111809122,
    0.03273138451167921,
    0.01261966983547154,
    0.018494479699044976,
    0.04022655624523476,
    0.04200262107645236,
    0.03673726546248643,
    0.04024041679618417,
    0.031911429586245633,
    0.009968798909736835,
    0.003677202336859228,
    0.010161209413726035,
    0.010748038997726013,
    0.018321075497781135,
    0.021138467893729147,
    0.01725159067010658,
    0.016678014435349785,
    0.010363380905385371,
    0.00202696186461697,
    0.002415805783616446,
    0.003110596402307644,
    0.002962854209660129,
    0.0023465998767316578,
    0.0012002310521674329,
    0.0005860810029579473,
    0.001597442768442533,
    0.0015377045055398344,
    0.0007954753368963703,
    0.0004949576161586847,
    0.0010717140586821447,
    0.0007047904882270245,
    0.0006254599795309707,
    0.00029978427549372103,
    0.00014074323277211756,
    0.00033037369073601186,
    1.4130027595655775e-05,
    0.00022062125026090946,
    6.0264553539551575e-05,
    5.858304809251686e-05,
    4.760724753991663e-05,
    5.3521078568324784e-05,
    6.591303652679815e-05,
    1.8389532589636177e-05,
    1.2440203533435077e-05,
    1.792407021919563e-05,
    1.4063474280431962e-06,
    8.6862584817771e-06,
    1.6564531126453e-06,
    1.4200800793579962e-06,
    2.239662987726568e-06,
    2.579779365123997e-06,
    1.7781462304443926e-06,
    1.7139751317221813e-06,
    2.067258563135694e-06,
    2.1564050019799384e-06,
    1.8019085724822512e-06,
    1.3785638677532574e-06
  ],
  "mz_fft_pos": [
    0.06809641624246199,
    0.047198874971827405,
    0.025063824454003115,
    0.0587595004211865,
    0.06881204614779281,
    0.06657762347016818,
    0.06789748560515997,
    0.04937599639961121,
    0.024243452363348034,
    0.03497801806621451,
    0.03492831571211689,
    0.03239135132720108,
    0.025890010849169077,
    0.0009021557217953949,
    0.01630729115043299,
    0.010298107272637356,
    0.025785067378339036,
    0.01673852291276366,
    0.0052470025144044875,
    0.01505625651875288,
    0.021444476618725637,
    0.017634799888647527,
    0.005858661464609266,
    0.011503311773204723,
    0.01806559529640613,
    0.007866386332250251,
    0.005361699186179951,
    0.004028635157341909,
    0.006690396179148292,
    0.006158787264630216,
    0.0007475230816187176,
    0.0032065910199743277,
    0.0023645972488534686,
    0.0009817580799737612,
    0.0010702014363015877,
    0.0015461531523827685,
    0.001291011640843847,
    0.00025091075546859997,
    0.0008511559002694331,
    0.0007854674761317709,
    0.0006678752186552865,
    0.00038544940495295285,
    0.0005245734348647785,
    0.0002625055069151564,
    0.0002536766252349104,
    0.0002530929779355396,
    0.000196858209711777,
    0.00015108690646037506,
    5.679689197113225e-05,
    8.50569737792353e-05,
    4.4949125893454095e-05,
    3.4121574817513745e-05,
    2.3504581866384025e-05,
    1.8811499238852657e-05,
    1.1091758685544387e-05,
    7.5345219692698435e-06,
    3.488256908865205e-06,
    2.690613259073037e-06,
    8.294497200395283e-07,
    1.0858466087756985e-06,
    5.816888435905294e-07,
    6.40462084342223e-07,
    3.661979955093057e-07,
    1.5232822404677443e-07,
    2.2942596114905455e-07
  ]
}