{
  "positive_frequencies": [
    0.0,
    0.07734375,
    0.1546875,
    0.23203125000000002,
    0.309375,
    0.38671875,
    0.46406250000000004,
    0.54140625,
    0.61875,
    0.6960937500000001,
    0.7734375,
    0.85078125,
    0.9281250000000001,
    1.0054687500000001,
    1.0828125,
    1.16015625,
    1.2375,
    1.31484375,
    1.3921875000000001,
    1.46953125,
    1.546875,
    1.62421875,
    1.7015625,
    1.7789062500000001,
    1.8562500000000002,
    1.93359375,
    2.0109375000000003,
    2.08828125,
    2.165625,
    2.24296875,
    2.3203125,
    2.3976562500000003,
    2.475,
    2.55234375,
    2.6296875,
    2.70703125,
    2.7843750000000003,
    2.86171875,
    2.9390625,
    3.01640625,
    3.09375,
    3.1710937500000003,
    3.2484375,
    3.32578125,
    3.403125,
    3.48046875,
    3.5578125000000003,
    3.63515625,
    3.7125000000000004,
    3.78984375,
    3.8671875,
    3.9445312500000003,
    4.0218750000000005,
    4.09921875,
    4.1765625,
    4.25390625,
    4.33125,
    4.4085937500000005,
    4.4859375,
    4.56328125,
    4.640625,
    4.71796875,
    4.7953125000000005,
    4.87265625,
    4.95
  ],
  "mx_fft_pos": [
    0.07431362605303482,
    0.08204009191324958,
    0.08457064245567798,
    0.06235468431206612,
    0.026751018801331208,
    0.007925806187367476,
    0.036949356735769635,
    0.04778196248641829,
    0.044878871874635316,
    0.04802272525236009,
    0.04856513804834262,
    0.04808132896647461,
    0.05470851140271708,
    0.04425883903810683,
    0.011022445223716586,
    0.04264054913147119,
    0.040064803867053876,
    0.004999781876693339,
    0.024325800453929257,
    0.01754366397333597,
    0.002810350076198434,
    0.010798337651756178,
    0.02477237841249233,
    0.039512078767643274,
    0.045565373859268954,
    0.034283210201238055,
    0.0174928585011285,
    0.009158849830235079,
    0.009253834063245748,
    0.006488476716970332,
    0.015980536175825864,
    0.018620711103964266,
    0.01180898886261382,
    0.010897986453482283,
    0.012142904339903332,
    0.005504231019407335,
    0.0009880875592464685,
    0.0026401189331258287,
    0.007392485528220817,
    0.009275331308239656,
    0.006032717332956411,
    0.0021126512323925133,
    0.002065770051372931,
    0.0031003425744248864,
    0.002258451489682411,
    0.000583685699392175,
    0.0007892809636828682,
    0.0034901035431296997,
    0.003777090508738404,
    0.00089674225889225,
    0.0014135356910579958,
    0.002655318347045483,
    0.002007500215775869,
    0.0010032778153499064,
    0.0012679720420214944,
    0.0008267418745275172,
    0.0004844864598496837,
    0.0005946759264959876,
    0.00038591618760011555,
    0.0005573058195368043,
    0.00019144054723408451,
    0.0004891655984949849,
    0.00037559215323629296,
    0.00019523219964711413,
    0.0004949756040218967
  ],
  "my_fft_pos": [
    0.030030465092591795,
    0.0477428024732229,
    0.05285319391996052,
    0.036394216300749,
    0.026057065270216336,
    0.025350524047868642,
    0.027059555930195472,
    0.0318745343863959,
    0.03654720447487507,
    0.032865251369687466,
    0.030690301855467048,
    0.03491132614470161,
    0.030675377785099604,
    0.0335756186616649,
    0.050611105376255565,
    0.05510629709279273,
    0.02945358481704742,
    0.017602031358148022,
    0.03204359936295981,
    0.032232850574649884,
    0.020631830329006177,
    0.03147396570603633,
    0.0345621102835109,
    0.026794857620146516,
    0.006585967474277668,
    0.016778052353346673,
    0.02246836088097337,
    0.019427138168787186,
    0.019225863753496265,
    0.021810694487903706,
    0.020304959484352132,
    0.012660678924272745,
    0.008436687740520367,
    0.005625478765967398,
    0.006865950993580439,
    0.005934228718627595,
    0.012876813314187462,
    0.010578747893399985,
    0.006261491353664281,
    0.008521400373077845,
    0.006266359637067342,
    0.0045259200149339075,
    0.003994286381649243,
    0.007136942492693414,
    0.008538620503329881,
    0.0046896947073694385,
    0.0014117241742710514,
    0.0013036522955554013,
    0.0018474021706421614,
    0.0011418321739631377,
    0.002201320690561308,
    0.001773334860221981,
    0.00029132184161652244,
    0.000928275139208856,
    0.0001700096391733492,
    0.00023999107636589446,
    0.0016097515860309046,
    0.0011095759494516224,
    0.0009124036196167385,
    0.0004491476039077157,
    0.0002088707505816624,
    0.0004236781855612885,
    0.0003731185277135917,
    0.00044693443322647733,
    7.868497593199297e-05
  ],
  "mz_fft_pos": [
    0.009445807479782577,
    0.02162352594648184,
    0.035725529286819,
    0.039074455134233126,
    0.025017688987730987,
    0.026708242546292844,
    0.06835201258502002,
    0.04996167305520679,
    0.031815733036069146,
    0.07535346927774463,
    0.06291753757398404,
    0.02773921292782271,
    0.03166027623178736,
    0.007015131600019784,
    0.025535302605156955,
    0.01827843831519566,
    0.023789675776214044,
    0.03612832282408913,
    0.028465544248979464,
    0.01766827706276418,
    0.01611985485551843,
    0.02818435242129686,
    0.03366002900644256,
    0.030017002444292677,
    0.026962741424737105,
    0.026098344912745527,
    0.01801782063836281,
    0.011997994464220547,
    0.009259039783513877,
    0.005531150313611174,
    0.012746877573162545,
    0.014115086527601205,
    0.011659664668943737,
    0.010817268781441155,
    0.009869861199178778,
    0.008841682003974883,
    0.003444096532775749,
    0.005841916287728446,
    0.005867216172299872,
    0.005499930473413168,
    0.00341330911221262,
    0.0017526165570216834,
    0.004150065271397157,
    0.0020749816010633,
    0.0005583462255746089,
    0.0014814821426501785,
    0.001520629700119443,
    0.0007356065265060554,
    0.00048166335140841047,
    0.000378927514193133,
    0.000770118639326796,
    0.0004035428864218974,
    0.0008907532246934029,
    0.00045627096058356955,
    0.00034156624071881545,
    0.00042409149509501726,
    0.0003286445536446204,
    0.00021187440937738166,
    0.00013323729956470968,
    8.53145639716307e-05,
    2.9687776011227545e-05,
    1.7837956126394948e-05,
    8.930273883212319e-06,
    7.517972250194081e-07,
    1.488980223562919e-08
  ]
}