{
  "positive_frequencies": [
    0.0,
    0.07734375,
    0.1546875,
    0.23203125000000002,
    0.309375,
    0.38671875,
    0.46406250000000004,
    0.54140625,
    0.61875,
    0.6960937500000001,
    0.7734375,
    0.85078125,
    0.9281250000000001,
    1.0054687500000001,
    1.0828125,
    1.16015625,
    1.2375,
    1.31484375,
    1.3921875000000001,
    1.46953125,
    1.546875,
    1.62421875,
    1.7015625,
    1.7789062500000001,
    1.8562500000000002,
    1.93359375,
    2.0109375000000003,
    2.08828125,
    2.165625,
    2.24296875,
    2.3203125,
    2.3976562500000003,
    2.475,
    2.55234375,
    2.6296875,
    2.70703125,
    2.7843750000000003,
    2.86171875,
    2.9390625,
    3.01640625,
    3.09375,
    3.1710937500000003,
    3.2484375,
    3.32578125,
    3.403125,
    3.48046875,
    3.5578125000000003,
    3.63515625,
    3.7125000000000004,
    3.78984375,
    3.8671875,
    3.9445312500000003,
    4.0218750000000005,
    4.09921875,
    4.1765625,
    4.25390625,
    4.33125,
    4.4085937500000005,
    4.4859375,
    4.56328125,
    4.640625,
    4.71796875,
    4.7953125000000005,
    4.87265625,
    4.95
  ],
  "mx_fft_pos": [
    0.006308677560780491,
    0.0035145624864473647,
    0.0005751739273979806,
    0.00047994760005533543,
    0.0030197113437734503,
    0.002208278305239497,
    0.0007699889372795964,
    0.000566463189239216,
    0.0020721207054403583,
    0.0013491995640706822,
    0.001012198337091561,
    0.0013261513675220781,
    0.002675827483882962,
    0.0029814025136570958,
    0.0007919243427687053,
    0.0009313940901244884,
    0.0011021379720127045,
    0.0007189685575831229,
    0.0010198769622830179,
    0.0014184886283388188,
    0.0006225904122953543,
    0.0007706372394703312,
    0.0006899732155188914,
    0.0017781912162009577,
    0.001924974665851812,
    0.0006034872065324272,
    0.0008932356630839936,
    0.0009142032731597592,
    0.0004876204250291076,
    0.00021391030189489663,
    0.0006077876191428445,
    0.0014067571325390791,
    0.0018844271950939637,
    0.001497722441865443,
    0.0005857339215255097,
    0.0008406914759138293,
    0.001424957105875076,
    0.0005798198091875717,
    0.0008464205467916008,
    0.0011156195857389103,
    0.0012085216179816153,
    0.0009331156926391277,
    0.0004894481079400131,
    0.000566609910571359,
    0.0005989707060484399,
    0.0003782424651951994,
    0.00038380921217348243,
    0.00044975266130028936,
    0.0006954823683941308,
    0.001397963605752516,
    0.0012107282147702937,
    0.0010292648693411904,
    0.0004818872126519578,
    0.00019668175091688608,
    0.0001687539095095994,
    0.0001862159477637966,
    0.000393769667341603,
    0.00022939053295880816,
    0.0006058880229330103,
    0.0009843784834280504,
    0.0007777955651047115,
    0.0007725727235109517,
    0.0009247301651196082,
    0.0006088226622945085,
    0.0002795247521712302
  ],
  "my_fft_pos": [
    0.0003115725444294653,
    0.0007386771211559149,
    0.000978086098272515,
    0.0005354303425878135,
    0.0005866565210579025,
    0.0011962254769761237,
    0.0008084585252432779,
    0.0006447813376438169,
    0.0009257918069708053,
    0.0013250134603532224,
    0.001196296358651449,
    0.0016073135796456266,
    0.0012575492871381578,
    0.0012951127388321484,
    0.002103008106838244,
    0.0024171218399852835,
    0.001529442820687426,
    0.0010593152372187886,
    0.0020374105282279483,
    0.002307600123633355,
    0.0019505207742677253,
    0.001386995566966024,
    0.0014381852095164916,
    0.0015987164693034245,
    0.0011893721723988337,
    0.0011794947008659958,
    0.001015580976316834,
    0.0007679751699089458,
    0.0006807789084226968,
    0.0012145853580547027,
    0.001810290573218321,
    0.0011518124703040454,
    0.001128716643786514,
    0.0019865261002616056,
    0.001569329139015723,
    0.0006781981101244696,
    0.0007020419028526641,
    0.0017201291102812244,
    0.0014044068988194305,
    0.00032064204308965104,
    0.0003837792154162182,
    0.0005090697808712514,
    0.00033068182766387075,
    0.00019650794964549297,
    6.714778081659244e-05,
    0.0002479603820239835,
    0.00025866896548802106,
    0.0004976235419671634,
    0.0008587101537877968,
    0.0007981704250584601,
    0.0004059786303490019,
    0.0004348436894374696,
    0.0007804260139140779,
    0.0009509662870641707,
    0.0008535260337054017,
    0.0006569253733074579,
    0.0005932229343773209,
    0.0006033622424642112,
    0.0003894803051879863,
    0.00031675455175056254,
    0.0006737000068363932,
    0.0008628051541952571,
    0.000666781181920377,
    0.0005292657172875956,
    0.0006892145816668743
  ],
  "mz_fft_pos": [
    0.002365447435766177,
    0.0019969204670472356,
    0.0012217666301184578,
    0.0017630522519439993,
    0.0024217247271869267,
    0.0028001469059255007,
    0.0023396330494904888,
    0.0013744922813335747,
    0.0023869750006673524,
    0.002318881639143108,
    0.0009506272490759071,
    0.0014786255470970037,
    0.0005300946671894888,
    0.001771374882439763,
    0.0024107323799982573,
    0.001687798507689179,
    0.0008229306569597421,
    0.0013580494282468111,
    0.0016132274197854,
    0.002103568199145049,
    0.001997840662184735,
    0.001433832250512317,
    0.0011613230250958756,
    0.0008659602288518661,
    0.0005257589264143919,
    0.0008374647897286633,
    0.0012340611897113276,
    0.0008543434924005151,
    0.0009644848088879083,
    0.0017769307001287884,
    0.0014626377058031092,
    0.001072691522448047,
    0.0010000277466695377,
    0.0004402273027890209,
    0.0003923985170699513,
    0.00027718424491883953,
    0.00040415112693239954,
    0.0002626925799169833,
    0.0006457195091717639,
    0.0006891343218022377,
    0.0005169433580272286,
    0.0005885839208257253,
    0.0006121401199682043,
    0.0006954533734031841,
    0.0007376578776731092,
    0.0008228080078161625,
    0.0011442425902374346,
    0.0010548738377192382,
    0.000412083867257479,
    0.0004371609633070999,
    0.0008982878199541164,
    0.0008975572613988239,
    0.0009457457127278511,
    0.0009958106692127952,
    0.0005439504386373953,
    0.00045656488277007613,
    0.000976838352833944,
    0.000600967831740181,
    6.0213001282878034e-05,
    0.00030376959422244063,
    0.0005685628507537062,
    0.0006346428632092513,
    0.0004522573663050682,
    0.00011349913353225857,
    0.00020755604089016958
  ]
}