{
  "positive_frequencies": [
    0.0,
    0.07734375,
    0.1546875,
    0.23203125000000002,
    0.309375,
    0.38671875,
    0.46406250000000004,
    0.54140625,
    0.61875,
    0.6960937500000001,
    0.7734375,
    0.85078125,
    0.9281250000000001,
    1.0054687500000001,
    1.0828125,
    1.16015625,
    1.2375,
    1.31484375,
    1.3921875000000001,
    1.46953125,
    1.546875,
    1.62421875,
    1.7015625,
    1.7789062500000001,
    1.8562500000000002,
    1.93359375,
    2.0109375000000003,
    2.08828125,
    2.165625,
    2.24296875,
    2.3203125,
    2.3976562500000003,
    2.475,
    2.55234375,
    2.6296875,
    2.70703125,
    2.7843750000000003,
    2.86171875,
    2.9390625,
    3.01640625,
    3.09375,
    3.1710937500000003,
    3.2484375,
    3.32578125,
    3.403125,
    3.48046875,
    3.5578125000000003,
    3.63515625,
    3.7125000000000004,
    3.78984375,
    3.8671875,
    3.9445312500000003,
    4.0218750000000005,
    4.09921875,
    4.1765625,
    4.25390625,
    4.33125,
    4.4085937500000005,
    4.4859375,
    4.56328125,
    4.640625,
    4.71796875,
    4.7953125000000005,
    4.87265625,
    4.95
  ],
  "mx_fft_pos": [
    0.000604635726921981,
    0.0054974080012891125,
    0.005329017202921362,
    0.003422315642538032,
    0.00451197371568935,
    0.004654304015620579,
    0.0033840821968188356,
    0.004215031517969736,
    0.006981924330115297,
    0.007383906251068503,
    0.0054908848683056745,
    0.002683644501048469,
    0.0019504325267503965,
    0.005610834770615528,
    0.007572761931350682,
    0.007340018806799362,
    0.006333194437048151,
    0.0022416389600700606,
    0.004700758147588766,
    0.0031267814480388663,
    0.0038255075915419124,
    0.00740960083179066,
    0.0054939282625687345,
    0.0008916837225765397,
    0.003833772151327256,
    0.003010996875334307,
    0.0024706903133515385,
    0.004693729938668983,
    0.007352168439893357,
    0.007604421634209674,
    0.004299661763719152,
    0.0015610217209561384,
    0.0019022755346577637,
    0.0012835094673343908,
    0.0020697295912001975,
    0.004208131058839191,
    0.004560659891787403,
    0.004116905822116459,
    0.003852536055163028,
    0.0037458073637365035,
    0.0037558003626541945,
    0.003921879131905617,
    0.0033040367102440543,
    0.002492028085288154,
    0.0015431959774736595,
    0.0017138948047653382,
    0.002745352687374568,
    0.0018120484814792596,
    0.0008566638701985167,
    0.0013380200325586082,
    0.0024243321612286988,
    0.002476312640563169,
    0.001809692568065032,
    0.0019071370177059115,
    0.0010457739397038972,
    0.0003706571896760298,
    0.0008074756450615062,
    0.0009252846746452013,
    0.0012625922473985542,
    0.001045329598827055,
    0.0006172058500639442,
    0.00037517759980691413,
    0.0008484160425607472,
    0.0002083307063136382,
    0.0010483973418529908
  ],
  "my_fft_pos": [
    0.010709005572272974,
    0.011355043877934725,
    0.013158359093052048,
    0.009562219318122445,
    0.002320560088946387,
    0.004246899411766847,
    0.004802550816766608,
    0.004470659358748052,
    0.002268414731890164,
    0.00507087326253497,
    0.007244723843723741,
    0.005844308271593138,
    0.008736942972993577,
    0.008703180828920567,
    0.004250468405906143,
    0.0015621956720773941,
    0.0007620706735157586,
    0.0024977718175788165,
    0.005265916907824439,
    0.0037680671036766657,
    0.0007773819952354085,
    0.0010892898216075505,
    0.0003360128039602227,
    0.0038139262317507684,
    0.005021769326062275,
    0.0024896954035862166,
    0.001667439663413417,
    0.0029493997398207378,
    0.005938543680654509,
    0.007227822625744785,
    0.004702748449225636,
    0.0025982306371387077,
    0.0026726084614558995,
    0.0020069988285267475,
    0.0008469192743367469,
    0.0017825760807352697,
    0.0017491443765467465,
    0.0017902534560917313,
    0.0009078152732320107,
    0.00018068356786583672,
    0.000164294114545436,
    0.0005898433491296235,
    0.0014335882305754636,
    0.0025127836539988674,
    0.0033457742858382113,
    0.002219834234435307,
    0.0003601783443688224,
    0.0002467101438669662,
    0.0002851452396394177,
    0.0009981286458193212,
    0.0015779542872103641,
    0.002408527344564913,
    0.0025840546585842853,
    0.0024346512944795366,
    0.0024117291501811427,
    0.0017852453742564333,
    0.0012931981481991526,
    0.0005788809638006474,
    0.0009215296115107571,
    0.0011843868984641969,
    0.0016765725230565708,
    0.0019907078118608997,
    0.0017091410626742512,
    0.0018846363228609277,
    0.002022297160044664
  ],
  "mz_fft_pos": [
    0.002275254412552549,
    0.0012147821732470289,
    0.0029586945535017032,
    0.006999342793447456,
    0.008322600180265241,
    0.00539692810759634,
    0.0021517879285945325,
    0.0037945149770200674,
    0.0067214474429987715,
    0.005102736691995196,
    0.0007103718224431077,
    0.003780804696716931,
    0.005334729573513013,
    0.004927566516833485,
    0.0036320725160553223,
    0.0022189789866242666,
    0.0024974240102732057,
    0.002239897888048312,
    0.0007737954524296143,
    0.0002180094159264694,
    0.0022724395055298227,
    0.0026843929815386696,
    0.0010604335487896803,
    0.0028459730275798806,
    0.002478141402818358,
    0.0013130192193475684,
    0.0011011141771418516,
    0.001014747253713875,
    0.0010470328278866423,
    0.0017989368140444856,
    0.002736854641967403,
    0.002446159455737783,
    0.0017155007590851355,
    0.001590644354243436,
    0.0012620881756009125,
    3.442984934036809e-05,
    0.0009610707666883464,
    0.0009307437073940604,
    0.001103512659643882,
    0.00016245963056815642,
    0.002231918430461949,
    0.0031410704023109564,
    0.0020897696535897956,
    0.0020819963695252806,
    0.002041259270190882,
    0.0012659728789893231,
    0.0016183196830613755,
    0.002115541737076677,
    0.0014921597175429132,
    0.0019175247985251751,
    0.0025495745433075623,
    0.0017947332364317487,
    0.0019906556200513983,
    0.0012178597194774372,
    0.001562677496261213,
    0.0018208372447433287,
    0.0014048901736573316,
    0.0015257856895387377,
    0.0014817632248712129,
    0.0019014096772799484,
    0.0013098943419817607,
    0.0006895484748057603,
    0.001536536588592999,
    0.001611584589019653,
    0.0008652461976203238
  ]
}