{
  "positive_frequencies": [
    0.0,
    0.07734375,
    0.1546875,
    0.23203125000000002,
    0.309375,
    0.38671875,
    0.46406250000000004,
    0.54140625,
    0.61875,
    0.6960937500000001,
    0.7734375,
    0.85078125,
    0.9281250000000001,
    1.0054687500000001,
    1.0828125,
    1.16015625,
    1.2375,
    1.31484375,
    1.3921875000000001,
    1.46953125,
    1.546875,
    1.62421875,
    1.7015625,
    1.7789062500000001,
    1.8562500000000002,
    1.93359375,
    2.0109375000000003,
    2.08828125,
    2.165625,
    2.24296875,
    2.3203125,
    2.3976562500000003,
    2.475,
    2.55234375,
    2.6296875,
    2.70703125,
    2.7843750000000003,
    2.86171875,
    2.9390625,
    3.01640625,
    3.09375,
    3.1710937500000003,
    3.2484375,
    3.32578125,
    3.403125,
    3.48046875,
    3.5578125000000003,
    3.63515625,
    3.7125000000000004,
    3.78984375,
    3.8671875,
    3.9445312500000003,
    4.0218750000000005,
    4.09921875,
    4.1765625,
    4.25390625,
    4.33125,
    4.4085937500000005,
    4.4859375,
    4.56328125,
    4.640625,
    4.71796875,
    4.7953125000000005,
    4.87265625,
    4.95
  ],
  "mx_fft_pos": [
    0.002617405474606238,
    0.00040386666508360355,
    0.0031012471101542725,
    0.003568741767491795,
    0.002154466796761646,
    0.002663629318196725,
    0.0033029280878958626,
    0.0028891827079283536,
    0.003440142322230334,
    0.0014357480811003841,
    0.00037835842431549097,
    0.0011070702976663086,
    0.0030834745946032786,
    0.0034357994521182524,
    0.0023748999131049026,
    0.0014046655056920037,
    0.00208601089253459,
    0.0028970296107410543,
    0.0019805717257083124,
    0.0004096961772752887,
    0.00365233923685207,
    0.006448755706364064,
    0.005306816206041637,
    0.002612482693263117,
    0.0022910172701316213,
    0.003210577668454146,
    0.001730639676183313,
    0.0006537526845861247,
    0.0004585549553125988,
    0.0016166815438538949,
    0.002733244915824315,
    0.002979322350793902,
    0.0021523995042346195,
    0.0014220314380325337,
    0.002110177590442438,
    0.0021621978102549276,
    0.0011756839577418403,
    0.0008954482385488253,
    0.001299914225763759,
    0.0039282785150413745,
    0.0038844594238423374,
    0.002784537351969074,
    0.0024403615363751104,
    0.002724636417974772,
    0.0025493609061816723,
    0.0021396841307541057,
    0.002407080123321346,
    0.002712903123087102,
    0.002344596221011319,
    0.002395590287930507,
    0.0030940983759114703,
    0.0035892991704635645,
    0.003042153539692843,
    0.0017552693717942135,
    0.0015499888547583736,
    0.0010037262046114668,
    0.0005597259834195898,
    0.0002476740370030203,
    0.0004945020289073768,
    0.00026453941978602956,
    0.0005478050516739138,
    0.000286960864240979,
    0.0012407945381775257,
    0.0012671439331389523,
    0.0001901565718284981
  ],
  "my_fft_pos": [
    0.0001363759332423503,
    0.000618849441178333,
    0.0017303014491559772,
    0.0022215735130726765,
    0.0013166124453235226,
    0.001832876892655084,
    0.004704970664689473,
    0.004275226428476659,
    0.003344906885830781,
    0.0015324390778626118,
    0.002513712979204752,
    0.002368766698430478,
    0.0008277773526215085,
    0.0022350039013317555,
    0.005298367574808601,
    0.00465415553376941,
    0.00195573833678374,
    0.00042853399850833107,
    0.0005329579835942914,
    0.0004478746145847939,
    0.0021745503860014703,
    0.0033224178946499065,
    0.0021952215382250386,
    0.0005812559860984435,
    0.0011713231545001025,
    0.001719503990672275,
    6.745964169327974e-05,
    0.001309810912113219,
    0.0017337815631496042,
    0.0022342473464373775,
    0.0034275534157706387,
    0.0027772786371002217,
    0.0023969586595742783,
    0.001640501317460785,
    0.001845172391735397,
    0.0005540322067538867,
    0.002620115581741298,
    0.002921299397809086,
    0.0008658302823769145,
    0.003159953090460964,
    0.00287391458732039,
    0.001743234529606957,
    0.0007599213902017232,
    0.0004447111082539565,
    0.0017199025188234557,
    0.0016236896555784604,
    0.0010509335054110374,
    0.0006910456230645765,
    0.002073796497512835,
    0.0022897603474237274,
    0.0019820998958543284,
    0.0013511040446055763,
    0.0012099424841610614,
    0.0017387978739845358,
    0.00215872291742358,
    0.0015954210228771985,
    0.001848200359806166,
    0.002173875266917471,
    0.0017864802816420402,
    0.001967869141160253,
    0.0019841312217757263,
    0.0013945111383746281,
    0.0017453293548244575,
    0.002005904739090062,
    0.0016596876560041713
  ],
  "mz_fft_pos": [
    0.004332223617342577,
    0.0031068722743664346,
    0.0013296267208446578,
    0.0009601748153656369,
    0.0011197285103779265,
    0.0015941034288850804,
    0.0018818787933551468,
    0.0029698776967659146,
    0.003664596785010105,
    0.003744277448442302,
    0.0029201559433989096,
    0.0005215533953011315,
    0.0014306391964253732,
    0.001274489478348636,
    0.0011614306885263657,
    0.0002587494867231768,
    0.0024842649600382107,
    0.003822787452108787,
    0.0028842055802689275,
    0.0013530346661323894,
    0.0005798237613050095,
    0.000328214264332058,
    0.0012011095158401582,
    0.0013947575125069697,
    0.000512407509851623,
    0.0022039486647019747,
    0.0027031273303902963,
    0.0020220373163497133,
    0.001752202619694292,
    0.0021171186435865828,
    0.0020543040548910373,
    0.0020407282339228545,
    0.002808208583583831,
    0.002616405374832955,
    0.0015595364903981152,
    0.0025342630659507207,
    0.002994550080479989,
    0.0022355932524883515,
    0.001660903394835416,
    0.0016973533253620838,
    0.0018354332376115372,
    0.001637955490631539,
    0.001306270614946048,
    0.0012252313603451058,
    0.0013064696802408916,
    0.0014685737318945807,
    0.0017345663183236375,
    0.0017868926405042304,
    0.0014744559481197886,
    0.0019502927823966103,
    0.0023162035689931605,
    0.0021612119397539046,
    0.0027488727811365494,
    0.00207971172039771,
    0.0012979584757918355,
    0.0018262370792578786,
    0.0021975616215185434,
    0.001403237570482874,
    0.000868704932150046,
    0.0009064048199476664,
    0.0008950761171985555,
    0.0011576584874573043,
    0.0015603469877073612,
    0.0016734893816082066,
    0.0016626053116917136
  ]
}