{
  "times": [
    0.0,
    0.10101010101010101,
    0.20202020202020202,
    0.30303030303030304,
    0.40404040404040403,
    0.5050505050505051,
    0.6060606060606061,
    0.7070707070707071,
    0.8080808080808081,
    0.9090909090909091,
    1.0101010101010102,
    1.1111111111111112,
    1.2121212121212122,
    1.3131313131313131,
    1.4141414141414141,
    1.5151515151515151,
    1.6161616161616161,
    1.7171717171717171,
    1.8181818181818181,
    1.9191919191919191,
    2.0202020202020203,
    2.121212121212121,
    2.2222222222222223,
    2.323232323232323,
    2.4242424242424243,
    2.525252525252525,
    2.6262626262626263,
    2.727272727272727,
    2.8282828282828283,
    2.929292929292929,
    3.0303030303030303,
    3.131313131313131,
    3.2323232323232323,
    3.3333333333333335,
    3.4343434343434343,
    3.5353535353535355,
    3.6363636363636362,
    3.7373737373737375,
    3.8383838383838382,
    3.9393939393939394,
    4.040404040404041,
    4.141414141414141,
    4.242424242424242,
    4.343434343434343,
    4.444444444444445,
    4.545454545454545,
    4.646464646464646,
    4.747474747474747,
    4.848484848484849,
    4.94949494949495,
    5.05050505050505,
    5.151515151515151,
    5.252525252525253,
    5.353535353535354,
    5.454545454545454,
    5.555555555555555,
    5.656565656565657,
    5.757575757575758,
    5.858585858585858,
    5.959595959595959,
    6.0606060606060606,
    6.161616161616162,
    6.262626262626262,
    6.363636363636363,
    6.4646464646464645,
    6.565656565656566,
    6.666666666666667,
    6.767676767676767,
    6.8686868686868685,
    6.96969696969697,
    7.070707070707071,
    7.171717171717171,
    7.2727272727272725,
    7.373737373737374,
    7.474747474747475,
    7.575757575757575,
    7.6767676767676765,
    7.777777777777778,
    7.878787878787879,
    7.979797979797979,
    8.080808080808081,
    8.181818181818182,
    8.282828282828282,
    8.383838383838384,
    8.484848484848484,
    8.585858585858587,
    8.686868686868687,
    8.787878787878787,
    8.88888888888889,
    8.98989898989899,
    9.09090909090909,
    9.191919191919192,
    9.292929292929292,
    9.393939393939394,
    9.494949494949495,
    9.595959595959595,
    9.696969696969697,
    9.797979797979798,
    9.8989898989899,
    10.0
  ],
  "mx": [
    7.19910242530375e-17,
    -0.08749349619655147,
    0.015729591397722814,
    0.01552565610196472,
    -0.07506368137821333,
    0.04985568947654463,
    0.08235661877567194,
    -0.04740777611282513,
    -0.07393986811000379,
    -0.050754390371580846,
    -0.08723635435942421,
    -0.13655331292897116,
    -0.07066006803919711,
    -0.01505024667500925,
    0.058783661779456806,
    0.010172309773509861,
    0.02359406165584211,
    0.018797328045140133,
    -0.011379113988754026,
    -0.020362352381483848,
    -0.057222900571399185,
    -0.12265434199272025,
    -0.1245417850416012,
    -0.034966247896874816,
    0.053362187388335036,
    0.052428957820894816,
    0.0012936495108076401,
    -0.004791202820949865,
    0.0493441217853958,
    0.08073642094084894,
    0.008818697847727184,
    0.006676758060201231,
    0.06146825896202414,
    6.335806445462167e-17,
    -0.019772749642905926,
    0.029414138674033877,
    0.052375615330572264,
    -0.011668685350009882,
    -0.0375384978059551,
    -0.019929372554027335,
    -0.04615895535841148,
    -0.0005208905859539759,
    0.06946526469398526,
    0.016088703020521775,
    -0.04079927381365997,
    -0.06902908333925331,
    -0.05099061285323229,
    0.06251522088357063,
    0.052061705996524904,
    -0.02359589828270815,
    0.009775759314800502,
    0.04304467534290508,
    0.027338019993796987,
    0.047609342034207996,
    0.0013506088684169769,
    -0.08162367109186469,
    -0.06378250832584309,
    -0.021312219375537962,
    0.012371968762910017,
    0.04252260437082657,
    -0.04493135099903432,
    -0.049833376306239956,
    -0.0250556444846193,
    -0.025312140891005416,
    -0.03351387437927523,
    -0.06591651280798613,
    6.7220534694101275e-18,
    0.043797816066238296,
    0.030507647443700964,
    -0.06743371009474523,
    -0.05974636179509367,
    0.08303276296581649,
    0.10180178664544497,
    0.04037618076161234,
    -0.005001353560757786,
    -0.023983975252158153,
    -0.08536766576493712,
    -0.11888255199778006,
    0.01303820164896272,
    0.06769043298880523,
    0.015580781103473457,
    0.06074128766290536,
    0.2127634937953445,
    0.16984252649940867,
    0.0028529074081893634,
    -0.06815195955523601,
    -0.04766907092747205,
    -0.045896548136476256,
    -0.07752102549255398,
    -0.050917891471675115,
    0.018246392539802633,
    0.05735024764321347,
    0.05890268733351853,
    0.01490720092596992,
    0.005487930043078664,
    0.05848305305905823,
    0.07167453127834206,
    0.022322124636386782,
    0.04172802663059589,
    7.047314121155779e-17
  ],
  "my": [
    0.0,
    0.010570449598873426,
    -0.14688121897957682,
    -0.05662108747424701,
    0.021738079537923276,
    -0.08130924060689798,
    -0.12142635296511677,
    0.010545341909877146,
    0.04525276229138984,
    0.0019167863455897098,
    -0.0059679245666348114,
    -0.0015278418281768208,
    -0.023146046911023954,
    -0.018301039987320113,
    -0.04010900489318606,
    -0.02746266137491927,
    -0.004953557739126472,
    -0.010908860900063752,
    -0.05986362906958282,
    -0.06587197253841952,
    -0.030103678748234587,
    -0.07254333585835762,
    -0.09625214646797958,
    -0.09211648572074674,
    -0.051885404206431666,
    -0.018698650905887515,
    0.004974770931792145,
    0.02853704216605393,
    0.027590398502781107,
    0.04476308096737611,
    -0.01055733352713317,
    -0.06156637219940711,
    0.004344449257482985,
    4.705437428587089e-17,
    -0.04637609138312464,
    -0.006122889081324849,
    -0.003235058358140201,
    -0.0508056320271063,
    -0.07247993352542682,
    0.001655821115431944,
    0.03339374602330769,
    0.05602883032807525,
    0.08028521780452345,
    0.02816890499049097,
    -0.04806640393243511,
    -0.07698694869508964,
    -0.05989543496677388,
    0.011254898765195826,
    0.07963421694119963,
    0.09040866360169719,
    0.09680257428052123,
    0.062074122262438906,
    0.03372916510320138,
    0.036388516497787404,
    0.08769007869562681,
    0.05327794366426085,
    -0.013429738829422347,
    -0.0468058464489388,
    -0.006913144705514395,
    0.04371592499884975,
    -0.03505121590583101,
    -0.10322336518917928,
    -0.05291791296780217,
    -0.04731031187853156,
    -0.03817473446858703,
    0.005874298105583131,
    3.63207727782644e-18,
    -0.03986310675003731,
    -0.06917893560176314,
    -0.012842048219445236,
    0.03845619256578374,
    -0.004524612568522768,
    0.0061022258316707975,
    0.05430456613912303,
    0.0776319111692144,
    0.09038121300475885,
    0.056936527500753085,
    -0.0584945908704301,
    -0.1134803600620653,
    -0.06049379191986195,
    -0.012971792698913178,
    -0.00964867660176702,
    0.030923107493396433,
    -0.01293208763006904,
    -0.06430294092272046,
    -0.05353867696101851,
    -0.056516704651670656,
    -0.0501739839261658,
    0.0622070273918654,
    0.15429799833127572,
    0.16152298629055276,
    0.04795944744241856,
    -0.034145280439106813,
    -0.00724274865025551,
    -0.007578064292364566,
    -0.015056988268454623,
    -0.04196530234991462,
    -0.0387114109738175,
    -0.002879599153495924,
    -1.553119612085485e-17
  ],