{
  "positive_frequencies": [
    0.0,
    0.07734375,
    0.1546875,
    0.23203125000000002,
    0.309375,
    0.38671875,
    0.46406250000000004,
    0.54140625,
    0.61875,
    0.6960937500000001,
    0.7734375,
    0.85078125,
    0.9281250000000001,
    1.0054687500000001,
    1.0828125,
    1.16015625,
    1.2375,
    1.31484375,
    1.3921875000000001,
    1.46953125,
    1.546875,
    1.62421875,
    1.7015625,
    1.7789062500000001,
    1.8562500000000002,
    1.93359375,
    2.0109375000000003,
    2.08828125,
    2.165625,
    2.24296875,
    2.3203125,
    2.3976562500000003,
    2.475,
    2.55234375,
    2.6296875,
    2.70703125,
    2.7843750000000003,
    2.86171875,
    2.9390625,
    3.01640625,
    3.09375,
    3.1710937500000003,
    3.2484375,
    3.32578125,
    3.403125,
    3.48046875,
    3.5578125000000003,
    3.63515625,
    3.7125000000000004,
    3.78984375,
    3.8671875,
    3.9445312500000003,
    4.0218750000000005,
    4.09921875,
    4.1765625,
    4.25390625,
    4.33125,
    4.4085937500000005,
    4.4859375,
    4.56328125,
    4.640625,
    4.71796875,
    4.7953125000000005,
    4.87265625,
    4.95
  ],
  "mx_fft_pos": [
    0.0017066847742772428,
    0.0014878686622939253,
    0.005635824167165191,
    0.007290494512599844,
    0.0012378678052202,
    0.006797917652647307,
    0.008381437549053324,
    0.009377351512416216,
    0.005741870804258559,
    0.004430674803040731,
    0.004245132857649539,
    0.007917992298555268,
    0.010962504733290822,
    0.006302736045372955,
    0.0065364608430757976,
    0.005813617289928032,
    0.010155839665774156,
    0.0077390728934316885,
    0.005460009516755442,
    0.003249127754378469,
    0.006033541127500307,
    0.011117812789963426,
    0.011304853340729957,
    0.00837499915982632,
    0.009838229199741377,
    0.010705445323119378,
    0.012810834133530133,
    0.009353764207097461,
    0.0016678897907596898,
    0.002852564323037503,
    0.004536418364490811,
    0.004143057586617174,
    0.007609356995738377,
    0.009897767067881345,
    0.0035262156550170056,
    0.006299581863304185,
    0.006975165191209201,
    0.002495971164809889,
    0.002004972420212119,
    0.0028582257315111943,
    0.002086382649177795,
    0.004451177233989123,
    0.005341831043225043,
    0.005230750609583451,
    0.0045571569257717185,
    0.00409048638088253,
    0.0036384253869695665,
    0.0026367232019698737,
    0.002248412669728452,
    0.001915818997373064,
    0.00035004514917071647,
    0.0017689842973966491,
    0.002695312843430141,
    0.002154602976763986,
    0.0016887445713881677,
    0.0015338346109530327,
    0.0015066674300382942,
    0.0010124399474474603,
    0.0001460065745113822,
    0.0007257353968947775,
    0.0007575929834042923,
    0.0006240209714846787,
    0.0008046163230687201,
    0.00029290114523940447,
    0.00025239743934038494
  ],
  "my_fft_pos": [
    0.0014621803466613873,
    0.004290781775623576,
    0.010322455626405998,
    0.012093080140501805,
    0.010000201539381496,
    0.01260652689627166,
    0.016542597902108266,
    0.01102747201130293,
    0.00561575185436364,
    0.0062571313410216545,
    0.009222413210504987,
    0.012556863421099317,
    0.010478525532031354,
    0.005093538857036541,
    0.0030117747192653587,
    0.01014593464004221,
    0.015694159640853113,
    0.010729939844625407,
    0.007210626444892867,
    0.010582021478583201,
    0.00757138781910973,
    0.006363297737584722,
    0.008723785792263693,
    0.009978738116470258,
    0.008907880842494694,
    0.00700757930481955,
    0.005335916478215203,
    0.0029444752477744613,
    0.0012288154816951509,
    0.002902259128941177,
    0.00479923442491496,
    0.003396947587918063,
    0.002610727548627758,
    0.006634037576687162,
    0.007449022034639267,
    0.0055352433438316875,
    0.002375561448560307,
    0.0022445533061553275,
    0.005159386522412043,
    0.004833042642638631,
    0.00167640753099875,
    0.003451725146501267,
    0.0029093849664107354,
    0.0022663640877262003,
    0.002825854873664616,
    0.0022288500951341984,
    0.0016664943325062692,
    0.0018878362628777033,
    0.00162470265905739,
    0.000683848379131355,
    0.0013454537802955952,
    0.002394870952002598,
    0.0019243863114650527,
    0.0008550180602736987,
    0.0002838490650055455,
    0.0004450826958499823,
    0.0005055664862740405,
    0.00044428378347807876,
    0.0006202212963178699,
    0.0010968903303643952,
    0.0011714752674561694,
    0.0007026123516735875,
    0.0005943900607619964,
    0.0006785613309773742,
    0.000552796269768229
  ],
  "mz_fft_pos": [
    0.007225704786917548,
    0.0032907307918661295,
    0.01470410496123652,
    0.03896176903982378,
    0.04942240826278204,
    0.03718239285383739,
    0.016277331941276993,
    0.008485896821586894,
    0.01285353104861562,
    0.013657444449218901,
    0.010879723966611122,
    0.01609163214839447,
    0.024706713725388532,
    0.02092068320498828,
    0.009731242352171748,
    0.013494040758666743,
    0.0162972391392074,
    0.011224023634937897,
    0.006087428825594068,
    0.012183421070123207,
    0.021617115656442528,
    0.017589969849296998,
    0.0033682999516754315,
    0.005427461699567759,
    0.002347573428084961,
    0.008241183948122822,
    0.01493679301182647,
    0.01127330542771751,
    0.007249368009050494,
    0.007438931055149387,
    0.005166692985931861,
    0.0019710188762503255,
    0.001420448918823774,
    0.003657621498119194,
    0.005109154000983148,
    0.0030900812130958966,
    0.002474520585660231,
    0.002504272952725228,
    0.001231722159952857,
    0.003939533974395827,
    0.0030810521991437812,
    0.0010488233903147128,
    0.001974811093629349,
    0.001017228984347445,
    0.0012073283995810888,
    0.0008717071614625231,
    0.0006151776911448597,
    0.0012100721102233395,
    0.0007677500240347089,
    0.000603146631884704,
    0.0010039129496519277,
    0.000845348230918318,
    0.0002743416436657154,
    0.0002609929586804402,
    0.0007767141408861735,
    0.0006069135118456569,
    5.916236287634858e-05,
    0.00040005654557529857,
    0.0005646278166523901,
    0.00048708736652528645,
    0.0003412346853720681,
    0.0004516749334255419,
    0.0003190903237235279,
    0.000104979035527213,
    0.00027512976267845434
  ]
}