{
  "positive_frequencies": [
    0.0,
    0.07734375,
    0.1546875,
    0.23203125000000002,
    0.309375,
    0.38671875,
    0.46406250000000004,
    0.54140625,
    0.61875,
    0.6960937500000001,
    0.7734375,
    0.85078125,
    0.9281250000000001,
    1.0054687500000001,
    1.0828125,
    1.16015625,
    1.2375,
    1.31484375,
    1.3921875000000001,
    1.46953125,
    1.546875,
    1.62421875,
    1.7015625,
    1.7789062500000001,
    1.8562500000000002,
    1.93359375,
    2.0109375000000003,
    2.08828125,
    2.165625,
    2.24296875,
    2.3203125,
    2.3976562500000003,
    2.475,
    2.55234375,
    2.6296875,
    2.70703125,
    2.7843750000000003,
    2.86171875,
    2.9390625,
    3.01640625,
    3.09375,
    3.1710937500000003,
    3.2484375,
    3.32578125,
    3.403125,
    3.48046875,
    3.5578125000000003,
    3.63515625,
    3.7125000000000004,
    3.78984375,
    3.8671875,
    3.9445312500000003,
    4.0218750000000005,
    4.09921875,
    4.1765625,
    4.25390625,
    4.33125,
    4.4085937500000005,
    4.4859375,
    4.56328125,
    4.640625,
    4.71796875,
    4.7953125000000005,
    4.87265625,
    4.95
  ],
  "mx_fft_pos": [
    0.0044290854593763565,
    0.019241218711256794,
    0.04655351856284049,
    0.04243441706796032,
    0.028896033379857276,
    0.03674024426498348,
    0.025928587996145603,
    0.00819903796777939,
    0.030726902578537094,
    0.03833267422342661,
    0.032163978405890976,
    0.03702638121755483,
    0.038112635996842455,
    0.03857381277181245,
    0.025200944925009683,
    0.005426979895798022,
    0.01337174442212668,
    0.01917949784055539,
    0.017515773760486436,
    0.017093238600265282,
    0.008870448696942838,
    0.009115473906667703,
    0.012605454846819469,
    0.006946820006239683,
    0.011320814627819628,
    0.007047570169883811,
    0.007612211428067097,
    0.005569552653471244,
    0.002939684965928077,
    0.004473584172652872,
    0.0026754706484760416,
    0.004032543250923815,
    0.003967354757033161,
    0.0011039313096095674,
    0.0008329660215556458,
    0.001852984032147812,
    0.0018330987917687816,
    0.0006468615806722608,
    0.0005900845434475117,
    0.0005059170879982864,
    0.0004902789775574028,
    0.0002861476168464729,
    0.0006725636401296973,
    0.00030539236815223307,
    0.00014043773730266248,
    0.0001153703049358453,
    0.00013197706881315068,
    0.00015079232185807642,
    2.921529890497626e-05,
    5.158221323031038e-05,
    2.4264470604698274e-05,
    1.548976039581649e-05,
    2.4327051341604307e-05,
    1.0098899952473692e-05,
    1.3993126222938908e-05,
    4.926935737772833e-06,
    1.363544828578115e-06,
    3.7628836575514243e-06,
    1.149857833698452e-06,
    3.359302980953258e-06,
    1.1843856446078673e-06,
    9.77424160755264e-07,
    5.996512624151762e-07,
    4.991391753588495e-07,
    1.0199994736781459e-07
  ],
  "my_fft_pos": [
    0.09473507454020554,
    0.07314606273915698,
    0.037304835131381636,
    0.0199907629994788,
    0.00984509662019154,
    0.014909046109722617,
    0.03773934800128043,
    0.04911129912924503,
    0.04332331111809123,
    0.0327313845116792,
    0.01261966983547153,
    0.018494479699044983,
    0.04022655624523476,
    0.04200262107645236,
    0.03673726546248643,
    0.04024041679618417,
    0.031911429586245633,
    0.009968798909736823,
    0.003677202336859237,
    0.010161209413726042,
    0.010748038997726013,
    0.01832107549778113,
    0.021138467893729147,
    0.017251590670106582,
    0.016678014435349796,
    0.01036338090538538,
    0.002026961864616972,
    0.0024158057836164435,
    0.003110596402307641,
    0.002962854209660125,
    0.0023465998767316543,
    0.0012002310521674255,
    0.000586081002957951,
    0.0015974427684425376,
    0.001537704505539836,
    0.0007954753368963642,
    0.0004949576161586877,
    0.0010717140586821456,
    0.0007047904882270279,
    0.0006254599795309725,
    0.00029978427549371583,
    0.00014074323277212146,
    0.00033037369073601316,
    1.413002759565578e-05,
    0.0002206212502609008,
    6.026455353954156e-05,
    5.858304809251705e-05,
    4.760724753991548e-05,
    5.352107856832328e-05,
    6.591303652679213e-05,
    1.8389532589637112e-05,
    1.2440203533442243e-05,
    1.7924070219196573e-05,
    1.4063474280498605e-06,
    8.68625848177409e-06,
    1.6564531126448063e-06,
    1.4200800793614571e-06,
    2.2396629877271384e-06,
    2.5797793651301884e-06,
    1.7781462304300907e-06,
    1.7139751317389138e-06,
    2.0672585631264013e-06,
    2.156405001984255e-06,
    1.8019085724749939e-06,
    1.378563867771021e-06
  ],
  "mz_fft_pos": [
    0.068096416242462,
    0.047198874971827405,
    0.02506382445400312,
    0.058759500421186515,
    0.06881204614779281,
    0.06657762347016818,
    0.06789748560515997,
    0.04937599639961119,
    0.02424345236334803,
    0.03497801806621451,
    0.03492831571211689,
    0.032391351327201084,
    0.025890010849169084,
    0.0009021557217953922,
    0.016307291150433,
    0.010298107272637363,
    0.025785067378339042,
    0.016738522912763655,
    0.005247002514404483,
    0.015056256518752878,
    0.021444476618725644,
    0.01763479988864754,
    0.005858661464609276,
    0.011503311773204718,
    0.018065595296406136,
    0.007866386332250256,
    0.005361699186179955,
    0.0040286351573419026,
    0.006690396179148292,
    0.006158787264630216,
    0.0007475230816187096,
    0.003206591019974336,
    0.002364597248853476,
    0.0009817580799737567,
    0.001070201436301591,
    0.0015461531523827655,
    0.001291011640843838,
    0.00025091075546858805,
    0.0008511559002694351,
    0.0007854674761317753,
    0.000667875218655287,
    0.00038544940495295957,
    0.0005245734348647795,
    0.0002625055069151478,
    0.0002536766252349135,
    0.00025309297793553546,
    0.00019685820971176472,
    0.00015108690646037742,
    5.679689197113828e-05,
    8.505697377924046e-05,
    4.494912589345354e-05,
    3.4121574817517736e-05,
    2.3504581866385282e-05,
    1.8811499238849625e-05,
    1.1091758685550215e-05,
    7.534521969273902e-06,
    3.488256908861363e-06,
    2.6906132590700196e-06,
    8.294497200408464e-07,
    1.0858466087871133e-06,
    5.816888435898744e-07,
    6.404620843359116e-07,
    3.6619799551550474e-07,
    1.5232822404919184e-07,
    2.2942596115349544e-07
  ]
}