{
  "times": [
    0.0,
    0.10101010101010101,
    0.20202020202020202,
    0.30303030303030304,
    0.40404040404040403,
    0.5050505050505051,
    0.6060606060606061,
    0.7070707070707071,
    0.8080808080808081,
    0.9090909090909091,
    1.0101010101010102,
    1.1111111111111112,
    1.2121212121212122,
    1.3131313131313131,
    1.4141414141414141,
    1.5151515151515151,
    1.6161616161616161,
    1.7171717171717171,
    1.8181818181818181,
    1.9191919191919191,
    2.0202020202020203,
    2.121212121212121,
    2.2222222222222223,
    2.323232323232323,
    2.4242424242424243,
    2.525252525252525,
    2.6262626262626263,
    2.727272727272727,
    2.8282828282828283,
    2.929292929292929,
    3.0303030303030303,
    3.131313131313131,
    3.2323232323232323,
    3.3333333333333335,
    3.4343434343434343,
    3.5353535353535355,
    3.6363636363636362,
    3.7373737373737375,
    3.8383838383838382,
    3.9393939393939394,
    4.040404040404041,
    4.141414141414141,
    4.242424242424242,
    4.343434343434343,
    4.444444444444445,
    4.545454545454545,
    4.646464646464646,
    4.747474747474747,
    4.848484848484849,
    4.94949494949495,
    5.05050505050505,
    5.151515151515151,
    5.252525252525253,
    5.353535353535354,
    5.454545454545454,
    5.555555555555555,
    5.656565656565657,
    5.757575757575758,
    5.858585858585858,
    5.959595959595959,
    6.0606060606060606,
    6.161616161616162,
    6.262626262626262,
    6.363636363636363,
    6.4646464646464645,
    6.565656565656566,
    6.666666666666667,
    6.767676767676767,
    6.8686868686868685,
    6.96969696969697,
    7.070707070707071,
    7.171717171717171,
    7.2727272727272725,
    7.373737373737374,
    7.474747474747475,
    7.575757575757575,
    7.6767676767676765,
    7.777777777777778,
    7.878787878787879,
    7.979797979797979,
    8.080808080808081,
    8.181818181818182,
    8.282828282828282,
    8.383838383838384,
    8.484848484848484,
    8.585858585858587,
    8.686868686868687,
    8.787878787878787,
    8.88888888888889,
    8.98989898989899,
    9.09090909090909,
    9.191919191919192,
    9.292929292929292,
    9.393939393939394,
    9.494949494949495,
    9.595959595959595,
    9.696969696969697,
    9.797979797979798,
    9.8989898989899,
    10.0
  ],
  "mx": [
    1.0,
    0.548230143394186,
    0.03051392211998063,
    -0.027496306690380258,
    0.2152828865136048,
    -0.028781745108242867,
    -0.21776796955865668,
    -0.14185946686781037,
    -0.0530740869930865,
    -0.003852148513994963,
    0.0513193435222149,
    0.008555366388886619,
    -0.07057209839355069,
    -0.010322127180183448,
    0.09410337741239477,
    0.042337633570865604,
    -0.07306308155861872,
    -0.08476158033780767,
    0.006741874238788071,
    0.04896129228483615,
    0.007854983150940699,
    0.003569472099687004,
    0.042139864776358615,
    0.06674470499935219,
    0.09409924418732958,
    0.061099699683673875,
    0.09021938526312881,
    0.09158103282524019,
    -0.05121923437187846,
    -0.11714324361873406,
    -0.18543806401780882,
    -0.24955356665334258,
    -0.12700814680457,
    0.029362027959269593,
    0.00043407090791472685,
    -0.017457034357775923,
    0.06688093751843205,
    0.07839109156146674,
    0.022932806593430152,
    -0.013439682734064585,
    -0.0010583742924426248,
    0.005330186480555573,
    -0.0031041160685979508,
    0.030053435584280926,
    -0.009397040194564017,
    -0.002695980119234151,
    0.004331830436086666,
    0.0042260628208949935,
    0.006193009279561366,
    -0.009591407129934084,
    -0.0036598757915336745,
    -0.003238921457397856,
    -0.025718137578694587,
    0.030704037823569206,
    0.060369907849404124,
    0.034792581668440806,
    -0.010700873188224089,
    0.0006052893651157729,
    0.03248386927322006,
    0.009099402687415232,
    0.1556876345498949,
    0.6714717666639368,
    0.9917454752115031,
    0.4884472329945481,
    0.04069081877039314,
    -0.010269221050448201,
    0.03305470942886887,
    0.09463692448714116,
    0.14085599414438948,
    0.0866767984516823,
    0.0673587518339866,
    0.03747579428843051,
    0.024426196388013785,
    0.025995133148645353,
    0.05919392391911048,
    0.06089556087721143,
    0.008233823062739499,
    0.00843021599126747,
    -0.014591345103346984,
    -0.0351386413999523,
    -0.04582698337440374,
    -0.0380279439635584,
    -0.02761208832563313,
    -0.007243417869646823,
    0.026874530758989802,
    0.026735749636946207,
    -0.03709256251302173,
    -0.06380373024670458,
    -0.02945980843740422,
    0.00997830119371234,
    -0.01619411989650249,
    -0.07475322321793221,
    -0.1882856677961729,
    -0.24601088626893555,
    -0.11838374324783804,
    -0.00234993912222275,
    -0.004103564740236956,
    -0.1228678845627834,
    -0.2728222428441082,
    -0.22502686601529998
  ],
  "my": [
    0.0,
    0.011381533457517828,
    0.03902085494969667,
    0.04778154232291862,
    0.12901910024358812,
    0.02992531125408096,
    -0.007738584817602244,
    0.00319246113427489,
    -0.036692929742349445,
    -0.05682544632225128,
    -0.028239131774094563,
    -0.016962331745648884,
    -0.011200766203758157,
    0.0033181722612570345,
    -0.022845543064092266,
    0.021818512940771403,
    0.05736183011480478,
    0.0377685494663684,
    0.007421850599906938,
    0.007307834604547262,
    -0.03876168446542862,
    0.0016041517583776223,
    0.009067106432510599,
    0.024501734811734198,
    0.015723022092884925,
    -0.007199850803900579,
    -0.026042541390706112,
    0.0036820859232529406,
    0.046296436186429,
    0.03115629061831978,
    0.00883705699000275,
    3.095020679099457e-05,
    0.0039115838566493415,
    -0.0068692604125770015,
    -0.015655210516112572,
    -0.009008118518910336,
    0.007868852605258629,
    -0.01585361802159143,
    -0.035740850297379306,
    -0.01646634658984179,
    0.015561400312288526,
    -0.015083248470807869,
    0.0035228739852154736,
    0.01502678326994165,
    0.007471975617157905,
    0.012612336975797526,
    -0.0011126557544253127,
    0.006911482696754627,
    -0.044280572729786,
    -0.06542774787130914,
    -0.021705516686847493,
    0.013558970844484267,
    0.0075619900476917795,
    -0.03450363936874975,
    0.0008445496213689632,
    0.011588113616568682,
    -0.011562816310979395,
    -0.01954887347502502,
    0.017625298773856074,
    0.005008045876408033,
    -0.02322453303658719,
    -0.0051296302773136335,
    5.479192630228146e-05,
    0.008910932690973265,
    0.000472356990912747,
    -0.021659033916254417,
    -0.007689639283851488,
    0.011281133119197474,
    0.013315592501822376,
    -0.0005805584520202546,
    0.00757143069739169,
    0.02561419392642609,
    0.01231848106858385,
    -0.00108376277549661,
    -0.02734251871383561,
    -0.014158896066642303,
    -0.021069177382547637,
    0.013667775133870824,
    0.026412897436160227,
    -0.02850227874605315,
    0.0002646065869405746,
    0.016488806390022533,
    0.0070418337903373086,
    0.005422053520317868,
    -0.00887042051305362,
    -0.026262630103133434,
    0.0015981169895260185,
    -0.017333809797548907,
    -0.0048210897959978394,
    -0.008666064052092352,
    -0.01540883911337697,
    0.0012620349472233763,
    -0.00017723239842992462,
    -0.00010482314081501924,
    0.008911475488954778,
    0.011148880981923539,
    -0.03839410344966927,
    -0.022651792168598663,
    -0.019407306446996654,
    5.878347949319919e-17
  ],