{
  "times": [
    0.0,
    0.10101010101010101,
    0.20202020202020202,
    0.30303030303030304,
    0.40404040404040403,
    0.5050505050505051,
    0.6060606060606061,
    0.7070707070707071,
    0.8080808080808081,
    0.9090909090909091,
    1.0101010101010102,
    1.1111111111111112,
    1.2121212121212122,
    1.3131313131313131,
    1.4141414141414141,
    1.5151515151515151,
    1.6161616161616161,
    1.7171717171717171,
    1.8181818181818181,
    1.9191919191919191,
    2.0202020202020203,
    2.121212121212121,
    2.2222222222222223,
    2.323232323232323,
    2.4242424242424243,
    2.525252525252525,
    2.6262626262626263,
    2.727272727272727,
    2.8282828282828283,
    2.929292929292929,
    3.0303030303030303,
    3.131313131313131,
    3.2323232323232323,
    3.3333333333333335,
    3.4343434343434343,
    3.5353535353535355,
    3.6363636363636362,
    3.7373737373737375,
    3.8383838383838382,
    3.9393939393939394,
    4.040404040404041,
    4.141414141414141,
    4.242424242424242,
    4.343434343434343,
    4.444444444444445,
    4.545454545454545,
    4.646464646464646,
    4.747474747474747,
    4.848484848484849,
    4.94949494949495,
    5.05050505050505,
    5.151515151515151,
    5.252525252525253,
    5.353535353535354,
    5.454545454545454,
    5.555555555555555,
    5.656565656565657,
    5.757575757575758,
    5.858585858585858,
    5.959595959595959,
    6.0606060606060606,
    6.161616161616162,
    6.262626262626262,
    6.363636363636363,
    6.4646464646464645,
    6.565656565656566,
    6.666666666666667,
    6.767676767676767,
    6.8686868686868685,
    6.96969696969697,
    7.070707070707071,
    7.171717171717171,
    7.2727272727272725,
    7.373737373737374,
    7.474747474747475,
    7.575757575757575,
    7.6767676767676765,
    7.777777777777778,
    7.878787878787879,
    7.979797979797979,
    8.080808080808081,
    8.181818181818182,
    8.282828282828282,
    8.383838383838384,
    8.484848484848484,
    8.585858585858587,
    8.686868686868687,
    8.787878787878787,
    8.88888888888889,
    8.98989898989899,
    9.09090909090909,
    9.191919191919192,
    9.292929292929292,
    9.393939393939394,
    9.494949494949495,
    9.595959595959595,
    9.696969696969697,
    9.797979797979798,
    9.8989898989899,
    10.0
  ],
  "mx": [
    -3.662194004839926e-18,
    0.014288953879038493,
    0.027707834296969616,
    0.019391978818931194,
    0.014703908560305743,
    0.01150194076376966,
    0.033867443921023935,
    0.04010315920426269,
    0.010941950669616458,
    -0.0004075523009020419,
    -2.993490128335811e-06,
    0.014750152822177589,
    0.016084894232337475,
    0.0017152258404183492,
    -0.009662862358772707,
    -0.019500465893084892,
    -0.02805174775262306,
    -0.021930988548568182,
    -0.02600731306523038,
    -0.01933006821954014,
    -0.0018340387307021191,
    -0.0010180250435267582,
    0.00553610418214965,
    0.025401022046352282,
    0.0224169482014905,
    -0.0007516462976477164,
    -0.008303912746461254,
    -0.0034796578934437367,
    -0.0017164363739127777,
    -0.006263071644956203,
    -0.0216779796671358,
    -0.023012323342414088,
    -0.002364654160237773,
    -0.0026175379176239136,
    -0.010669179810171799,
    -0.0033088239600138885,
    0.008074603405580978,
    -0.009406533084920168,
    -0.016670447405617957,
    -0.004967687576566387,
    -0.0022839182137631923,
    -0.006213749609562499,
    0.001794840553187346,
    0.007802531418577658,
    0.01695806211118651,
    0.009457025407324305,
    -0.0039503828565083665,
    -0.0027976523135674414,
    0.009418982612295672,
    0.017420975135797764,
    0.01213154264890249,
    0.003124660198100082,
    -0.007435657331163163,
    -0.005759258158745081,
    -0.010307579303355421,
    -0.026761201214532907,
    -0.023625737535763608,
    -0.009493609651858846,
    0.007354523990173866,
    0.024348127491247283,
    0.029087387387208324,
    0.028137066529192987,
    0.018271893406818077,
    -0.01108404700093828,
    -0.03615078572886488,
    -0.030008693551619343,
    0.004385042421429268,
    0.017357098427796192,
    0.014464969228883486,
    0.01281439580113683,
    0.016028029893839495,
    0.01604262917245926,
    -0.009191581550923521,
    -0.02017027799118397,
    -0.018643009492795168,
    -0.02620044031299352,
    -0.030104779252256655,
    -0.010117782962329187,
    0.007399182667140768,
    0.013534527312103795,
    -6.905964541805097e-05,
    -0.014616088613005332,
    -0.006281108327333373,
    -0.005388562470440315,
    -0.020066397204544173,
    -0.013523726961155851,
    0.010625673879223509,
    0.01899342691956232,
    0.017088919416009103,
    0.018049361303605134,
    0.013389806208751616,
    0.013290216658127678,
    0.008568963373416979,
    0.005267238999352727,
    0.002149700389587791,
    0.009115652182943619,
    0.016073462071100417,
    0.017341224135516333,
    0.01194857476997225,
    0.007803910767097872
  ],
  "my": [
    0.0,
    -0.002233431938182881,
    -0.015820524104391314,
    -0.014792915456161225,
    -0.0030561802078726435,
    0.01647932366336862,
    0.02493571639767254,
    0.02264995430560454,
    0.025995798777307653,
    0.01996788793053448,
    0.010898538239834263,
    0.0041471569352725494,
    -0.01770581645438083,
    -0.02044640217466498,
    0.0031074643935533413,
    -0.0013863327689392609,
    -0.010632823708056774,
    -0.0018571222910426502,
    0.00841867863410053,
    0.014536134826217425,
    0.012375342764716685,
    0.0035950085687705214,
    -0.00017837857022985162,
    -0.006462004588168876,
    -0.009918515764371043,
    0.005488208860191825,
    0.019464671712645563,
    0.012758810549429836,
    -0.002638306814316054,
    -0.0020294122522003947,
    0.010799630885032593,
    0.018341238955355856,
    0.020539620617671533,
    0.01987341555243645,
    0.009472880423245712,
    -3.616691126369866e-05,
    0.00010185483743425079,
    0.0034358832797665214,
    -0.007555913292168509,
    -0.0006218023876380505,
    0.008669209601376418,
    0.008685645386871403,
    0.00023409940537199518,
    0.001139161703511128,
    -0.005910882817030848,
    -0.02540835675053502,
    -0.02325356552521824,
    0.000516278092120917,
    -0.003917372714357534,
    -0.008794495376526644,
    -0.001630143815018456,
    0.014175736802705292,
    0.02352504235996665,
    0.012606442794368379,
    0.004191012011136337,
    0.00504310681611133,
    0.005419731145299057,
    -0.009570144730602125,
    -0.03431683787076237,
    -0.013419882033513374,
    0.02739993077131191,
    0.026965659384355748,
    0.00015668103949149798,
    -0.0043272171420925066,
    0.005908171134177866,
    0.015442829367388548,
    0.013661003670984849,
    0.013440287201684822,
    0.009211969278538337,
    -0.004147628533697222,
    0.003506975666109434,
    0.013277629841791549,
    0.006546737392825418,
    -5.1634441616250954e-05,
    -0.0010857282959719512,
    0.008289030252089767,
    0.011127894150645086,
    -0.002292548789505731,
    -0.00915102420361545,
    -0.0028594725963516096,
    -0.001212568068799714,
    0.0027397769578191987,
    0.001554555500794319,
    -0.0006026783492410713,
    0.004675211419827733,
    0.016369588148069467,
    0.010042229866521238,
    -0.006652749988433893,
    -0.00461466916133947,
    0.016323006998656478,
    0.03165786645170035,
    0.020307449645025535,
    0.015406671252497886,
    0.01094231637225952,
    0.010868869333597058,
    0.010453278951619427,
    0.0011701834087412236,
    -0.00400257230619142,
    -0.013065385515618968,
    -0.024081039700821476
  ],