{
  "positive_frequencies": [
    0.0,
    0.07734375,
    0.1546875,
    0.23203125000000002,
    0.309375,
    0.38671875,
    0.46406250000000004,
    0.54140625,
    0.61875,
    0.6960937500000001,
    0.7734375,
    0.85078125,
    0.9281250000000001,
    1.0054687500000001,
    1.0828125,
    1.16015625,
    1.2375,
    1.31484375,
    1.3921875000000001,
    1.46953125,
    1.546875,
    1.62421875,
    1.7015625,
    1.7789062500000001,
    1.8562500000000002,
    1.93359375,
    2.0109375000000003,
    2.08828125,
    2.165625,
    2.24296875,
    2.3203125,
    2.3976562500000003,
    2.475,
    2.55234375,
    2.6296875,
    2.70703125,
    2.7843750000000003,
    2.86171875,
    2.9390625,
    3.01640625,
    3.09375,
    3.1710937500000003,
    3.2484375,
    3.32578125,
    3.403125,
    3.48046875,
    3.5578125000000003,
    3.63515625,
    3.7125000000000004,
    3.78984375,
    3.8671875,
    3.9445312500000003,
    4.0218750000000005,
    4.09921875,
    4.1765625,
    4.25390625,
    4.33125,
    4.4085937500000005,
    4.4859375,
    4.56328125,
    4.640625,
    4.71796875,
    4.7953125000000005,
    4.87265625,
    4.95
  ],
  "mx_fft_pos": [
    0.0011734978458660655,
    0.0007245137871154412,
    0.001620382725117131,
    0.0016925969076818778,
    0.00015156249809467542,
    0.00172105268157418,
    0.0035374377842741856,
    0.0029100586536359085,
    0.0012421950015028614,
    0.0009752856164631383,
    0.0034446188945675177,
    0.004844505366789799,
    0.003692472782312997,
    0.004660941229287978,
    0.00594374845186718,
    0.004618830350935487,
    0.003234443203775462,
    0.0020123100246004152,
    0.0007688173916662094,
    0.0008976426122055235,
    0.0016733956527817018,
    0.0018737740233493204,
    0.001438065624939198,
    0.0018667213266658567,
    0.0015972481212788126,
    0.0005958007684167994,
    0.0009966772805854699,
    0.0009008176413787765,
    0.000987238280862171,
    0.0019624349985611993,
    0.002961263459105063,
    0.0020414188086024824,
    0.0003465708480507895,
    0.0016846143350651177,
    0.0012246833133520334,
    0.0003366668189035398,
    0.000536122203268336,
    0.000579785157314769,
    0.0006697584209130769,
    0.0005426117534677534,
    0.0004655851126250492,
    0.000693739046043898,
    0.0007725301579504563,
    0.0010066289491551382,
    0.0006607621407013163,
    0.0003435334961455648,
    0.00018178915126922175,
    0.00019445983978763455,
    0.00016837001197399638,
    0.00010528329688700805,
    0.00017663085682270049,
    0.00034542671443036174,
    0.00044582295901644955,
    0.00033255344467041195,
    0.00016061279185135627,
    6.909929418568536e-05,
    5.555026289547316e-05,
    9.9496139994205e-05,
    0.00021619983450289534,
    0.00023299884101801914,
    0.00018349170274841074,
    0.00010343186477776346,
    0.0001939827202631454,
    0.00018319189779980393,
    0.00011727737666179947
  ],
  "my_fft_pos": [
    0.0029707445678311983,
    0.0014786766321786926,
    0.0010287828139003425,
    0.002357927436213869,
    0.0026598684309289914,
    0.00159648161809302,
    0.001417301369813015,
    0.002090576737962432,
    0.002197621993002635,
    0.001882974608583781,
    0.0019669317546220978,
    0.0032751254141378996,
    0.0036792945222507327,
    0.002795296249315813,
    0.0020665025483398766,
    0.0018165465742684278,
    0.0008960882620823546,
    0.0009680956757405982,
    0.0022830168832056706,
    0.002349868029558736,
    0.0015023109868358916,
    0.0013766495988550027,
    0.0023743418769339507,
    0.0018716809448401242,
    0.00044468601367396714,
    0.002007320255630929,
    0.0028443864381344493,
    0.0025877430951458304,
    0.0019614593240928004,
    0.0017837923694412382,
    0.002445009813427962,
    0.002647245252707166,
    0.0019604204144772572,
    0.0017931484080587774,
    0.0016197958037259593,
    0.0003983793767448751,
    0.000980121793444473,
    0.001450374299205835,
    0.001347245982710082,
    0.001145361918961962,
    0.000696045525197649,
    0.00024153669568785816,
    0.00015453324305357937,
    0.0002463476185381195,
    9.622897862364043e-05,
    0.00018860261441203265,
    0.00011655693125420622,
    0.00044984544971645867,
    0.0005981433848620723,
    0.0004942001655314836,
    0.00044706013703787724,
    0.00032077528809902384,
    0.0002174132580080704,
    0.00023993546834106565,
    0.00021575152791279806,
    0.000120118565703856,
    6.959942299502991e-05,
    0.00015507501265128,
    0.00016696463048891154,
    9.46591884026337e-05,
    9.656454398406605e-05,
    0.00014660768967888119,
    0.00019655305056620468,
    0.0002908198631299781,
    0.0003309163080619182
  ],
  "mz_fft_pos": [
    0.0011643109643957273,
    0.001281813877190242,
    0.001703395197918236,
    0.0015432983303772854,
    0.0011687807532749653,
    0.0008596104996919142,
    0.0014975432401845112,
    0.0013585173433744418,
    0.0020160359309722257,
    0.004917186004619896,
    0.004359570498684834,
    0.0029322475056454645,
    0.0029280518037725282,
    0.00157106537257718,
    0.0011740232883015588,
    0.0021976325777087573,
    0.0017728065618201286,
    0.002300125723479991,
    0.003153199399689236,
    0.0026448288456456183,
    0.001635801976476279,
    0.002403723247631653,
    0.002938765503392691,
    0.002896689918829853,
    0.0015813782222905523,
    0.00025385764456943203,
    0.00014318691149013774,
    0.0009936210290360367,
    0.0016346572097332968,
    0.0010130889890404874,
    0.00022957696952524058,
    0.00017409345261482404,
    0.00028964797411779194,
    0.0004485485998372924,
    0.0007060041170280329,
    0.0005716090112372887,
    0.00024394605729237032,
    0.0003031760576896807,
    0.00015324809767965788,
    0.00012935750312911574,
    0.00020150627298007152,
    0.0002666087969004103,
    0.00021256919944203083,
    0.0007107841623482245,
    0.0009864769211476992,
    0.000989722374826848,
    0.0007866557109239208,
    0.00037943056418319283,
    0.00015915463965019476,
    0.00018704649350948416,
    0.00021773792065787057,
    0.00021747402209057674,
    0.0001709301018471497,
    7.113102690984108e-05,
    0.0003028949346994223,
    0.000380334623646092,
    0.0003375786819779249,
    0.00025947539992845337,
    0.00023368605848901754,
    0.00023070046783478304,
    0.00019126055263842665,
    0.00013506088591811943,
    7.64717448381322e-05,
    5.007598322981877e-05,
    6.396056606563504e-05
  ]
}