{
  "positive_frequencies": [
    0.0,
    0.07734375,
    0.1546875,
    0.23203125000000002,
    0.309375,
    0.38671875,
    0.46406250000000004,
    0.54140625,
    0.61875,
    0.6960937500000001,
    0.7734375,
    0.85078125,
    0.9281250000000001,
    1.0054687500000001,
    1.0828125,
    1.16015625,
    1.2375,
    1.31484375,
    1.3921875000000001,
    1.46953125,
    1.546875,
    1.62421875,
    1.7015625,
    1.7789062500000001,
    1.8562500000000002,
    1.93359375,
    2.0109375000000003,
    2.08828125,
    2.165625,
    2.24296875,
    2.3203125,
    2.3976562500000003,
    2.475,
    2.55234375,
    2.6296875,
    2.70703125,
    2.7843750000000003,
    2.86171875,
    2.9390625,
    3.01640625,
    3.09375,
    3.1710937500000003,
    3.2484375,
    3.32578125,
    3.403125,
    3.48046875,
    3.5578125000000003,
    3.63515625,
    3.7125000000000004,
    3.78984375,
    3.8671875,
    3.9445312500000003,
    4.0218750000000005,
    4.09921875,
    4.1765625,
    4.25390625,
    4.33125,
    4.4085937500000005,
    4.4859375,
    4.56328125,
    4.640625,
    4.71796875,
    4.7953125000000005,
    4.87265625,
    4.95
  ],
  "mx_fft_pos": [
    0.002617405474606238,
    0.000403866665083604,
    0.0031012471101542734,
    0.003568741767491797,
    0.0021544667967616487,
    0.0026636293181967253,
    0.0033029280878958634,
    0.0028891827079283554,
    0.003440142322230333,
    0.0014357480811003822,
    0.00037835842431549206,
    0.0011070702976663073,
    0.0030834745946032777,
    0.0034357994521182515,
    0.0023748999131049018,
    0.0014046655056920037,
    0.0020860108925345915,
    0.0028970296107410547,
    0.0019805717257083116,
    0.00040969617727528893,
    0.0036523392368520723,
    0.006448755706364064,
    0.0053068162060416375,
    0.0026124826932631172,
    0.0022910172701316217,
    0.0032105776684541467,
    0.0017306396761833129,
    0.0006537526845861237,
    0.00045855495531259825,
    0.0016166815438538955,
    0.002733244915824315,
    0.0029793223507939017,
    0.0021523995042346186,
    0.0014220314380325354,
    0.0021101775904424393,
    0.0021621978102549276,
    0.0011756839577418418,
    0.0008954482385488263,
    0.0012999142257637574,
    0.0039282785150413745,
    0.0038844594238423374,
    0.0027845373519690742,
    0.002440361536375109,
    0.0027246364179747697,
    0.0025493609061816714,
    0.0021396841307541052,
    0.0024070801233213473,
    0.002712903123087104,
    0.0023445962210113186,
    0.0023955902879305062,
    0.0030940983759114686,
    0.0035892991704635628,
    0.0030421535396928413,
    0.001755269371794212,
    0.0015499888547583726,
    0.0010037262046114668,
    0.0005597259834195899,
    0.00024767403700302096,
    0.0004945020289073758,
    0.0002645394197860292,
    0.000547805051673914,
    0.0002869608642409797,
    0.001240794538177524,
    0.0012671439331389512,
    0.00019015657182849615
  ],
  "my_fft_pos": [
    0.00013637593324235115,
    0.000618849441178333,
    0.0017303014491559768,
    0.0022215735130726765,
    0.0013166124453235222,
    0.001832876892655084,
    0.004704970664689473,
    0.004275226428476659,
    0.0033449068858307806,
    0.0015324390778626113,
    0.002513712979204752,
    0.002368766698430477,
    0.0008277773526215091,
    0.0022350039013317564,
    0.005298367574808603,
    0.004654155533769409,
    0.0019557383367837396,
    0.0004285339985083309,
    0.0005329579835942921,
    0.00044787461458479296,
    0.0021745503860014707,
    0.003322417894649908,
    0.0021952215382250386,
    0.0005812559860984436,
    0.0011713231545001023,
    0.0017195039906722754,
    6.745964169327975e-05,
    0.0013098109121132192,
    0.001733781563149604,
    0.0022342473464373783,
    0.00342755341577064,
    0.002777278637100222,
    0.0023969586595742783,
    0.001640501317460785,
    0.001845172391735397,
    0.0005540322067538868,
    0.002620115581741298,
    0.002921299397809086,
    0.0008658302823769145,
    0.003159953090460964,
    0.0028739145873203902,
    0.0017432345296069577,
    0.0007599213902017229,
    0.0004447111082539575,
    0.001719902518823455,
    0.0016236896555784602,
    0.0010509335054110377,
    0.0006910456230645759,
    0.002073796497512834,
    0.0022897603474237274,
    0.001982099895854329,
    0.0013511040446055772,
    0.0012099424841610618,
    0.0017387978739845356,
    0.0021587229174235803,
    0.0015954210228771987,
    0.0018482003598061661,
    0.0021738752669174712,
    0.0017864802816420391,
    0.0019678691411602533,
    0.0019841312217757263,
    0.001394511138374627,
    0.0017453293548244566,
    0.002005904739090062,
    0.0016596876560041704
  ],
  "mz_fft_pos": [
    0.0043322236173425795,
    0.0031068722743664364,
    0.001329626720844657,
    0.0009601748153656357,
    0.0011197285103779246,
    0.0015941034288850786,
    0.0018818787933551464,
    0.002969877696765916,
    0.003664596785010105,
    0.003744277448442299,
    0.0029201559433989065,
    0.0005215533953011286,
    0.0014306391964253736,
    0.0012744894783486339,
    0.0011614306885263652,
    0.00025874948672317897,
    0.0024842649600382103,
    0.0038227874521087855,
    0.0028842055802689253,
    0.0013530346661323883,
    0.0005798237613050103,
    0.0003282142643320568,
    0.0012011095158401559,
    0.0013947575125069678,
    0.0005124075098516226,
    0.0022039486647019734,
    0.0027031273303902946,
    0.0020220373163497125,
    0.0017522026196942911,
    0.0021171186435865815,
    0.0020543040548910347,
    0.0020407282339228528,
    0.0028082085835838292,
    0.0026164053748329525,
    0.0015595364903981132,
    0.00253426306595072,
    0.002994550080479988,
    0.002235593252488351,
    0.0016609033948354155,
    0.0016973533253620832,
    0.001835433237611537,
    0.0016379554906315401,
    0.0013062706149460479,
    0.0012252313603451043,
    0.0013064696802408907,
    0.0014685737318945822,
    0.0017345663183236408,
    0.0017868926405042338,
    0.0014744559481197905,
    0.001950292782396611,
    0.0023162035689931605,
    0.002161211939753907,
    0.002748872781136551,
    0.0020797117203977104,
    0.0012979584757918357,
    0.0018262370792578786,
    0.0021975616215185426,
    0.0014032375704828735,
    0.0008687049321500467,
    0.0009064048199476663,
    0.0008950761171985542,
    0.0011576584874573004,
    0.0015603469877073582,
    0.0016734893816082058,
    0.001662605311691715
  ]
}