{
  "positive_frequencies": [
    0.0,
    0.07734375,
    0.1546875,
    0.23203125000000002,
    0.309375,
    0.38671875,
    0.46406250000000004,
    0.54140625,
    0.61875,
    0.6960937500000001,
    0.7734375,
    0.85078125,
    0.9281250000000001,
    1.0054687500000001,
    1.0828125,
    1.16015625,
    1.2375,
    1.31484375,
    1.3921875000000001,
    1.46953125,
    1.546875,
    1.62421875,
    1.7015625,
    1.7789062500000001,
    1.8562500000000002,
    1.93359375,
    2.0109375000000003,
    2.08828125,
    2.165625,
    2.24296875,
    2.3203125,
    2.3976562500000003,
    2.475,
    2.55234375,
    2.6296875,
    2.70703125,
    2.7843750000000003,
    2.86171875,
    2.9390625,
    3.01640625,
    3.09375,
    3.1710937500000003,
    3.2484375,
    3.32578125,
    3.403125,
    3.48046875,
    3.5578125000000003,
    3.63515625,
    3.7125000000000004,
    3.78984375,
    3.8671875,
    3.9445312500000003,
    4.0218750000000005,
    4.09921875,
    4.1765625,
    4.25390625,
    4.33125,
    4.4085937500000005,
    4.4859375,
    4.56328125,
    4.640625,
    4.71796875,
    4.7953125000000005,
    4.87265625,
    4.95
  ],
  "mx_fft_pos": [
    0.0743136260530348,
    0.08204009191324958,
    0.084570642455678,
    0.06235468431206615,
    0.026751018801331204,
    0.007925806187367476,
    0.03694935673576963,
    0.047781962486418285,
    0.044878871874635316,
    0.048022725252360086,
    0.04856513804834261,
    0.0480813289664746,
    0.05470851140271708,
    0.04425883903810684,
    0.011022445223716586,
    0.04264054913147119,
    0.040064803867053876,
    0.004999781876693335,
    0.024325800453929257,
    0.01754366397333597,
    0.0028103500761984383,
    0.010798337651756178,
    0.02477237841249233,
    0.03951207876764328,
    0.045565373859268954,
    0.034283210201238055,
    0.01749285850112851,
    0.009158849830235077,
    0.009253834063245753,
    0.0064884767169703225,
    0.015980536175825864,
    0.01862071110396428,
    0.011808988862613827,
    0.010897986453482294,
    0.012142904339903332,
    0.00550423101940733,
    0.00098808755924648,
    0.0026401189331258274,
    0.007392485528220813,
    0.009275331308239647,
    0.006032717332956411,
    0.0021126512323925094,
    0.002065770051372921,
    0.003100342574424891,
    0.002258451489682421,
    0.0005836856993921811,
    0.0007892809636828659,
    0.003490103543129698,
    0.0037770905087384033,
    0.0008967422588922542,
    0.0014135356910579967,
    0.0026553183470454872,
    0.0020075002157758704,
    0.0010032778153499112,
    0.0012679720420214918,
    0.0008267418745275178,
    0.0004844864598496889,
    0.0005946759264959995,
    0.00038591618760010714,
    0.0005573058195367922,
    0.00019144054723407367,
    0.0004891655984949809,
    0.000375592153236297,
    0.00019523219964711104,
    0.0004949756040218833
  ],
  "my_fft_pos": [
    0.030030465092591784,
    0.047742802473222906,
    0.05285319391996052,
    0.036394216300749,
    0.026057065270216326,
    0.025350524047868635,
    0.027059555930195472,
    0.031874534386395904,
    0.03654720447487509,
    0.03286525136968747,
    0.030690301855467048,
    0.034911326144701604,
    0.030675377785099614,
    0.03357561866166491,
    0.05061110537625558,
    0.055106297092792744,
    0.029453584817047424,
    0.017602031358148026,
    0.03204359936295981,
    0.03223285057464988,
    0.020631830329006173,
    0.03147396570603634,
    0.034562110283510916,
    0.02679485762014652,
    0.006585967474277674,
    0.016778052353346673,
    0.02246836088097337,
    0.01942713816878719,
    0.019225863753496265,
    0.021810694487903702,
    0.020304959484352132,
    0.01266067892427274,
    0.00843668774052036,
    0.005625478765967402,
    0.0068659509935804445,
    0.0059342287186276025,
    0.012876813314187463,
    0.01057874789339999,
    0.006261491353664293,
    0.008521400373077841,
    0.006266359637067332,
    0.004525920014933918,
    0.003994286381649246,
    0.0071369424926934185,
    0.008538620503329894,
    0.00468969470736945,
    0.00141172417427105,
    0.001303652295555409,
    0.0018474021706421703,
    0.001141832173963132,
    0.0022013206905613053,
    0.0017733348602219832,
    0.00029132184161652103,
    0.0009282751392088649,
    0.0001700096391733529,
    0.00023999107636588315,
    0.0016097515860309002,
    0.0011095759494516267,
    0.0009124036196167291,
    0.0004491476039077035,
    0.00020887075058164994,
    0.0004236781855612982,
    0.0003731185277135907,
    0.00044693443322648134,
    7.868497593200186e-05
  ],
  "mz_fft_pos": [
    0.009445807479782551,
    0.021623525946481842,
    0.035725529286819,
    0.03907445513423313,
    0.025017688987730987,
    0.026708242546292848,
    0.06835201258502005,
    0.049961673055206796,
    0.03181573303606914,
    0.07535346927774465,
    0.06291753757398405,
    0.02773921292782271,
    0.03166027623178736,
    0.0070151316000197925,
    0.02553530260515695,
    0.018278438315195662,
    0.023789675776214044,
    0.03612832282408913,
    0.028465544248979454,
    0.017668277062764182,
    0.01611985485551843,
    0.028184352421296865,
    0.03366002900644257,
    0.03001700244429268,
    0.0269627414247371,
    0.026098344912745538,
    0.018017820638362814,
    0.011997994464220542,
    0.009259039783513877,
    0.005531150313611174,
    0.01274687757316254,
    0.014115086527601219,
    0.011659664668943755,
    0.010817268781441163,
    0.009869861199178785,
    0.00884168200397488,
    0.003444096532775754,
    0.005841916287728444,
    0.005867216172299865,
    0.005499930473413161,
    0.003413309112212609,
    0.00175261655702169,
    0.0041500652713971535,
    0.0020749816010632994,
    0.0005583462255746067,
    0.0014814821426501847,
    0.0015206297001194582,
    0.0007356065265060693,
    0.0004816633514084203,
    0.0003789275141931242,
    0.0007701186393267828,
    0.00040354288642190594,
    0.000890753224693398,
    0.0004562709605835688,
    0.0003415662407188186,
    0.00042409149509500224,
    0.0003286445536446026,
    0.00021187440937736667,
    0.00013323729956471963,
    8.531456397164788e-05,
    2.968777601125429e-05,
    1.78379561264016e-05,
    8.9302738832047e-06,
    7.517972250101921e-07,
    1.4889802241735417e-08
  ]
}