{
  "metadata": {
    "circuit_type": "graphene_fc",
    "qubits": 3,
    "shots": 8192,
    "drive_steps": 5,
    "time_points": 100,
    "max_time": 10.0,
    "drive_param": 0.9,
    "init_state": "superposition",
    "drive_frequency": 0.1,
    "has_subharmonics": true,
    "time_crystal_detected": true,
    "incommensurate_count": 0,
    "linear_combs_detected": false,
    "log_combs_detected": false,
    "created_at": "2025-05-17 22:05:46",
    "sweep_session": null,
    "sweep_index": null,
    "sweep_param1": null,
    "sweep_value1": null,
    "sweep_param2": null,
    "sweep_value2": null
  },
  "positive_frequencies": [
    0.0,
    0.07734375,
    0.1546875,
    0.23203125000000002,
    0.309375,
    0.38671875,
    0.46406250000000004,
    0.54140625,
    0.61875,
    0.6960937500000001,
    0.7734375,
    0.85078125,
    0.9281250000000001,
    1.0054687500000001,
    1.0828125,
    1.16015625,
    1.2375,
    1.31484375,
    1.3921875000000001,
    1.46953125,
    1.546875,
    1.62421875,
    1.7015625,
    1.7789062500000001,
    1.8562500000000002,
    1.93359375,
    2.0109375000000003,
    2.08828125,
    2.165625,
    2.24296875,
    2.3203125,
    2.3976562500000003,
    2.475,
    2.55234375,
    2.6296875,
    2.70703125,
    2.7843750000000003,
    2.86171875,
    2.9390625,
    3.01640625,
    3.09375,
    3.1710937500000003,
    3.2484375,
    3.32578125,
    3.403125,
    3.48046875,
    3.5578125000000003,
    3.63515625,
    3.7125000000000004,
    3.78984375,
    3.8671875,
    3.9445312500000003,
    4.0218750000000005,
    4.09921875,
    4.1765625,
    4.25390625,
    4.33125,
    4.4085937500000005,
    4.4859375,
    4.56328125,
    4.640625,
    4.71796875,
    4.7953125000000005,
    4.87265625,
    4.95
  ],
  "mx_fft_pos": [
    0.07431362605303483,
    0.08204009191324958,
    0.084570642455678,
    0.062354684312066144,
    0.026751018801331208,
    0.00792580618736748,
    0.03694935673576963,
    0.047781962486418285,
    0.044878871874635316,
    0.04802272525236009,
    0.04856513804834262,
    0.048081328966474615,
    0.05470851140271708,
    0.04425883903810681,
    0.011022445223716591,
    0.0426405491314712,
    0.04006480386705388,
    0.004999781876693333,
    0.02432580045392927,
    0.017543663973335982,
    0.002810350076198427,
    0.010798337651756178,
    0.02477237841249234,
    0.039512078767643274,
    0.045565373859268954,
    0.034283210201238055,
    0.01749285850112851,
    0.009158849830235079,
    0.009253834063245753,
    0.00648847671697033,
    0.015980536175825864,
    0.018620711103964273,
    0.011808988862613824,
    0.010897986453482285,
    0.012142904339903332,
    0.005504231019407331,
    0.0009880875592464683,
    0.002640118933125823,
    0.007392485528220807,
    0.009275331308239643,
    0.006032717332956406,
    0.002112651232392499,
    0.002065770051372926,
    0.0031003425744248908,
    0.0022584514896824177,
    0.0005836856993921757,
    0.0007892809636828666,
    0.0034901035431296923,
    0.0037770905087383933,
    0.0008967422588922362,
    0.0014135356910579904,
    0.0026553183470454855,
    0.002007500215775883,
    0.001003277815349929,
    0.0012679720420215028,
    0.0008267418745275237,
    0.00048448645984968417,
    0.0005946759264959936,
    0.00038591618760011305,
    0.000557305819536807,
    0.0001914405472340763,
    0.0004891655984949827,
    0.00037559215323629524,
    0.0001952321996471155,
    0.0004949756040218967
  ],
  "my_fft_pos": [
    0.030030465092591788,
    0.047742802473222906,
    0.05285319391996051,
    0.036394216300749,
    0.026057065270216326,
    0.025350524047868635,
    0.02705955593019546,
    0.0318745343863959,
    0.03654720447487508,
    0.032865251369687466,
    0.03069030185546704,
    0.0349113261447016,
    0.030675377785099607,
    0.0335756186616649,
    0.050611105376255565,
    0.055106297092792716,
    0.029453584817047407,
    0.01760203135814802,
    0.03204359936295981,
    0.03223285057464989,
    0.020631830329006184,
    0.03147396570603633,
    0.0345621102835109,
    0.02679485762014651,
    0.006585967474277666,
    0.016778052353346676,
    0.022468360880973374,
    0.01942713816878719,
    0.019225863753496265,
    0.021810694487903702,
    0.02030495948435212,
    0.01266067892427273,
    0.008436687740520366,
    0.00562547876596739,
    0.00686595099358043,
    0.0059342287186276,
    0.012876813314187472,
    0.010578747893399994,
    0.006261491353664279,
    0.008521400373077831,
    0.006266359637067334,
    0.004525920014933921,
    0.00399428638164925,
    0.007136942492693424,
    0.008538620503329895,
    0.004689694707369448,
    0.0014117241742710581,
    0.001303652295555408,
    0.0018474021706421633,
    0.0011418321739631299,
    0.002201320690561305,
    0.0017733348602219725,
    0.000291321841616528,
    0.000928275139208856,
    0.0001700096391733529,
    0.000239991076365886,
    0.0016097515860308937,
    0.0011095759494516157,
    0.0009124036196167358,
    0.0004491476039077088,
    0.00020887075058165322,
    0.00042367818556129596,
    0.00037311852771358347,
    0.0004469344332264792,
    7.868497593199297e-05
  ],
  "mz_fft_pos": [
    0.009445807479782568,
    0.02162352594648184,
    0.03572552928681899,
    0.03907445513423312,
    0.025017688987730977,
    0.026708242546292848,
    0.06835201258502005,
    0.049961673055206796,
    0.03181573303606916,
    0.07535346927774463,
    0.06291753757398404,
    0.02773921292782271,
    0.03166027623178736,
    0.007015131600019785,
    0.02553530260515696,
    0.018278438315195662,
    0.023789675776214037,
    0.03612832282408912,
    0.028465544248979464,
    0.01766827706276419,
    0.01611985485551843,
    0.028184352421296865,
    0.03366002900644256,
    0.03001700244429268,
    0.02696274142473711,
    0.026098344912745545,
    0.018017820638362818,
    0.011997994464220545,
    0.009259039783513879,
    0.005531150313611174,
    0.012746877573162532,
    0.014115086527601201,
    0.011659664668943748,
    0.01081726878144116,
    0.009869861199178789,
    0.008841682003974888,
    0.003444096532775749,
    0.005841916287728457,
    0.005867216172299876,
    0.005499930473413177,
    0.00341330911221262,
    0.0017526165570216883,
    0.00415006527139715,
    0.0020749816010633016,
    0.0005583462255746053,
    0.0014814821426501746,
    0.0015206297001194454,
    0.0007356065265060612,
    0.0004816633514084178,
    0.0003789275141931256,
    0.0007701186393267942,
    0.0004035428864219003,
    0.0008907532246934087,
    0.000456270960583571,
    0.0003415662407188231,
    0.000424091495095024,
    0.00032864455364461996,
    0.00021187440937738732,
    0.00013323729956471545,
    8.531456397163776e-05,
    2.9687776011236185e-05,
    1.783795612640259e-05,
    8.930273883207657e-06,
    7.51797225009975e-07,
    1.488980223229852e-08
  ],
  "peaks": {
    "mx": {
      "frequencies": [
        0.1546875,
        0.9281250000000001
      ],
      "amplitudes": [
        0.084570642455678,
        0.05470851140271708
      ],
      "is_harmonic": [],
      "is_incommensurate": [],
      "is_comb_tooth": []
    },
    "my": {
      "frequencies": [
        0.1546875,
        1.16015625
      ],
      "amplitudes": [
        0.05285319391996051,
        0.055106297092792716
      ],
      "is_harmonic": [],
      "is_incommensurate": [],
      "is_comb_tooth": []
    },
    "mz": {
      "frequencies": [
        0.46406250000000004,
        0.6960937500000001
      ],
      "amplitudes": [
        0.06835201258502005,
        0.07535346927774463
      ],
      "is_harmonic": [],
      "is_incommensurate": [],
      "is_comb_tooth": []
    }
  }
}