{
  "times": [
    0.0,
    0.10101010101010101,
    0.20202020202020202,
    0.30303030303030304,
    0.40404040404040403,
    0.5050505050505051,
    0.6060606060606061,
    0.7070707070707071,
    0.8080808080808081,
    0.9090909090909091,
    1.0101010101010102,
    1.1111111111111112,
    1.2121212121212122,
    1.3131313131313131,
    1.4141414141414141,
    1.5151515151515151,
    1.6161616161616161,
    1.7171717171717171,
    1.8181818181818181,
    1.9191919191919191,
    2.0202020202020203,
    2.121212121212121,
    2.2222222222222223,
    2.323232323232323,
    2.4242424242424243,
    2.525252525252525,
    2.6262626262626263,
    2.727272727272727,
    2.8282828282828283,
    2.929292929292929,
    3.0303030303030303,
    3.131313131313131,
    3.2323232323232323,
    3.3333333333333335,
    3.4343434343434343,
    3.5353535353535355,
    3.6363636363636362,
    3.7373737373737375,
    3.8383838383838382,
    3.9393939393939394,
    4.040404040404041,
    4.141414141414141,
    4.242424242424242,
    4.343434343434343,
    4.444444444444445,
    4.545454545454545,
    4.646464646464646,
    4.747474747474747,
    4.848484848484849,
    4.94949494949495,
    5.05050505050505,
    5.151515151515151,
    5.252525252525253,
    5.353535353535354,
    5.454545454545454,
    5.555555555555555,
    5.656565656565657,
    5.757575757575758,
    5.858585858585858,
    5.959595959595959,
    6.0606060606060606,
    6.161616161616162,
    6.262626262626262,
    6.363636363636363,
    6.4646464646464645,
    6.565656565656566,
    6.666666666666667,
    6.767676767676767,
    6.8686868686868685,
    6.96969696969697,
    7.070707070707071,
    7.171717171717171,
    7.2727272727272725,
    7.373737373737374,
    7.474747474747475,
    7.575757575757575,
    7.6767676767676765,
    7.777777777777778,
    7.878787878787879,
    7.979797979797979,
    8.080808080808081,
    8.181818181818182,
    8.282828282828282,
    8.383838383838384,
    8.484848484848484,
    8.585858585858587,
    8.686868686868687,
    8.787878787878787,
    8.88888888888889,
    8.98989898989899,
    9.09090909090909,
    9.191919191919192,
    9.292929292929292,
    9.393939393939394,
    9.494949494949495,
    9.595959595959595,
    9.696969696969697,
    9.797979797979798,
    9.8989898989899,
    10.0
  ],
  "mx": [
    1.0,
    0.33895713699108815,
    0.05175108415542487,
    0.25212221823359865,
    0.09338448313282421,
    -0.08013729251785799,
    -0.006492903467885992,
    0.012552232011059157,
    -0.04814900031086597,
    -0.020317204338092237,
    0.013043650085335723,
    -0.023009147064168067,
    -0.04499848006561643,
    0.1328634234267763,
    0.037412791416277486,
    0.024578037874565768,
    0.6075066019878004,
    0.6224251410292186,
    0.12404665127630514,
    -0.047543572002163734,
    -0.13140002971315268,
    -0.10156534795060534,
    -0.043224342878082904,
    -0.004397919378233462,
    0.013586501314750817,
    0.048689934951031674,
    0.017837942515954615,
    -0.016318194843716476,
    -0.08920256267365938,
    0.018503703129335088,
    0.06527055138243971,
    -0.0474160855326,
    0.3534434508477975,
    0.9999999999999998,
    0.40329474911087826,
    0.010814176694540933,
    -0.03340000840092299,
    -0.013373002608365412,
    0.0029963670482474713,
    0.005522313772418862,
    -0.005571188470030535,
    -0.029117678441459953,
    -0.013697574951649697,
    -0.00819742090623306,
    0.04508955638898874,
    0.059986513889603806,
    -0.08236044064595362,
    -0.02787106143918843,
    0.09175983935414052,
    0.6156547132182421,
    0.6136707263882002,
    0.056196780619201823,
    -0.004038209495343321,
    -0.025671979826804626,
    0.04081023794454235,
    0.07298855416184179,
    -0.015363159442902365,
    0.011045935999510774,
    0.06998434156833337,
    0.038487990715902844,
    0.004980617353551542,
    0.1191807492681407,
    0.046240201506444145,
    -0.029295037165457522,
    0.010657014660039873,
    0.40496216454880446,
    0.9999999999999998,
    0.3542884164236388,
    -0.005109121942901442,
    -0.004472092356276584,
    0.05338390583470677,
    0.15624538725076992,
    0.018449885411492662,
    -0.059396732407970325,
    -0.09881701858679907,
    -0.021209230829398826,
    -0.02603041309392837,
    0.13862795786523818,
    0.08906733485692696,
    -0.0186517381242773,
    -0.012314373609036824,
    0.0791673580692901,
    0.6171678720281032,
    0.610074519490627,
    0.00834774342138072,
    0.030940398782766436,
    0.08627044492248473,
    0.08983978317633673,
    0.05146015853359542,
    -0.03179901368922633,
    0.011263632393949964,
    0.06773418223288447,
    0.022607074983001005,
    0.018266089161092805,
    0.1003443964641526,
    0.023415467089753117,
    -0.02389294963022596,
    0.024576692897960512,
    0.4030700141808144,
    0.9999999999999998
  ],
  "my": [
    0.0,
    0.0018327218623238734,
    0.012277384535429021,
    -0.013069287326013979,
    -0.00806798142260815,
    0.0031382468371551194,
    0.0022044844739875454,
    0.02547123587661181,
    0.010276848928505573,
    0.010220855977287828,
    -0.020288207386704345,
    -0.03271986413710508,
    0.007338345534856248,
    -0.020320486713283993,
    -0.0012894189146307991,
    -0.015070535046856577,
    -0.0042844541292114844,
    -0.002880226432868035,
    -0.011436894397328309,
    -0.004427343654872883,
    -0.0037768834392618053,
    -0.0028705159589196886,
    -0.00757123654260557,
    -0.0047475862916142135,
    0.0006079756545680211,
    0.0003101956727132142,
    0.01062861088099763,
    -0.0009954463785517018,
    0.01271791006440781,
    0.005627171254191144,
    0.012195914088593746,
    0.03344470042589431,
    -0.005021284787025886,
    8.041272140828501e-18,
    -0.01138161273246926,
    -0.010948479280465766,
    -0.02308315316489503,
    -0.009138937679112296,
    -0.0017442046472203173,
    0.011329651677736391,
    -0.029805907556369644,
    0.0016275829286833733,
    0.007990088572400387,
    0.0005259454785296359,
    -0.003393639108502581,
    0.017699148160168456,
    0.00870362032243145,
    -0.006710411952086343,
    -0.008643845955734508,
    -0.0052910594032884355,
    -0.0031026406348167706,
    -0.004261921276561054,
    -0.04288284286786702,
    -0.015519313525396435,
    -0.016717859238724528,
    -0.015756776304708498,
    0.012497378149967294,
    0.011246780060481774,
    -0.011337604670648992,
    -0.02541606668303369,
    -0.018084824391632354,
    -0.008713387922601321,
    0.008716649870184162,
    0.01795611884701071,
    -0.010358334931567407,
    -0.018451061638921788,
    -1.0903419851970898e-18,
    -0.004764489097360175,
    0.022750521329702303,
    0.011842122840882997,
    0.022377585309754516,
    -0.009065891910161791,
    -0.01051428046873089,
    0.01773803320856587,
    0.005220388450807776,
    -0.00717238411780283,
    -0.003821062232855127,
    0.006671939215276376,
    -0.004912834693305274,
    -0.002963166722692529,
    0.015992856981896515,
    0.0016424878651936502,
    0.0020350134472188666,
    0.0015180383269818446,
    0.0007772287754989881,
    -0.0006492667326363101,
    0.007213879938394739,
    0.002056942872111894,
    -0.006589092973107157,
    -0.012829765169816938,
    -0.009081672727083854,
    0.01122095397903624,
    -0.008057022552911927,
    0.004315554746942667,
    0.0019565287611008155,
    -0.007092410659692106,
    0.008048316332958962,
    0.019801961525083667,
    0.0019128029598342064,
    -3.4073187037408395e-18
  ],