{
  "positive_frequencies": [
    0.0,
    0.07734375,
    0.1546875,
    0.23203125000000002,
    0.309375,
    0.38671875,
    0.46406250000000004,
    0.54140625,
    0.61875,
    0.6960937500000001,
    0.7734375,
    0.85078125,
    0.9281250000000001,
    1.0054687500000001,
    1.0828125,
    1.16015625,
    1.2375,
    1.31484375,
    1.3921875000000001,
    1.46953125,
    1.546875,
    1.62421875,
    1.7015625,
    1.7789062500000001,
    1.8562500000000002,
    1.93359375,
    2.0109375000000003,
    2.08828125,
    2.165625,
    2.24296875,
    2.3203125,
    2.3976562500000003,
    2.475,
    2.55234375,
    2.6296875,
    2.70703125,
    2.7843750000000003,
    2.86171875,
    2.9390625,
    3.01640625,
    3.09375,
    3.1710937500000003,
    3.2484375,
    3.32578125,
    3.403125,
    3.48046875,
    3.5578125000000003,
    3.63515625,
    3.7125000000000004,
    3.78984375,
    3.8671875,
    3.9445312500000003,
    4.0218750000000005,
    4.09921875,
    4.1765625,
    4.25390625,
    4.33125,
    4.4085937500000005,
    4.4859375,
    4.56328125,
    4.640625,
    4.71796875,
    4.7953125000000005,
    4.87265625,
    4.95
  ],
  "mx_fft_pos": [
    0.002617405474606237,
    0.00040386666508360306,
    0.003101247110154272,
    0.003568741767491796,
    0.002154466796761648,
    0.0026636293181967253,
    0.0033029280878958617,
    0.0028891827079283545,
    0.0034401423222303346,
    0.0014357480811003846,
    0.00037835842431549146,
    0.0011070702976663095,
    0.0030834745946032795,
    0.0034357994521182532,
    0.0023748999131049035,
    0.0014046655056920046,
    0.0020860108925345906,
    0.0028970296107410556,
    0.001980571725708312,
    0.0004096961772752886,
    0.00365233923685207,
    0.006448755706364064,
    0.0053068162060416375,
    0.002612482693263117,
    0.0022910172701316213,
    0.0032105776684541454,
    0.001730639676183313,
    0.0006537526845861257,
    0.0004585549553125991,
    0.0016166815438538955,
    0.002733244915824315,
    0.0029793223507939017,
    0.002152399504234618,
    0.0014220314380325337,
    0.0021101775904424384,
    0.0021621978102549276,
    0.0011756839577418408,
    0.0008954482385488262,
    0.001299914225763758,
    0.0039282785150413745,
    0.0038844594238423365,
    0.002784537351969073,
    0.0024403615363751087,
    0.0027246364179747706,
    0.002549360906181672,
    0.0021396841307541057,
    0.002407080123321347,
    0.002712903123087103,
    0.0023445962210113186,
    0.002395590287930508,
    0.0030940983759114708,
    0.0035892991704635645,
    0.0030421535396928418,
    0.0017552693717942129,
    0.001549988854758373,
    0.0010037262046114664,
    0.0005597259834195894,
    0.0002476740370030204,
    0.0004945020289073765,
    0.0002645394197860304,
    0.0005478050516739135,
    0.00028696086424097864,
    0.0012407945381775255,
    0.0012671439331389531,
    0.0001901565718285002
  ],
  "my_fft_pos": [
    0.00013637593324235088,
    0.0006188494411783326,
    0.0017303014491559766,
    0.0022215735130726765,
    0.0013166124453235226,
    0.0018328768926550846,
    0.004704970664689474,
    0.0042752264284766596,
    0.00334490688583078,
    0.0015324390778626113,
    0.0025137129792047507,
    0.002368766698430477,
    0.0008277773526215091,
    0.002235003901331756,
    0.005298367574808601,
    0.004654155533769409,
    0.00195573833678374,
    0.0004285339985083311,
    0.000532957983594291,
    0.0004478746145847936,
    0.00217455038600147,
    0.003322417894649906,
    0.0021952215382250373,
    0.0005812559860984433,
    0.0011713231545001015,
    0.0017195039906722747,
    6.745964169327963e-05,
    0.0013098109121132207,
    0.0017337815631496042,
    0.002234247346437377,
    0.00342755341577064,
    0.002777278637100222,
    0.0023969586595742796,
    0.001640501317460785,
    0.001845172391735397,
    0.0005540322067538873,
    0.0026201155817412998,
    0.0029212993978090874,
    0.0008658302823769139,
    0.0031599530904609634,
    0.00287391458732039,
    0.001743234529606957,
    0.0007599213902017237,
    0.0004447111082539564,
    0.0017199025188234557,
    0.00162368965557846,
    0.0010509335054110361,
    0.0006910456230645777,
    0.002073796497512834,
    0.002289760347423726,
    0.0019820998958543275,
    0.0013511040446055756,
    0.0012099424841610605,
    0.001738797873984535,
    0.002158722917423579,
    0.0015954210228771985,
    0.0018482003598061642,
    0.002173875266917469,
    0.001786480281642039,
    0.0019678691411602533,
    0.0019841312217757263,
    0.0013945111383746264,
    0.0017453293548244564,
    0.002005904739090062,
    0.0016596876560041717
  ],
  "mz_fft_pos": [
    0.004332223617342581,
    0.0031068722743664377,
    0.0013296267208446596,
    0.0009601748153656389,
    0.0011197285103779272,
    0.00159410342888508,
    0.001881878793355147,
    0.002969877696765916,
    0.0036645967850101034,
    0.003744277448442301,
    0.002920155943398908,
    0.0005215533953011305,
    0.0014306391964253736,
    0.0012744894783486365,
    0.001161430688526365,
    0.0002587494867231746,
    0.0024842649600382103,
    0.003822787452108787,
    0.0028842055802689257,
    0.001353034666132389,
    0.0005798237613050113,
    0.000328214264332059,
    0.0012011095158401585,
    0.001394757512506969,
    0.0005124075098516243,
    0.002203948664701977,
    0.002703127330390298,
    0.002022037316349714,
    0.0017522026196942911,
    0.002117118643586581,
    0.0020543040548910356,
    0.0020407282339228536,
    0.002808208583583831,
    0.002616405374832954,
    0.0015595364903981154,
    0.002534263065950722,
    0.0029945500804799906,
    0.002235593252488352,
    0.001660903394835417,
    0.0016973533253620845,
    0.0018354332376115364,
    0.0016379554906315395,
    0.0013062706149460474,
    0.0012252313603451038,
    0.001306469680240889,
    0.0014685737318945798,
    0.0017345663183236382,
    0.0017868926405042315,
    0.0014744559481197894,
    0.0019502927823966103,
    0.0023162035689931596,
    0.0021612119397539046,
    0.0027488727811365503,
    0.00207971172039771,
    0.0012979584757918353,
    0.0018262370792578773,
    0.0021975616215185413,
    0.001403237570482873,
    0.000868704932150046,
    0.0009064048199476664,
    0.000895076117198556,
    0.0011576584874573048,
    0.0015603469877073614,
    0.0016734893816082068,
    0.0016626053116917138
  ]
}