{
  "times": [
    0.0,
    0.10101010101010101,
    0.20202020202020202,
    0.30303030303030304,
    0.40404040404040403,
    0.5050505050505051,
    0.6060606060606061,
    0.7070707070707071,
    0.8080808080808081,
    0.9090909090909091,
    1.0101010101010102,
    1.1111111111111112,
    1.2121212121212122,
    1.3131313131313131,
    1.4141414141414141,
    1.5151515151515151,
    1.6161616161616161,
    1.7171717171717171,
    1.8181818181818181,
    1.9191919191919191,
    2.0202020202020203,
    2.121212121212121,
    2.2222222222222223,
    2.323232323232323,
    2.4242424242424243,
    2.525252525252525,
    2.6262626262626263,
    2.727272727272727,
    2.8282828282828283,
    2.929292929292929,
    3.0303030303030303,
    3.131313131313131,
    3.2323232323232323,
    3.3333333333333335,
    3.4343434343434343,
    3.5353535353535355,
    3.6363636363636362,
    3.7373737373737375,
    3.8383838383838382,
    3.9393939393939394,
    4.040404040404041,
    4.141414141414141,
    4.242424242424242,
    4.343434343434343,
    4.444444444444445,
    4.545454545454545,
    4.646464646464646,
    4.747474747474747,
    4.848484848484849,
    4.94949494949495,
    5.05050505050505,
    5.151515151515151,
    5.252525252525253,
    5.353535353535354,
    5.454545454545454,
    5.555555555555555,
    5.656565656565657,
    5.757575757575758,
    5.858585858585858,
    5.959595959595959,
    6.0606060606060606,
    6.161616161616162,
    6.262626262626262,
    6.363636363636363,
    6.4646464646464645,
    6.565656565656566,
    6.666666666666667,
    6.767676767676767,
    6.8686868686868685,
    6.96969696969697,
    7.070707070707071,
    7.171717171717171,
    7.2727272727272725,
    7.373737373737374,
    7.474747474747475,
    7.575757575757575,
    7.6767676767676765,
    7.777777777777778,
    7.878787878787879,
    7.979797979797979,
    8.080808080808081,
    8.181818181818182,
    8.282828282828282,
    8.383838383838384,
    8.484848484848484,
    8.585858585858587,
    8.686868686868687,
    8.787878787878787,
    8.88888888888889,
    8.98989898989899,
    9.09090909090909,
    9.191919191919192,
    9.292929292929292,
    9.393939393939394,
    9.494949494949495,
    9.595959595959595,
    9.696969696969697,
    9.797979797979798,
    9.8989898989899,
    10.0
  ],
  "mx": [
    1.0,
    0.9463647994502294,
    0.8062205802410531,
    0.6282745903423428,
    0.46032270170813666,
    0.3270125032276906,
    0.23130635153251267,
    0.16484237870918364,
    0.11316045655351656,
    0.06500703227754978,
    0.021222245935187643,
    -0.012471525886767072,
    -0.03481517413573171,
    -0.04326922325756428,
    -0.0342230067113859,
    -0.013445114746516306,
    0.008324711887003816,
    0.024406057105000288,
    0.03072609514955861,
    0.027534497016813115,
    0.01788621280826263,
    0.003422339785167483,
    -0.00990775864217542,
    -0.014584584986317525,
    -0.013083171427631515,
    -0.010656914366278091,
    -0.004109155175749068,
    0.008026185218487941,
    0.01793107079210496,
    0.016020104665515934,
    0.00047137123665072717,
    -0.0160345837533288,
    -0.01935106397041443,
    -0.011440263582544977,
    -0.0015079324012259258,
    0.007374702166961884,
    0.013788818830805141,
    0.01416571369831683,
    0.00992316784831094,
    0.009905178100225967,
    0.021594220037398477,
    0.043850100493724065,
    0.06986797617577553,
    0.09305276392382911,
    0.10796026777265032,
    0.1106790852104564,
    0.10400396129431833,
    0.09883894807694947,
    0.10303213622679804,
    0.11346247336123579,
    0.12341245226950455,
    0.12934466748461687,
    0.1287681658490622,
    0.11465042921324298,
    0.0808148249497038,
    0.04210856982991955,
    0.025769304188571776,
    0.036664292886756274,
    0.05430717712035353,
    0.056168475394760844,
    0.038171105719074644,
    0.015560217266332157,
    0.003126046071674788,
    0.0055895523218483165,
    0.01910139663871403,
    0.03162555237373808,
    0.03328320214354197,
    0.02450395287666189,
    0.007805090038881449,
    -0.018314734414201637,
    -0.04756589590746531,
    -0.0641394975839438,
    -0.06041583936548795,
    -0.04030047556842086,
    -0.014364488409773644,
    0.004976704718360562,
    0.015337720943386101,
    0.022864052977771665,
    0.03072656375635416,
    0.03714098964000539,
    0.03843994452809199,
    0.025090109382733476,
    -0.0038983789881692488,
    -0.029671095933053532,
    -0.03806634816677632,
    -0.030592363707963074,
    -0.011712063587661938,
    0.014309300538946416,
    0.03410992880959941,
    0.03633398124718619,
    0.03150929229665474,
    0.03253251503993691,
    0.03832245095501775,
    0.04683904263848145,
    0.056036888955338246,
    0.05381673807563669,
    0.03307058590455211,
    0.006578989043184276,
    -0.011070509303091367,
    -0.0171798949765492
  ],
  "my": [
    0.0,
    0.0032103519870411816,
    0.007140238225868805,
    0.012565928981632018,
    0.01332685526635919,
    0.0033576038908925167,
    -0.014309007151538433,
    -0.028627818758434155,
    -0.028075760222742628,
    -0.015254345469618114,
    -0.004623712932454482,
    -0.0054183267673248775,
    -0.017060080255063337,
    -0.029631594825368895,
    -0.03134247579875493,
    -0.022264629622768296,
    -0.01076442564934903,
    -0.0004972696679335746,
    0.008668250345048385,
    0.015363939393097773,
    0.017414374005705408,
    0.012801043812685646,
    0.007124590574391165,
    0.0019655737316980806,
    -0.010358598837262234,
    -0.027094636263596008,
    -0.03838853647898289,
    -0.040903498701479864,
    -0.03547614391038935,
    -0.022459534749093665,
    -0.004339635700318422,
    0.014774156385305923,
    0.03392417254274378,
    0.0517993552963445,
    0.06185735382303267,
    0.057203928896275166,
    0.03917788003157253,
    0.017994245698442376,
    0.0024605448656772246,
    -0.007059891328545601,
    -0.012240147178998205,
    -0.010167506041991424,
    -0.00032830378176322604,
    0.0070629288840906405,
    0.0018874941189057273,
    -0.007589333934133491,
    -0.0031864642576121295,
    0.013974063783746323,
    0.023464451867022885,
    0.015741361511670403,
    -0.001628144562694648,
    -0.02112473753881097,
    -0.03534123925293221,
    -0.03415838909499827,
    -0.01811929998065947,
    0.002051292878885516,
    0.01840011710466699,
    0.026298637833476878,
    0.023438146140994945,
    0.01527865365568409,
    0.012974072751098298,
    0.018503432274364406,
    0.02145997375330035,
    0.014350800012474203,
    0.003390452226713414,
    0.000590467909646359,
    0.002565218103656817,
    -0.002717013077861593,
    -0.008340346692126611,
    -0.003727899020664713,
    0.005371822559258166,
    0.013236482873596377,
    0.020329428473432505,
    0.02708458310562169,
    0.03669777368132429,
    0.04787468623251599,
    0.05069498786871285,
    0.04163746360800573,
    0.028784740560435465,
    0.013510580600436941,
    -0.00925083021018097,
    -0.028164179657321646,
    -0.03113975264929087,
    -0.03438748494577254,
    -0.05496337514167153,
    -0.08105256909340233,
    -0.09222152242243499,
    -0.08370801429066421,
    -0.06373250728188148,
    -0.03669605690140848,
    -0.014720158488443685,
    -0.011105568993426088,
    -0.017133888237730724,
    -0.020365394814367256,
    -0.02400543453103104,
    -0.030524286513381724,
    -0.028860258339798862,
    -0.01361987701836058,
    0.004005509571077592,
    0.015429340104609907
  ],