{
  "positive_frequencies": [
    0.0,
    0.07734375,
    0.1546875,
    0.23203125000000002,
    0.309375,
    0.38671875,
    0.46406250000000004,
    0.54140625,
    0.61875,
    0.6960937500000001,
    0.7734375,
    0.85078125,
    0.9281250000000001,
    1.0054687500000001,
    1.0828125,
    1.16015625,
    1.2375,
    1.31484375,
    1.3921875000000001,
    1.46953125,
    1.546875,
    1.62421875,
    1.7015625,
    1.7789062500000001,
    1.8562500000000002,
    1.93359375,
    2.0109375000000003,
    2.08828125,
    2.165625,
    2.24296875,
    2.3203125,
    2.3976562500000003,
    2.475,
    2.55234375,
    2.6296875,
    2.70703125,
    2.7843750000000003,
    2.86171875,
    2.9390625,
    3.01640625,
    3.09375,
    3.1710937500000003,
    3.2484375,
    3.32578125,
    3.403125,
    3.48046875,
    3.5578125000000003,
    3.63515625,
    3.7125000000000004,
    3.78984375,
    3.8671875,
    3.9445312500000003,
    4.0218750000000005,
    4.09921875,
    4.1765625,
    4.25390625,
    4.33125,
    4.4085937500000005,
    4.4859375,
    4.56328125,
    4.640625,
    4.71796875,
    4.7953125000000005,
    4.87265625,
    4.95
  ],
  "mx_fft_pos": [
    0.07431362605303482,
    0.08204009191324958,
    0.084570642455678,
    0.06235468431206612,
    0.026751018801331197,
    0.007925806187367483,
    0.03694935673576963,
    0.04778196248641829,
    0.044878871874635316,
    0.04802272525236011,
    0.04856513804834262,
    0.04808132896647461,
    0.054708511402717076,
    0.04425883903810682,
    0.011022445223716594,
    0.04264054913147119,
    0.04006480386705388,
    0.004999781876693334,
    0.02432580045392926,
    0.017543663973335975,
    0.002810350076198437,
    0.010798337651756185,
    0.024772378412492354,
    0.039512078767643295,
    0.04556537385926896,
    0.034283210201238055,
    0.017492858501128514,
    0.009158849830235087,
    0.009253834063245757,
    0.006488476716970337,
    0.015980536175825864,
    0.01862071110396427,
    0.011808988862613824,
    0.01089798645348228,
    0.012142904339903327,
    0.005504231019407324,
    0.0009880875592464672,
    0.0026401189331258256,
    0.007392485528220817,
    0.009275331308239652,
    0.006032717332956409,
    0.002112651232392506,
    0.0020657700513729287,
    0.0031003425744248964,
    0.0022584514896824208,
    0.0005836856993921774,
    0.000789280963682869,
    0.0034901035431297084,
    0.0037770905087384054,
    0.0008967422588922464,
    0.001413535691057989,
    0.002655318347045483,
    0.0020075002157758782,
    0.0010032778153499153,
    0.0012679720420215026,
    0.000826741874527535,
    0.00048448645984969766,
    0.0005946759264960006,
    0.00038591618760011506,
    0.0005573058195368041,
    0.0001914405472340782,
    0.0004891655984949735,
    0.00037559215323628895,
    0.00019523219964711204,
    0.0004949756040218967
  ],
  "my_fft_pos": [
    0.03003046509259179,
    0.047742802473222906,
    0.05285319391996052,
    0.036394216300748995,
    0.026057065270216326,
    0.025350524047868642,
    0.02705955593019548,
    0.031874534386395904,
    0.036547204474875084,
    0.03286525136968747,
    0.030690301855467034,
    0.0349113261447016,
    0.03067537778509961,
    0.03357561866166491,
    0.05061110537625558,
    0.05510629709279273,
    0.029453584817047424,
    0.01760203135814802,
    0.03204359936295981,
    0.032232850574649884,
    0.020631830329006177,
    0.03147396570603633,
    0.034562110283510916,
    0.026794857620146516,
    0.006585967474277672,
    0.01677805235334668,
    0.022468360880973384,
    0.019427138168787193,
    0.019225863753496265,
    0.021810694487903706,
    0.020304959484352136,
    0.012660678924272743,
    0.008436687740520357,
    0.0056254787659674,
    0.006865950993580437,
    0.005934228718627591,
    0.012876813314187465,
    0.010578747893399989,
    0.006261491353664297,
    0.008521400373077847,
    0.00626635963706733,
    0.004525920014933911,
    0.003994286381649245,
    0.007136942492693424,
    0.008538620503329897,
    0.004689694707369454,
    0.0014117241742710553,
    0.0013036522955554109,
    0.0018474021706421683,
    0.0011418321739631284,
    0.0022013206905613122,
    0.0017733348602219832,
    0.0002913218416165267,
    0.0009282751392088615,
    0.00017000963917335323,
    0.0002399910763658897,
    0.0016097515860309026,
    0.0011095759494516206,
    0.0009124036196167251,
    0.0004491476039077053,
    0.00020887075058165116,
    0.00042367818556129705,
    0.00037311852771358846,
    0.0004469344332264705,
    7.868497593198631e-05
  ],
  "mz_fft_pos": [
    0.009445807479782579,
    0.02162352594648185,
    0.035725529286819,
    0.03907445513423313,
    0.025017688987730987,
    0.02670824254629284,
    0.06835201258502002,
    0.04996167305520677,
    0.03181573303606914,
    0.07535346927774463,
    0.06291753757398405,
    0.027739212927822717,
    0.03166027623178736,
    0.007015131600019781,
    0.02553530260515697,
    0.01827843831519568,
    0.02378967577621403,
    0.036128322824089114,
    0.028465544248979447,
    0.01766827706276418,
    0.016119854855518426,
    0.028184352421296858,
    0.03366002900644256,
    0.03001700244429268,
    0.02696274142473711,
    0.026098344912745538,
    0.01801782063836282,
    0.011997994464220542,
    0.00925903978351387,
    0.005531150313611175,
    0.012746877573162542,
    0.014115086527601217,
    0.011659664668943748,
    0.010817268781441156,
    0.009869861199178771,
    0.008841682003974883,
    0.0034440965327757578,
    0.0058419162877284495,
    0.005867216172299866,
    0.005499930473413163,
    0.003413309112212602,
    0.0017526165570216712,
    0.004150065271397164,
    0.0020749816010633085,
    0.0005583462255746056,
    0.001481482142650182,
    0.001520629700119445,
    0.0007356065265060569,
    0.0004816633514084128,
    0.0003789275141931199,
    0.0007701186393267845,
    0.0004035428864218931,
    0.0008907532246933919,
    0.0004562709605835693,
    0.0003415662407188165,
    0.00042409149509500186,
    0.0003286445536446049,
    0.00021187440937738878,
    0.00013323729956473941,
    8.531456397165183e-05,
    2.9687776011249446e-05,
    1.7837956126408867e-05,
    8.930273883213147e-06,
    7.517972250139546e-07,
    1.4889802223416736e-08
  ]
}