{
  "positive_frequencies": [
    0.0,
    0.07734375,
    0.1546875,
    0.23203125000000002,
    0.309375,
    0.38671875,
    0.46406250000000004,
    0.54140625,
    0.61875,
    0.6960937500000001,
    0.7734375,
    0.85078125,
    0.9281250000000001,
    1.0054687500000001,
    1.0828125,
    1.16015625,
    1.2375,
    1.31484375,
    1.3921875000000001,
    1.46953125,
    1.546875,
    1.62421875,
    1.7015625,
    1.7789062500000001,
    1.8562500000000002,
    1.93359375,
    2.0109375000000003,
    2.08828125,
    2.165625,
    2.24296875,
    2.3203125,
    2.3976562500000003,
    2.475,
    2.55234375,
    2.6296875,
    2.70703125,
    2.7843750000000003,
    2.86171875,
    2.9390625,
    3.01640625,
    3.09375,
    3.1710937500000003,
    3.2484375,
    3.32578125,
    3.403125,
    3.48046875,
    3.5578125000000003,
    3.63515625,
    3.7125000000000004,
    3.78984375,
    3.8671875,
    3.9445312500000003,
    4.0218750000000005,
    4.09921875,
    4.1765625,
    4.25390625,
    4.33125,
    4.4085937500000005,
    4.4859375,
    4.56328125,
    4.640625,
    4.71796875,
    4.7953125000000005,
    4.87265625,
    4.95
  ],
  "mx_fft_pos": [
    0.07431362605303482,
    0.08204009191324958,
    0.08457064245567798,
    0.062354684312066144,
    0.026751018801331208,
    0.007925806187367481,
    0.03694935673576963,
    0.047781962486418285,
    0.044878871874635316,
    0.04802272525236009,
    0.04856513804834262,
    0.04808132896647463,
    0.05470851140271708,
    0.04425883903810683,
    0.0110224452237166,
    0.042640549131471195,
    0.04006480386705388,
    0.0049997818766933395,
    0.024325800453929257,
    0.017543663973335975,
    0.0028103500761984357,
    0.010798337651756173,
    0.02477237841249234,
    0.03951207876764328,
    0.045565373859268954,
    0.034283210201238055,
    0.017492858501128517,
    0.009158849830235082,
    0.009253834063245755,
    0.006488476716970338,
    0.015980536175825864,
    0.018620711103964266,
    0.011808988862613824,
    0.01089798645348228,
    0.012142904339903327,
    0.005504231019407327,
    0.0009880875592464715,
    0.002640118933125825,
    0.007392485528220819,
    0.009275331308239657,
    0.006032717332956413,
    0.0021126512323925164,
    0.0020657700513729256,
    0.003100342574424887,
    0.0022584514896824086,
    0.0005836856993921723,
    0.0007892809636828665,
    0.0034901035431297044,
    0.0037770905087383976,
    0.0008967422588922472,
    0.0014135356910580012,
    0.0026553183470454877,
    0.002007500215775871,
    0.0010032778153499153,
    0.0012679720420215002,
    0.0008267418745275273,
    0.000484486459849688,
    0.0005946759264959888,
    0.0003859161876001031,
    0.0005573058195367897,
    0.00019144054723407644,
    0.0004891655984949775,
    0.00037559215323628917,
    0.00019523219964712188,
    0.0004949756040218967
  ],
  "my_fft_pos": [
    0.030030465092591784,
    0.047742802473222906,
    0.05285319391996053,
    0.036394216300749,
    0.026057065270216326,
    0.025350524047868635,
    0.027059555930195475,
    0.031874534386395904,
    0.03654720447487508,
    0.032865251369687466,
    0.030690301855467044,
    0.0349113261447016,
    0.03067537778509961,
    0.03357561866166491,
    0.05061110537625558,
    0.05510629709279273,
    0.02945358481704741,
    0.017602031358148033,
    0.032043599362959814,
    0.03223285057464989,
    0.020631830329006177,
    0.03147396570603633,
    0.03456211028351091,
    0.02679485762014651,
    0.00658596747427767,
    0.016778052353346676,
    0.02246836088097338,
    0.019427138168787196,
    0.019225863753496265,
    0.021810694487903695,
    0.020304959484352136,
    0.012660678924272742,
    0.00843668774052036,
    0.0056254787659674056,
    0.006865950993580438,
    0.005934228718627589,
    0.012876813314187463,
    0.010578747893399989,
    0.00626149135366429,
    0.008521400373077838,
    0.0062663596370673294,
    0.0045259200149339075,
    0.003994286381649242,
    0.007136942492693421,
    0.008538620503329887,
    0.0046896947073694385,
    0.00141172417427105,
    0.0013036522955554176,
    0.001847402170642174,
    0.0011418321739631334,
    0.0022013206905613144,
    0.001773334860221982,
    0.00029132184161652266,
    0.0009282751392088544,
    0.00017000963917335497,
    0.00023999107636588573,
    0.0016097515860308987,
    0.0011095759494516248,
    0.0009124036196167299,
    0.00044914760390770884,
    0.0002088707505816571,
    0.00042367818556129385,
    0.0003731185277135928,
    0.0004469344332264877,
    7.868497593200629e-05
  ],
  "mz_fft_pos": [
    0.009445807479782596,
    0.02162352594648185,
    0.035725529286819,
    0.03907445513423314,
    0.025017688987730997,
    0.026708242546292834,
    0.06835201258502002,
    0.04996167305520679,
    0.03181573303606914,
    0.07535346927774463,
    0.06291753757398405,
    0.02773921292782271,
    0.03166027623178736,
    0.007015131600019789,
    0.025535302605156955,
    0.018278438315195666,
    0.023789675776214034,
    0.03612832282408911,
    0.028465544248979444,
    0.01766827706276418,
    0.016119854855518416,
    0.02818435242129685,
    0.03366002900644257,
    0.030017002444292687,
    0.026962741424737112,
    0.026098344912745545,
    0.018017820638362825,
    0.011997994464220537,
    0.009259039783513869,
    0.0055311503136111695,
    0.012746877573162528,
    0.014115086527601198,
    0.011659664668943748,
    0.010817268781441156,
    0.009869861199178775,
    0.008841682003974888,
    0.003444096532775755,
    0.00584191628772844,
    0.005867216172299855,
    0.005499930473413157,
    0.003413309112212614,
    0.001752616557021686,
    0.004150065271397154,
    0.002074981601063299,
    0.0005583462255746159,
    0.0014814821426501808,
    0.001520629700119453,
    0.0007356065265060569,
    0.0004816633514084098,
    0.00037892751419312627,
    0.000770118639326788,
    0.00040354288642189325,
    0.000890753224693385,
    0.00045627096058355014,
    0.0003415662407188035,
    0.00042409149509499736,
    0.00032864455364460895,
    0.00021187440937739488,
    0.0001332372995647402,
    8.531456397164962e-05,
    2.9687776011239915e-05,
    1.7837956126401918e-05,
    8.9302738832139e-06,
    7.51797225015033e-07,
    1.4889802231188299e-08
  ]
}