{
  "positive_frequencies": [
    0.0,
    0.07734375,
    0.1546875,
    0.23203125000000002,
    0.309375,
    0.38671875,
    0.46406250000000004,
    0.54140625,
    0.61875,
    0.6960937500000001,
    0.7734375,
    0.85078125,
    0.9281250000000001,
    1.0054687500000001,
    1.0828125,
    1.16015625,
    1.2375,
    1.31484375,
    1.3921875000000001,
    1.46953125,
    1.546875,
    1.62421875,
    1.7015625,
    1.7789062500000001,
    1.8562500000000002,
    1.93359375,
    2.0109375000000003,
    2.08828125,
    2.165625,
    2.24296875,
    2.3203125,
    2.3976562500000003,
    2.475,
    2.55234375,
    2.6296875,
    2.70703125,
    2.7843750000000003,
    2.86171875,
    2.9390625,
    3.01640625,
    3.09375,
    3.1710937500000003,
    3.2484375,
    3.32578125,
    3.403125,
    3.48046875,
    3.5578125000000003,
    3.63515625,
    3.7125000000000004,
    3.78984375,
    3.8671875,
    3.9445312500000003,
    4.0218750000000005,
    4.09921875,
    4.1765625,
    4.25390625,
    4.33125,
    4.4085937500000005,
    4.4859375,
    4.56328125,
    4.640625,
    4.71796875,
    4.7953125000000005,
    4.87265625,
    4.95
  ],
  "mx_fft_pos": [
    0.0743136260530348,
    0.08204009191324961,
    0.084570642455678,
    0.06235468431206612,
    0.026751018801331208,
    0.00792580618736748,
    0.036949356735769635,
    0.04778196248641829,
    0.04487887187463531,
    0.048022725252360086,
    0.04856513804834261,
    0.048081328966474615,
    0.05470851140271708,
    0.04425883903810683,
    0.011022445223716593,
    0.04264054913147119,
    0.040064803867053876,
    0.004999781876693344,
    0.024325800453929264,
    0.01754366397333598,
    0.0028103500761984413,
    0.010798337651756173,
    0.024772378412492337,
    0.03951207876764328,
    0.04556537385926895,
    0.034283210201238055,
    0.017492858501128514,
    0.009158849830235086,
    0.009253834063245757,
    0.006488476716970333,
    0.015980536175825857,
    0.01862071110396427,
    0.011808988862613813,
    0.01089798645348228,
    0.012142904339903332,
    0.00550423101940733,
    0.000988087559246472,
    0.002640118933125824,
    0.007392485528220812,
    0.009275331308239647,
    0.006032717332956406,
    0.002112651232392507,
    0.002065770051372932,
    0.003100342574424892,
    0.002258451489682415,
    0.0005836856993921757,
    0.0007892809636828682,
    0.0034901035431297097,
    0.003777090508738407,
    0.0008967422588922479,
    0.001413535691057997,
    0.002655318347045482,
    0.002007500215775876,
    0.0010032778153499112,
    0.0012679720420214918,
    0.0008267418745275123,
    0.0004844864598496762,
    0.0005946759264959728,
    0.00038591618760010557,
    0.0005573058195367972,
    0.00019144054723408102,
    0.0004891655984949793,
    0.00037559215323628705,
    0.00019523219964711843,
    0.0004949756040218744
  ],
  "my_fft_pos": [
    0.03003046509259179,
    0.047742802473222906,
    0.05285319391996052,
    0.036394216300748995,
    0.02605706527021633,
    0.025350524047868642,
    0.02705955593019547,
    0.0318745343863959,
    0.03654720447487507,
    0.032865251369687466,
    0.030690301855467048,
    0.03491132614470161,
    0.03067537778509961,
    0.03357561866166491,
    0.050611105376255565,
    0.05510629709279272,
    0.029453584817047424,
    0.017602031358148022,
    0.03204359936295981,
    0.03223285057464988,
    0.020631830329006177,
    0.03147396570603634,
    0.034562110283510916,
    0.02679485762014652,
    0.006585967474277678,
    0.016778052353346673,
    0.022468360880973374,
    0.019427138168787196,
    0.019225863753496282,
    0.02181069448790371,
    0.020304959484352136,
    0.012660678924272743,
    0.008436687740520364,
    0.005625478765967406,
    0.006865950993580433,
    0.005934228718627603,
    0.012876813314187475,
    0.010578747893399994,
    0.006261491353664285,
    0.008521400373077836,
    0.00626635963706733,
    0.004525920014933909,
    0.0039942863816492405,
    0.00713694249269341,
    0.008538620503329878,
    0.004689694707369436,
    0.001411724174271044,
    0.0013036522955554187,
    0.0018474021706421798,
    0.0011418321739631431,
    0.00220132069056131,
    0.0017733348602219836,
    0.00029132184161652526,
    0.000928275139208856,
    0.0001700096391733575,
    0.0002399910763658875,
    0.0016097515860308913,
    0.0011095759494516178,
    0.0009124036196167391,
    0.0004491476039077128,
    0.00020887075058165678,
    0.00042367818556128734,
    0.00037311852771358846,
    0.00044693443322647164,
    7.868497593199964e-05
  ],
  "mz_fft_pos": [
    0.00944580747978258,
    0.021623525946481842,
    0.035725529286819,
    0.039074455134233126,
    0.025017688987730987,
    0.026708242546292848,
    0.06835201258502002,
    0.04996167305520678,
    0.03181573303606913,
    0.07535346927774463,
    0.06291753757398405,
    0.027739212927822707,
    0.03166027623178735,
    0.007015131600019777,
    0.025535302605156966,
    0.01827843831519566,
    0.023789675776214044,
    0.0361283228240891,
    0.028465544248979444,
    0.017668277062764172,
    0.016119854855518426,
    0.028184352421296865,
    0.03366002900644257,
    0.03001700244429268,
    0.02696274142473711,
    0.02609834491274553,
    0.018017820638362814,
    0.011997994464220537,
    0.009259039783513865,
    0.005531150313611162,
    0.012746877573162537,
    0.014115086527601208,
    0.01165966466894375,
    0.010817268781441158,
    0.009869861199178773,
    0.008841682003974886,
    0.0034440965327757617,
    0.005841916287728437,
    0.005867216172299866,
    0.005499930473413164,
    0.003413309112212607,
    0.0017526165570216756,
    0.004150065271397147,
    0.0020749816010632994,
    0.0005583462255745994,
    0.0014814821426501667,
    0.0015206297001194315,
    0.0007356065265060589,
    0.0004816633514084127,
    0.00037892751419311857,
    0.0007701186393267874,
    0.0004035428864218927,
    0.0008907532246933797,
    0.00045627096058354895,
    0.0003415662407188223,
    0.00042409149509501867,
    0.00032864455364461665,
    0.00021187440937737743,
    0.0001332372995647114,
    8.531456397163998e-05,
    2.9687776011241145e-05,
    1.7837956126406065e-05,
    8.930273883209988e-06,
    7.517972250083615e-07,
    1.4889802234518968e-08
  ]
}