{
  "times": [
    0.0,
    0.10101010101010101,
    0.20202020202020202,
    0.30303030303030304,
    0.40404040404040403,
    0.5050505050505051,
    0.6060606060606061,
    0.7070707070707071,
    0.8080808080808081,
    0.9090909090909091,
    1.0101010101010102,
    1.1111111111111112,
    1.2121212121212122,
    1.3131313131313131,
    1.4141414141414141,
    1.5151515151515151,
    1.6161616161616161,
    1.7171717171717171,
    1.8181818181818181,
    1.9191919191919191,
    2.0202020202020203,
    2.121212121212121,
    2.2222222222222223,
    2.323232323232323,
    2.4242424242424243,
    2.525252525252525,
    2.6262626262626263,
    2.727272727272727,
    2.8282828282828283,
    2.929292929292929,
    3.0303030303030303,
    3.131313131313131,
    3.2323232323232323,
    3.3333333333333335,
    3.4343434343434343,
    3.5353535353535355,
    3.6363636363636362,
    3.7373737373737375,
    3.8383838383838382,
    3.9393939393939394,
    4.040404040404041,
    4.141414141414141,
    4.242424242424242,
    4.343434343434343,
    4.444444444444445,
    4.545454545454545,
    4.646464646464646,
    4.747474747474747,
    4.848484848484849,
    4.94949494949495,
    5.05050505050505,
    5.151515151515151,
    5.252525252525253,
    5.353535353535354,
    5.454545454545454,
    5.555555555555555,
    5.656565656565657,
    5.757575757575758,
    5.858585858585858,
    5.959595959595959,
    6.0606060606060606,
    6.161616161616162,
    6.262626262626262,
    6.363636363636363,
    6.4646464646464645,
    6.565656565656566,
    6.666666666666667,
    6.767676767676767,
    6.8686868686868685,
    6.96969696969697,
    7.070707070707071,
    7.171717171717171,
    7.2727272727272725,
    7.373737373737374,
    7.474747474747475,
    7.575757575757575,
    7.6767676767676765,
    7.777777777777778,
    7.878787878787879,
    7.979797979797979,
    8.080808080808081,
    8.181818181818182,
    8.282828282828282,
    8.383838383838384,
    8.484848484848484,
    8.585858585858587,
    8.686868686868687,
    8.787878787878787,
    8.88888888888889,
    8.98989898989899,
    9.09090909090909,
    9.191919191919192,
    9.292929292929292,
    9.393939393939394,
    9.494949494949495,
    9.595959595959595,
    9.696969696969697,
    9.797979797979798,
    9.8989898989899,
    10.0
  ],
  "mx": [
    7.19910242530375e-17,
    -0.08749349619655147,
    0.015729591397722814,
    0.01552565610196472,
    -0.07506368137821336,
    0.04985568947654463,
    0.08235661877567198,
    -0.04740777611282511,
    -0.07393986811000387,
    -0.050754390371580846,
    -0.0872363543594241,
    -0.1365533129289712,
    -0.07066006803919711,
    -0.015050246675009284,
    0.058783661779456806,
    0.010172309773509896,
    0.02359406165584211,
    0.018797328045140133,
    -0.011379113988754026,
    -0.020362352381483855,
    -0.057222900571399185,
    -0.12265434199272025,
    -0.1245417850416013,
    -0.03496624789687486,
    0.05336218738833503,
    0.052428957820894774,
    0.0012936495108076401,
    -0.004791202820949851,
    0.04934412178539576,
    0.08073642094084894,
    0.008818697847727184,
    0.006676758060201231,
    0.06146825896202414,
    6.335806445462167e-17,
    -0.019772749642905943,
    0.029414138674033856,
    0.052375615330572264,
    -0.01166868535000991,
    -0.0375384978059551,
    -0.019929372554027318,
    -0.04615895535841152,
    -0.0005208905859539759,
    0.0694652646939852,
    0.016088703020521775,
    -0.04079927381365997,
    -0.06902908333925332,
    -0.05099061285323228,
    0.06251522088357062,
    0.052061705996524876,
    -0.02359589828270817,
    0.009775759314800505,
    0.04304467534290506,
    0.027338019993796987,
    0.047609342034208,
    0.0013506088684168797,
    -0.0816236710918647,
    -0.06378250832584305,
    -0.021312219375537973,
    0.012371968762910013,
    0.04252260437082654,
    -0.04493135099903431,
    -0.049833376306239976,
    -0.0250556444846193,
    -0.025312140891005436,
    -0.03351387437927521,
    -0.06591651280798616,
    2.6020852139652106e-18,
    0.04379781606623829,
    0.030507647443700953,
    -0.06743371009474526,
    -0.05974636179509368,
    0.08303276296581649,
    0.10180178664544488,
    0.04037618076161234,
    -0.005001353560757826,
    -0.023983975252158195,
    -0.08536766576493711,
    -0.11888255199778003,
    0.01303820164896272,
    0.0676904329888052,
    0.01558078110347345,
    0.06074128766290533,
    0.2127634937953445,
    0.16984252649940867,
    0.0028529074081893634,
    -0.06815195955523602,
    -0.04766907092747206,
    -0.045896548136476235,
    -0.077521025492554,
    -0.05091789147167508,
    0.018246392539802647,
    0.05735024764321347,
    0.058902687333518534,
    0.014907200925969914,
    0.005487930043078664,
    0.058483053059058224,
    0.07167453127834206,
    0.02232212463638674,
    0.04172802663059589,
    7.047314121155779e-17
  ],
  "my": [
    0.0,
    0.010570449598873426,
    -0.14688121897957682,
    -0.05662108747424701,
    0.021738079537923283,
    -0.08130924060689798,
    -0.1214263529651168,
    0.010545341909877194,
    0.04525276229138984,
    0.0019167863455897098,
    -0.005967924566634822,
    -0.0015278418281768208,
    -0.02314604691102399,
    -0.018301039987320123,
    -0.04010900489318606,
    -0.02746266137491929,
    -0.004953557739126472,
    -0.010908860900063752,
    -0.05986362906958282,
    -0.06587197253841953,
    -0.030103678748234587,
    -0.07254333585835762,
    -0.09625214646797967,
    -0.09211648572074674,
    -0.05188540420643166,
    -0.01869865090588749,
    0.004974770931792145,
    0.02853704216605394,
    0.027590398502781083,
    0.044763080967376134,
    -0.01055733352713317,
    -0.06156637219940711,
    0.004344449257482985,
    4.705437428587089e-17,
    -0.0463760913831246,
    -0.006122889081324839,
    -0.0032350583581401827,
    -0.05080563202710631,
    -0.07247993352542682,
    0.0016558211154319444,
    0.033393746023307705,
    0.05602883032807525,
    0.08028521780452347,
    0.02816890499049097,
    -0.04806640393243513,
    -0.07698694869508964,
    -0.05989543496677391,
    0.011254898765195837,
    0.0796342169411996,
    0.09040866360169722,
    0.09680257428052123,
    0.06207412226243886,
    0.03372916510320138,
    0.03638851649778742,
    0.08769007869562684,
    0.05327794366426079,
    -0.013429738829422345,
    -0.04680584644893877,
    -0.006913144705514435,
    0.0437159249988497,
    -0.03505121590583098,
    -0.10322336518917934,
    -0.05291791296780217,
    -0.04731031187853155,
    -0.03817473446858703,
    0.00587429810558312,
    2.7647155398380363e-18,
    -0.03986310675003735,
    -0.0691789356017631,
    -0.012842048219445186,
    0.038456192565783746,
    -0.0045246125685227435,
    0.0061022258316708045,
    0.05430456613912303,
    0.07763191116921446,
    0.09038121300475896,
    0.056936527500753065,
    -0.05849459087043011,
    -0.1134803600620653,
    -0.060493791919861956,
    -0.012971792698913182,
    -0.009648676601767065,
    0.030923107493396433,
    -0.01293208763006905,
    -0.06430294092272046,
    -0.05353867696101854,
    -0.056516704651670725,
    -0.050173983926165844,
    0.06220702739186543,
    0.15429799833127572,
    0.16152298629055262,
    0.04795944744241856,
    -0.03414528043910684,
    -0.007242748650255512,
    -0.007578064292364566,
    -0.015056988268454627,
    -0.041965302349914635,
    -0.03871141097381749,
    -0.002879599153495924,
    -1.553119612085485e-17
  ],