{
  "positive_frequencies": [
    0.0,
    0.07734375,
    0.1546875,
    0.23203125000000002,
    0.309375,
    0.38671875,
    0.46406250000000004,
    0.54140625,
    0.61875,
    0.6960937500000001,
    0.7734375,
    0.85078125,
    0.9281250000000001,
    1.0054687500000001,
    1.0828125,
    1.16015625,
    1.2375,
    1.31484375,
    1.3921875000000001,
    1.46953125,
    1.546875,
    1.62421875,
    1.7015625,
    1.7789062500000001,
    1.8562500000000002,
    1.93359375,
    2.0109375000000003,
    2.08828125,
    2.165625,
    2.24296875,
    2.3203125,
    2.3976562500000003,
    2.475,
    2.55234375,
    2.6296875,
    2.70703125,
    2.7843750000000003,
    2.86171875,
    2.9390625,
    3.01640625,
    3.09375,
    3.1710937500000003,
    3.2484375,
    3.32578125,
    3.403125,
    3.48046875,
    3.5578125000000003,
    3.63515625,
    3.7125000000000004,
    3.78984375,
    3.8671875,
    3.9445312500000003,
    4.0218750000000005,
    4.09921875,
    4.1765625,
    4.25390625,
    4.33125,
    4.4085937500000005,
    4.4859375,
    4.56328125,
    4.640625,
    4.71796875,
    4.7953125000000005,
    4.87265625,
    4.95
  ],
  "mx_fft_pos": [
    0.0017066847742772543,
    0.0014878686622939324,
    0.0056358241671651925,
    0.0072904945125998434,
    0.0012378678052201995,
    0.0067979176526473065,
    0.00838143754905332,
    0.009377351512416216,
    0.0057418708042585595,
    0.004430674803040729,
    0.004245132857649539,
    0.007917992298555266,
    0.010962504733290825,
    0.006302736045372953,
    0.006536460843075797,
    0.005813617289928034,
    0.010155839665774158,
    0.007739072893431688,
    0.005460009516755443,
    0.0032491277543784704,
    0.006033541127500299,
    0.011117812789963422,
    0.011304853340729957,
    0.008374999159826322,
    0.009838229199741378,
    0.010705445323119378,
    0.012810834133530133,
    0.009353764207097465,
    0.0016678897907596918,
    0.002852564323037501,
    0.0045364183644908095,
    0.004143057586617171,
    0.0076093569957383774,
    0.009897767067881346,
    0.0035262156550170047,
    0.0062995818633041845,
    0.006975165191209201,
    0.002495971164809888,
    0.0020049724202121167,
    0.0028582257315111913,
    0.0020863826491777943,
    0.004451177233989122,
    0.0053418310432250425,
    0.0052307506095834524,
    0.004557156925771723,
    0.004090486380882532,
    0.0036384253869695656,
    0.0026367232019698745,
    0.0022484126697284545,
    0.0019158189973730651,
    0.00035004514917071614,
    0.0017689842973966474,
    0.002695312843430141,
    0.002154602976763985,
    0.0016887445713881638,
    0.0015338346109530334,
    0.0015066674300382966,
    0.001012439947447462,
    0.00014600657451138325,
    0.0007257353968947794,
    0.000757592983404291,
    0.0006240209714846772,
    0.0008046163230687197,
    0.000292901145239404,
    0.00025239743934038576
  ],
  "my_fft_pos": [
    0.0014621803466613882,
    0.004290781775623575,
    0.010322455626405993,
    0.012093080140501804,
    0.010000201539381495,
    0.01260652689627166,
    0.016542597902108273,
    0.011027472011302934,
    0.005615751854363641,
    0.006257131341021657,
    0.009222413210504989,
    0.012556863421099317,
    0.010478525532031355,
    0.005093538857036537,
    0.003011774719265358,
    0.010145934640042214,
    0.015694159640853113,
    0.010729939844625407,
    0.007210626444892871,
    0.010582021478583203,
    0.007571387819109733,
    0.006363297737584722,
    0.008723785792263693,
    0.00997873811647026,
    0.008907880842494692,
    0.007007579304819555,
    0.005335916478215206,
    0.0029444752477744618,
    0.0012288154816951485,
    0.0029022591289411754,
    0.00479923442491496,
    0.0033969475879180627,
    0.0026107275486277554,
    0.006634037576687159,
    0.007449022034639263,
    0.005535243343831684,
    0.002375561448560303,
    0.0022445533061553275,
    0.005159386522412043,
    0.0048330426426386325,
    0.0016764075309987506,
    0.0034517251465012644,
    0.0029093849664107384,
    0.0022663640877262042,
    0.002825854873664616,
    0.002228850095134196,
    0.001666494332506269,
    0.0018878362628777026,
    0.0016247026590573885,
    0.0006838483791313528,
    0.0013454537802955993,
    0.0023948709520026,
    0.0019243863114650553,
    0.0008550180602736987,
    0.00028384906500554497,
    0.0004450826958499807,
    0.0005055664862740427,
    0.0004442837834780783,
    0.0006202212963178674,
    0.0010968903303643905,
    0.0011714752674561683,
    0.0007026123516735905,
    0.0005943900607619994,
    0.000678561330977375,
    0.0005527962697682314
  ],
  "mz_fft_pos": [
    0.007225704786917555,
    0.0032907307918661364,
    0.01470410496123651,
    0.038961769039823776,
    0.04942240826278203,
    0.037182392853837384,
    0.016277331941276993,
    0.008485896821586889,
    0.012853531048615618,
    0.013657444449218901,
    0.010879723966611117,
    0.01609163214839447,
    0.024706713725388532,
    0.020920683204988282,
    0.009731242352171751,
    0.013494040758666743,
    0.016297239139207397,
    0.011224023634937894,
    0.006087428825594067,
    0.012183421070123211,
    0.021617115656442535,
    0.017589969849297,
    0.003368299951675433,
    0.005427461699567762,
    0.0023475734280849615,
    0.008241183948122826,
    0.014936793011826474,
    0.011273305427717506,
    0.007249368009050492,
    0.0074389310551493835,
    0.005166692985931856,
    0.0019710188762503194,
    0.0014204489188237679,
    0.003657621498119185,
    0.0051091540009831436,
    0.0030900812130958953,
    0.002474520585660232,
    0.0025042729527252282,
    0.0012317221599528556,
    0.003939533974395834,
    0.0030810521991437934,
    0.0010488233903147117,
    0.0019748110936293425,
    0.0010172289843474393,
    0.0012073283995810869,
    0.0008717071614625184,
    0.000615177691144851,
    0.0012100721102233237,
    0.0007677500240346903,
    0.0006031466318846925,
    0.001003912949651925,
    0.0008453482309183151,
    0.00027434164366570607,
    0.0002609929586804442,
    0.0007767141408861771,
    0.0006069135118456612,
    5.916236287634784e-05,
    0.00040005654557530036,
    0.0005646278166523967,
    0.0004870873665252967,
    0.0003412346853720791,
    0.00045167493342554573,
    0.0003190903237235369,
    0.00010497903552721432,
    0.0002751297626784588
  ]
}