{
  "times": [
    0.0,
    0.10101010101010101,
    0.20202020202020202,
    0.30303030303030304,
    0.40404040404040403,
    0.5050505050505051,
    0.6060606060606061,
    0.7070707070707071,
    0.8080808080808081,
    0.9090909090909091,
    1.0101010101010102,
    1.1111111111111112,
    1.2121212121212122,
    1.3131313131313131,
    1.4141414141414141,
    1.5151515151515151,
    1.6161616161616161,
    1.7171717171717171,
    1.8181818181818181,
    1.9191919191919191,
    2.0202020202020203,
    2.121212121212121,
    2.2222222222222223,
    2.323232323232323,
    2.4242424242424243,
    2.525252525252525,
    2.6262626262626263,
    2.727272727272727,
    2.8282828282828283,
    2.929292929292929,
    3.0303030303030303,
    3.131313131313131,
    3.2323232323232323,
    3.3333333333333335,
    3.4343434343434343,
    3.5353535353535355,
    3.6363636363636362,
    3.7373737373737375,
    3.8383838383838382,
    3.9393939393939394,
    4.040404040404041,
    4.141414141414141,
    4.242424242424242,
    4.343434343434343,
    4.444444444444445,
    4.545454545454545,
    4.646464646464646,
    4.747474747474747,
    4.848484848484849,
    4.94949494949495,
    5.05050505050505,
    5.151515151515151,
    5.252525252525253,
    5.353535353535354,
    5.454545454545454,
    5.555555555555555,
    5.656565656565657,
    5.757575757575758,
    5.858585858585858,
    5.959595959595959,
    6.0606060606060606,
    6.161616161616162,
    6.262626262626262,
    6.363636363636363,
    6.4646464646464645,
    6.565656565656566,
    6.666666666666667,
    6.767676767676767,
    6.8686868686868685,
    6.96969696969697,
    7.070707070707071,
    7.171717171717171,
    7.2727272727272725,
    7.373737373737374,
    7.474747474747475,
    7.575757575757575,
    7.6767676767676765,
    7.777777777777778,
    7.878787878787879,
    7.979797979797979,
    8.080808080808081,
    8.181818181818182,
    8.282828282828282,
    8.383838383838384,
    8.484848484848484,
    8.585858585858587,
    8.686868686868687,
    8.787878787878787,
    8.88888888888889,
    8.98989898989899,
    9.09090909090909,
    9.191919191919192,
    9.292929292929292,
    9.393939393939394,
    9.494949494949495,
    9.595959595959595,
    9.696969696969697,
    9.797979797979798,
    9.8989898989899,
    10.0
  ],
  "mx": [
    7.997075224253081e-17,
    0.004010149297189981,
    0.03157905531213173,
    0.05666473024574927,
    0.006448681579410103,
    0.07580396841932568,
    0.17679633552827884,
    0.09360710846338635,
    0.015047458033696651,
    -0.0013536840204281433,
    -0.049452585143304376,
    -0.13460958730638564,
    -0.07886468782603288,
    0.009793165902929857,
    0.026315024206629546,
    -0.003691275844451668,
    0.03580633784983457,
    0.040897543944475326,
    0.014756986216745028,
    0.002033969196645329,
    0.034731736675665655,
    0.07438181703424472,
    0.0435802983154069,
    0.015629980182652475,
    -0.0016443387341624018,
    -0.011769983436399834,
    -0.023306242221564837,
    -0.04344329672077312,
    -0.0713093107589981,
    -0.04398690608945462,
    -0.003541286857168273,
    -0.0026582001714187046,
    0.005445810861645128,
    -3.1951438023147814e-17,
    0.01656105593726922,
    0.02798214751364858,
    8.44211937132959e-05,
    -0.016545802466179323,
    -0.024483358429856217,
    -0.011272903022942721,
    -0.003932120230134387,
    -0.03795815528533504,
    -0.036054003426674044,
    0.023033321030403682,
    -0.0048002158923791,
    -0.08626394985867153,
    -0.13735293754534936,
    -0.06017954994136356,
    0.09401605280837502,
    0.17532476464428787,
    0.1366940278767321,
    0.014576155064899714,
    0.006197543348820439,
    0.00690001224157583,
    0.020014894273979088,
    -0.037806995293163725,
    -0.07445902754630782,
    -0.02620330958754468,
    -0.0003654238446744947,
    -0.033094339367299906,
    -0.08179512159371768,
    -0.06649086676881732,
    -0.023318806733750867,
    -0.04324900860166311,
    -0.05646185843424463,
    -0.0425135321622012,
    -1.6089560239684886e-17,
    0.0008445637472803632,
    -0.041618861713673794,
    -0.003210300250678954,
    0.026806532392136338,
    0.009344529562474505,
    -0.006317403465703716,
    -0.021379469321782626,
    0.0104664335988323,
    0.006179390744998582,
    -0.0323670702533665,
    -0.041959349971883525,
    -0.015898321823246013,
    0.004141198903447378,
    0.011978914690204751,
    0.12928535718440518,
    0.2855666578022581,
    0.2625855159330232,
    0.1195527495732673,
    0.05408075770081422,
    0.0029857184541660694,
    -0.04297523134751097,
    -0.024146208914067914,
    0.06333501901754386,
    0.04618832416035836,
    0.002985189731666968,
    -0.00869763261777131,
    -0.0074815833888766305,
    0.015602223423364061,
    -0.004005533604740663,
    -0.03184531171982428,
    -0.0361998802486195,
    -0.010847797367689288,
    -4.141652298894627e-18
  ],
  "my": [
    0.0,
    -0.015385824468482731,
    -0.025084383710532353,
    -0.022552161302757414,
    -0.006392224117891446,
    -0.13384898064667858,
    -0.11976423685296236,
    -0.0022274550846905273,
    0.012332858232589705,
    0.051258056155333534,
    0.06305911175161798,
    0.0016576453876318898,
    -0.0059200133983193124,
    -0.01611622962390611,
    -0.05385795680234727,
    -0.04272878773592937,
    0.040662517825806634,
    0.09376920533327901,
    0.019217868553339693,
    -0.019823876962841224,
    -0.008138248355821661,
    -0.027585410997461667,
    -0.04207647114142195,
    -0.016821177171402867,
    -0.005163868104332459,
    0.02363666008978457,
    0.022637137016838216,
    -0.02049588806954633,
    -0.04677871752297798,
    -0.04228871786241038,
    -0.056080055589079324,
    -0.05071712063164786,
    -0.019129539626754198,
    -1.6024508109335757e-17,
    -0.012928777514862733,
    -0.013493706317202,
    0.022870162823379094,
    0.009413871431778919,
    -0.031110873375683534,
    -0.022160368348534288,
    0.00210628866131303,
    0.025176128973733346,
    0.0011466765217451546,
    0.03167555538290596,
    0.06028464748449135,
    0.012936657213372876,
    0.00014114054098722517,
    -0.024008182859888608,
    0.10356944806988085,
    0.30319820141457904,
    0.2584712867147378,
    0.08558961185995034,
    0.015437867210261533,
    0.003897926086239294,
    0.017992488669037642,
    -0.006982858575995158,
    -0.016833072173181102,
    0.003878708004647505,
    0.017851346619707772,
    0.018267287960598986,
    0.05533170932698252,
    0.05348510921157954,
    0.03371989356596221,
    0.040139643374078,
    -0.012499135732260903,
    -0.035364056669446045,
    7.26415455565288e-18,
    0.0297484654827178,
    -0.05027447575428001,
    -0.0733004913063145,
    0.0172796851647811,
    0.03771466154909079,
    0.015491591599634858,
    0.02750929961132768,
    0.02052803638433393,
    0.025126241923258665,
    0.017241965780510553,
    -0.018502079811116977,
    -0.0355879972438204,
    -0.014017642757626448,
    0.008246142987579084,
    0.02213507340751625,
    0.00664595522441036,
    -0.023119214292951946,
    0.007543083924046436,
    0.011541367467609224,
    -0.011797375538949184,
    -0.0016472974184456118,
    -0.02308162686881195,
    -0.03150694544949679,
    -0.00822309453493296,
    0.012604244364748562,
    0.012516913219901424,
    -0.019826552559996637,
    -0.04889459209055268,
    -0.04044845331170906,
    -0.04551667445230621,
    -0.04873297400508288,
    0.0026097124119795,
    -3.262228811737322e-17
  ],