{
  "positive_frequencies": [
    0.0,
    0.07734375,
    0.1546875,
    0.23203125000000002,
    0.309375,
    0.38671875,
    0.46406250000000004,
    0.54140625,
    0.61875,
    0.6960937500000001,
    0.7734375,
    0.85078125,
    0.9281250000000001,
    1.0054687500000001,
    1.0828125,
    1.16015625,
    1.2375,
    1.31484375,
    1.3921875000000001,
    1.46953125,
    1.546875,
    1.62421875,
    1.7015625,
    1.7789062500000001,
    1.8562500000000002,
    1.93359375,
    2.0109375000000003,
    2.08828125,
    2.165625,
    2.24296875,
    2.3203125,
    2.3976562500000003,
    2.475,
    2.55234375,
    2.6296875,
    2.70703125,
    2.7843750000000003,
    2.86171875,
    2.9390625,
    3.01640625,
    3.09375,
    3.1710937500000003,
    3.2484375,
    3.32578125,
    3.403125,
    3.48046875,
    3.5578125000000003,
    3.63515625,
    3.7125000000000004,
    3.78984375,
    3.8671875,
    3.9445312500000003,
    4.0218750000000005,
    4.09921875,
    4.1765625,
    4.25390625,
    4.33125,
    4.4085937500000005,
    4.4859375,
    4.56328125,
    4.640625,
    4.71796875,
    4.7953125000000005,
    4.87265625,
    4.95
  ],
  "mx_fft_pos": [
    0.0038756766305022656,
    0.0066381734018768354,
    0.006494404829801491,
    0.00868230331781943,
    0.013792948017752122,
    0.010243656338162812,
    0.006119144385461898,
    0.01298579798717001,
    0.020362888723209654,
    0.01287128791843613,
    0.004392594301236067,
    0.008198259503448223,
    0.011656721106412773,
    0.01046913042538136,
    0.008577413796741524,
    0.014372372174675104,
    0.013125333923582566,
    0.008318953594253995,
    0.008410456098230596,
    0.011790554936919906,
    0.009227074827963498,
    0.005994016803575437,
    0.00872323925900053,
    0.01007539711296713,
    0.008138118245564051,
    0.007770932267495471,
    0.009719038662589063,
    0.011435243417642136,
    0.011865856178155316,
    0.011096142673677827,
    0.008013338406259953,
    0.005504306851970322,
    0.0043999497377743965,
    0.00300644780780049,
    0.0033130488678620664,
    0.0007225926378144659,
    0.0008184613203357263,
    0.0018981804224401932,
    0.0003094000969260927,
    0.0018652183835296764,
    0.0010037417957228178,
    0.00022690103105524228,
    0.0010743832360491478,
    0.0011934989894812243,
    0.0012476710304505203,
    0.0015235220036327016,
    0.0011456321710933044,
    0.0007534183687236766,
    0.0011511833249093814,
    0.0006077607744603274,
    0.0006949968985909669,
    0.0017131644060068543,
    0.002125127034809102,
    0.0019414862605022093,
    0.0013410273477646381,
    0.0009688759070836845,
    0.001039396090169795,
    0.0013074556904446957,
    0.0014417204697417052,
    0.0009633990969499491,
    0.0006864869846644992,
    0.0008542760533520606,
    0.0008208966624325645,
    0.00064681524621144,
    0.0006575846530703594
  ],
  "my_fft_pos": [
    0.016556186430745617,
    0.018079529792545835,
    0.019764026995746944,
    0.01926196139713289,
    0.01717909690918485,
    0.013218827389247062,
    0.009337865311621205,
    0.008400889092985662,
    0.0101732944044149,
    0.013744951712851818,
    0.016979473515091735,
    0.017291966247797025,
    0.014325116317548757,
    0.009504947792447493,
    0.008633142065225132,
    0.01292334543508837,
    0.015492073131779116,
    0.012130602677052703,
    0.008491977334435977,
    0.009306880164038009,
    0.011437658852634203,
    0.012094486451429876,
    0.011659227962335442,
    0.011345134889425545,
    0.010402748322012932,
    0.008014456751059823,
    0.005911806713279149,
    0.006993890932501959,
    0.010304958511818571,
    0.010776718384617752,
    0.010283848994557,
    0.008841511618182066,
    0.005329624038695027,
    0.0032355087774732488,
    0.002534394836285181,
    0.0029607789248868852,
    0.004194047270322546,
    0.004962312555941091,
    0.005681633123718458,
    0.003755554196712771,
    0.0007638426357935947,
    0.001466285422453146,
    0.002092751731748422,
    0.0037464403792793555,
    0.0037241969506376753,
    0.0024231855978354188,
    0.0018029235306868021,
    0.0024101566765746167,
    0.003112866129131353,
    0.0026379209919990456,
    0.0016305082605679272,
    0.0009763920380557719,
    0.0011781200922392006,
    0.0017095875212365707,
    0.0014313672125974561,
    0.0007948762080678311,
    0.00019631203392694426,
    0.0002832574261632041,
    0.0006218111721447289,
    0.0007257389247076033,
    0.0007573813001491418,
    0.0008729211645594993,
    0.0006847794984091448,
    0.00022237469043151216,
    3.938209580339969e-05
  ],
  "mz_fft_pos": [
    0.012524481190331466,
    0.013733667978300288,
    0.018329161668602732,
    0.033806879661569166,
    0.039262684562162586,
    0.02452436500335967,
    0.00552350560692208,
    0.00904856888350348,
    0.0029435991530009655,
    0.0036491576678708256,
    0.004414851117432056,
    0.009201550376118103,
    0.017972418137447172,
    0.021348464859872057,
    0.01741832705597659,
    0.011739818148969705,
    0.0040787015596210965,
    0.0053689951209085415,
    0.010225759618466015,
    0.013983873790875066,
    0.016595598128044568,
    0.01316542226900346,
    0.006859944971702677,
    0.006285903181812332,
    0.002134999808290735,
    0.006254942935840091,
    0.008769290200181152,
    0.0058244971194096355,
    0.004170081764783326,
    0.008924396418535208,
    0.011322195146950362,
    0.007905332153505357,
    0.006839331148309175,
    0.0049588991231100795,
    0.000960474442951877,
    0.0022847709544261212,
    0.002877428734545113,
    0.0018350013057390913,
    0.0022133818355628823,
    0.0024196856186187716,
    0.0018320622548232861,
    0.0013573575876333365,
    0.0008529448100540883,
    0.00017921203701934857,
    0.0005317453007655606,
    0.00029756141528484265,
    0.0005074951427217835,
    0.000665336149586611,
    0.000673363492017869,
    0.0007790754251808954,
    0.0005552725036805003,
    0.0003730649548240788,
    0.00023300131049993104,
    0.0001284820470122172,
    0.00010051425529273832,
    4.2575883926474975e-05,
    0.00010790000671095024,
    0.00016886200846337015,
    0.00011577127672528236,
    0.00015832922860758224,
    0.00017976548158742545,
    6.901424362399664e-05,
    3.221532516421141e-05,
    7.22006249086767e-05,
    6.21006150067105e-05
  ]
}