{
  "positive_frequencies": [
    0.0,
    0.07734375,
    0.1546875,
    0.23203125000000002,
    0.309375,
    0.38671875,
    0.46406250000000004,
    0.54140625,
    0.61875,
    0.6960937500000001,
    0.7734375,
    0.85078125,
    0.9281250000000001,
    1.0054687500000001,
    1.0828125,
    1.16015625,
    1.2375,
    1.31484375,
    1.3921875000000001,
    1.46953125,
    1.546875,
    1.62421875,
    1.7015625,
    1.7789062500000001,
    1.8562500000000002,
    1.93359375,
    2.0109375000000003,
    2.08828125,
    2.165625,
    2.24296875,
    2.3203125,
    2.3976562500000003,
    2.475,
    2.55234375,
    2.6296875,
    2.70703125,
    2.7843750000000003,
    2.86171875,
    2.9390625,
    3.01640625,
    3.09375,
    3.1710937500000003,
    3.2484375,
    3.32578125,
    3.403125,
    3.48046875,
    3.5578125000000003,
    3.63515625,
    3.7125000000000004,
    3.78984375,
    3.8671875,
    3.9445312500000003,
    4.0218750000000005,
    4.09921875,
    4.1765625,
    4.25390625,
    4.33125,
    4.4085937500000005,
    4.4859375,
    4.56328125,
    4.640625,
    4.71796875,
    4.7953125000000005,
    4.87265625,
    4.95
  ],
  "mx_fft_pos": [
    0.005251568740392592,
    0.008074085968348648,
    0.005632237666772677,
    0.003073148109605488,
    0.005112033995921742,
    0.00684866794176949,
    0.002938787833312017,
    0.002818368462463747,
    0.0063087185926985435,
    0.00622901428472196,
    0.005306208593274933,
    0.00660505259325248,
    0.002279174987385858,
    0.001454652480686039,
    0.002580368836320614,
    0.005481429260309364,
    0.008722768930419629,
    0.007490140435404133,
    0.005048333032944932,
    0.004367838801111945,
    0.006188601960122914,
    0.007671263867953012,
    0.004594343615774052,
    0.006393766348660535,
    0.004836123126561331,
    0.005338458277332998,
    0.0033024502920929078,
    0.005022126256177879,
    0.0010575499990894668,
    0.002774724677438013,
    0.002970659094300912,
    0.005735213270057411,
    0.008059793115859287,
    0.005338713640914286,
    0.0029714158951174713,
    0.00214002932802591,
    0.0013060845399711493,
    0.002079795823290167,
    0.001318022638485088,
    0.0031106231808938505,
    0.004640620065277372,
    0.0035768338051076504,
    0.003394309865541928,
    0.0038405180043856167,
    0.0032308633503108403,
    0.0020061574414620455,
    0.004068278136635988,
    0.004657598974364035,
    0.0034599562068234535,
    0.0022689140518808272,
    0.0007118770678934703,
    0.0017616477853483906,
    0.003084778995259886,
    0.001936109322726593,
    0.0007641505450575043,
    0.0015547084652163244,
    0.0026360746196950856,
    0.00296447354119008,
    0.003246926758366377,
    0.003330581320959473,
    0.002323633429562815,
    0.000857870051621719,
    0.000793217802757744,
    0.0006631719917461465,
    0.0005593219529329671
  ],
  "my_fft_pos": [
    0.008771905220551022,
    0.007752965328172078,
    0.010552925203666734,
    0.01049458100806701,
    0.003519126575002573,
    0.0028143230924990263,
    0.0031719636378419775,
    0.0035194314674942407,
    0.0048275763452204565,
    0.003944995932438462,
    0.0053468951072577,
    0.006825117944296696,
    0.004314995712239148,
    0.005183311694734468,
    0.008526785602541583,
    0.007092172228845801,
    0.003107762015297424,
    0.0003629649888554099,
    0.0014802766598619095,
    0.0005120000776442571,
    0.0046800339578330075,
    0.0045722470971358824,
    0.0008892916772269223,
    0.0012926203992183127,
    0.0008728525963813607,
    0.000496494688664016,
    0.003386520610100526,
    0.005138099540708891,
    0.0026386220223441957,
    0.0010648671940699573,
    0.0018387430836459976,
    0.00437651652259058,
    0.0068621175761009205,
    0.006214833113406554,
    0.0036932434275435393,
    0.001735640881166174,
    0.0017236617752041106,
    0.002371577211447755,
    0.0015459392748237459,
    0.0023598869745122945,
    0.002169715701376498,
    0.0025687475762069794,
    0.002942521630334729,
    0.0021472297079685693,
    0.0012258128301655578,
    0.00043195078304821374,
    0.0012978088549953208,
    0.001653674012483671,
    0.0011149863096247027,
    0.0031158133395420462,
    0.003927960507012495,
    0.002493706432578169,
    0.000717722962487155,
    0.0003274964156201253,
    0.0006346842333961603,
    0.0005883181963729,
    4.496904147473413e-05,
    0.0005111074844088606,
    0.0008817924654532679,
    0.0009383189991959889,
    0.0009396361881218164,
    0.0013803322826070668,
    0.0013292975795887421,
    0.0010955857139253137,
    0.0017015635611912704
  ],
  "mz_fft_pos": [
    0.0026980362179581676,
    0.002034980457429295,
    0.002592018047352776,
    0.005479637489554181,
    0.007656841728559872,
    0.007070132240808998,
    0.0032832883255382306,
    0.001187061320396657,
    0.003809914599670087,
    0.00687007711562811,
    0.005189125320333523,
    0.000752393325023867,
    0.002549140146045753,
    0.004167615950768708,
    0.005241525790916262,
    0.005308301468840615,
    0.0037631733869296752,
    0.0020648535110825736,
    0.0021194169041361816,
    0.0027956163686709114,
    0.0009073771615213445,
    0.0012054309629494922,
    0.0015524206356764478,
    0.003044369068484075,
    0.002104599685265957,
    0.0017015663450981066,
    0.0026369156517044652,
    0.0026903022868898967,
    0.002096913685158049,
    0.0016752103231204702,
    0.00136577122885509,
    0.0012400715389097655,
    0.0007480306287902512,
    0.0011265066416448737,
    0.002159951852392122,
    0.002298374305167468,
    0.0017691547774355751,
    0.0010529723884853861,
    0.0013639437323163678,
    0.0013823496279958842,
    0.0008384720067578946,
    0.0007703462630529185,
    0.001173160719858128,
    0.002068616114654059,
    0.001442921686621324,
    0.0027720189805460864,
    0.003982907325787842,
    0.003438147500677998,
    0.0024295245706699928,
    0.00220628226475354,
    0.0021330800655028253,
    0.0022605331605286137,
    0.0022917102303493093,
    0.0021157664506234962,
    0.0018957399923638927,
    0.0021962055226571187,
    0.002760633701785001,
    0.0029241722399455648,
    0.0025671353187329852,
    0.0014065496640405237,
    0.0001252654574375378,
    0.0003408096849714916,
    0.00022952840558655683,
    0.000621431708873232,
    0.00016657991966941842
  ]
}