{
  "times": [
    0.0,
    0.10101010101010101,
    0.20202020202020202,
    0.30303030303030304,
    0.40404040404040403,
    0.5050505050505051,
    0.6060606060606061,
    0.7070707070707071,
    0.8080808080808081,
    0.9090909090909091,
    1.0101010101010102,
    1.1111111111111112,
    1.2121212121212122,
    1.3131313131313131,
    1.4141414141414141,
    1.5151515151515151,
    1.6161616161616161,
    1.7171717171717171,
    1.8181818181818181,
    1.9191919191919191,
    2.0202020202020203,
    2.121212121212121,
    2.2222222222222223,
    2.323232323232323,
    2.4242424242424243,
    2.525252525252525,
    2.6262626262626263,
    2.727272727272727,
    2.8282828282828283,
    2.929292929292929,
    3.0303030303030303,
    3.131313131313131,
    3.2323232323232323,
    3.3333333333333335,
    3.4343434343434343,
    3.5353535353535355,
    3.6363636363636362,
    3.7373737373737375,
    3.8383838383838382,
    3.9393939393939394,
    4.040404040404041,
    4.141414141414141,
    4.242424242424242,
    4.343434343434343,
    4.444444444444445,
    4.545454545454545,
    4.646464646464646,
    4.747474747474747,
    4.848484848484849,
    4.94949494949495,
    5.05050505050505,
    5.151515151515151,
    5.252525252525253,
    5.353535353535354,
    5.454545454545454,
    5.555555555555555,
    5.656565656565657,
    5.757575757575758,
    5.858585858585858,
    5.959595959595959,
    6.0606060606060606,
    6.161616161616162,
    6.262626262626262,
    6.363636363636363,
    6.4646464646464645,
    6.565656565656566,
    6.666666666666667,
    6.767676767676767,
    6.8686868686868685,
    6.96969696969697,
    7.070707070707071,
    7.171717171717171,
    7.2727272727272725,
    7.373737373737374,
    7.474747474747475,
    7.575757575757575,
    7.6767676767676765,
    7.777777777777778,
    7.878787878787879,
    7.979797979797979,
    8.080808080808081,
    8.181818181818182,
    8.282828282828282,
    8.383838383838384,
    8.484848484848484,
    8.585858585858587,
    8.686868686868687,
    8.787878787878787,
    8.88888888888889,
    8.98989898989899,
    9.09090909090909,
    9.191919191919192,
    9.292929292929292,
    9.393939393939394,
    9.494949494949495,
    9.595959595959595,
    9.696969696969697,
    9.797979797979798,
    9.8989898989899,
    10.0
  ],
  "mx": [
    7.997075224253081e-17,
    0.004010149297189981,
    0.03157905531213173,
    0.05666473024574927,
    0.006448681579410103,
    0.07580396841932568,
    0.17679633552827875,
    0.09360710846338635,
    0.015047458033696653,
    -0.0013536840204281698,
    -0.04945258514330439,
    -0.13460958730638564,
    -0.07886468782603288,
    0.009793165902929857,
    0.02631502420662955,
    -0.0036912758444516643,
    0.03580633784983458,
    0.040897543944475326,
    0.014756986216745028,
    0.0020339691966453095,
    0.034731736675665655,
    0.07438181703424472,
    0.043580298315406926,
    0.015629980182652485,
    -0.0016443387341624149,
    -0.011769983436399834,
    -0.023306242221564827,
    -0.04344329672077312,
    -0.07130931075899813,
    -0.04398690608945459,
    -0.003541286857168306,
    -0.0026582001714187046,
    0.0054458108616451196,
    -1.7976072019809665e-17,
    0.01656105593726922,
    0.02798214751364858,
    8.442119371329277e-05,
    -0.016545802466179326,
    -0.024483358429856217,
    -0.011272903022942721,
    -0.003932120230134387,
    -0.03795815528533503,
    -0.036054003426674044,
    0.02303332103040365,
    -0.0048002158923791,
    -0.0862639498586715,
    -0.1373529375453493,
    -0.06017954994136351,
    0.09401605280837497,
    0.17532476464428787,
    0.13669402787673215,
    0.01457615506489969,
    0.006197543348820439,
    0.006900012241575824,
    0.020014894273979057,
    -0.037806995293163725,
    -0.07445902754630782,
    -0.02620330958754471,
    -0.0003654238446744947,
    -0.03309433936729992,
    -0.08179512159371767,
    -0.06649086676881728,
    -0.02331880673375091,
    -0.04324900860166309,
    -0.05646185843424463,
    -0.042513532162201204,
    -1.6089560239684886e-17,
    0.0008445637472803587,
    -0.04161886171367381,
    -0.003210300250678954,
    0.026806532392136373,
    0.009344529562474547,
    -0.006317403465703716,
    -0.021379469321782626,
    0.0104664335988323,
    0.0061793907449986,
    -0.03236707025336648,
    -0.041959349971883546,
    -0.015898321823245992,
    0.0041411989034473625,
    0.011978914690204737,
    0.12928535718440512,
    0.28556665780225804,
    0.26258551593302315,
    0.1195527495732673,
    0.05408075770081422,
    0.0029857184541660646,
    -0.04297523134751099,
    -0.024146208914067914,
    0.06333501901754386,
    0.04618832416035836,
    0.002985189731666946,
    -0.008697632617771288,
    -0.007481583388876635,
    0.015602223423364068,
    -0.004005533604740671,
    -0.03184531171982431,
    -0.0361998802486195,
    -0.010847797367689292,
    3.7947076036992655e-18
  ],
  "my": [
    0.0,
    -0.015385824468482731,
    -0.025084383710532353,
    -0.022552161302757414,
    -0.006392224117891446,
    -0.1338489806466785,
    -0.11976423685296227,
    -0.0022274550846905273,
    0.012332858232589717,
    0.051258056155333576,
    0.06305911175161798,
    0.0016576453876318898,
    -0.0059200133983193124,
    -0.01611622962390611,
    -0.05385795680234725,
    -0.04272878773592943,
    0.04066251782580667,
    0.09376920533327901,
    0.019217868553339693,
    -0.01982387696284123,
    -0.008138248355821647,
    -0.027585410997461667,
    -0.04207647114142197,
    -0.016821177171402885,
    -0.00516386810433247,
    0.02363666008978457,
    0.022637137016838213,
    -0.02049588806954633,
    -0.04677871752297794,
    -0.042288717862410355,
    -0.05608005558907932,
    -0.05071712063164786,
    -0.019129539626754215,
    -2.432949675057472e-17,
    -0.012928777514862733,
    -0.013493706317202,
    0.022870162823379094,
    0.009413871431778895,
    -0.031110873375683534,
    -0.022160368348534278,
    0.00210628866131303,
    0.02517612897373338,
    0.0011466765217451214,
    0.03167555538290595,
    0.06028464748449135,
    0.012936657213372879,
    0.00014114054098721685,
    -0.024008182859888563,
    0.10356944806988086,
    0.30319820141457904,
    0.25847128671473785,
    0.08558961185995037,
    0.015437867210261533,
    0.0038979260862392487,
    0.01799248866903768,
    -0.006982858575995158,
    -0.016833072173181148,
    0.0038787080046475244,
    0.017851346619707772,
    0.018267287960598993,
    0.05533170932698254,
    0.05348510921157952,
    0.033719893565962195,
    0.04013964337407801,
    -0.012499135732260903,
    -0.03536405666944603,
    7.26415455565288e-18,
    0.029748465482717763,
    -0.05027447575428,
    -0.0733004913063145,
    0.017279685164781084,
    0.037714661549090776,
    0.015491591599634858,
    0.02750929961132768,
    0.02052803638433393,
    0.02512624192325868,
    0.01724196578051055,
    -0.018502079811116963,
    -0.03558799724382038,
    -0.014017642757626458,
    0.008246142987579062,
    0.022135073407516238,
    0.006645955224410355,
    -0.023119214292951967,
    0.00754308392404641,
    0.011541367467609184,
    -0.011797375538949188,
    -0.001647297418445623,
    -0.02308162686881195,
    -0.03150694544949679,
    -0.00822309453493296,
    0.012604244364748596,
    0.012516913219901397,
    -0.019826552559996664,
    -0.048894592090552656,
    -0.040448453311709064,
    -0.04551667445230619,
    -0.04873297400508288,
    0.0026097124119795053,
    -4.063318691932549e-17
  ],