{
  "positive_frequencies": [
    0.0,
    0.07734375,
    0.1546875,
    0.23203125000000002,
    0.309375,
    0.38671875,
    0.46406250000000004,
    0.54140625,
    0.61875,
    0.6960937500000001,
    0.7734375,
    0.85078125,
    0.9281250000000001,
    1.0054687500000001,
    1.0828125,
    1.16015625,
    1.2375,
    1.31484375,
    1.3921875000000001,
    1.46953125,
    1.546875,
    1.62421875,
    1.7015625,
    1.7789062500000001,
    1.8562500000000002,
    1.93359375,
    2.0109375000000003,
    2.08828125,
    2.165625,
    2.24296875,
    2.3203125,
    2.3976562500000003,
    2.475,
    2.55234375,
    2.6296875,
    2.70703125,
    2.7843750000000003,
    2.86171875,
    2.9390625,
    3.01640625,
    3.09375,
    3.1710937500000003,
    3.2484375,
    3.32578125,
    3.403125,
    3.48046875,
    3.5578125000000003,
    3.63515625,
    3.7125000000000004,
    3.78984375,
    3.8671875,
    3.9445312500000003,
    4.0218750000000005,
    4.09921875,
    4.1765625,
    4.25390625,
    4.33125,
    4.4085937500000005,
    4.4859375,
    4.56328125,
    4.640625,
    4.71796875,
    4.7953125000000005,
    4.87265625,
    4.95
  ],
  "mx_fft_pos": [
    0.0038756766305022648,
    0.0066381734018768354,
    0.006494404829801491,
    0.008682303317819431,
    0.013792948017752122,
    0.010243656338162812,
    0.0061191443854618985,
    0.01298579798717001,
    0.020362888723209654,
    0.01287128791843613,
    0.004392594301236069,
    0.008198259503448225,
    0.011656721106412773,
    0.010469130425381364,
    0.008577413796741526,
    0.014372372174675104,
    0.013125333923582562,
    0.008318953594253995,
    0.008410456098230596,
    0.01179055493691991,
    0.009227074827963491,
    0.005994016803575435,
    0.008723239259000527,
    0.01007539711296713,
    0.008138118245564051,
    0.007770932267495468,
    0.009719038662589058,
    0.011435243417642134,
    0.011865856178155311,
    0.011096142673677827,
    0.008013338406259953,
    0.005504306851970323,
    0.0043999497377744,
    0.003006447807800489,
    0.003313048867862064,
    0.0007225926378144666,
    0.0008184613203357271,
    0.0018981804224401932,
    0.0003094000969260946,
    0.0018652183835296788,
    0.0010037417957228189,
    0.00022690103105524085,
    0.001074383236049146,
    0.0011934989894812264,
    0.0012476710304505246,
    0.001523522003632706,
    0.0011456321710933035,
    0.0007534183687236705,
    0.001151183324909378,
    0.0006077607744603248,
    0.0006949968985909677,
    0.001713164406006856,
    0.002125127034809101,
    0.0019414862605022067,
    0.0013410273477646383,
    0.000968875907083685,
    0.0010393960901697956,
    0.0013074556904446965,
    0.0014417204697417046,
    0.0009633990969499503,
    0.0006864869846644999,
    0.0008542760533520613,
    0.0008208966624325642,
    0.0006468152462114393,
    0.0006575846530703578
  ],
  "my_fft_pos": [
    0.016556186430745617,
    0.018079529792545835,
    0.019764026995746947,
    0.019261961397132894,
    0.017179096909184854,
    0.013218827389247066,
    0.009337865311621207,
    0.008400889092985664,
    0.010173294404414904,
    0.013744951712851821,
    0.016979473515091735,
    0.01729196624779703,
    0.014325116317548762,
    0.009504947792447496,
    0.008633142065225132,
    0.01292334543508837,
    0.015492073131779117,
    0.012130602677052703,
    0.008491977334435978,
    0.009306880164038009,
    0.011437658852634203,
    0.012094486451429876,
    0.011659227962335438,
    0.011345134889425545,
    0.010402748322012934,
    0.008014456751059827,
    0.005911806713279154,
    0.006993890932501963,
    0.010304958511818571,
    0.01077671838461775,
    0.010283848994556994,
    0.008841511618182066,
    0.005329624038695028,
    0.0032355087774732453,
    0.002534394836285176,
    0.0029607789248868826,
    0.004194047270322543,
    0.00496231255594109,
    0.005681633123718458,
    0.003755554196712771,
    0.000763842635793591,
    0.0014662854224531425,
    0.0020927517317484152,
    0.0037464403792793538,
    0.003724196950637675,
    0.002423185597835418,
    0.0018029235306868062,
    0.0024101566765746207,
    0.0031128661291313564,
    0.0026379209919990478,
    0.0016305082605679298,
    0.0009763920380557703,
    0.0011781200922391973,
    0.0017095875212365665,
    0.0014313672125974527,
    0.0007948762080678283,
    0.00019631203392694033,
    0.00028325742616320794,
    0.0006218111721447327,
    0.0007257389247076072,
    0.000757381300149143,
    0.0008729211645594989,
    0.0006847794984091428,
    0.00022237469043151094,
    3.938209580339858e-05
  ],
  "mz_fft_pos": [
    0.012524481190331472,
    0.01373366797830029,
    0.018329161668602732,
    0.033806879661569166,
    0.039262684562162586,
    0.02452436500335966,
    0.005523505606922075,
    0.009048568883503484,
    0.0029435991530009694,
    0.0036491576678708243,
    0.004414851117432053,
    0.009201550376118098,
    0.01797241813744717,
    0.021348464859872057,
    0.017418327055976582,
    0.0117398181489697,
    0.004078701559621099,
    0.0053689951209085415,
    0.010225759618466015,
    0.013983873790875062,
    0.016595598128044568,
    0.01316542226900346,
    0.006859944971702672,
    0.0062859031818123245,
    0.0021349998082907332,
    0.006254942935840098,
    0.008769290200181157,
    0.005824497119409638,
    0.004170081764783331,
    0.008924396418535215,
    0.011322195146950367,
    0.007905332153505355,
    0.00683933114830917,
    0.004958899123110074,
    0.000960474442951877,
    0.0022847709544261225,
    0.002877428734545114,
    0.0018350013057390907,
    0.002213381835562883,
    0.0024196856186187673,
    0.001832062254823282,
    0.0013573575876333318,
    0.0008529448100540871,
    0.0001792120370193482,
    0.0005317453007655637,
    0.00029756141528484347,
    0.0005074951427217824,
    0.0006653361495866096,
    0.0006733634920178646,
    0.0007790754251808906,
    0.0005552725036805013,
    0.00037306495482408475,
    0.00023300131049994164,
    0.0001284820470122242,
    0.00010051425529273322,
    4.2575883926477475e-05,
    0.0001079000067109472,
    0.00016886200846336546,
    0.00011577127672528204,
    0.00015832922860757983,
    0.000179765481587424,
    6.901424362400195e-05,
    3.2215325164209776e-05,
    7.2200624908679e-05,
    6.21006150067105e-05
  ]
}