{
  "positive_frequencies": [
    0.0,
    0.07734375,
    0.1546875,
    0.23203125000000002,
    0.309375,
    0.38671875,
    0.46406250000000004,
    0.54140625,
    0.61875,
    0.6960937500000001,
    0.7734375,
    0.85078125,
    0.9281250000000001,
    1.0054687500000001,
    1.0828125,
    1.16015625,
    1.2375,
    1.31484375,
    1.3921875000000001,
    1.46953125,
    1.546875,
    1.62421875,
    1.7015625,
    1.7789062500000001,
    1.8562500000000002,
    1.93359375,
    2.0109375000000003,
    2.08828125,
    2.165625,
    2.24296875,
    2.3203125,
    2.3976562500000003,
    2.475,
    2.55234375,
    2.6296875,
    2.70703125,
    2.7843750000000003,
    2.86171875,
    2.9390625,
    3.01640625,
    3.09375,
    3.1710937500000003,
    3.2484375,
    3.32578125,
    3.403125,
    3.48046875,
    3.5578125000000003,
    3.63515625,
    3.7125000000000004,
    3.78984375,
    3.8671875,
    3.9445312500000003,
    4.0218750000000005,
    4.09921875,
    4.1765625,
    4.25390625,
    4.33125,
    4.4085937500000005,
    4.4859375,
    4.56328125,
    4.640625,
    4.71796875,
    4.7953125000000005,
    4.87265625,
    4.95
  ],
  "mx_fft_pos": [
    0.004429085459376359,
    0.019241218711256794,
    0.046553518562840505,
    0.04243441706796032,
    0.028896033379857276,
    0.03674024426498348,
    0.025928587996145596,
    0.008199037967779394,
    0.030726902578537094,
    0.03833267422342661,
    0.032163978405890976,
    0.03702638121755483,
    0.038112635996842455,
    0.03857381277181245,
    0.025200944925009686,
    0.005426979895798018,
    0.013371744422126686,
    0.01917949784055539,
    0.017515773760486433,
    0.017093238600265282,
    0.008870448696942835,
    0.009115473906667705,
    0.01260545484681947,
    0.006946820006239678,
    0.011320814627819621,
    0.007047570169883809,
    0.007612211428067097,
    0.00556955265347124,
    0.002939684965928076,
    0.004473584172652872,
    0.0026754706484760343,
    0.004032543250923813,
    0.0039673547570331655,
    0.0011039313096095735,
    0.0008329660215556374,
    0.0018529840321478122,
    0.0018330987917687866,
    0.0006468615806722652,
    0.000590084543447508,
    0.0005059170879982981,
    0.0004902789775574039,
    0.0002861476168464715,
    0.0006725636401297021,
    0.00030539236815223144,
    0.00014043773730265573,
    0.00011537030493585137,
    0.00013197706881315312,
    0.00015079232185807585,
    2.921529890496901e-05,
    5.1582213230319905e-05,
    2.4264470604698375e-05,
    1.5489760395807352e-05,
    2.432705134161316e-05,
    1.0098899952476297e-05,
    1.3993126222929374e-05,
    4.926935737765485e-06,
    1.363544828569158e-06,
    3.762883657550297e-06,
    1.1498578336943892e-06,
    3.359302980959222e-06,
    1.1843856446036495e-06,
    9.774241607580205e-07,
    5.996512624264e-07,
    4.991391753533945e-07,
    1.0199994736004303e-07
  ],
  "my_fft_pos": [
    0.09473507454020556,
    0.073146062739157,
    0.03730483513138164,
    0.019990762999478804,
    0.009845096620191538,
    0.01490904610972261,
    0.03773934800128042,
    0.04911129912924503,
    0.04332331111809122,
    0.0327313845116792,
    0.012619669835471541,
    0.018494479699044976,
    0.04022655624523476,
    0.04200262107645236,
    0.03673726546248643,
    0.04024041679618417,
    0.03191142958624563,
    0.00996879890973683,
    0.0036772023368592333,
    0.01016120941372604,
    0.01074803899772602,
    0.01832107549778114,
    0.02113846789372915,
    0.017251590670106582,
    0.016678014435349796,
    0.010363380905385376,
    0.002026961864616972,
    0.002415805783616447,
    0.0031105964023076444,
    0.0029628542096601274,
    0.002346599876731649,
    0.0012002310521674194,
    0.0005860810029579502,
    0.0015974427684425372,
    0.001537704505539833,
    0.0007954753368963658,
    0.000494957616158689,
    0.0010717140586821486,
    0.0007047904882270266,
    0.0006254599795309796,
    0.00029978427549372363,
    0.00014074323277212165,
    0.0003303736907360149,
    1.4130027595650224e-05,
    0.00022062125026090507,
    6.026455353954119e-05,
    5.8583048092521107e-05,
    4.760724753992109e-05,
    5.352107856832368e-05,
    6.59130365267962e-05,
    1.83895325896368e-05,
    1.244020353344076e-05,
    1.7924070219192294e-05,
    1.4063474280426607e-06,
    8.686258481774367e-06,
    1.656453112643423e-06,
    1.420080079362515e-06,
    2.239662987726458e-06,
    2.579779365123211e-06,
    1.7781462304386692e-06,
    1.713975131727501e-06,
    2.0672585631349436e-06,
    2.156405001982158e-06,
    1.801908572477874e-06,
    1.3785638677532574e-06
  ],
  "mz_fft_pos": [
    0.068096416242462,
    0.04719887497182741,
    0.02506382445400311,
    0.0587595004211865,
    0.06881204614779281,
    0.06657762347016818,
    0.06789748560515997,
    0.049375996399611204,
    0.024243452363348027,
    0.034978018066214506,
    0.034928315712116895,
    0.03239135132720108,
    0.02589001084916907,
    0.0009021557217953886,
    0.01630729115043299,
    0.01029810727263736,
    0.025785067378339042,
    0.016738522912763655,
    0.005247002514404484,
    0.015056256518752881,
    0.021444476618725634,
    0.017634799888647534,
    0.0058586614646092714,
    0.011503311773204725,
    0.018065595296406133,
    0.007866386332250256,
    0.005361699186179957,
    0.004028635157341908,
    0.00669039617914829,
    0.006158787264630216,
    0.0007475230816187063,
    0.003206591019974329,
    0.0023645972488534634,
    0.0009817580799737638,
    0.0010702014363015897,
    0.0015461531523827646,
    0.0012910116408438497,
    0.0002509107554685904,
    0.0008511559002694352,
    0.0007854674761317749,
    0.0006678752186552806,
    0.00038544940495295713,
    0.0005245734348647778,
    0.0002625055069151488,
    0.000253676625234919,
    0.00025309297793554315,
    0.00019685820971176803,
    0.00015108690646037956,
    5.67968919711379e-05,
    8.505697377923145e-05,
    4.494912589345384e-05,
    3.4121574817514545e-05,
    2.3504581866379725e-05,
    1.8811499238859213e-05,
    1.1091758685546048e-05,
    7.53452196926104e-06,
    3.488256908871232e-06,
    2.690613259069151e-06,
    8.294497200369353e-07,
    1.0858466087824072e-06,
    5.816888435892196e-07,
    6.404620843352038e-07,
    3.6619799551582037e-07,
    1.5232822404919184e-07,
    2.2942596114461367e-07
  ]
}