{
  "times": [
    0.0,
    0.10101010101010101,
    0.20202020202020202,
    0.30303030303030304,
    0.40404040404040403,
    0.5050505050505051,
    0.6060606060606061,
    0.7070707070707071,
    0.8080808080808081,
    0.9090909090909091,
    1.0101010101010102,
    1.1111111111111112,
    1.2121212121212122,
    1.3131313131313131,
    1.4141414141414141,
    1.5151515151515151,
    1.6161616161616161,
    1.7171717171717171,
    1.8181818181818181,
    1.9191919191919191,
    2.0202020202020203,
    2.121212121212121,
    2.2222222222222223,
    2.323232323232323,
    2.4242424242424243,
    2.525252525252525,
    2.6262626262626263,
    2.727272727272727,
    2.8282828282828283,
    2.929292929292929,
    3.0303030303030303,
    3.131313131313131,
    3.2323232323232323,
    3.3333333333333335,
    3.4343434343434343,
    3.5353535353535355,
    3.6363636363636362,
    3.7373737373737375,
    3.8383838383838382,
    3.9393939393939394,
    4.040404040404041,
    4.141414141414141,
    4.242424242424242,
    4.343434343434343,
    4.444444444444445,
    4.545454545454545,
    4.646464646464646,
    4.747474747474747,
    4.848484848484849,
    4.94949494949495,
    5.05050505050505,
    5.151515151515151,
    5.252525252525253,
    5.353535353535354,
    5.454545454545454,
    5.555555555555555,
    5.656565656565657,
    5.757575757575758,
    5.858585858585858,
    5.959595959595959,
    6.0606060606060606,
    6.161616161616162,
    6.262626262626262,
    6.363636363636363,
    6.4646464646464645,
    6.565656565656566,
    6.666666666666667,
    6.767676767676767,
    6.8686868686868685,
    6.96969696969697,
    7.070707070707071,
    7.171717171717171,
    7.2727272727272725,
    7.373737373737374,
    7.474747474747475,
    7.575757575757575,
    7.6767676767676765,
    7.777777777777778,
    7.878787878787879,
    7.979797979797979,
    8.080808080808081,
    8.181818181818182,
    8.282828282828282,
    8.383838383838384,
    8.484848484848484,
    8.585858585858587,
    8.686868686868687,
    8.787878787878787,
    8.88888888888889,
    8.98989898989899,
    9.09090909090909,
    9.191919191919192,
    9.292929292929292,
    9.393939393939394,
    9.494949494949495,
    9.595959595959595,
    9.696969696969697,
    9.797979797979798,
    9.8989898989899,
    10.0
  ],
  "mx": [
    1.0,
    0.06100427679243401,
    0.21385457374226524,
    -0.1780250954247837,
    -0.08993122653459522,
    0.01926504841257202,
    -0.019011083635654236,
    0.004988030951836184,
    0.04233763357086563,
    -0.09161643609116654,
    0.0468539927414315,
    -0.008474939524523955,
    0.049771717104793715,
    0.08283647085607185,
    0.10170543536210493,
    -0.06436695976453187,
    -0.18543806401780893,
    -0.15110116936472587,
    0.0190888898142291,
    0.036154302681885325,
    0.057160181111044914,
    -0.009885599983472538,
    -0.0004490521567831571,
    0.02970437416950149,
    -0.0026959801192339393,
    0.0033115122666403894,
    -0.0053441322536614,
    0.0058221237366851515,
    -0.00011666969562146182,
    0.056376807271975624,
    -0.01581875250643336,
    0.03255871567294866,
    0.1556876345498962,
    0.9999999999999999,
    0.10677616820659458,
    0.016569652119029107,
    0.12813957791108807,
    0.07247511451250549,
    0.03028981303337511,
    0.028447090651967422,
    0.06089556087721055,
    0.010257904657902625,
    -0.03035153062561081,
    -0.041350751526862926,
    -0.01828252809217168,
    0.03688224247885438,
    -0.04989174707350792,
    -0.021929594751486217,
    -0.0161941198965036,
    -0.17195232960837678,
    -0.16078387162639063,
    0.007186542188681741,
    -0.20946615959808593,
    -0.15632333983630872,
    0.008078799495444534,
    -0.031029512954489333,
    -0.05146495213820192,
    -0.037935696385686134,
    0.006740011863816479,
    -0.024840835896602364,
    0.009662855214306232,
    0.007305704979524172,
    0.03246360363269574,
    0.1061641056170383,
    0.0014000904229988214,
    0.1625564726733032,
    1.0000000000000002,
    0.11794543131125806,
    0.029983645109839967,
    0.14256636000887313,
    0.006868807694512976,
    0.019727359459620005,
    0.03396475960810777,
    0.047700023811582004,
    -0.04022327094791882,
    -0.0021433689386200806,
    -0.008840139214709504,
    0.03568007330876846,
    -0.036213488731646135,
    -0.019533496264339686,
    -0.01906283695251319,
    0.031027660143510282,
    -0.155429161181944,
    -0.1705969277441693,
    -0.01083432238694442,
    0.06975845236720944,
    0.050983542132563175,
    0.003934626558374423,
    0.004984808035274701,
    0.029648405519572894,
    -0.005703987227502479,
    -0.03040202783019677,
    -0.01693988440738509,
    0.0055717494352947195,
    0.014169214705691744,
    -0.09088757216285333,
    -0.12298577753452973,
    0.05243057121296174,
    0.07601428839894867,
    1.0
  ],
  "my": [
    0.0,
    0.04418278322070842,
    0.14488082045796224,
    -0.0037710356642215795,
    -0.0077067072047221396,
    -0.04850059548224731,
    -0.017411525988221918,
    0.00033029522921615775,
    0.021818512940771466,
    0.04286908906628181,
    0.015562477985824056,
    -0.016640273197280585,
    0.017681283871243455,
    0.0026828022788458316,
    -0.02716537117972985,
    0.04591157410426032,
    0.008837056990002722,
    0.003815392477940465,
    -0.013263426758883434,
    0.00225830908954195,
    -0.034621854712336954,
    -0.0006460122488732112,
    -0.015564087724224372,
    0.013809137572849463,
    0.012612336975797502,
    0.0069097773381027305,
    -0.07126634981617737,
    0.0026327374999662815,
    -0.021355626722144305,
    0.013096141702425956,
    -0.01554722998642808,
    0.021853441134303434,
    -0.02322453303658722,
    -3.686287386450715e-18,
    0.0034675395334885567,
    -0.014178376354282516,
    0.01578577218311624,
    -0.0045966510892071315,
    0.021221935455013982,
    -0.007093421345132991,
    -0.014158896066642047,
    0.005817193655651078,
    -0.019377850970432507,
    0.017146991881808765,
    0.008217120019408383,
    -0.024328708804722488,
    -0.0030929728658390457,
    -0.004325655635868784,
    -0.015408839113376947,
    0.00022686991718822314,
    0.0035150546206542364,
    -0.02426673495886847,
    -0.02092806470440607,
    0.0075215764032128775,
    0.004860251097162481,
    0.01486744436805522,
    -0.026908030308733358,
    0.0029958045640644543,
    0.0075278700730189285,
    0.028004963091316455,
    0.01902772003754179,
    0.02598295331495487,
    0.008039657956068572,
    -0.006471577052180797,
    -0.01341880627173558,
    0.019783482146685634,
    9.324138683375326e-18,
    -0.016717254567841098,
    0.004570394944639327,
    -0.014006988877408743,
    0.020973727794793708,
    0.02776413270093244,
    -0.009679962010408385,
    0.008029971937011292,
    0.011281903959997933,
    0.03358217428920651,
    0.005023796924828266,
    -0.017553814283424743,
    -0.0033499316049787273,
    0.044856844871680866,
    0.0010534562781097708,
    -0.008877839481960838,
    -0.010443057306124551,
    -0.00678229863583777,
    -7.726575075763225e-05,
    0.010984252396244256,
    0.028741899485227287,
    0.005867108758088475,
    0.017885189664252572,
    0.013410079991526914,
    -0.06062530225764676,
    -0.025813638138499725,
    -0.014146430925609592,
    0.00042586414086181155,
    -0.006273346159422857,
    -0.007836594014535857,
    0.03756222986223923,
    -0.04578259134043191,
    0.00861781789492853,
    -9.64939933512099e-18
  ],