{
  "positive_frequencies": [
    0.0,
    0.07734375,
    0.1546875,
    0.23203125000000002,
    0.309375,
    0.38671875,
    0.46406250000000004,
    0.54140625,
    0.61875,
    0.6960937500000001,
    0.7734375,
    0.85078125,
    0.9281250000000001,
    1.0054687500000001,
    1.0828125,
    1.16015625,
    1.2375,
    1.31484375,
    1.3921875000000001,
    1.46953125,
    1.546875,
    1.62421875,
    1.7015625,
    1.7789062500000001,
    1.8562500000000002,
    1.93359375,
    2.0109375000000003,
    2.08828125,
    2.165625,
    2.24296875,
    2.3203125,
    2.3976562500000003,
    2.475,
    2.55234375,
    2.6296875,
    2.70703125,
    2.7843750000000003,
    2.86171875,
    2.9390625,
    3.01640625,
    3.09375,
    3.1710937500000003,
    3.2484375,
    3.32578125,
    3.403125,
    3.48046875,
    3.5578125000000003,
    3.63515625,
    3.7125000000000004,
    3.78984375,
    3.8671875,
    3.9445312500000003,
    4.0218750000000005,
    4.09921875,
    4.1765625,
    4.25390625,
    4.33125,
    4.4085937500000005,
    4.4859375,
    4.56328125,
    4.640625,
    4.71796875,
    4.7953125000000005,
    4.87265625,
    4.95
  ],
  "mx_fft_pos": [
    0.03012188192913521,
    0.01722975796681645,
    0.01663270714007272,
    0.05153105421704644,
    0.06366586811339268,
    0.04351132189500577,
    0.008665425571057546,
    0.022067013412862265,
    0.02843686626687627,
    0.017482564018118704,
    0.008516032371026093,
    0.03317079977820143,
    0.037663394108421795,
    0.016635444826819473,
    0.011201631151036595,
    0.022088681715691224,
    0.02176493708637833,
    0.011331317135465748,
    0.013206219753358775,
    0.03321418857492022,
    0.028625071689158826,
    0.004600415061574553,
    0.01626974612754365,
    0.025374246979268156,
    0.024164876344830256,
    0.008585094477889459,
    0.016831584327274093,
    0.03006828407039544,
    0.018914102480013715,
    0.00786961513312493,
    0.021055159415473788,
    0.02528020287097499,
    0.018436218415723613,
    0.0049536588361437485,
    0.031014866360228047,
    0.04139292025084921,
    0.02833164800265887,
    0.004787423658367177,
    0.01620123981667622,
    0.021554873724746217,
    0.009435448235198913,
    0.01568853804704306,
    0.03502404628192569,
    0.0368862970232223,
    0.021918634110007384,
    0.0026289532070370362,
    0.016838434596539224,
    0.01887914982563139,
    0.0076514009442491095,
    0.011969821986164711,
    0.02702106198341148,
    0.02616845241958515,
    0.010801507007681841,
    0.007538989442031694,
    0.019043357101654765,
    0.01879484974180538,
    0.007287400195049511,
    0.01087131326207805,
    0.020910144938834332,
    0.017414339617004948,
    0.0014424223743164633,
    0.015222416384610315,
    0.02002671330221279,
    0.0130733050455948,
    0.005435302342580079
  ],
  "my_fft_pos": [
    4.136602056391103e-05,
    0.0023480389541806453,
    0.0027519374030807644,
    0.001266735478632155,
    0.001552827729789329,
    0.002408293569572645,
    0.0028721031959530303,
    0.0021259624037457616,
    0.0017230670882678295,
    0.0019219244552944631,
    0.0020648797350080908,
    0.0013601960263661603,
    0.0004882615097120405,
    0.0008815367393510241,
    0.0013457416366581827,
    0.0006719681446516493,
    0.0015945866044800765,
    0.0019634337792736865,
    0.0025590066534758654,
    0.0007536943461328116,
    0.002545961969378956,
    0.0028709074223020378,
    0.0022906584444805566,
    0.002260789487469259,
    0.0031917464367509146,
    0.0037344852693518508,
    0.002024398039123858,
    0.0007971884420946981,
    0.001719434137835603,
    0.0007365844678559369,
    0.002489068081692414,
    0.0020308323144290776,
    0.0012764665647115822,
    0.0017210284319673405,
    0.0017199248010653582,
    0.0017583761543795199,
    0.0014874363495380888,
    0.001803812328990186,
    0.0013591121580706813,
    0.0009695062698766504,
    0.00226669631499423,
    0.002738948890043964,
    0.0026351414054132565,
    0.001261958461428425,
    0.001872634196909146,
    0.0013205135429583486,
    0.0016523450570075351,
    0.0026376058589579927,
    0.0030454114346183396,
    0.0020336609511354535,
    5.332999462619681e-05,
    0.0012376834147158088,
    0.0018830641066489998,
    0.0024305320792560405,
    0.002388896925442419,
    0.002503303196600458,
    0.0028703234636580847,
    0.0015195898595336957,
    0.0006734706851427985,
    0.0024054698555310296,
    0.002813800882085926,
    0.0022797440664199782,
    0.001102427616053659,
    0.0023775274253760347,
    0.004026871970081026
  ],
  "mz_fft_pos": [
    0.004954991834895013,
    0.006312804421679309,
    0.010349524279823476,
    0.013391138352508667,
    0.010645679509507223,
    0.005817094653624858,
    0.0068774491406900515,
    0.009388834935467034,
    0.007834423229543913,
    0.0074453516233266735,
    0.007291451007086198,
    0.004387046326679587,
    0.004914415601298749,
    0.004265234987246041,
    0.010721118989845955,
    0.010970297748935048,
    0.007538453595202649,
    0.005405353945464438,
    0.0018529469800001727,
    0.004754174632749618,
    0.009633203117718156,
    0.007335825599027623,
    0.003424128686709472,
    0.004757983504390835,
    0.008009582339881043,
    0.005830928037603252,
    0.01384050365449136,
    0.017615017329229016,
    0.010170493813393123,
    0.002014496637152169,
    0.004471417971217497,
    0.00861874749126968,
    0.007810704246688128,
    0.003782291385416292,
    0.017768849928351406,
    0.019895153661157503,
    0.010955252629153598,
    0.004634150170583034,
    0.0037905513319573918,
    0.0036050828262135554,
    0.0020158311713604437,
    0.009675489092118537,
    0.019356197708264244,
    0.018684882945130543,
    0.012345047854733527,
    0.008063366730855314,
    0.005818371820454896,
    0.003975401971277757,
    0.00455297930055579,
    0.009670028790925534,
    0.014893905719667824,
    0.013080401841738849,
    0.00857776099184813,
    0.00697063018182836,
    0.004901640449291503,
    0.006152482422158806,
    0.008338019201877545,
    0.00933097596646858,
    0.010232756222702595,
    0.004313370452403162,
    0.00357872623076208,
    0.0031865934338370736,
    0.0015223096942144979,
    0.003420902577040707,
    0.006138256085720805
  ]
}