{
  "positive_frequencies": [
    0.0,
    0.07734375,
    0.1546875,
    0.23203125000000002,
    0.309375,
    0.38671875,
    0.46406250000000004,
    0.54140625,
    0.61875,
    0.6960937500000001,
    0.7734375,
    0.85078125,
    0.9281250000000001,
    1.0054687500000001,
    1.0828125,
    1.16015625,
    1.2375,
    1.31484375,
    1.3921875000000001,
    1.46953125,
    1.546875,
    1.62421875,
    1.7015625,
    1.7789062500000001,
    1.8562500000000002,
    1.93359375,
    2.0109375000000003,
    2.08828125,
    2.165625,
    2.24296875,
    2.3203125,
    2.3976562500000003,
    2.475,
    2.55234375,
    2.6296875,
    2.70703125,
    2.7843750000000003,
    2.86171875,
    2.9390625,
    3.01640625,
    3.09375,
    3.1710937500000003,
    3.2484375,
    3.32578125,
    3.403125,
    3.48046875,
    3.5578125000000003,
    3.63515625,
    3.7125000000000004,
    3.78984375,
    3.8671875,
    3.9445312500000003,
    4.0218750000000005,
    4.09921875,
    4.1765625,
    4.25390625,
    4.33125,
    4.4085937500000005,
    4.4859375,
    4.56328125,
    4.640625,
    4.71796875,
    4.7953125000000005,
    4.87265625,
    4.95
  ],
  "mx_fft_pos": [
    0.0743136260530348,
    0.08204009191324958,
    0.08457064245567797,
    0.062354684312066144,
    0.026751018801331204,
    0.007925806187367476,
    0.03694935673576962,
    0.047781962486418264,
    0.04487887187463531,
    0.048022725252360086,
    0.0485651380483426,
    0.04808132896647463,
    0.05470851140271708,
    0.04425883903810682,
    0.011022445223716593,
    0.0426405491314712,
    0.04006480386705388,
    0.004999781876693335,
    0.024325800453929246,
    0.01754366397333597,
    0.00281035007619844,
    0.010798337651756173,
    0.02477237841249233,
    0.039512078767643274,
    0.045565373859268954,
    0.03428321020123806,
    0.017492858501128517,
    0.009158849830235079,
    0.009253834063245748,
    0.006488476716970326,
    0.015980536175825857,
    0.018620711103964273,
    0.011808988862613827,
    0.010897986453482288,
    0.012142904339903322,
    0.005504231019407322,
    0.000988087559246464,
    0.0026401189331258213,
    0.007392485528220817,
    0.009275331308239652,
    0.00603271733295642,
    0.0021126512323925164,
    0.0020657700513729326,
    0.003100342574424907,
    0.0022584514896824316,
    0.0005836856993921888,
    0.0007892809636828711,
    0.0034901035431297036,
    0.0037770905087384,
    0.0008967422588922487,
    0.0014135356910579923,
    0.002655318347045481,
    0.002007500215775877,
    0.0010032778153499157,
    0.0012679720420214974,
    0.0008267418745275146,
    0.0004844864598496871,
    0.0005946759264959957,
    0.0003859161876000992,
    0.000557305819536789,
    0.00019144054723408077,
    0.0004891655984949841,
    0.0003755921532363012,
    0.00019523219964711377,
    0.0004949756040218967
  ],
  "my_fft_pos": [
    0.0300304650925918,
    0.04774280247322291,
    0.05285319391996054,
    0.03639421630074901,
    0.026057065270216336,
    0.025350524047868635,
    0.027059555930195472,
    0.0318745343863959,
    0.03654720447487507,
    0.03286525136968747,
    0.030690301855467044,
    0.0349113261447016,
    0.03067537778509961,
    0.03357561866166491,
    0.05061110537625558,
    0.05510629709279273,
    0.02945358481704741,
    0.017602031358148022,
    0.032043599362959814,
    0.03223285057464989,
    0.020631830329006184,
    0.031473965706036326,
    0.0345621102835109,
    0.02679485762014651,
    0.00658596747427767,
    0.016778052353346673,
    0.022468360880973384,
    0.0194271381687872,
    0.019225863753496275,
    0.021810694487903702,
    0.020304959484352132,
    0.012660678924272745,
    0.00843668774052036,
    0.005625478765967401,
    0.006865950993580433,
    0.0059342287186276,
    0.012876813314187472,
    0.01057874789339999,
    0.006261491353664289,
    0.008521400373077836,
    0.0062663596370673294,
    0.004525920014933915,
    0.00399428638164925,
    0.00713694249269342,
    0.008538620503329892,
    0.004689694707369438,
    0.0014117241742710453,
    0.001303652295555424,
    0.0018474021706421752,
    0.001141832173963129,
    0.002201320690561311,
    0.0017733348602219845,
    0.0002913218416165302,
    0.0009282751392088564,
    0.00017000963917335014,
    0.00023999107636588857,
    0.0016097515860308978,
    0.0011095759494516274,
    0.000912403619616734,
    0.00044914760390771523,
    0.00020887075058166512,
    0.00042367818556128463,
    0.0003731185277135868,
    0.0004469344332264676,
    7.868497593198187e-05
  ],
  "mz_fft_pos": [
    0.009445807479782574,
    0.02162352594648184,
    0.03572552928681899,
    0.039074455134233126,
    0.02501768898773098,
    0.026708242546292844,
    0.06835201258502002,
    0.04996167305520678,
    0.03181573303606915,
    0.07535346927774463,
    0.06291753757398405,
    0.027739212927822696,
    0.03166027623178735,
    0.007015131600019788,
    0.025535302605156955,
    0.018278438315195666,
    0.02378967577621403,
    0.0361283228240891,
    0.028465544248979433,
    0.017668277062764165,
    0.016119854855518426,
    0.02818435242129686,
    0.03366002900644257,
    0.030017002444292697,
    0.02696274142473712,
    0.02609834491274554,
    0.018017820638362828,
    0.011997994464220549,
    0.009259039783513867,
    0.005531150313611162,
    0.012746877573162533,
    0.014115086527601198,
    0.01165966466894373,
    0.01081726878144114,
    0.009869861199178763,
    0.008841682003974873,
    0.003444096532775745,
    0.0058419162877284495,
    0.005867216172299864,
    0.005499930473413164,
    0.003413309112212604,
    0.0017526165570216725,
    0.00415006527139716,
    0.002074981601063301,
    0.0005583462255746078,
    0.0014814821426501709,
    0.001520629700119439,
    0.0007356065265060567,
    0.000481663351408406,
    0.00037892751419312844,
    0.0007701186393267974,
    0.00040354288642189255,
    0.0008907532246933851,
    0.0004562709605835484,
    0.0003415662407188218,
    0.0004240914950950204,
    0.00032864455364462933,
    0.00021187440937739334,
    0.00013323729956472367,
    8.531456397163708e-05,
    2.9687776011233834e-05,
    1.7837956126390462e-05,
    8.930273883204948e-06,
    7.517972250118058e-07,
    1.4889802240625194e-08
  ]
}