{
  "positive_frequencies": [
    0.0,
    0.07734375,
    0.1546875,
    0.23203125000000002,
    0.309375,
    0.38671875,
    0.46406250000000004,
    0.54140625,
    0.61875,
    0.6960937500000001,
    0.7734375,
    0.85078125,
    0.9281250000000001,
    1.0054687500000001,
    1.0828125,
    1.16015625,
    1.2375,
    1.31484375,
    1.3921875000000001,
    1.46953125,
    1.546875,
    1.62421875,
    1.7015625,
    1.7789062500000001,
    1.8562500000000002,
    1.93359375,
    2.0109375000000003,
    2.08828125,
    2.165625,
    2.24296875,
    2.3203125,
    2.3976562500000003,
    2.475,
    2.55234375,
    2.6296875,
    2.70703125,
    2.7843750000000003,
    2.86171875,
    2.9390625,
    3.01640625,
    3.09375,
    3.1710937500000003,
    3.2484375,
    3.32578125,
    3.403125,
    3.48046875,
    3.5578125000000003,
    3.63515625,
    3.7125000000000004,
    3.78984375,
    3.8671875,
    3.9445312500000003,
    4.0218750000000005,
    4.09921875,
    4.1765625,
    4.25390625,
    4.33125,
    4.4085937500000005,
    4.4859375,
    4.56328125,
    4.640625,
    4.71796875,
    4.7953125000000005,
    4.87265625,
    4.95
  ],
  "mx_fft_pos": [
    0.0743136260530348,
    0.08204009191324958,
    0.08457064245567798,
    0.062354684312066117,
    0.026751018801331208,
    0.00792580618736748,
    0.03694935673576963,
    0.047781962486418285,
    0.04487887187463531,
    0.048022725252360086,
    0.04856513804834262,
    0.04808132896647461,
    0.0547085114027171,
    0.04425883903810683,
    0.011022445223716593,
    0.04264054913147119,
    0.04006480386705388,
    0.004999781876693337,
    0.02432580045392926,
    0.017543663973335975,
    0.002810350076198437,
    0.01079833765175617,
    0.02477237841249234,
    0.039512078767643274,
    0.04556537385926895,
    0.034283210201238055,
    0.01749285850112851,
    0.009158849830235082,
    0.009253834063245751,
    0.006488476716970329,
    0.015980536175825864,
    0.01862071110396427,
    0.011808988862613813,
    0.010897986453482285,
    0.012142904339903336,
    0.0055042310194073326,
    0.0009880875592464674,
    0.0026401189331258235,
    0.007392485528220819,
    0.009275331308239656,
    0.006032717332956413,
    0.002112651232392516,
    0.0020657700513729317,
    0.003100342574424894,
    0.0022584514896824208,
    0.0005836856993921726,
    0.0007892809636828688,
    0.0034901035431297036,
    0.0037770905087384033,
    0.0008967422588922528,
    0.0014135356910579989,
    0.002655318347045489,
    0.0020075002157758795,
    0.0010032778153499242,
    0.0012679720420215063,
    0.0008267418745275316,
    0.00048448645984968726,
    0.0005946759264959916,
    0.0003859161876001081,
    0.0005573058195367972,
    0.00019144054723407866,
    0.0004891655984949797,
    0.0003755921532362911,
    0.00019523219964712188,
    0.0004949756040218922
  ],
  "my_fft_pos": [
    0.03003046509259179,
    0.04774280247322291,
    0.05285319391996052,
    0.03639421630074901,
    0.02605706527021633,
    0.025350524047868642,
    0.027059555930195475,
    0.031874534386395904,
    0.03654720447487508,
    0.032865251369687466,
    0.03069030185546704,
    0.0349113261447016,
    0.03067537778509961,
    0.03357561866166491,
    0.050611105376255565,
    0.05510629709279272,
    0.02945358481704741,
    0.017602031358148026,
    0.03204359936295981,
    0.03223285057464989,
    0.020631830329006184,
    0.03147396570603633,
    0.0345621102835109,
    0.02679485762014651,
    0.006585967474277667,
    0.016778052353346673,
    0.022468360880973374,
    0.019427138168787182,
    0.019225863753496254,
    0.021810694487903695,
    0.02030495948435213,
    0.012660678924272736,
    0.008436687740520362,
    0.005625478765967393,
    0.006865950993580433,
    0.005934228718627592,
    0.012876813314187463,
    0.010578747893399982,
    0.006261491353664284,
    0.008521400373077845,
    0.006266359637067339,
    0.004525920014933915,
    0.003994286381649242,
    0.007136942492693413,
    0.008538620503329887,
    0.004689694707369434,
    0.0014117241742710462,
    0.0013036522955554037,
    0.001847402170642167,
    0.0011418321739631342,
    0.0022013206905613122,
    0.0017733348602219832,
    0.0002913218416165278,
    0.0009282751392088663,
    0.0001700096391733443,
    0.00023999107636588863,
    0.001609751586030894,
    0.001109575949451622,
    0.0009124036196167371,
    0.0004491476039077165,
    0.00020887075058166062,
    0.00042367818556129385,
    0.00037311852771359393,
    0.0004469344332264728,
    7.868497593198631e-05
  ],
  "mz_fft_pos": [
    0.009445807479782568,
    0.02162352594648184,
    0.03572552928681899,
    0.03907445513423313,
    0.025017688987730994,
    0.02670824254629284,
    0.06835201258502002,
    0.049961673055206796,
    0.031815733036069146,
    0.07535346927774465,
    0.06291753757398406,
    0.027739212927822707,
    0.03166027623178736,
    0.0070151316000197925,
    0.02553530260515695,
    0.018278438315195652,
    0.023789675776214037,
    0.03612832282408911,
    0.02846554424897945,
    0.017668277062764186,
    0.016119854855518426,
    0.028184352421296858,
    0.03366002900644255,
    0.030017002444292677,
    0.026962741424737095,
    0.026098344912745524,
    0.018017820638362807,
    0.011997994464220537,
    0.009259039783513865,
    0.005531150313611154,
    0.012746877573162533,
    0.014115086527601201,
    0.011659664668943739,
    0.010817268781441155,
    0.009869861199178775,
    0.00884168200397489,
    0.0034440965327757534,
    0.005841916287728442,
    0.00586721617229985,
    0.005499930473413155,
    0.0034133091122126023,
    0.001752616557021669,
    0.00415006527139715,
    0.002074981601063297,
    0.0005583462255745955,
    0.001481482142650174,
    0.0015206297001194421,
    0.0007356065265060611,
    0.00048166335140841036,
    0.0003789275141931319,
    0.0007701186393267907,
    0.0004035428864218965,
    0.0008907532246933979,
    0.000456270960583565,
    0.00034156624071881697,
    0.00042409149509500886,
    0.00032864455364460955,
    0.00021187440937737865,
    0.00013323729956471217,
    8.531456397163535e-05,
    2.968777601123981e-05,
    1.783795612640713e-05,
    8.930273883220019e-06,
    7.517972250169335e-07,
    1.488980223562919e-08
  ]
}