{
  "positive_frequencies": [
    0.0,
    0.07734375,
    0.1546875,
    0.23203125000000002,
    0.309375,
    0.38671875,
    0.46406250000000004,
    0.54140625,
    0.61875,
    0.6960937500000001,
    0.7734375,
    0.85078125,
    0.9281250000000001,
    1.0054687500000001,
    1.0828125,
    1.16015625,
    1.2375,
    1.31484375,
    1.3921875000000001,
    1.46953125,
    1.546875,
    1.62421875,
    1.7015625,
    1.7789062500000001,
    1.8562500000000002,
    1.93359375,
    2.0109375000000003,
    2.08828125,
    2.165625,
    2.24296875,
    2.3203125,
    2.3976562500000003,
    2.475,
    2.55234375,
    2.6296875,
    2.70703125,
    2.7843750000000003,
    2.86171875,
    2.9390625,
    3.01640625,
    3.09375,
    3.1710937500000003,
    3.2484375,
    3.32578125,
    3.403125,
    3.48046875,
    3.5578125000000003,
    3.63515625,
    3.7125000000000004,
    3.78984375,
    3.8671875,
    3.9445312500000003,
    4.0218750000000005,
    4.09921875,
    4.1765625,
    4.25390625,
    4.33125,
    4.4085937500000005,
    4.4859375,
    4.56328125,
    4.640625,
    4.71796875,
    4.7953125000000005,
    4.87265625,
    4.95
  ],
  "mx_fft_pos": [
    0.0044290854593763565,
    0.019241218711256794,
    0.04655351856284049,
    0.04243441706796032,
    0.02889603337985728,
    0.03674024426498348,
    0.0259285879961456,
    0.008199037967779384,
    0.030726902578537094,
    0.038332674223426615,
    0.03216397840589098,
    0.03702638121755483,
    0.038112635996842455,
    0.03857381277181245,
    0.025200944925009697,
    0.005426979895798015,
    0.01337174442212668,
    0.019179497840555393,
    0.01751577376048644,
    0.01709323860026529,
    0.008870448696942843,
    0.0091154739066677,
    0.012605454846819466,
    0.0069468200062396766,
    0.011320814627819625,
    0.007047570169883812,
    0.007612211428067105,
    0.005569552653471248,
    0.0029396849659280794,
    0.004473584172652877,
    0.0026754706484760425,
    0.004032543250923808,
    0.00396735475703316,
    0.0011039313096095694,
    0.000832966021555638,
    0.0018529840321478094,
    0.0018330987917687836,
    0.0006468615806722634,
    0.0005900845434475141,
    0.0005059170879982917,
    0.0004902789775574065,
    0.0002861476168464687,
    0.0006725636401296938,
    0.00030539236815223155,
    0.0001404377373026552,
    0.00011537030493584865,
    0.0001319770688131543,
    0.00015079232185807824,
    2.921529890497364e-05,
    5.158221323031273e-05,
    2.4264470604697406e-05,
    1.548976039581391e-05,
    2.432705134160428e-05,
    1.0098899952477426e-05,
    1.3993126222933957e-05,
    4.9269357377674116e-06,
    1.36354482857311e-06,
    3.762883657551931e-06,
    1.149857833696148e-06,
    3.3593029809581713e-06,
    1.1843856446027817e-06,
    9.774241607539128e-07,
    5.996512624196657e-07,
    4.991391753549799e-07,
    1.019999473683697e-07
  ],
  "my_fft_pos": [
    0.09473507454020556,
    0.073146062739157,
    0.03730483513138165,
    0.019990762999478807,
    0.00984509662019154,
    0.01490904610972261,
    0.03773934800128042,
    0.04911129912924503,
    0.04332331111809122,
    0.03273138451167921,
    0.012619669835471543,
    0.018494479699044976,
    0.04022655624523476,
    0.042002621076452355,
    0.036737265462486415,
    0.04024041679618417,
    0.031911429586245633,
    0.009968798909736835,
    0.00367720233685923,
    0.010161209413726035,
    0.010748038997726013,
    0.018321075497781135,
    0.02113846789372915,
    0.01725159067010658,
    0.01667801443534979,
    0.010363380905385371,
    0.0020269618646169695,
    0.002415805783616449,
    0.003110596402307647,
    0.00296285420966013,
    0.0023465998767316547,
    0.001200231052167428,
    0.0005860810029579465,
    0.001597442768442535,
    0.001537704505539832,
    0.0007954753368963674,
    0.0004949576161586827,
    0.0010717140586821417,
    0.0007047904882270241,
    0.0006254599795309791,
    0.0002997842754937218,
    0.00014074323277211463,
    0.0003303736907360079,
    1.4130027595654943e-05,
    0.00022062125026090618,
    6.02645535395492e-05,
    5.858304809251504e-05,
    4.7607247539917865e-05,
    5.352107856833073e-05,
    6.591303652679634e-05,
    1.838953258963894e-05,
    1.2440203533437836e-05,
    1.7924070219190407e-05,
    1.4063474280498793e-06,
    8.686258481773947e-06,
    1.6564531126441145e-06,
    1.4200800793611704e-06,
    2.2396629877195473e-06,
    2.579779365123997e-06,
    1.778146230445047e-06,
    1.7139751317268994e-06,
    2.0672585631353955e-06,
    2.1564050019775963e-06,
    1.8019085724757424e-06,
    1.3785638677621392e-06
  ],
  "mz_fft_pos": [
    0.068096416242462,
    0.04719887497182741,
    0.025063824454003115,
    0.05875950042118652,
    0.06881204614779281,
    0.06657762347016818,
    0.06789748560515997,
    0.049375996399611204,
    0.024243452363348034,
    0.03497801806621451,
    0.034928315712116895,
    0.032391351327201084,
    0.025890010849169073,
    0.000902155721795386,
    0.016307291150432997,
    0.010298107272637367,
    0.025785067378339042,
    0.016738522912763662,
    0.005247002514404484,
    0.015056256518752878,
    0.021444476618725634,
    0.017634799888647537,
    0.005858661464609271,
    0.01150331177320473,
    0.01806559529640614,
    0.007866386332250256,
    0.005361699186179959,
    0.00402863515734191,
    0.0066903961791482825,
    0.006158787264630211,
    0.0007475230816187104,
    0.00320659101997433,
    0.002364597248853463,
    0.0009817580799737627,
    0.0010702014363015936,
    0.0015461531523827633,
    0.001291011640843842,
    0.00025091075546859916,
    0.0008511559002694328,
    0.0007854674761317745,
    0.0006678752186552784,
    0.0003854494049529595,
    0.0005245734348647827,
    0.00026250550691514713,
    0.0002536766252349221,
    0.0002530929779355371,
    0.00019685820971176518,
    0.00015108690646038197,
    5.679689197113401e-05,
    8.50569737792314e-05,
    4.494912589345359e-05,
    3.412157481751963e-05,
    2.350458186638564e-05,
    1.881149923885268e-05,
    1.10917586855514e-05,
    7.534521969266493e-06,
    3.4882569088688247e-06,
    2.6906132590751857e-06,
    8.294497200395283e-07,
    1.0858466087848996e-06,
    5.816888435898744e-07,
    6.404620843332718e-07,
    3.6619799551542586e-07,
    1.5232822404063172e-07,
    2.2942596115793633e-07
  ]
}