{
  "positive_frequencies": [
    0.0,
    0.07734375,
    0.1546875,
    0.23203125000000002,
    0.309375,
    0.38671875,
    0.46406250000000004,
    0.54140625,
    0.61875,
    0.6960937500000001,
    0.7734375,
    0.85078125,
    0.9281250000000001,
    1.0054687500000001,
    1.0828125,
    1.16015625,
    1.2375,
    1.31484375,
    1.3921875000000001,
    1.46953125,
    1.546875,
    1.62421875,
    1.7015625,
    1.7789062500000001,
    1.8562500000000002,
    1.93359375,
    2.0109375000000003,
    2.08828125,
    2.165625,
    2.24296875,
    2.3203125,
    2.3976562500000003,
    2.475,
    2.55234375,
    2.6296875,
    2.70703125,
    2.7843750000000003,
    2.86171875,
    2.9390625,
    3.01640625,
    3.09375,
    3.1710937500000003,
    3.2484375,
    3.32578125,
    3.403125,
    3.48046875,
    3.5578125000000003,
    3.63515625,
    3.7125000000000004,
    3.78984375,
    3.8671875,
    3.9445312500000003,
    4.0218750000000005,
    4.09921875,
    4.1765625,
    4.25390625,
    4.33125,
    4.4085937500000005,
    4.4859375,
    4.56328125,
    4.640625,
    4.71796875,
    4.7953125000000005,
    4.87265625,
    4.95
  ],
  "mx_fft_pos": [
    0.0743136260530348,
    0.08204009191324958,
    0.084570642455678,
    0.062354684312066144,
    0.026751018801331208,
    0.007925806187367483,
    0.03694935673576964,
    0.04778196248641829,
    0.044878871874635316,
    0.04802272525236009,
    0.04856513804834261,
    0.048081328966474615,
    0.0547085114027171,
    0.04425883903810683,
    0.011022445223716594,
    0.04264054913147119,
    0.04006480386705387,
    0.00499978187669334,
    0.024325800453929257,
    0.017543663973335975,
    0.002810350076198432,
    0.010798337651756173,
    0.02477237841249234,
    0.03951207876764328,
    0.045565373859268954,
    0.034283210201238055,
    0.017492858501128514,
    0.009158849830235084,
    0.009253834063245746,
    0.006488476716970329,
    0.015980536175825864,
    0.018620711103964266,
    0.011808988862613811,
    0.01089798645348228,
    0.012142904339903332,
    0.005504231019407336,
    0.0009880875592464685,
    0.0026401189331258213,
    0.007392485528220815,
    0.009275331308239654,
    0.006032717332956411,
    0.0021126512323925164,
    0.0020657700513729282,
    0.003100342574424892,
    0.0022584514896824186,
    0.0005836856993921821,
    0.0007892809636828657,
    0.0034901035431296997,
    0.003777090508738405,
    0.000896742258892249,
    0.0014135356910579934,
    0.00265531834704548,
    0.0020075002157758696,
    0.0010032778153499108,
    0.001267972042021494,
    0.0008267418745275223,
    0.00048448645984968644,
    0.0005946759264959886,
    0.00038591618760011153,
    0.0005573058195367994,
    0.00019144054723407744,
    0.0004891655984949753,
    0.00037559215323628684,
    0.00019523219964711066,
    0.0004949756040218833
  ],
  "my_fft_pos": [
    0.030030465092591774,
    0.047742802473222906,
    0.05285319391996051,
    0.036394216300749,
    0.026057065270216336,
    0.02535052404786864,
    0.02705955593019548,
    0.031874534386395904,
    0.03654720447487507,
    0.032865251369687466,
    0.03069030185546704,
    0.03491132614470159,
    0.030675377785099593,
    0.0335756186616649,
    0.05061110537625558,
    0.05510629709279272,
    0.02945358481704742,
    0.017602031358148026,
    0.03204359936295981,
    0.03223285057464989,
    0.020631830329006184,
    0.03147396570603633,
    0.03456211028351092,
    0.02679485762014652,
    0.00658596747427767,
    0.016778052353346676,
    0.022468360880973374,
    0.019427138168787186,
    0.01922586375349626,
    0.021810694487903695,
    0.02030495948435213,
    0.012660678924272735,
    0.008436687740520362,
    0.005625478765967402,
    0.00686595099358043,
    0.005934228718627589,
    0.012876813314187467,
    0.010578747893399989,
    0.006261491353664292,
    0.008521400373077841,
    0.00626635963706733,
    0.004525920014933911,
    0.003994286381649236,
    0.0071369424926934055,
    0.008538620503329887,
    0.004689694707369448,
    0.0014117241742710519,
    0.001303652295555409,
    0.0018474021706421612,
    0.0011418321739631331,
    0.0022013206905613114,
    0.0017733348602219762,
    0.00029132184161652196,
    0.0009282751392088568,
    0.000170009639173357,
    0.00023999107636588204,
    0.0016097515860308922,
    0.0011095759494516267,
    0.0009124036196167369,
    0.00044914760390770753,
    0.00020887075058165984,
    0.0004236781855612885,
    0.00037311852771358624,
    0.00044693443322647424,
    7.868497593199519e-05
  ],
  "mz_fft_pos": [
    0.009445807479782572,
    0.02162352594648184,
    0.03572552928681899,
    0.039074455134233126,
    0.025017688987730987,
    0.026708242546292844,
    0.06835201258502005,
    0.049961673055206796,
    0.031815733036069146,
    0.07535346927774463,
    0.06291753757398402,
    0.02773921292782271,
    0.03166027623178736,
    0.007015131600019786,
    0.02553530260515696,
    0.018278438315195662,
    0.023789675776214037,
    0.03612832282408911,
    0.02846554424897945,
    0.017668277062764182,
    0.01611985485551842,
    0.028184352421296858,
    0.03366002900644255,
    0.030017002444292677,
    0.0269627414247371,
    0.02609834491274552,
    0.018017820638362807,
    0.01199799446422054,
    0.009259039783513872,
    0.005531150313611173,
    0.012746877573162532,
    0.014115086527601206,
    0.01165966466894375,
    0.010817268781441165,
    0.009869861199178789,
    0.008841682003974892,
    0.003444096532775755,
    0.005841916287728448,
    0.005867216172299864,
    0.005499930473413164,
    0.0034133091122126053,
    0.001752616557021681,
    0.004150065271397153,
    0.0020749816010633103,
    0.0005583462255746191,
    0.0014814821426501886,
    0.0015206297001194523,
    0.0007356065265060607,
    0.00048166335140841356,
    0.0003789275141931223,
    0.0007701186393267779,
    0.0004035428864218913,
    0.0008907532246933935,
    0.00045627096058357074,
    0.00034156624071881447,
    0.00042409149509499834,
    0.00032864455364461,
    0.00021187440937738458,
    0.00013323729956473115,
    8.53145639716447e-05,
    2.968777601124182e-05,
    1.7837956126408494e-05,
    8.930273883216981e-06,
    7.517972250157155e-07,
    1.4889802236739413e-08
  ]
}