{
  "positive_frequencies": [
    0.0,
    0.07734375,
    0.1546875,
    0.23203125000000002,
    0.309375,
    0.38671875,
    0.46406250000000004,
    0.54140625,
    0.61875,
    0.6960937500000001,
    0.7734375,
    0.85078125,
    0.9281250000000001,
    1.0054687500000001,
    1.0828125,
    1.16015625,
    1.2375,
    1.31484375,
    1.3921875000000001,
    1.46953125,
    1.546875,
    1.62421875,
    1.7015625,
    1.7789062500000001,
    1.8562500000000002,
    1.93359375,
    2.0109375000000003,
    2.08828125,
    2.165625,
    2.24296875,
    2.3203125,
    2.3976562500000003,
    2.475,
    2.55234375,
    2.6296875,
    2.70703125,
    2.7843750000000003,
    2.86171875,
    2.9390625,
    3.01640625,
    3.09375,
    3.1710937500000003,
    3.2484375,
    3.32578125,
    3.403125,
    3.48046875,
    3.5578125000000003,
    3.63515625,
    3.7125000000000004,
    3.78984375,
    3.8671875,
    3.9445312500000003,
    4.0218750000000005,
    4.09921875,
    4.1765625,
    4.25390625,
    4.33125,
    4.4085937500000005,
    4.4859375,
    4.56328125,
    4.640625,
    4.71796875,
    4.7953125000000005,
    4.87265625,
    4.95
  ],
  "mx_fft_pos": [
    0.0743136260530348,
    0.08204009191324958,
    0.084570642455678,
    0.06235468431206612,
    0.026751018801331197,
    0.007925806187367476,
    0.03694935673576963,
    0.04778196248641828,
    0.04487887187463531,
    0.048022725252360086,
    0.04856513804834261,
    0.04808132896647459,
    0.05470851140271708,
    0.04425883903810683,
    0.011022445223716598,
    0.04264054913147119,
    0.04006480386705387,
    0.00499978187669333,
    0.02432580045392926,
    0.017543663973335975,
    0.002810350076198448,
    0.010798337651756166,
    0.02477237841249234,
    0.03951207876764328,
    0.045565373859268954,
    0.03428321020123806,
    0.017492858501128517,
    0.009158849830235087,
    0.00925383406324575,
    0.006488476716970329,
    0.015980536175825868,
    0.018620711103964276,
    0.01180898886261382,
    0.01089798645348228,
    0.012142904339903322,
    0.005504231019407322,
    0.0009880875592464741,
    0.0026401189331258196,
    0.0073924855282208116,
    0.009275331308239647,
    0.006032717332956406,
    0.0021126512323925116,
    0.0020657700513729326,
    0.003100342574424901,
    0.0022584514896824255,
    0.0005836856993921769,
    0.0007892809636828631,
    0.003490103543129698,
    0.0037770905087384093,
    0.0008967422588922568,
    0.001413535691057997,
    0.002655318347045491,
    0.002007500215775886,
    0.0010032778153499155,
    0.0012679720420214937,
    0.0008267418745275064,
    0.00048448645984968726,
    0.0005946759264959936,
    0.0003859161876001091,
    0.0005573058195368011,
    0.00019144054723408053,
    0.0004891655984949812,
    0.0003755921532362991,
    0.00019523219964711377,
    0.0004949756040218833
  ],
  "my_fft_pos": [
    0.030030465092591784,
    0.04774280247322291,
    0.05285319391996053,
    0.036394216300749,
    0.026057065270216322,
    0.025350524047868635,
    0.027059555930195472,
    0.031874534386395904,
    0.03654720447487508,
    0.032865251369687466,
    0.030690301855467044,
    0.034911326144701604,
    0.03067537778509961,
    0.03357561866166491,
    0.05061110537625558,
    0.05510629709279273,
    0.02945358481704741,
    0.017602031358148026,
    0.032043599362959814,
    0.03223285057464989,
    0.020631830329006173,
    0.031473965706036326,
    0.034562110283510916,
    0.02679485762014652,
    0.006585967474277672,
    0.016778052353346676,
    0.022468360880973384,
    0.019427138168787193,
    0.01922586375349626,
    0.021810694487903706,
    0.020304959484352136,
    0.012660678924272743,
    0.008436687740520364,
    0.005625478765967401,
    0.006865950993580429,
    0.005934228718627591,
    0.012876813314187458,
    0.010578747893399982,
    0.0062614913536642855,
    0.008521400373077845,
    0.006266359637067338,
    0.004525920014933912,
    0.0039942863816492345,
    0.007136942492693408,
    0.00853862050332988,
    0.004689694707369436,
    0.0014117241742710462,
    0.0013036522955554087,
    0.001847402170642164,
    0.001141832173963137,
    0.0022013206905613187,
    0.001773334860221982,
    0.00029132184161652163,
    0.0009282751392088649,
    0.00017000963917334876,
    0.0002399910763658875,
    0.001609751586030894,
    0.0011095759494516198,
    0.0009124036196167369,
    0.0004491476039077144,
    0.00020887075058165347,
    0.000423678185561295,
    0.00037311852771359496,
    0.0004469344332264721,
    7.868497593199519e-05
  ],
  "mz_fft_pos": [
    0.00944580747978259,
    0.021623525946481852,
    0.03572552928681901,
    0.03907445513423313,
    0.025017688987730987,
    0.02670824254629284,
    0.06835201258502002,
    0.04996167305520677,
    0.03181573303606914,
    0.07535346927774463,
    0.06291753757398405,
    0.0277392129278227,
    0.031660276231787354,
    0.0070151316000197925,
    0.02553530260515696,
    0.01827843831519567,
    0.023789675776214034,
    0.03612832282408912,
    0.028465544248979454,
    0.01766827706276418,
    0.01611985485551842,
    0.028184352421296847,
    0.033660029006442556,
    0.030017002444292677,
    0.0269627414247371,
    0.026098344912745524,
    0.01801782063836281,
    0.011997994464220542,
    0.009259039783513869,
    0.00553115031361116,
    0.012746877573162532,
    0.014115086527601201,
    0.01165966466894374,
    0.010817268781441151,
    0.009869861199178775,
    0.008841682003974892,
    0.00344409653277576,
    0.005841916287728444,
    0.005867216172299866,
    0.0054999304734131595,
    0.0034133091122126092,
    0.001752616557021674,
    0.004150065271397148,
    0.0020749816010633,
    0.0005583462255746098,
    0.0014814821426501715,
    0.0015206297001194382,
    0.0007356065265060573,
    0.00048166335140841047,
    0.0003789275141931262,
    0.0007701186393267925,
    0.00040354288642189455,
    0.000890753224693388,
    0.0004562709605835558,
    0.0003415662407188114,
    0.00042409149509500886,
    0.0003286445536446133,
    0.00021187440937738672,
    0.00013323729956471876,
    8.531456397164397e-05,
    2.96877760112402e-05,
    1.783795612640571e-05,
    8.930273883207657e-06,
    7.517972250097965e-07,
    1.4889802238959859e-08
  ]
}