{
  "positive_frequencies": [
    0.0,
    0.07734375,
    0.1546875,
    0.23203125000000002,
    0.309375,
    0.38671875,
    0.46406250000000004,
    0.54140625,
    0.61875,
    0.6960937500000001,
    0.7734375,
    0.85078125,
    0.9281250000000001,
    1.0054687500000001,
    1.0828125,
    1.16015625,
    1.2375,
    1.31484375,
    1.3921875000000001,
    1.46953125,
    1.546875,
    1.62421875,
    1.7015625,
    1.7789062500000001,
    1.8562500000000002,
    1.93359375,
    2.0109375000000003,
    2.08828125,
    2.165625,
    2.24296875,
    2.3203125,
    2.3976562500000003,
    2.475,
    2.55234375,
    2.6296875,
    2.70703125,
    2.7843750000000003,
    2.86171875,
    2.9390625,
    3.01640625,
    3.09375,
    3.1710937500000003,
    3.2484375,
    3.32578125,
    3.403125,
    3.48046875,
    3.5578125000000003,
    3.63515625,
    3.7125000000000004,
    3.78984375,
    3.8671875,
    3.9445312500000003,
    4.0218750000000005,
    4.09921875,
    4.1765625,
    4.25390625,
    4.33125,
    4.4085937500000005,
    4.4859375,
    4.56328125,
    4.640625,
    4.71796875,
    4.7953125000000005,
    4.87265625,
    4.95
  ],
  "mx_fft_pos": [
    0.008475791337079729,
    0.008066440609060858,
    0.006451196932077994,
    0.003827210082307754,
    0.0007233442223314641,
    0.0020613647473008223,
    0.002828559425985662,
    0.0028012699232076487,
    0.0014515106728604085,
    0.0030027256460611962,
    0.004989963965770084,
    0.0048498918209060795,
    0.0033258138594800058,
    0.0019004117889930713,
    0.0012512955416698287,
    0.0019724439067203368,
    0.004546344829266861,
    0.002898192622601319,
    0.0034861622310685654,
    0.003203989040415488,
    0.0004973429895820294,
    0.0008453621845610291,
    0.0001069104909152006,
    0.0002268729883296613,
    0.00030388480802132843,
    0.0004979503116994301,
    0.0008558282624593449,
    0.00167387378444242,
    0.0019215306296818517,
    0.0021592093462138346,
    0.0030836545979090807,
    0.002257615324185987,
    0.001555483723989903,
    0.0012179217407318832,
    0.001825383249627187,
    0.000978246808002467,
    0.0008994350363835825,
    0.0012545895611556078,
    0.001072195877825028,
    0.002222082410440464,
    0.002426039687798325,
    0.0013942770864854024,
    0.0009500053809168306,
    0.0010499585435878,
    0.0011473774152282277,
    0.0011962255338257223,
    0.0014196455398655333,
    0.0014796240979558534,
    0.002240506946629459,
    0.0023503818425656344,
    0.001833509080315086,
    0.0011504456385364676,
    0.0005822249440766939,
    0.0009107404650272838,
    0.0012028813061901796,
    0.0009445569737650955,
    0.0003535456993566777,
    0.000826885129583443,
    0.0014267227237144172,
    0.0010694471257676925,
    0.0014405213330660194,
    0.001342228033086648,
    0.0009471478588574806,
    0.0010196842720301383,
    0.00048434431826501867
  ],
  "my_fft_pos": [
    0.006220542949071202,
    0.008232210555850928,
    0.00624497693446885,
    0.0023820603999379995,
    0.0024634935781449392,
    0.0014138160519872806,
    0.0021236219730893704,
    0.0027888503800532188,
    0.0026226769546252066,
    0.0014484706224299271,
    0.0010144351514316937,
    0.002287390351323287,
    0.005137970942155772,
    0.005944448013103461,
    0.0033531449443409494,
    0.0008592301847216586,
    0.0004689163149056992,
    0.0006062056857904827,
    0.0006143316411114668,
    0.0012350691636779944,
    0.0015977439477132232,
    0.0008033696143199529,
    0.0011099742145382196,
    0.002345003244071989,
    0.0038404201837242526,
    0.002489857097920029,
    0.0007049447282018688,
    0.0011049510867217932,
    0.0027257438437474153,
    0.003479454324956589,
    0.0032665370905802164,
    0.0025609583410095027,
    0.002516155526024361,
    0.002399272753387953,
    0.001472309776439039,
    0.00043510243906923896,
    0.0013844138235563636,
    0.0027348567269949143,
    0.0024403170957236872,
    0.003748376103495715,
    0.003544049041430132,
    0.0013298469901430131,
    0.0007153196975938828,
    0.0018513719349118494,
    0.0023982516229816065,
    0.002344736718137104,
    0.0021158255558106636,
    0.0015915325550338575,
    0.0011245575925791747,
    0.002224313559188288,
    0.002257827558158209,
    0.0015528391890637415,
    0.0011646318623863034,
    0.0005769934080903643,
    0.000931459593763789,
    0.0008083844861033498,
    0.001096243031108602,
    0.0018478116884502222,
    0.00118896011075939,
    0.0006119591013273696,
    0.00030796752092390414,
    0.0015925446545338546,
    0.0019659772615791085,
    0.0021518986687008666,
    0.002059944048642065
  ],
  "mz_fft_pos": [
    0.002763055545816131,
    0.0012154638678902178,
    0.0015410641852170218,
    0.002469970184223762,
    0.0020330411380891813,
    0.0019205004181330266,
    0.0020812095080185323,
    0.002382106504010385,
    0.0024576642957980567,
    0.002931013484674925,
    0.003945936655767681,
    0.004000440315162722,
    0.0033874289475677995,
    0.002535144838246537,
    0.0020107002324023333,
    0.00218301983305974,
    0.0007078050792129857,
    0.0023448403059189112,
    0.002260297805291561,
    0.001147755227039062,
    0.0008022797367338283,
    0.002047848767830629,
    0.002727769515467816,
    0.0021665274423998044,
    0.001992980765905612,
    0.002059578558614851,
    0.0016553827286084066,
    0.0028574822292421215,
    0.0028588872896704014,
    0.0018830641396378742,
    0.0023935790942048703,
    0.002732634977549021,
    0.002267800173182318,
    0.001706915009812211,
    0.0007934684955037353,
    0.00048434190291466746,
    0.0009561493588985709,
    0.0012444526651188012,
    0.0013757844630696888,
    0.000647262604539364,
    0.00044000840030589627,
    0.0007177103949405331,
    0.0007196861941532447,
    0.00044605095722086233,
    0.00014242621007925965,
    0.0005751914324563961,
    0.0003121177683921024,
    0.00034126584842238524,
    0.0005031862488225074,
    0.0008945374995929957,
    0.0010860743100381896,
    0.0005622399486495187,
    0.0007713333759643707,
    0.0004305890289653495,
    0.0005985652364332058,
    0.0011681751492364494,
    0.0011895559419902082,
    0.001078110907567057,
    0.0014430781261983102,
    0.0011677563457147134,
    0.00042465627635556764,
    0.0006647294883995452,
    0.0005288887150140012,
    0.0005359647401600395,
    0.0006303647633804682
  ]
}