{
  "positive_frequencies": [
    0.0,
    0.07734375,
    0.1546875,
    0.23203125000000002,
    0.309375,
    0.38671875,
    0.46406250000000004,
    0.54140625,
    0.61875,
    0.6960937500000001,
    0.7734375,
    0.85078125,
    0.9281250000000001,
    1.0054687500000001,
    1.0828125,
    1.16015625,
    1.2375,
    1.31484375,
    1.3921875000000001,
    1.46953125,
    1.546875,
    1.62421875,
    1.7015625,
    1.7789062500000001,
    1.8562500000000002,
    1.93359375,
    2.0109375000000003,
    2.08828125,
    2.165625,
    2.24296875,
    2.3203125,
    2.3976562500000003,
    2.475,
    2.55234375,
    2.6296875,
    2.70703125,
    2.7843750000000003,
    2.86171875,
    2.9390625,
    3.01640625,
    3.09375,
    3.1710937500000003,
    3.2484375,
    3.32578125,
    3.403125,
    3.48046875,
    3.5578125000000003,
    3.63515625,
    3.7125000000000004,
    3.78984375,
    3.8671875,
    3.9445312500000003,
    4.0218750000000005,
    4.09921875,
    4.1765625,
    4.25390625,
    4.33125,
    4.4085937500000005,
    4.4859375,
    4.56328125,
    4.640625,
    4.71796875,
    4.7953125000000005,
    4.87265625,
    4.95
  ],
  "mx_fft_pos": [
    0.09531053050986364,
    0.11023281629309137,
    0.1107329685192841,
    0.07427867548068907,
    0.06305688224378442,
    0.09055260262590002,
    0.08614618854139859,
    0.043455208547257075,
    0.023800208725093485,
    0.03283640697881562,
    0.03081071771248849,
    0.02000114500062665,
    0.012741007156566063,
    0.011782883479656716,
    0.009548038672511904,
    0.004102064646610138,
    0.0012803393713486072,
    0.0022508221817740533,
    0.004898984109853389,
    0.005086679619659829,
    0.0052510971986252375,
    0.005227703527343144,
    0.003082168075944175,
    0.001964314263660075,
    0.001477077414655583,
    0.0009374379731735603,
    0.0005169321449336787,
    0.0002735155114189846,
    0.0001473973874437823,
    0.00017926975818474689,
    0.0002044753279025441,
    0.0001267129326117271,
    4.782143275235847e-05,
    1.2069481918569694e-05,
    2.168669615267181e-06,
    4.294195084219579e-06,
    8.141661792096391e-06,
    6.108093636891603e-06,
    5.560202785569328e-06,
    7.543945428341406e-06,
    3.5656408633901145e-06,
    2.145210407947923e-06,
    1.6369910343069652e-06,
    5.965197775283324e-07,
    9.706494154023958e-07,
    6.771222029859167e-07,
    3.1043966744501097e-07,
    7.739322432929204e-08,
    2.3091589386966676e-07,
    3.446318115985198e-07,
    3.207701376239356e-07,
    1.6492436020067106e-07,
    6.302230035599726e-08,
    1.946089691851584e-07,
    2.3847073822032245e-07,
    1.7986836483418214e-07,
    6.129443875666858e-08,
    6.966504373098114e-08,
    1.460468631228466e-07,
    1.564919482941913e-07,
    1.0831143363867236e-07,
    2.9476126014670954e-08,
    5.013753941290558e-08,
    1.049140687812262e-07,
    1.2425415034655886e-07
  ],
  "my_fft_pos": [
    0.11767516338924004,
    0.08302165279965942,
    0.04022265909785773,
    0.05415187531325634,
    0.06323542131751136,
    0.0356548888203483,
    0.02833529095217037,
    0.04264467929930854,
    0.04219212681356514,
    0.029929154768115862,
    0.025916923414346118,
    0.029568403626586522,
    0.02307097358933877,
    0.021070043225574,
    0.014289887244363086,
    0.002616946713656225,
    0.0031906560454097203,
    0.001369323441879854,
    0.003528843551226884,
    0.004402328901727686,
    0.001730613501322047,
    0.0001522037855225747,
    0.0007911846570138752,
    0.0015074015013121598,
    0.0012573900105935123,
    0.0004730660276219745,
    0.0009694311615087923,
    0.0008351993595637172,
    0.000748469450896465,
    0.0004172273995707988,
    0.0002657973066446372,
    0.0002131182026446403,
    0.00012635549479030539,
    8.249439242812611e-05,
    3.686469951997141e-05,
    2.863373298718954e-05,
    9.976791832168943e-06,
    4.513655411059924e-06,
    2.2177513243940823e-06,
    3.5197034217059524e-06,
    8.75702124934062e-07,
    6.849910060833568e-07,
    9.666690136164538e-07,
    8.257687190314062e-07,
    6.208620858673666e-07,
    1.848079875346006e-07,
    6.437062949216745e-07,
    4.0213467508229505e-07,
    3.705478654727847e-07,
    2.788363417635849e-07,
    2.8404235759780845e-07,
    3.126827385446427e-07,
    2.745528474164236e-07,
    1.934000390375324e-07,
    1.6417986636676066e-07,
    1.9911806101371384e-07,
    1.976782186999606e-07,
    1.4124087109657205e-07,
    9.559635900243905e-08,
    1.258809954484522e-07,
    1.4155773433101893e-07,
    1.0432632952728893e-07,
    5.8680586035907416e-08,
    9.310110504235967e-08,
    1.1897639850211305e-07
  ],
  "mz_fft_pos": [
    0.09425963541199694,
    0.12774142153496798,
    0.14194729391924887,
    0.09801241110454754,
    0.06383192036803284,
    0.05138407738269121,
    0.034441741461226284,
    0.012463165635462339,
    0.02234030596302769,
    0.022744744494330317,
    0.03135746562696018,
    0.035451013254489336,
    0.021365889062217883,
    0.01105940506450185,
    0.007782612684022885,
    0.00281664472150058,
    0.004554095317517922,
    0.002433979067252676,
    0.0011499218946955988,
    0.0008989610379414192,
    0.0008593448724736488,
    0.000845008216341312,
    0.00014349848594262442,
    0.000282652129688557,
    0.0002538068520878398,
    3.327037491537874e-05,
    0.00017041706589045316,
    0.00010625131534303155,
    2.6678269199863238e-05,
    1.446675114237676e-05,
    1.095667500479421e-05,
    8.245414219405056e-06,
    6.2663870511767745e-06,
    3.677704841898389e-06,
    5.288978901837134e-06,
    3.6389857382129995e-06,
    1.0682735838974983e-06,
    1.2989653332775017e-06,
    8.091401490939112e-07,
    1.319981208470602e-06,
    1.343135106540869e-06,
    7.616250356665028e-07,
    2.3317508461899596e-07,
    7.612642804209401e-07,
    9.498235004653188e-07,
    6.90316583725061e-07,
    1.9292147080174341e-07,
    3.6746111740106016e-07,
    6.207644439582733e-07,
    5.581638132886073e-07,
    2.598777562536779e-07,
    1.2581336916117886e-07,
    3.611793116156938e-07,
    3.9764023221295425e-07,
    2.4891555621741235e-07,
    3.7553843783605704e-08,
    1.7407506856505519e-07,
    2.3776877994926814e-07,
    1.778200405375528e-07,
    5.5772925582209173e-08,
    6.119105651788956e-08,
    1.0308049637026852e-07,
    8.057172807656091e-08,
    3.6969832134317904e-08,
    2.3279851326662994e-08
  ]
}