{
  "positive_frequencies": [
    0.0,
    0.07734375,
    0.1546875,
    0.23203125000000002,
    0.309375,
    0.38671875,
    0.46406250000000004,
    0.54140625,
    0.61875,
    0.6960937500000001,
    0.7734375,
    0.85078125,
    0.9281250000000001,
    1.0054687500000001,
    1.0828125,
    1.16015625,
    1.2375,
    1.31484375,
    1.3921875000000001,
    1.46953125,
    1.546875,
    1.62421875,
    1.7015625,
    1.7789062500000001,
    1.8562500000000002,
    1.93359375,
    2.0109375000000003,
    2.08828125,
    2.165625,
    2.24296875,
    2.3203125,
    2.3976562500000003,
    2.475,
    2.55234375,
    2.6296875,
    2.70703125,
    2.7843750000000003,
    2.86171875,
    2.9390625,
    3.01640625,
    3.09375,
    3.1710937500000003,
    3.2484375,
    3.32578125,
    3.403125,
    3.48046875,
    3.5578125000000003,
    3.63515625,
    3.7125000000000004,
    3.78984375,
    3.8671875,
    3.9445312500000003,
    4.0218750000000005,
    4.09921875,
    4.1765625,
    4.25390625,
    4.33125,
    4.4085937500000005,
    4.4859375,
    4.56328125,
    4.640625,
    4.71796875,
    4.7953125000000005,
    4.87265625,
    4.95
  ],
  "mx_fft_pos": [
    0.015168409894717412,
    0.014125711800644432,
    0.011489822079724946,
    0.010277672044512,
    0.009263351272607913,
    0.006338195075015655,
    0.009223344335808011,
    0.013011720681740108,
    0.009652483141004017,
    0.003805880996493718,
    0.006726167448401547,
    0.008660165399423148,
    0.009807268701102755,
    0.01235405342195551,
    0.009670972008771496,
    0.003700049876555095,
    0.0032463925196260725,
    0.007606994681160217,
    0.007699774172149294,
    0.005334305940309622,
    0.005003889192096849,
    0.0039425108491938695,
    0.0025128409427223218,
    0.00017252678340340624,
    0.0012056264016755901,
    0.0016012109981325205,
    0.0019740478911234004,
    0.005010528576309095,
    0.004396876453245687,
    0.0008093312189987239,
    0.0008747899847669826,
    0.002175152351759929,
    0.0018510920254488528,
    0.0011051460301388586,
    0.0003350338919075329,
    0.000879091219324092,
    0.00048279121366598616,
    0.002725837034739933,
    0.0035035449532695435,
    0.002953217623670231,
    0.002441455471169314,
    0.002165176158254817,
    0.001756062816770263,
    0.0014328548322051714,
    0.0014047028773554896,
    0.001441274890471103,
    0.001321587759486029,
    0.001068907991370539,
    0.001074850321582209,
    0.0016584820436655618,
    0.001993607901595266,
    0.0013642979049104942,
    0.00013521477587095668,
    0.0004215194583412961,
    0.0015506682942327456,
    0.001820443773385934,
    0.0009325800610384398,
    0.0012263892450312048,
    0.0013954596496255538,
    0.0009394097151998012,
    0.0007050080751453043,
    0.0016535305136761152,
    0.0012274581486539451,
    0.00039990183933451517,
    0.0007977748267152107
  ],
  "my_fft_pos": [
    0.011843966547802594,
    0.010040636063804047,
    0.008192627347158152,
    0.007181721986544831,
    0.0041666229935062235,
    0.0038387752413493233,
    0.004658243978141962,
    0.005314203897598093,
    0.007226902909243244,
    0.007372678502086432,
    0.00833332318748554,
    0.010375531232976291,
    0.01030555665657432,
    0.006704348424572083,
    0.003947928960332434,
    0.0008400425104358561,
    0.0030172827420511753,
    0.0021233914984853607,
    0.002394601890314489,
    0.004831890501236742,
    0.006408829597625225,
    0.00703387254138771,
    0.00510740015944803,
    0.003127644097275901,
    0.002057292363610559,
    0.001979714683608064,
    0.000891373152219538,
    0.0032611201987492095,
    0.0019321440284166098,
    0.0037307398045984624,
    0.004494162512257249,
    0.004577076910020266,
    0.0042790902938155935,
    0.0036501699747486164,
    0.0032138885384689004,
    0.003418233241103955,
    0.0024325147566612053,
    0.0012536546946767724,
    0.0020768231341386522,
    0.001405846185528179,
    0.0014571647976107033,
    0.002830562248594564,
    0.0026129646448087487,
    0.0006958499345878203,
    0.002400784777499325,
    0.0026813301157949283,
    0.0016359098681799963,
    0.0009687722451663077,
    0.0015693857875867683,
    0.0020146896250763913,
    0.0014458401812800631,
    0.0015386756632783604,
    0.0012326312125798277,
    0.0008481817550824601,
    0.0015712233859904155,
    0.0020438704545567804,
    0.0012472135116898013,
    0.001073987399370235,
    0.0007762734899432665,
    0.00022769584643281032,
    0.0006092592780445249,
    0.0016364903053886068,
    0.002164607945375431,
    0.001307894268838982,
    0.00039786893595887497
  ],
  "mz_fft_pos": [
    0.004560135857207915,
    0.0020702822790985643,
    0.0027341117806023814,
    0.0063004320417492255,
    0.006965887167934455,
    0.0044149272533270875,
    0.0017005918013656132,
    0.002100342567483298,
    0.0036400724864697237,
    0.0031484846563031047,
    0.0036387822446386354,
    0.00427871777671367,
    0.002502846153644316,
    0.0022908143622236148,
    0.0029233318842248886,
    0.0019802705702893545,
    0.0034212342425258046,
    0.0046757803970755955,
    0.006846298206681216,
    0.004863066652807045,
    0.0019030787914190187,
    0.003929804539027387,
    0.00442573012140074,
    0.004108947075313145,
    0.0036059104297911275,
    0.002676879275322436,
    0.0015848673319066573,
    0.0017804923631499414,
    0.0036800509019693887,
    0.003762362257464064,
    0.001701968782393795,
    0.002871847125137625,
    0.0018293650841974187,
    0.0012416769749741799,
    0.001859737542941025,
    0.0012774015527504598,
    0.0015722338744766512,
    0.0023642191127797117,
    0.0015375719479138038,
    0.0011783350102131506,
    0.00184902950834772,
    0.002441683552540728,
    0.0029459397297647034,
    0.0020619736131999686,
    0.0009112698497975487,
    0.001042695965660924,
    0.0011185786125168407,
    0.0013857048201559277,
    0.0013446265613341198,
    0.0005479053215367531,
    0.0005501552987142272,
    0.001612269712997341,
    0.0020189876865326166,
    0.0015186576878016,
    0.0011170759496941906,
    0.001699134933227156,
    0.002083314562726711,
    0.0019379526362000923,
    0.0018979013399111476,
    0.001936277705373437,
    0.000876532724562351,
    0.0006804182739591511,
    0.0010914552509338534,
    0.0006367799314542393,
    0.0006966095493650865
  ]
}