{
  "positive_frequencies": [
    0.0,
    0.07734375,
    0.1546875,
    0.23203125000000002,
    0.309375,
    0.38671875,
    0.46406250000000004,
    0.54140625,
    0.61875,
    0.6960937500000001,
    0.7734375,
    0.85078125,
    0.9281250000000001,
    1.0054687500000001,
    1.0828125,
    1.16015625,
    1.2375,
    1.31484375,
    1.3921875000000001,
    1.46953125,
    1.546875,
    1.62421875,
    1.7015625,
    1.7789062500000001,
    1.8562500000000002,
    1.93359375,
    2.0109375000000003,
    2.08828125,
    2.165625,
    2.24296875,
    2.3203125,
    2.3976562500000003,
    2.475,
    2.55234375,
    2.6296875,
    2.70703125,
    2.7843750000000003,
    2.86171875,
    2.9390625,
    3.01640625,
    3.09375,
    3.1710937500000003,
    3.2484375,
    3.32578125,
    3.403125,
    3.48046875,
    3.5578125000000003,
    3.63515625,
    3.7125000000000004,
    3.78984375,
    3.8671875,
    3.9445312500000003,
    4.0218750000000005,
    4.09921875,
    4.1765625,
    4.25390625,
    4.33125,
    4.4085937500000005,
    4.4859375,
    4.56328125,
    4.640625,
    4.71796875,
    4.7953125000000005,
    4.87265625,
    4.95
  ],
  "mx_fft_pos": [
    0.0023680258280321847,
    0.004436858609754895,
    0.00738880394343519,
    0.008635895985385614,
    0.009962485515278747,
    0.007040441383802717,
    0.0039560803750700166,
    0.0028915270705170927,
    0.0033420549533133394,
    0.003238651501613774,
    0.004024844967324576,
    0.002751502400427224,
    0.0033743839393439033,
    0.0012007750445815367,
    0.0016303891539471921,
    0.0017169657266064605,
    0.001272050540800169,
    0.003804438569331226,
    0.005116789880657945,
    0.003672614109764904,
    0.002315294402568039,
    0.0010087810038842846,
    0.0011594980559681413,
    0.0023292501232919684,
    0.002288864849854284,
    0.0016810493744383445,
    0.0011725789784227385,
    0.0010449826473354663,
    0.0009011628418826126,
    0.0006889486923771049,
    0.0005937340794126032,
    0.0004440376498232972,
    0.0006631140648852855,
    0.0008982307366605895,
    0.00082424428529048,
    0.0006171391324239578,
    0.0008935414161854523,
    0.0011872449575104898,
    0.0008908631508990448,
    0.0004974948411916421,
    0.00042096067691997635,
    0.0002894900941493976,
    0.0002756747386432297,
    0.0004161757404876236,
    0.00022522419675339076,
    0.0003664437811242222,
    0.0005542513448061378,
    0.00037944398022514425,
    0.0002699167221914926,
    0.0003231286190253869,
    0.00033246049432322273,
    0.0002392822232440455,
    0.00024842657329768726,
    0.00019866157679675374,
    0.0003332616592796276,
    0.0003255388553763034,
    0.00014881001739513758,
    0.00013831998459968363,
    0.00016346930339887679,
    0.00015441597991087798,
    7.485492162134487e-05,
    9.191560052427739e-05,
    0.00011866950210256872,
    2.0208984311139385e-05,
    0.00011831523348834805
  ],
  "my_fft_pos": [
    0.000362722053122558,
    0.005439332271008995,
    0.005188678402767536,
    0.001389499688296744,
    0.002005941909300126,
    0.0036031229964890816,
    0.004239423511317477,
    0.004513373411627936,
    0.0038205943402755075,
    0.003599258900944234,
    0.002836918127593199,
    0.0012770096583689175,
    0.0013174195247848716,
    0.001790164172251112,
    0.0010502867113736534,
    0.0003770596301449813,
    0.001663183222257317,
    0.0033635496713564166,
    0.0032404114441662575,
    0.0012274258223799865,
    0.0010774765737369865,
    0.0013648666918165075,
    0.0009012674171535545,
    0.0020742527850794524,
    0.0025088991943204046,
    0.002088892832278679,
    0.0012644153774596487,
    8.058672935482585e-05,
    0.0010683817923467333,
    0.0011576808168607755,
    0.0008712012617165399,
    0.0007603690629924462,
    0.000810483919842188,
    0.0011439794441903677,
    0.0011702221520096727,
    0.0004741360669838929,
    0.00023639465642468036,
    0.00019616397304864297,
    0.00032895229919953443,
    0.0003623487858910783,
    0.000516889586499866,
    0.0007944273789687365,
    0.0006758520411639941,
    0.00041231404571695116,
    0.00024122763847524088,
    0.0006241002115590403,
    0.0007707076404632211,
    0.0005859764910957604,
    0.0004739973493413697,
    0.0002204868158778338,
    8.25771946116534e-05,
    0.00025703025435696745,
    0.00011331426569348356,
    0.00011963584692476434,
    0.00014554540734968346,
    0.0002405083337433514,
    0.0002867994242918645,
    0.00014995145235408288,
    9.724321777514415e-05,
    9.243166422256079e-05,
    1.178873611324309e-05,
    5.817292171766848e-05,
    6.805923179777998e-05,
    7.788599679815815e-05,
    7.50902763397828e-05
  ],
  "mz_fft_pos": [
    0.0029899432624885215,
    0.0035989610496935482,
    0.0025624011953634574,
    0.0007006515595260343,
    0.0005207246038010789,
    0.0004586662074723118,
    0.002346061005390987,
    0.004223603475839401,
    0.004000608446270495,
    0.0010181147402195223,
    0.0017084700049458358,
    0.0020979163215477676,
    0.0016290101030342343,
    0.0015997544168638743,
    0.002030633849080509,
    0.0003678168375450866,
    0.0014726999630442898,
    0.0021318164536446665,
    0.0034808336737142264,
    0.0024967451987746156,
    0.0003644157209146455,
    0.0013168494889401296,
    0.0017679621945539997,
    0.00140110400520185,
    0.000665317997134655,
    0.0003618163280492774,
    0.0009786340211071151,
    0.0012214057970317263,
    0.0007715893856717383,
    0.00042771265239276336,
    0.0008185503963130902,
    0.0016504191126139479,
    0.0021126258458379946,
    0.0019410088375642301,
    0.0012722379026725422,
    0.0005076672230662022,
    0.0006789190868373088,
    0.0008654580760883068,
    0.00038595179657922065,
    0.0004243309999898063,
    0.0006774296145488959,
    0.0004916073076971774,
    0.00016229659114762988,
    8.494797243674319e-05,
    0.00021594323912955225,
    0.0004085862816321515,
    0.00044716304374175386,
    0.0003340095489577432,
    9.185530017167625e-05,
    0.00022050726319688255,
    0.000358112119310206,
    0.00026260664025189314,
    0.00015166829158676893,
    0.00025565046178076793,
    0.0002356561455488255,
    0.0001442842042301289,
    0.00010509500962479114,
    8.088499573085441e-05,
    7.508006435515964e-05,
    6.60966800890843e-05,
    0.00010963997399873254,
    6.621680900395808e-05,
    6.744311215575784e-05,
    3.773308864527799e-05,
    6.04722860121143e-06
  ]
}