{
  "positive_frequencies": [
    0.0,
    0.07734375,
    0.1546875,
    0.23203125000000002,
    0.309375,
    0.38671875,
    0.46406250000000004,
    0.54140625,
    0.61875,
    0.6960937500000001,
    0.7734375,
    0.85078125,
    0.9281250000000001,
    1.0054687500000001,
    1.0828125,
    1.16015625,
    1.2375,
    1.31484375,
    1.3921875000000001,
    1.46953125,
    1.546875,
    1.62421875,
    1.7015625,
    1.7789062500000001,
    1.8562500000000002,
    1.93359375,
    2.0109375000000003,
    2.08828125,
    2.165625,
    2.24296875,
    2.3203125,
    2.3976562500000003,
    2.475,
    2.55234375,
    2.6296875,
    2.70703125,
    2.7843750000000003,
    2.86171875,
    2.9390625,
    3.01640625,
    3.09375,
    3.1710937500000003,
    3.2484375,
    3.32578125,
    3.403125,
    3.48046875,
    3.5578125000000003,
    3.63515625,
    3.7125000000000004,
    3.78984375,
    3.8671875,
    3.9445312500000003,
    4.0218750000000005,
    4.09921875,
    4.1765625,
    4.25390625,
    4.33125,
    4.4085937500000005,
    4.4859375,
    4.56328125,
    4.640625,
    4.71796875,
    4.7953125000000005,
    4.87265625,
    4.95
  ],
  "mx_fft_pos": [
    0.0743136260530348,
    0.08204009191324958,
    0.084570642455678,
    0.06235468431206612,
    0.026751018801331208,
    0.007925806187367474,
    0.03694935673576963,
    0.04778196248641829,
    0.044878871874635316,
    0.048022725252360086,
    0.04856513804834261,
    0.04808132896647461,
    0.05470851140271708,
    0.04425883903810683,
    0.011022445223716594,
    0.04264054913147119,
    0.04006480386705388,
    0.004999781876693332,
    0.02432580045392926,
    0.01754366397333597,
    0.002810350076198444,
    0.010798337651756165,
    0.024772378412492337,
    0.03951207876764328,
    0.045565373859268954,
    0.03428321020123806,
    0.017492858501128514,
    0.009158849830235082,
    0.009253834063245744,
    0.006488476716970327,
    0.01598053617582586,
    0.018620711103964266,
    0.011808988862613811,
    0.01089798645348228,
    0.012142904339903332,
    0.005504231019407322,
    0.000988087559246477,
    0.00264011893312582,
    0.007392485528220808,
    0.009275331308239636,
    0.006032717332956402,
    0.002112651232392511,
    0.00206577005137293,
    0.0031003425744248947,
    0.0022584514896824134,
    0.0005836856993921718,
    0.0007892809636828597,
    0.003490103543129692,
    0.0037770905087383955,
    0.0008967422588922543,
    0.001413535691057995,
    0.002655318347045495,
    0.0020075002157758804,
    0.0010032778153499242,
    0.0012679720420214957,
    0.0008267418745275052,
    0.00048448645984968124,
    0.0005946759264959946,
    0.0003859161876001012,
    0.0005573058195367901,
    0.0001914405472340736,
    0.0004891655984949746,
    0.0003755921532362911,
    0.00019523219964711136,
    0.0004949756040218833
  ],
  "my_fft_pos": [
    0.03003046509259179,
    0.047742802473222906,
    0.05285319391996052,
    0.036394216300749,
    0.026057065270216336,
    0.02535052404786865,
    0.027059555930195475,
    0.031874534386395904,
    0.03654720447487508,
    0.03286525136968747,
    0.03069030185546705,
    0.0349113261447016,
    0.030675377785099604,
    0.0335756186616649,
    0.050611105376255565,
    0.05510629709279273,
    0.02945358481704742,
    0.017602031358148026,
    0.032043599362959814,
    0.03223285057464989,
    0.020631830329006173,
    0.03147396570603634,
    0.0345621102835109,
    0.02679485762014651,
    0.006585967474277671,
    0.016778052353346666,
    0.022468360880973374,
    0.01942713816878719,
    0.019225863753496265,
    0.021810694487903706,
    0.020304959484352136,
    0.01266067892427275,
    0.008436687740520369,
    0.005625478765967397,
    0.006865950993580431,
    0.005934228718627595,
    0.012876813314187463,
    0.010578747893399987,
    0.006261491353664285,
    0.00852140037307784,
    0.0062663596370673355,
    0.004525920014933911,
    0.003994286381649242,
    0.007136942492693414,
    0.008538620503329885,
    0.0046896947073694385,
    0.0014117241742710553,
    0.0013036522955554117,
    0.0018474021706421642,
    0.0011418321739631357,
    0.0022013206905613114,
    0.0017733348602219803,
    0.0002913218416165267,
    0.0009282751392088527,
    0.0001700096391733526,
    0.0002399910763658875,
    0.0016097515860308933,
    0.0011095759494516157,
    0.000912403619616735,
    0.0004491476039077197,
    0.00020887075058166333,
    0.00042367818556129276,
    0.00037311852771358895,
    0.00044693443322646893,
    7.868497593199519e-05
  ],
  "mz_fft_pos": [
    0.009445807479782577,
    0.021623525946481842,
    0.035725529286819,
    0.03907445513423312,
    0.025017688987730977,
    0.02670824254629285,
    0.06835201258502005,
    0.04996167305520679,
    0.031815733036069146,
    0.07535346927774463,
    0.06291753757398405,
    0.0277392129278227,
    0.031660276231787354,
    0.007015131600019786,
    0.025535302605156955,
    0.01827843831519566,
    0.02378967577621403,
    0.03612832282408909,
    0.028465544248979444,
    0.01766827706276418,
    0.01611985485551842,
    0.028184352421296858,
    0.03366002900644257,
    0.030017002444292683,
    0.026962741424737095,
    0.02609834491274553,
    0.01801782063836282,
    0.011997994464220547,
    0.009259039783513879,
    0.005531150313611176,
    0.012746877573162545,
    0.014115086527601208,
    0.011659664668943746,
    0.010817268781441163,
    0.009869861199178775,
    0.008841682003974883,
    0.00344409653277575,
    0.005841916287728452,
    0.00586721617229987,
    0.005499930473413166,
    0.003413309112212607,
    0.001752616557021674,
    0.004150065271397149,
    0.0020749816010633003,
    0.0005583462255746095,
    0.0014814821426501798,
    0.0015206297001194467,
    0.0007356065265060672,
    0.00048166335140841665,
    0.0003789275141931223,
    0.0007701186393267967,
    0.00040354288642189927,
    0.0008907532246933903,
    0.0004562709605835563,
    0.00034156624071881165,
    0.00042409149509500756,
    0.00032864455364460955,
    0.00021187440937738016,
    0.0001332372995647229,
    8.531456397163936e-05,
    2.96877760112387e-05,
    1.783795612640952e-05,
    8.930273883219189e-06,
    7.51797225014963e-07,
    1.4889802241735417e-08
  ]
}