{
  "positive_frequencies": [
    0.0,
    0.07734375,
    0.1546875,
    0.23203125000000002,
    0.309375,
    0.38671875,
    0.46406250000000004,
    0.54140625,
    0.61875,
    0.6960937500000001,
    0.7734375,
    0.85078125,
    0.9281250000000001,
    1.0054687500000001,
    1.0828125,
    1.16015625,
    1.2375,
    1.31484375,
    1.3921875000000001,
    1.46953125,
    1.546875,
    1.62421875,
    1.7015625,
    1.7789062500000001,
    1.8562500000000002,
    1.93359375,
    2.0109375000000003,
    2.08828125,
    2.165625,
    2.24296875,
    2.3203125,
    2.3976562500000003,
    2.475,
    2.55234375,
    2.6296875,
    2.70703125,
    2.7843750000000003,
    2.86171875,
    2.9390625,
    3.01640625,
    3.09375,
    3.1710937500000003,
    3.2484375,
    3.32578125,
    3.403125,
    3.48046875,
    3.5578125000000003,
    3.63515625,
    3.7125000000000004,
    3.78984375,
    3.8671875,
    3.9445312500000003,
    4.0218750000000005,
    4.09921875,
    4.1765625,
    4.25390625,
    4.33125,
    4.4085937500000005,
    4.4859375,
    4.56328125,
    4.640625,
    4.71796875,
    4.7953125000000005,
    4.87265625,
    4.95
  ],
  "mx_fft_pos": [
    0.0743136260530348,
    0.08204009191324958,
    0.084570642455678,
    0.06235468431206612,
    0.026751018801331194,
    0.007925806187367485,
    0.036949356735769635,
    0.047781962486418285,
    0.044878871874635316,
    0.04802272525236009,
    0.04856513804834263,
    0.04808132896647463,
    0.05470851140271708,
    0.04425883903810683,
    0.011022445223716594,
    0.04264054913147119,
    0.04006480386705387,
    0.004999781876693342,
    0.02432580045392926,
    0.017543663973335975,
    0.0028103500761984357,
    0.010798337651756182,
    0.024772378412492354,
    0.03951207876764328,
    0.045565373859268954,
    0.03428321020123806,
    0.017492858501128517,
    0.009158849830235086,
    0.009253834063245753,
    0.006488476716970336,
    0.015980536175825857,
    0.018620711103964266,
    0.011808988862613818,
    0.010897986453482288,
    0.012142904339903338,
    0.005504231019407339,
    0.0009880875592464676,
    0.0026401189331258248,
    0.0073924855282208116,
    0.009275331308239647,
    0.006032717332956406,
    0.002112651232392511,
    0.0020657700513729326,
    0.0031003425744249003,
    0.0022584514896824342,
    0.0005836856993921874,
    0.0007892809636828777,
    0.003490103543129701,
    0.003777090508738404,
    0.0008967422588922513,
    0.0014135356910579913,
    0.002655318347045489,
    0.002007500215775887,
    0.0010032778153499196,
    0.0012679720420214985,
    0.0008267418745275164,
    0.0004844864598496871,
    0.0005946759264959965,
    0.0003859161876001096,
    0.0005573058195368003,
    0.00019144054723408416,
    0.000489165598494983,
    0.0003755921532362991,
    0.0001952321996471131,
    0.0004949756040218833
  ],
  "my_fft_pos": [
    0.03003046509259179,
    0.047742802473222906,
    0.05285319391996051,
    0.036394216300749,
    0.026057065270216336,
    0.025350524047868635,
    0.02705955593019547,
    0.0318745343863959,
    0.03654720447487507,
    0.03286525136968747,
    0.03069030185546705,
    0.0349113261447016,
    0.030675377785099604,
    0.0335756186616649,
    0.050611105376255565,
    0.05510629709279272,
    0.02945358481704741,
    0.017602031358148022,
    0.03204359936295981,
    0.032232850574649884,
    0.020631830329006177,
    0.03147396570603633,
    0.034562110283510916,
    0.02679485762014652,
    0.006585967474277671,
    0.016778052353346673,
    0.02246836088097337,
    0.01942713816878719,
    0.01922586375349627,
    0.021810694487903706,
    0.020304959484352132,
    0.012660678924272743,
    0.008436687740520359,
    0.005625478765967406,
    0.006865950993580437,
    0.005934228718627592,
    0.012876813314187465,
    0.010578747893399987,
    0.0062614913536642855,
    0.008521400373077841,
    0.0062663596370673294,
    0.004525920014933911,
    0.003994286381649235,
    0.007136942492693411,
    0.008538620503329887,
    0.004689694707369444,
    0.0014117241742710469,
    0.001303652295555415,
    0.001847402170642173,
    0.001141832173963144,
    0.0022013206905613135,
    0.001773334860221974,
    0.00029132184161653263,
    0.00092827513920886,
    0.0001700096391733603,
    0.00023999107636588502,
    0.0016097515860308892,
    0.0011095759494516109,
    0.0009124036196167415,
    0.0004491476039077074,
    0.00020887075058165515,
    0.00042367818556129385,
    0.00037311852771359496,
    0.0004469344332264735,
    7.868497593199297e-05
  ],
  "mz_fft_pos": [
    0.009445807479782582,
    0.021623525946481852,
    0.035725529286819,
    0.03907445513423314,
    0.025017688987730994,
    0.026708242546292834,
    0.06835201258502002,
    0.04996167305520678,
    0.03181573303606914,
    0.07535346927774461,
    0.06291753757398404,
    0.027739212927822714,
    0.03166027623178737,
    0.007015131600019785,
    0.02553530260515696,
    0.01827843831519566,
    0.023789675776214048,
    0.03612832282408911,
    0.02846554424897945,
    0.017668277062764172,
    0.01611985485551842,
    0.028184352421296865,
    0.03366002900644256,
    0.030017002444292677,
    0.0269627414247371,
    0.026098344912745524,
    0.018017820638362814,
    0.011997994464220538,
    0.009259039783513867,
    0.005531150313611166,
    0.012746877573162538,
    0.014115086527601213,
    0.011659664668943748,
    0.010817268781441155,
    0.009869861199178771,
    0.008841682003974878,
    0.0034440965327757513,
    0.005841916287728442,
    0.005867216172299856,
    0.005499930473413152,
    0.0034133091122126092,
    0.0017526165570216751,
    0.004150065271397148,
    0.002074981601063295,
    0.0005583462255746003,
    0.0014814821426501715,
    0.001520629700119441,
    0.0007356065265060591,
    0.00048166335140841383,
    0.00037892751419312323,
    0.0007701186393267897,
    0.0004035428864218921,
    0.0008907532246933916,
    0.0004562709605835675,
    0.00034156624071881697,
    0.00042409149509500447,
    0.00032864455364460705,
    0.00021187440937738027,
    0.00013323729956471713,
    8.531456397164471e-05,
    2.9687776011245045e-05,
    1.783795612640539e-05,
    8.930273883208736e-06,
    7.517972250138846e-07,
    1.4889802237849637e-08
  ]
}