{
  "positive_frequencies": [
    0.0,
    0.07734375,
    0.1546875,
    0.23203125000000002,
    0.309375,
    0.38671875,
    0.46406250000000004,
    0.54140625,
    0.61875,
    0.6960937500000001,
    0.7734375,
    0.85078125,
    0.9281250000000001,
    1.0054687500000001,
    1.0828125,
    1.16015625,
    1.2375,
    1.31484375,
    1.3921875000000001,
    1.46953125,
    1.546875,
    1.62421875,
    1.7015625,
    1.7789062500000001,
    1.8562500000000002,
    1.93359375,
    2.0109375000000003,
    2.08828125,
    2.165625,
    2.24296875,
    2.3203125,
    2.3976562500000003,
    2.475,
    2.55234375,
    2.6296875,
    2.70703125,
    2.7843750000000003,
    2.86171875,
    2.9390625,
    3.01640625,
    3.09375,
    3.1710937500000003,
    3.2484375,
    3.32578125,
    3.403125,
    3.48046875,
    3.5578125000000003,
    3.63515625,
    3.7125000000000004,
    3.78984375,
    3.8671875,
    3.9445312500000003,
    4.0218750000000005,
    4.09921875,
    4.1765625,
    4.25390625,
    4.33125,
    4.4085937500000005,
    4.4859375,
    4.56328125,
    4.640625,
    4.71796875,
    4.7953125000000005,
    4.87265625,
    4.95
  ],
  "mx_fft_pos": [
    0.005251568740392592,
    0.00807408596834865,
    0.005632237666772677,
    0.0030731481096054874,
    0.005112033995921739,
    0.006848667941769487,
    0.0029387878333120175,
    0.002818368462463747,
    0.006308718592698543,
    0.006229014284721958,
    0.005306208593274933,
    0.006605052593252482,
    0.002279174987385858,
    0.0014546524806860384,
    0.0025803688363206134,
    0.005481429260309364,
    0.008722768930419629,
    0.007490140435404132,
    0.005048333032944932,
    0.0043678388011119465,
    0.0061886019601229145,
    0.0076712638679530135,
    0.004594343615774052,
    0.006393766348660535,
    0.004836123126561332,
    0.005338458277332998,
    0.0033024502920929078,
    0.0050221262561778775,
    0.0010575499990894666,
    0.0027747246774380134,
    0.002970659094300912,
    0.0057352132700574125,
    0.008059793115859287,
    0.005338713640914285,
    0.002971415895117471,
    0.00214002932802591,
    0.0013060845399711484,
    0.002079795823290167,
    0.001318022638485088,
    0.00311062318089385,
    0.004640620065277371,
    0.0035768338051076487,
    0.0033943098655419284,
    0.0038405180043856162,
    0.0032308633503108403,
    0.0020061574414620463,
    0.004068278136635988,
    0.004657598974364036,
    0.0034599562068234548,
    0.0022689140518808277,
    0.0007118770678934712,
    0.0017616477853483908,
    0.003084778995259886,
    0.001936109322726593,
    0.0007641505450575041,
    0.0015547084652163248,
    0.002636074619695087,
    0.00296447354119008,
    0.003246926758366377,
    0.003330581320959474,
    0.002323633429562815,
    0.0008578700516217188,
    0.0007932178027577434,
    0.0006631719917461467,
    0.0005593219529329677
  ],
  "my_fft_pos": [
    0.008771905220551022,
    0.00775296532817208,
    0.010552925203666734,
    0.01049458100806701,
    0.0035191265750025742,
    0.0028143230924990263,
    0.003171963637841978,
    0.0035194314674942407,
    0.004827576345220457,
    0.003944995932438462,
    0.0053468951072577,
    0.006825117944296697,
    0.004314995712239148,
    0.005183311694734467,
    0.008526785602541583,
    0.007092172228845803,
    0.0031077620152974244,
    0.0003629649888554097,
    0.0014802766598619088,
    0.0005120000776442578,
    0.004680033957833008,
    0.004572247097135883,
    0.0008892916772269222,
    0.0012926203992183118,
    0.0008728525963813603,
    0.0004964946886640161,
    0.003386520610100526,
    0.005138099540708891,
    0.0026386220223441953,
    0.0010648671940699569,
    0.0018387430836459984,
    0.00437651652259058,
    0.006862117576100921,
    0.0062148331134065544,
    0.003693243427543539,
    0.0017356408811661746,
    0.0017236617752041108,
    0.0023715772114477553,
    0.0015459392748237463,
    0.0023598869745122954,
    0.0021697157013764986,
    0.0025687475762069807,
    0.0029425216303347298,
    0.00214722970796857,
    0.0012258128301655582,
    0.00043195078304821303,
    0.0012978088549953208,
    0.0016536740124836714,
    0.0011149863096247023,
    0.0031158133395420462,
    0.003927960507012495,
    0.0024937064325781695,
    0.0007177229624871551,
    0.0003274964156201261,
    0.0006346842333961603,
    0.0005883181963728996,
    4.4969041474734965e-05,
    0.0005111074844088599,
    0.000881792465453267,
    0.0009383189991959889,
    0.0009396361881218165,
    0.0013803322826070675,
    0.0013292975795887421,
    0.0010955857139253134,
    0.0017015635611912722
  ],
  "mz_fft_pos": [
    0.0026980362179581663,
    0.002034980457429294,
    0.002592018047352776,
    0.005479637489554181,
    0.0076568417285598715,
    0.007070132240808998,
    0.003283288325538231,
    0.001187061320396658,
    0.0038099145996700885,
    0.006870077115628112,
    0.005189125320333523,
    0.000752393325023867,
    0.002549140146045754,
    0.004167615950768708,
    0.005241525790916262,
    0.005308301468840616,
    0.003763173386929676,
    0.002064853511082575,
    0.0021194169041361803,
    0.0027956163686709105,
    0.0009073771615213444,
    0.0012054309629494912,
    0.0015524206356764476,
    0.0030443690684840764,
    0.002104599685265957,
    0.0017015663450981073,
    0.002636915651704466,
    0.0026903022868898976,
    0.002096913685158048,
    0.0016752103231204686,
    0.0013657712288550896,
    0.0012400715389097661,
    0.0007480306287902512,
    0.0011265066416448748,
    0.0021599518523921233,
    0.0022983743051674683,
    0.0017691547774355734,
    0.001052972388485386,
    0.0013639437323163678,
    0.0013823496279958835,
    0.0008384720067578946,
    0.0007703462630529174,
    0.0011731607198581292,
    0.00206861611465406,
    0.0014429216866213247,
    0.0027720189805460877,
    0.003982907325787842,
    0.0034381475006779977,
    0.002429524570669993,
    0.002206282264753542,
    0.0021330800655028257,
    0.0022605331605286124,
    0.002291710230349307,
    0.0021157664506234954,
    0.0018957399923638931,
    0.0021962055226571195,
    0.002760633701785001,
    0.002924172239945564,
    0.002567135318732985,
    0.0014065496640405257,
    0.00012526545743753815,
    0.00034080968497149095,
    0.0002295284055865568,
    0.0006214317088732314,
    0.00016657991966941704
  ]
}