{
  "times": [
    0.0,
    0.10101010101010101,
    0.20202020202020202,
    0.30303030303030304,
    0.40404040404040403,
    0.5050505050505051,
    0.6060606060606061,
    0.7070707070707071,
    0.8080808080808081,
    0.9090909090909091,
    1.0101010101010102,
    1.1111111111111112,
    1.2121212121212122,
    1.3131313131313131,
    1.4141414141414141,
    1.5151515151515151,
    1.6161616161616161,
    1.7171717171717171,
    1.8181818181818181,
    1.9191919191919191,
    2.0202020202020203,
    2.121212121212121,
    2.2222222222222223,
    2.323232323232323,
    2.4242424242424243,
    2.525252525252525,
    2.6262626262626263,
    2.727272727272727,
    2.8282828282828283,
    2.929292929292929,
    3.0303030303030303,
    3.131313131313131,
    3.2323232323232323,
    3.3333333333333335,
    3.4343434343434343,
    3.5353535353535355,
    3.6363636363636362,
    3.7373737373737375,
    3.8383838383838382,
    3.9393939393939394,
    4.040404040404041,
    4.141414141414141,
    4.242424242424242,
    4.343434343434343,
    4.444444444444445,
    4.545454545454545,
    4.646464646464646,
    4.747474747474747,
    4.848484848484849,
    4.94949494949495,
    5.05050505050505,
    5.151515151515151,
    5.252525252525253,
    5.353535353535354,
    5.454545454545454,
    5.555555555555555,
    5.656565656565657,
    5.757575757575758,
    5.858585858585858,
    5.959595959595959,
    6.0606060606060606,
    6.161616161616162,
    6.262626262626262,
    6.363636363636363,
    6.4646464646464645,
    6.565656565656566,
    6.666666666666667,
    6.767676767676767,
    6.8686868686868685,
    6.96969696969697,
    7.070707070707071,
    7.171717171717171,
    7.2727272727272725,
    7.373737373737374,
    7.474747474747475,
    7.575757575757575,
    7.6767676767676765,
    7.777777777777778,
    7.878787878787879,
    7.979797979797979,
    8.080808080808081,
    8.181818181818182,
    8.282828282828282,
    8.383838383838384,
    8.484848484848484,
    8.585858585858587,
    8.686868686868687,
    8.787878787878787,
    8.88888888888889,
    8.98989898989899,
    9.09090909090909,
    9.191919191919192,
    9.292929292929292,
    9.393939393939394,
    9.494949494949495,
    9.595959595959595,
    9.696969696969697,
    9.797979797979798,
    9.8989898989899,
    10.0
  ],
  "mx": [
    1.0,
    0.03367041017290204,
    -0.012530229388150736,
    0.001211672883357459,
    0.02503599260770192,
    0.00022873219542819602,
    -0.024358207918570914,
    0.01225246675906557,
    -0.055868391538344615,
    0.03797458523769641,
    0.048857570544753544,
    -0.004690520733569983,
    -0.030368731657478845,
    -0.010824395741390548,
    -0.009794501043576882,
    -0.05118032356407761,
    -0.015431640634754253,
    -0.006897175178391728,
    0.0105039618295697,
    -0.013071886466740077,
    -0.0023935560447576085,
    0.0046484241028095456,
    0.01156517564114956,
    -0.015525106552740527,
    0.008770933653243397,
    -0.00514949641103834,
    0.006835839046459689,
    -0.045082206214720394,
    -0.01010505017492249,
    0.00606494389540486,
    0.044626405976172734,
    -0.016076943931743817,
    0.01988633985065216,
    0.01647140593495774,
    0.020809901341085398,
    -0.013797108134854165,
    0.030461774908895418,
    -0.01154667196249231,
    -0.011290902746184524,
    -0.013704309064922008,
    -0.005012276396945767,
    -0.00560104492286646,
    -0.038980106754612824,
    -0.007650856287674356,
    0.013516867093345479,
    -0.009680061743307948,
    -0.0392296237235126,
    -0.01555081691585365,
    -0.015448559848711133,
    0.016494250222697383,
    -0.011910488179335797,
    0.0008681459794701862,
    -0.009485356208194566,
    0.027555971812887894,
    0.007278824709840568,
    -0.04165050515521519,
    -0.01325212538034131,
    -0.031356146151435435,
    -0.01603991654980226,
    -0.010648355255340998,
    0.004161936882678578,
    0.004112477737061599,
    -0.013216763820821533,
    0.05219594589119853,
    0.09040387196525274,
    -0.030246944026338138,
    -0.0018667667334822098,
    -0.012025269503444645,
    -0.05096080039939779,
    0.009419443890996929,
    -0.03657136842695991,
    -0.012295073047341029,
    0.01848393172151258,
    -0.019672860951999504,
    0.025786134466063815,
    0.02033412240246788,
    -0.0018773865099653989,
    0.006972246050013407,
    -0.0017627327161775601,
    -0.017243063432998935,
    -0.07616030363238047,
    -0.053853050917353186,
    0.0017273597516859875,
    -0.03737972347469511,
    0.027497542956291823,
    -0.009738704805847534,
    -0.023396179343714133,
    0.000627212019769701,
    0.016149080398471356,
    -0.01899808781888431,
    -0.0003924900544945377,
    0.012047652095169833,
    0.026772528428805342,
    -0.017180520889745064,
    0.04367567949962318,
    0.05580807802568721,
    -0.04026036655414562,
    -0.012153818971484931,
    0.006690067067067284,
    0.01878278543930746
  ],
  "my": [
    0.0,
    0.004863248946193916,
    -0.001930226130999439,
    0.003843216939980471,
    0.022768737685299387,
    -0.02302218787482439,
    0.022999204263671184,
    0.03668971239435009,
    -0.02610182329735034,
    -0.031507023472351146,
    0.038298313485589555,
    -0.015689063818216727,
    0.04628417082923314,
    -0.003269881225536222,
    -0.005799976699343953,
    -0.043246918041889265,
    -0.02779984563758825,
    -0.029036270791661916,
    -0.0005846045106390566,
    0.019295628783166804,
    -0.00782011713022641,
    0.006784716768017573,
    0.01965363831829378,
    0.019442711884153294,
    0.012922545681561799,
    -0.00843888042332725,
    -0.018819721971372008,
    0.008566892856849657,
    -0.024800569849855018,
    0.01707863978894134,
    0.01411704856939355,
    -0.0007109821859386384,
    -0.008776501499216978,
    -0.007920245107012792,
    0.022243966733027684,
    0.023839059161389557,
    -0.00313467688487735,
    -0.016151127542682945,
    -0.03199519870030431,
    0.003123735062611703,
    -0.0211529581065664,
    -0.006235626837057893,
    0.009117779603395484,
    0.018863913487452547,
    -0.04531216674933328,
    -0.0075297396687456,
    0.01984282602390332,
    -0.01662835118187535,
    -0.03979260733001793,
    0.011238057697041975,
    -0.007546107152402181,
    0.010231951766751722,
    0.006776990437840302,
    0.02606581710353368,
    -0.0005642697208235505,
    -0.04568902324809982,
    -0.02578981135609215,
    -0.0196442917519261,
    -0.019702096954611944,
    0.05421597546621851,
    0.0192785436718829,
    0.010046980239299848,
    0.011055024753886783,
    -0.05463850965124133,
    0.04431724663365323,
    0.022608348426043205,
    -0.03389724542342717,
    0.0012256775519311333,
    -0.014316542145137535,
    0.009336528423818553,
    0.04384377530172115,
    0.014665249477574293,
    0.0272142903612315,
    0.0032537523612022304,
    0.039506383747465026,
    0.029326159829376006,
    -0.0022420777869107808,
    0.013794510366712006,
    -0.018200270339616777,
    -0.009116653073475211,
    -0.0432843096747011,
    -0.013912342557958264,
    -0.012499600463461233,
    0.043186501285090814,
    -0.023146544365928404,
    0.02314284644209143,
    0.006132094511377698,
    0.032450928620690676,
    -0.011425670506426722,
    -0.005482700658440903,
    0.010538904618182073,
    0.015707487647089863,
    -0.013176086478177189,
    0.01555218990599159,
    -0.007907245294047195,
    -0.02469151429256485,
    -0.0338462485780506,
    0.001351013540382363,
    -0.0230957137559417,
    -0.03078628317424389
  ],