{
  "times": [
    0.0,
    0.10101010101010101,
    0.20202020202020202,
    0.30303030303030304,
    0.40404040404040403,
    0.5050505050505051,
    0.6060606060606061,
    0.7070707070707071,
    0.8080808080808081,
    0.9090909090909091,
    1.0101010101010102,
    1.1111111111111112,
    1.2121212121212122,
    1.3131313131313131,
    1.4141414141414141,
    1.5151515151515151,
    1.6161616161616161,
    1.7171717171717171,
    1.8181818181818181,
    1.9191919191919191,
    2.0202020202020203,
    2.121212121212121,
    2.2222222222222223,
    2.323232323232323,
    2.4242424242424243,
    2.525252525252525,
    2.6262626262626263,
    2.727272727272727,
    2.8282828282828283,
    2.929292929292929,
    3.0303030303030303,
    3.131313131313131,
    3.2323232323232323,
    3.3333333333333335,
    3.4343434343434343,
    3.5353535353535355,
    3.6363636363636362,
    3.7373737373737375,
    3.8383838383838382,
    3.9393939393939394,
    4.040404040404041,
    4.141414141414141,
    4.242424242424242,
    4.343434343434343,
    4.444444444444445,
    4.545454545454545,
    4.646464646464646,
    4.747474747474747,
    4.848484848484849,
    4.94949494949495,
    5.05050505050505,
    5.151515151515151,
    5.252525252525253,
    5.353535353535354,
    5.454545454545454,
    5.555555555555555,
    5.656565656565657,
    5.757575757575758,
    5.858585858585858,
    5.959595959595959,
    6.0606060606060606,
    6.161616161616162,
    6.262626262626262,
    6.363636363636363,
    6.4646464646464645,
    6.565656565656566,
    6.666666666666667,
    6.767676767676767,
    6.8686868686868685,
    6.96969696969697,
    7.070707070707071,
    7.171717171717171,
    7.2727272727272725,
    7.373737373737374,
    7.474747474747475,
    7.575757575757575,
    7.6767676767676765,
    7.777777777777778,
    7.878787878787879,
    7.979797979797979,
    8.080808080808081,
    8.181818181818182,
    8.282828282828282,
    8.383838383838384,
    8.484848484848484,
    8.585858585858587,
    8.686868686868687,
    8.787878787878787,
    8.88888888888889,
    8.98989898989899,
    9.09090909090909,
    9.191919191919192,
    9.292929292929292,
    9.393939393939394,
    9.494949494949495,
    9.595959595959595,
    9.696969696969697,
    9.797979797979798,
    9.8989898989899,
    10.0
  ],
  "mx": [
    -0.011226680323910679,
    -0.008091487165911904,
    -0.025014616638555278,
    -0.06688412529696157,
    -0.12740926251521134,
    -0.194199957553758,
    -0.2563063427513963,
    -0.30775465015196957,
    -0.34629298745203213,
    -0.3705187753217911,
    -0.37771449205890784,
    -0.36286832050314655,
    -0.3198069436272565,
    -0.24576288136426533,
    -0.14756838411817003,
    -0.04342040984363112,
    0.04465300197760681,
    0.10434979563310634,
    0.14184070031976953,
    0.1768157975539685,
    0.22603053875892132,
    0.28770415132130894,
    0.3389759420545265,
    0.3487063215549912,
    0.2969625283376125,
    0.18859810380692443,
    0.05285793032519249,
    -0.07012466542586568,
    -0.147332900649334,
    -0.16479153734943597,
    -0.1281204015104148,
    -0.055283389219122736,
    0.030168412820469392,
    0.1013342782343086,
    0.1304464170762027,
    0.09880776492201944,
    0.012398550435930472,
    -0.09042230270313083,
    -0.15246549061782877,
    -0.1295904012196576,
    -0.01956104626801588,
    0.13507992179116968,
    0.2737978581190257,
    0.35444895857175107,
    0.37229786656879754,
    0.35032235289217284,
    0.31293472040660775,
    0.2662811395601813,
    0.19922319550633227,
    0.10000300150348099,
    -0.028505488416987565,
    -0.16806319862309996,
    -0.297274950440982,
    -0.40377273361803745,
    -0.4852822676896428,
    -0.5408775082654991,
    -0.5638748946283471,
    -0.5453552927311287,
    -0.48497267560423224,
    -0.3969363028085358,
    -0.303660265355404,
    -0.22264158022927275,
    -0.15909382949428322,
    -0.11002369151638997,
    -0.07294093035675366,
    -0.048695141810918344,
    -0.036699397605615885,
    -0.03080090654624009,
    -0.02306291188231129,
    -0.012323583143337376,
    -0.0076323707903485465,
    -0.021785946867202588,
    -0.06091410415377564,
    -0.11988147381586704,
    -0.1865893120341952,
    -0.24963501228996185,
    -0.3024686167130073,
    -0.3425560220310813,
    -0.3685280975088962,
    -0.37789359558853114,
    -0.36590232364367287,
    -0.3263497169348781,
    -0.25574925077289823,
    -0.15959202322642432,
    -0.05496581829669791,
    0.03588558530180231,
    0.0988965534201669,
    0.1380749297115563,
    0.17226151369075288,
    0.2194917255377805,
    0.28056186076245837,
    0.3346305784476318,
    0.3505308237840953,
    0.3061361385925478,
    0.20317617470326155,
    0.06858428306208275,
    -0.05782688642539676,
    -0.14142094062688024,
    -0.16578796687796193,
    -0.13458660412697412
  ],
  "my": [
    0.11765128221946851,
    0.13821388020752667,
    0.12805245805041673,
    0.08716239022027608,
    0.02823069056526017,
    -0.030239418817400072,
    -0.07279000727984786,
    -0.09176457550506081,
    -0.0874136763249035,
    -0.06613290368331644,
    -0.03817088132775706,
    -0.014335246167644162,
    -0.002600385266184658,
    -0.007325086846491549,
    -0.03166747788107778,
    -0.07933821349661693,
    -0.1514355963961756,
    -0.23992383513894583,
    -0.32503092131630684,
    -0.38186020416123684,
    -0.3928482001487963,
    -0.3565711339289217,
    -0.28652668667684145,
    -0.2023715849485992,
    -0.12138278698532518,
    -0.055221540081668075,
    -0.010820104128942229,
    0.008718448060801486,
    0.005181321089898388,
    -0.013270956849820867,
    -0.03295064078362926,
    -0.03918076476903658,
    -0.023445000137551845,
    0.010302345452699622,
    0.044823850739614104,
    0.05715625755822563,
    0.03207679264807899,
    -0.026570774959046632,
    -0.09515634763464373,
    -0.1419915846639095,
    -0.14447857621118584,
    -0.10096056836256553,
    -0.03085443571203575,
    0.035294862206448084,
    0.06894924361031265,
    0.05339459516837955,
    -0.012453705625168156,
    -0.115473570834965,
    -0.23297709212058898,
    -0.33908635040253843,
    -0.4120149785583382,
    -0.44087584835172655,
    -0.42911126863662846,
    -0.39139041655985174,
    -0.3441421803235646,
    -0.29551778212352914,
    -0.2429560955529268,
    -0.18116293760076013,
    -0.11344025687472202,
    -0.05478790523821621,
    -0.022297291681505585,
    -0.02112873255908543,
    -0.03946569250886663,
    -0.0571873339061273,
    -0.05954787584576242,
    -0.04339050889282531,
    -0.012846366323148575,
    0.027350689156605427,
    0.07250486815346027,
    0.11376114138303967,
    0.13727490431701722,
    0.13091136750519422,
    0.09311269333435113,
    0.03533852295377584,
    -0.024092905696670483,
    -0.06902608387790363,
    -0.09083611499110783,
    -0.08894135156702623,
    -0.06913444849197119,
    -0.04136707205351642,
    -0.01657572071146043,
    -0.0031718176956718365,
    -0.005847945550365059,
    -0.027749014961979457,
    -0.07257457454297253,
    -0.14204517637339031,
    -0.22945458321660464,
    -0.3162254951682243,
    -0.37745075039403814,
    -0.39411991921688644,
    -0.36281270862423803,
    -0.29567759699159674,
    -0.21216985663641355,
    -0.1301167504428806,
    -0.06182215497070686,
    -0.014684569917365258,
    0.0077326187309705585,
    0.0065607997891042515,
    -0.010794249181839091,
    -0.031119534109916483
  ],