{
  "positive_frequencies": [
    0.0,
    0.07734375,
    0.1546875,
    0.23203125000000002,
    0.309375,
    0.38671875,
    0.46406250000000004,
    0.54140625,
    0.61875,
    0.6960937500000001,
    0.7734375,
    0.85078125,
    0.9281250000000001,
    1.0054687500000001,
    1.0828125,
    1.16015625,
    1.2375,
    1.31484375,
    1.3921875000000001,
    1.46953125,
    1.546875,
    1.62421875,
    1.7015625,
    1.7789062500000001,
    1.8562500000000002,
    1.93359375,
    2.0109375000000003,
    2.08828125,
    2.165625,
    2.24296875,
    2.3203125,
    2.3976562500000003,
    2.475,
    2.55234375,
    2.6296875,
    2.70703125,
    2.7843750000000003,
    2.86171875,
    2.9390625,
    3.01640625,
    3.09375,
    3.1710937500000003,
    3.2484375,
    3.32578125,
    3.403125,
    3.48046875,
    3.5578125000000003,
    3.63515625,
    3.7125000000000004,
    3.78984375,
    3.8671875,
    3.9445312500000003,
    4.0218750000000005,
    4.09921875,
    4.1765625,
    4.25390625,
    4.33125,
    4.4085937500000005,
    4.4859375,
    4.56328125,
    4.640625,
    4.71796875,
    4.7953125000000005,
    4.87265625,
    4.95
  ],
  "mx_fft_pos": [
    0.0020958237647152505,
    0.0017034741512872206,
    0.0037042151576055127,
    0.0031522652380512758,
    0.0016122757380150129,
    0.0034041656640088104,
    0.004261540770558065,
    0.003920001819200981,
    0.0017661841647454207,
    0.00016172849269980555,
    0.0019996118035251675,
    0.004025489799117781,
    0.003148211125205056,
    0.0016693875323293874,
    0.00230808592438379,
    0.0027784653811058595,
    0.001683738928417353,
    0.0017430412752066594,
    0.004991914281119111,
    0.0070195942754549216,
    0.004659544733066357,
    0.0017154736899606862,
    0.003147562348976787,
    0.0023767186257028336,
    0.0011748860091530238,
    0.0007953269651768362,
    0.0025856476760429824,
    0.002969477688206646,
    0.0023720615945008526,
    0.0008333739999356816,
    0.002105795862820882,
    0.0024195294684088496,
    0.0010390374406205776,
    0.0009350360497651672,
    0.0020498425792012083,
    0.004163368167233489,
    0.004222270230482977,
    0.0031560270523053476,
    0.0030663679600569245,
    0.003136996461851628,
    0.0026074110877857444,
    0.002516415108503645,
    0.0020700255430939375,
    0.0012297546504964354,
    0.0016698322792503975,
    0.002528037487922652,
    0.0024652997303733536,
    0.0011019467505913021,
    0.0015475200921414843,
    0.000868726631463944,
    0.0004177277384497007,
    0.0009217045372881999,
    0.0007087820044782671,
    0.0007427225942518053,
    0.000631171234837833,
    0.0007002188677324305,
    0.0010236282751910043,
    0.00025327408610546076,
    0.0010737570790765722,
    0.0008595519203849849,
    0.0007570289973247345,
    0.0007968477773401062,
    0.0005835837942972605,
    0.0007065620829210888,
    0.0009089868484984083
  ],
  "my_fft_pos": [
    0.0003989836977287302,
    0.0009586064712158918,
    0.002150819755134202,
    0.002101399966896854,
    0.0008012947439445182,
    0.004155836409756453,
    0.0053381592583948,
    0.004290365518309751,
    0.002752743673997519,
    0.0028076719330113954,
    0.0024728381766578804,
    0.0007364545679999726,
    0.004326291657884822,
    0.005503271769593965,
    0.002712414514472083,
    0.00036720217426630566,
    0.00048475238227201165,
    0.0007575201042728078,
    0.0034017959493107225,
    0.0035299867396496533,
    0.0014608572422924084,
    0.0006530446635797614,
    0.0020615064451247186,
    0.0006511777494742017,
    0.0017660087489197946,
    0.0022292084179355216,
    0.0037714513288508627,
    0.0034881039692458917,
    0.0028130995159644035,
    0.002480502140112423,
    0.001668840712934482,
    0.001007968301315549,
    0.002035656905484972,
    0.002327080793752588,
    0.0011994942842771114,
    0.0035589077627569536,
    0.00281122173861879,
    0.0008899046059797297,
    0.0007401991233607327,
    0.0017639241113784948,
    0.001780066465717847,
    0.0018051020689302027,
    0.0013088477504643273,
    0.0014020904707640139,
    0.0016466255944983994,
    0.001448312063570512,
    0.0006588877240178028,
    0.0008904694210123921,
    0.001020375035952089,
    0.00017500104167878124,
    0.001386762373246812,
    0.0008649583809833648,
    0.0010814659458112622,
    0.001432823385350901,
    0.0013795958901201427,
    0.0017257689450499527,
    0.0021768969470305276,
    0.0016053614163249476,
    0.0016246771679309232,
    0.0013374377940540078,
    0.000976449371026345,
    0.0013393174984502446,
    0.00047789563647898236,
    0.0008878352111090618,
    0.0001774215100886907
  ],
  "mz_fft_pos": [
    0.004958764685472874,
    0.0035462664338105727,
    0.0015107070127585154,
    0.0007952430230271909,
    0.0013264337245118862,
    0.0023164878765383474,
    0.0034352977689958803,
    0.004528955126058858,
    0.004414221285111473,
    0.002886660486865144,
    0.0012805469958997353,
    0.001234337915450608,
    0.0015456926900209924,
    0.0010263388604307743,
    0.002169300995924161,
    0.003188665413814793,
    0.0021405129953514625,
    0.0008423860478379686,
    0.0006143009730912943,
    0.0006901612606716193,
    0.0014649171776803754,
    0.0007160830962122947,
    0.0015906031682483832,
    0.0026109648515224805,
    0.0017081338445871794,
    0.0012159562265925512,
    0.0016784720739844395,
    0.0013746621904117198,
    0.0018721349467758584,
    0.002392880564476024,
    0.001084697900787627,
    0.002331597336849265,
    0.0030987297245254086,
    0.0020096504081863103,
    0.0017434517900904872,
    0.002284229749615289,
    0.0020325194249550625,
    0.001366037279182654,
    0.0017399965245966822,
    0.0018173214491881806,
    0.0014847012017233936,
    0.002208732657595339,
    0.0020797573820529776,
    0.001681844510652202,
    0.0021147199294963377,
    0.0012059295192317744,
    0.0014508926819112576,
    0.0015737504645831277,
    0.0008127070481458354,
    0.001036522373381531,
    0.0011433610925748914,
    0.0004086790111435443,
    0.00025748945385896903,
    0.0004730078414071649,
    0.0004619274633016935,
    0.0006592188516960104,
    0.001092375882299966,
    0.0008681396134080771,
    0.0009624489901848642,
    0.001164193026644753,
    0.001195298438535196,
    0.0016823524555588173,
    0.0016948349287337452,
    0.0017415214619236033,
    0.0018969687083914652
  ]
}