{
  "times": [
    0.0,
    0.10101010101010101,
    0.20202020202020202,
    0.30303030303030304,
    0.40404040404040403,
    0.5050505050505051,
    0.6060606060606061,
    0.7070707070707071,
    0.8080808080808081,
    0.9090909090909091,
    1.0101010101010102,
    1.1111111111111112,
    1.2121212121212122,
    1.3131313131313131,
    1.4141414141414141,
    1.5151515151515151,
    1.6161616161616161,
    1.7171717171717171,
    1.8181818181818181,
    1.9191919191919191,
    2.0202020202020203,
    2.121212121212121,
    2.2222222222222223,
    2.323232323232323,
    2.4242424242424243,
    2.525252525252525,
    2.6262626262626263,
    2.727272727272727,
    2.8282828282828283,
    2.929292929292929,
    3.0303030303030303,
    3.131313131313131,
    3.2323232323232323,
    3.3333333333333335,
    3.4343434343434343,
    3.5353535353535355,
    3.6363636363636362,
    3.7373737373737375,
    3.8383838383838382,
    3.9393939393939394,
    4.040404040404041,
    4.141414141414141,
    4.242424242424242,
    4.343434343434343,
    4.444444444444445,
    4.545454545454545,
    4.646464646464646,
    4.747474747474747,
    4.848484848484849,
    4.94949494949495,
    5.05050505050505,
    5.151515151515151,
    5.252525252525253,
    5.353535353535354,
    5.454545454545454,
    5.555555555555555,
    5.656565656565657,
    5.757575757575758,
    5.858585858585858,
    5.959595959595959,
    6.0606060606060606,
    6.161616161616162,
    6.262626262626262,
    6.363636363636363,
    6.4646464646464645,
    6.565656565656566,
    6.666666666666667,
    6.767676767676767,
    6.8686868686868685,
    6.96969696969697,
    7.070707070707071,
    7.171717171717171,
    7.2727272727272725,
    7.373737373737374,
    7.474747474747475,
    7.575757575757575,
    7.6767676767676765,
    7.777777777777778,
    7.878787878787879,
    7.979797979797979,
    8.080808080808081,
    8.181818181818182,
    8.282828282828282,
    8.383838383838384,
    8.484848484848484,
    8.585858585858587,
    8.686868686868687,
    8.787878787878787,
    8.88888888888889,
    8.98989898989899,
    9.09090909090909,
    9.191919191919192,
    9.292929292929292,
    9.393939393939394,
    9.494949494949495,
    9.595959595959595,
    9.696969696969697,
    9.797979797979798,
    9.8989898989899,
    10.0
  ],
  "mx": [
    7.093091546216277e-17,
    0.004905744314775022,
    0.001036413971477686,
    0.02274179003673008,
    0.039065559613513996,
    0.010359006413614012,
    0.030993638828201237,
    0.11401242752064082,
    0.13483107136276165,
    0.07951761756361862,
    0.02824354912594992,
    0.005846981735290424,
    -0.01592876163071007,
    -0.043001165118550906,
    -0.05311969229269936,
    -0.01874286354633414,
    0.02050853592588786,
    0.02473111111903598,
    0.004156918701244655,
    -0.01834324670876623,
    0.0069696772793824135,
    0.0323534886403193,
    0.04464124816240181,
    0.020530495946721593,
    -0.013743592559255188,
    -0.0070922251018585136,
    0.028305448300561847,
    0.06675149141779574,
    0.06965626390650831,
    0.043503467026703796,
    0.015970325187092443,
    -0.006691703191199697,
    -0.028272273656797093,
    -0.04615964152683645,
    -0.07133799963789539,
    -0.08494838513049047,
    -0.07125222173331577,
    -0.04011186224720528,
    -0.031601258629087636,
    -0.012832350738564155,
    0.015572746488700285,
    0.01354842325110721,
    0.0027155398488181346,
    0.0022918218779836444,
    0.027735216408101632,
    0.05177687019834508,
    0.04498013104148851,
    0.021279382010358415,
    0.009410769500396387,
    0.015423053256935894,
    0.01598000286213168,
    0.015536096828676718,
    0.004655366307276785,
    0.0007963524351376946,
    0.04652846378588685,
    0.10704159624719363,
    0.11078648334960012,
    0.07566076225768652,
    0.02970050845694626,
    -0.016602041512128338,
    -0.028872430503517343,
    -0.009859085451217421,
    0.04855854448669983,
    0.10615048627660933,
    0.0997607837830194,
    0.024190551345893548,
    -0.025582135275717493,
    0.0036211390479123384,
    0.002989476578281907,
    -0.05105166672944403,
    -0.08140922097711813,
    -0.06843213056199134,
    -0.0580210352990982,
    -0.03890682669419,
    -0.007291372928815132,
    0.0026821245211778263,
    -0.0022952773228811876,
    -0.024336977082258064,
    -0.04357606241991591,
    -0.03598976697027859,
    -0.023862072388494963,
    0.0148148855448085,
    0.05698151301615809,
    0.05564376860175736,
    0.03376609003828515,
    -0.005513799526483623,
    -0.024026660658010218,
    -0.017710927454467337,
    -0.000768305431417732,
    0.041448889218875025,
    0.06045805938924035,
    0.015068091267862979,
    0.0023282914829508947,
    -0.0017807756910420043,
    -0.01818980906955692,
    -0.029057029646874497,
    -0.033714165879095606,
    -0.024120865239028493,
    -0.027802095865193784,
    -0.030765232363124465
  ],
  "my": [
    0.0,
    -0.009691219686195537,
    -0.039409874469508235,
    -0.04494499612878641,
    -0.034557547456884524,
    -0.025835579961524066,
    -0.10976406878389351,
    -0.1765623185597371,
    -0.09069817542538909,
    -0.02284348381234576,
    -0.00842491354341106,
    0.014865326050048783,
    0.04811357037614607,
    0.07739042411031166,
    0.07869805370115902,
    0.07684209581648922,
    0.06492261309930292,
    0.02140069329665587,
    -0.023209737912922235,
    0.009129884306948007,
    0.098892093640053,
    0.19908247059937545,
    0.172473079995847,
    0.06956286950950738,
    -0.011818553910547395,
    -0.01579329884291463,
    -0.0053528958954164865,
    -0.05611697696291597,
    -0.07465776541346653,
    -0.03390415906780597,
    -0.0035613509003081514,
    -0.00188614972842126,
    -0.008929757484761457,
    -0.023361913712059805,
    -0.035901761258043334,
    -0.05856572606686086,
    -0.05489577225900461,
    -0.005318423178335,
    0.0023434606239503496,
    -0.025852899162776097,
    -0.004515732594877645,
    -0.002004250256510305,
    -0.008956361802469275,
    0.01664419028757187,
    0.027876115347520436,
    0.012367065540895276,
    0.007336723282033246,
    0.0189300905641339,
    0.023558483657499463,
    0.013369312156171348,
    0.0011624325273607602,
    -0.0009463605308744748,
    0.019394247386349466,
    0.0331649102042311,
    0.03543393908685735,
    0.044108949382590724,
    0.04442730707272455,
    0.012703498331149955,
    0.005287039745505339,
    0.030242225697984768,
    -0.00811181866046325,
    -0.02452639032563172,
    0.09012042355306302,
    0.2241193663015194,
    0.208929424409287,
    0.08492144678093201,
    0.024919952445837487,
    0.04901489116805766,
    0.06528431857189211,
    0.04850928155569849,
    0.006551315456631287,
    -0.03885631850878071,
    -0.0590820137484256,
    -0.05819331851260263,
    -0.03941279204798726,
    -0.010956752805226247,
    0.010460348349781356,
    0.021503584299270757,
    0.0023964246583722624,
    -0.006612804869589753,
    -0.0085948442668645,
    -0.022891305975408574,
    -0.014098666731186446,
    0.005243868947082996,
    0.015862383129687536,
    -0.004162159520240936,
    -0.02790368992878202,
    -0.014462827123358927,
    -0.0015570180297099622,
    0.01097732127926158,
    0.052060348459862606,
    0.031220000186810433,
    -0.016939773895708877,
    -0.001746740642768858,
    0.016454641229808276,
    0.008167686093432637,
    -0.02179931677838211,
    -0.02558644287315098,
    -0.0005086092912734423,
    0.007570919812092367
  ],