{
  "positive_frequencies": [
    0.0,
    0.07734375,
    0.1546875,
    0.23203125000000002,
    0.309375,
    0.38671875,
    0.46406250000000004,
    0.54140625,
    0.61875,
    0.6960937500000001,
    0.7734375,
    0.85078125,
    0.9281250000000001,
    1.0054687500000001,
    1.0828125,
    1.16015625,
    1.2375,
    1.31484375,
    1.3921875000000001,
    1.46953125,
    1.546875,
    1.62421875,
    1.7015625,
    1.7789062500000001,
    1.8562500000000002,
    1.93359375,
    2.0109375000000003,
    2.08828125,
    2.165625,
    2.24296875,
    2.3203125,
    2.3976562500000003,
    2.475,
    2.55234375,
    2.6296875,
    2.70703125,
    2.7843750000000003,
    2.86171875,
    2.9390625,
    3.01640625,
    3.09375,
    3.1710937500000003,
    3.2484375,
    3.32578125,
    3.403125,
    3.48046875,
    3.5578125000000003,
    3.63515625,
    3.7125000000000004,
    3.78984375,
    3.8671875,
    3.9445312500000003,
    4.0218750000000005,
    4.09921875,
    4.1765625,
    4.25390625,
    4.33125,
    4.4085937500000005,
    4.4859375,
    4.56328125,
    4.640625,
    4.71796875,
    4.7953125000000005,
    4.87265625,
    4.95
  ],
  "mx_fft_pos": [
    0.008492028065738485,
    0.008312587585325154,
    0.011210417908074288,
    0.01621404409153658,
    0.01560322410924999,
    0.006798992523224444,
    0.00635460734316627,
    0.011970924103323267,
    0.00816601860619251,
    0.005248185852769922,
    0.008724286824339938,
    0.010390005286538231,
    0.006457222144791251,
    0.007995939420240832,
    0.013410239454580005,
    0.011563691222714003,
    0.006963620544372336,
    0.003978622679643021,
    0.005312062318850615,
    0.007600723542054614,
    0.005692536841813564,
    0.00766473360365934,
    0.008730283520283348,
    0.00590689951546217,
    0.0017287861419300276,
    0.0022986384354087286,
    0.0007297030041998261,
    0.0034984948361830893,
    0.004798752251256885,
    0.003862955276248892,
    0.003153156810130223,
    0.0018519638089502057,
    0.0022264312448454777,
    0.0027659749720253257,
    0.002707113227377774,
    0.0017307303670043455,
    9.918188446575629e-05,
    0.001012644257746558,
    0.0011411318329200314,
    0.0008473050560882939,
    0.0009142535268100809,
    0.0013237959051475927,
    0.001272243549436802,
    0.0009734342263863988,
    0.00047081689941076097,
    0.00029001934286963105,
    0.0003930767942132727,
    0.0002572259560839514,
    0.0004546431487345939,
    0.00026712100262666255,
    0.00013679289916178916,
    0.00040350319488752,
    0.000595441820322234,
    0.00025921629007108623,
    0.00020339199964072757,
    0.000333353034522903,
    0.000275820936966011,
    0.0003401426921006084,
    0.0003106488111712566,
    0.00011535264023150872,
    0.00013383339171485777,
    0.00013951537557168315,
    6.0268766058185e-05,
    7.327503366677208e-05,
    3.9454166440437976e-05
  ],
  "my_fft_pos": [
    0.01565030521393407,
    0.012775476130683245,
    0.015923752110020797,
    0.01953293134158952,
    0.008324917053461767,
    0.009536626430634243,
    0.01540328166963121,
    0.008256486320124764,
    0.008734733399799645,
    0.010493916243676894,
    0.006186165238061365,
    0.009700416102652458,
    0.01332588022803001,
    0.006862175210427016,
    0.0037051150537130385,
    0.010408024196198549,
    0.010685160985251012,
    0.00504161789987399,
    0.006637661630724046,
    0.008650207396085696,
    0.006642702899722325,
    0.008456258341390736,
    0.0048685282829160625,
    0.0046962341204453495,
    0.010277066045398749,
    0.007930344505161032,
    0.004845481079080148,
    0.007057044094094255,
    0.005414501925934683,
    0.0025438527933221633,
    0.006147419466075572,
    0.005480464279678232,
    0.0021428892606892387,
    0.004976348358713963,
    0.00570125707909796,
    0.004523708619530304,
    0.002525025546435339,
    0.0011208877002237133,
    0.0021303027912581425,
    0.0020368034567458215,
    0.0020559456952977053,
    0.002045981758982192,
    0.0016601794725387294,
    0.0012697714692645613,
    0.000997924228661791,
    0.0007386635344048434,
    0.0008654849820701119,
    0.0008987788523776284,
    0.0010505193478319533,
    0.0005622039007775255,
    0.0002900060620905677,
    0.0002231314327072768,
    0.00031508234673228113,
    0.0004305670635303476,
    0.000454013762858783,
    0.00039124569921924405,
    0.00011818023079589933,
    0.00020746439705008948,
    0.00018430903562580337,
    0.00011847910799293312,
    0.00016157860354787463,
    0.00027459090876778163,
    0.00023881122879356118,
    9.278896278183805e-05,
    1.3803530522151774e-05
  ],
  "mz_fft_pos": [
    0.005994025124106264,
    0.021880342752253642,
    0.03444529706959392,
    0.03120253006581937,
    0.019054551829823338,
    0.017323343485252756,
    0.02166183574730517,
    0.01609867473155948,
    0.011373993004074396,
    0.015493922733158565,
    0.023789883770408343,
    0.02155934251350025,
    0.014409733881033475,
    0.010563355459483878,
    0.009603269203595223,
    0.011672431978196209,
    0.013620011145888955,
    0.008857197537370994,
    0.003188503289507298,
    0.007573517073125313,
    0.011760221183433499,
    0.008915860800077306,
    0.002493098836798857,
    0.006299367659049111,
    0.00304225552046455,
    0.00531568454254811,
    0.005074243520623405,
    0.0006051507989755163,
    0.003225729734608349,
    0.002793094609846071,
    0.0027683546202363516,
    0.0027816085104826176,
    0.0023815268393872924,
    0.0019687517542723793,
    0.0011847759554911483,
    0.0005878920261523362,
    0.0005738762016870756,
    0.0006460717492908085,
    0.0006425757192184918,
    0.000853389364398668,
    0.0006401172842071617,
    0.000311877215877793,
    0.0003171038419919703,
    0.00016795625274814268,
    0.0001584494769839476,
    0.00018179493242054097,
    0.00010617228736251994,
    9.80163318584155e-05,
    6.761916862048303e-05,
    3.4778867845952826e-06,
    3.3089185366348276e-05,
    2.6940435771204287e-05,
    1.6779972994665232e-05,
    2.286225856033467e-05,
    1.3779810661261585e-05,
    9.837271901967993e-06,
    6.9509926363328424e-06,
    3.2786217032912983e-06,
    4.724618860120532e-06,
    3.66818631526237e-06,
    2.78609197046415e-06,
    1.180368772814955e-06,
    9.68260086560422e-07,
    1.7766042570346216e-07,
    1.0756680030798994e-06
  ]
}