{
  "times": [
    0.0,
    0.10101010101010101,
    0.20202020202020202,
    0.30303030303030304,
    0.40404040404040403,
    0.5050505050505051,
    0.6060606060606061,
    0.7070707070707071,
    0.8080808080808081,
    0.9090909090909091,
    1.0101010101010102,
    1.1111111111111112,
    1.2121212121212122,
    1.3131313131313131,
    1.4141414141414141,
    1.5151515151515151,
    1.6161616161616161,
    1.7171717171717171,
    1.8181818181818181,
    1.9191919191919191,
    2.0202020202020203,
    2.121212121212121,
    2.2222222222222223,
    2.323232323232323,
    2.4242424242424243,
    2.525252525252525,
    2.6262626262626263,
    2.727272727272727,
    2.8282828282828283,
    2.929292929292929,
    3.0303030303030303,
    3.131313131313131,
    3.2323232323232323,
    3.3333333333333335,
    3.4343434343434343,
    3.5353535353535355,
    3.6363636363636362,
    3.7373737373737375,
    3.8383838383838382,
    3.9393939393939394,
    4.040404040404041,
    4.141414141414141,
    4.242424242424242,
    4.343434343434343,
    4.444444444444445,
    4.545454545454545,
    4.646464646464646,
    4.747474747474747,
    4.848484848484849,
    4.94949494949495,
    5.05050505050505,
    5.151515151515151,
    5.252525252525253,
    5.353535353535354,
    5.454545454545454,
    5.555555555555555,
    5.656565656565657,
    5.757575757575758,
    5.858585858585858,
    5.959595959595959,
    6.0606060606060606,
    6.161616161616162,
    6.262626262626262,
    6.363636363636363,
    6.4646464646464645,
    6.565656565656566,
    6.666666666666667,
    6.767676767676767,
    6.8686868686868685,
    6.96969696969697,
    7.070707070707071,
    7.171717171717171,
    7.2727272727272725,
    7.373737373737374,
    7.474747474747475,
    7.575757575757575,
    7.6767676767676765,
    7.777777777777778,
    7.878787878787879,
    7.979797979797979,
    8.080808080808081,
    8.181818181818182,
    8.282828282828282,
    8.383838383838384,
    8.484848484848484,
    8.585858585858587,
    8.686868686868687,
    8.787878787878787,
    8.88888888888889,
    8.98989898989899,
    9.09090909090909,
    9.191919191919192,
    9.292929292929292,
    9.393939393939394,
    9.494949494949495,
    9.595959595959595,
    9.696969696969697,
    9.797979797979798,
    9.8989898989899,
    10.0
  ],
  "mx": [
    0.0409065317527568,
    0.06755820536779321,
    0.09474586935821865,
    0.11798892805103962,
    0.1322292338365067,
    0.13316938528597302,
    0.11884612785734748,
    0.09077389838316897,
    0.054598160441994135,
    0.020001924412620827,
    -0.001204761242676478,
    0.0005361083496949796,
    0.027315923385846916,
    0.0712990579466957,
    0.11753560018941774,
    0.1507762515597429,
    0.1619428977874014,
    0.15046237762729603,
    0.12214528001338576,
    0.08530327057975244,
    0.04792766810033544,
    0.016683583458775377,
    -0.0033236031223944215,
    -0.009102922149647918,
    -0.0006864196905293503,
    0.018279689006193377,
    0.04076391736463548,
    0.05753080894993207,
    0.059407304401740295,
    0.0406460332638544,
    0.0023695749120934157,
    -0.04631347262767297,
    -0.09172048582750736,
    -0.12280000887918417,
    -0.1376685050789754,
    -0.14435667343971545,
    -0.15468075415741278,
    -0.17572041556469534,
    -0.20521807385906105,
    -0.2335589045740785,
    -0.2496397575976654,
    -0.2460183216424515,
    -0.22111319222885534,
    -0.1791890515108253,
    -0.12917491476357454,
    -0.08204060532516047,
    -0.04659347868533996,
    -0.025586263040582147,
    -0.015014801677324314,
    -0.00734571335882463,
    0.003896525119018295,
    0.021541276350497515,
    0.045077011751472676,
    0.07207913744069144,
    0.09895375296377759,
    0.12106886533479193,
    0.1333816969065428,
    0.1318759762857901,
    0.11509397518627863,
    0.08519396851949347,
    0.04852097552773596,
    0.015303103550629586,
    -0.0026614800893358746,
    0.00329420555970193,
    0.03367938524281304,
    0.07915662101361051,
    0.12420899277514409,
    0.15423243957704535,
    0.16151718566923295,
    0.1467688965551942,
    0.11647169873199055,
    0.07902596628401175,
    0.04223656216516902,
    0.012528989123858957,
    -0.005284557576423446,
    -0.00864512678015333,
    0.001845781386466012,
    0.02194737840451935,
    0.04416009420021897,
    0.05907184239238049,
    0.05781742435236506,
    0.03556549523410732,
    -0.005227903633158619,
    -0.05434019448589674,
    -0.097974297384143,
    -0.12623410467530669,
    -0.13900925056480534,
    -0.14551212173630712,
    -0.15733248471579964,
    -0.18016316536502755,
    -0.2102474699524022,
    -0.23729249712635575,
    -0.2505127245470264,
    -0.24335218479339119,
    -0.21522482551207975,
    -0.17126900330474024,
    -0.1209758801015795,
    -0.07527574659967023,
    -0.042198154384574096,
    -0.023323273931569147
  ],
  "my": [
    0.03496161331650679,
    0.0341315123850118,
    0.043916122792760186,
    0.05880337265815886,
    0.07306454881083041,
    0.08256484721209002,
    0.08569959918391151,
    0.08162728190909224,
    0.06749660641421293,
    0.038887887426818986,
    -0.004904202685020377,
    -0.054922138266871055,
    -0.09261660265243774,
    -0.09816234457232349,
    -0.061703566862304174,
    0.010800247636702866,
    0.10089753281207031,
    0.1865320596073549,
    0.2498637165022583,
    0.28060674197171603,
    0.2762675550093166,
    0.24181436544211998,
    0.18881399822682018,
    0.13225204194911447,
    0.08495421643643941,
    0.052716906070971854,
    0.03378922785887051,
    0.02308059774940833,
    0.01753865505865991,
    0.018357691540990727,
    0.028548240478669377,
    0.048121580215662506,
    0.07076282240261379,
    0.08469866386240116,
    0.07777270062702264,
    0.04416008179711323,
    -0.011071716249595468,
    -0.07244281696960025,
    -0.11963151123740838,
    -0.13514984658709941,
    -0.11023411453616033,
    -0.04694927974523156,
    0.04282501403178419,
    0.14005658037488175,
    0.22264191105222483,
    0.2714247227452781,
    0.2770012173558305,
    0.24367523403809432,
    0.18720897002026182,
    0.12706904446738043,
    0.07816205167048157,
    0.04712412011888016,
    0.033896382135402504,
    0.03514213055359402,
    0.046161533778075595,
    0.06132068817772778,
    0.07501722369303411,
    0.08352895549213751,
    0.0855670985798327,
    0.08011794307604851,
    0.06390550414721596,
    0.032658777935796975,
    -0.013068117124474497,
    -0.06250986035986575,
    -0.09616134459002613,
    -0.09510827859003028,
    -0.05192239500057035,
    0.024939158186179065,
    0.11577772638811405,
    0.1987983149564178,
    0.25728701196900344,
    0.2822556284869118,
    0.2724525742921888,
    0.23402508087773372,
    0.17939812848405912,
    0.12361805979940726,
    0.078612492611037,
    0.048832381562205124,
    0.03160266726317996,
    0.021837569230794714,
    0.01715576783496065,
    0.01932213929885004,
    0.031193550859607025,
    0.05188250603696779,
    0.0739939392764561,
    0.08525853269739597,
    0.07410671677225715,
    0.03629464163541781,
    -0.021219727133172925,
    -0.08167783059445494,
    -0.124700388156675,
    -0.13391634174702963,
    -0.10229277280506817,
    -0.03362925694751452,
    0.05880959067784423,
    0.15516180822866035,
    0.2333443738486225,
    0.27535407565793923,
    0.27389822851640777,
    0.23549344059225674
  ],