{
  "positive_frequencies": [
    0.0,
    0.07734375,
    0.1546875,
    0.23203125000000002,
    0.309375,
    0.38671875,
    0.46406250000000004,
    0.54140625,
    0.61875,
    0.6960937500000001,
    0.7734375,
    0.85078125,
    0.9281250000000001,
    1.0054687500000001,
    1.0828125,
    1.16015625,
    1.2375,
    1.31484375,
    1.3921875000000001,
    1.46953125,
    1.546875,
    1.62421875,
    1.7015625,
    1.7789062500000001,
    1.8562500000000002,
    1.93359375,
    2.0109375000000003,
    2.08828125,
    2.165625,
    2.24296875,
    2.3203125,
    2.3976562500000003,
    2.475,
    2.55234375,
    2.6296875,
    2.70703125,
    2.7843750000000003,
    2.86171875,
    2.9390625,
    3.01640625,
    3.09375,
    3.1710937500000003,
    3.2484375,
    3.32578125,
    3.403125,
    3.48046875,
    3.5578125000000003,
    3.63515625,
    3.7125000000000004,
    3.78984375,
    3.8671875,
    3.9445312500000003,
    4.0218750000000005,
    4.09921875,
    4.1765625,
    4.25390625,
    4.33125,
    4.4085937500000005,
    4.4859375,
    4.56328125,
    4.640625,
    4.71796875,
    4.7953125000000005,
    4.87265625,
    4.95
  ],
  "mx_fft_pos": [
    0.009277831766982438,
    0.029440925752672337,
    0.060373563293427635,
    0.06200887984811114,
    0.038459246048123466,
    0.03052215361276033,
    0.02494415764441305,
    0.018472954779674092,
    0.009914656935879883,
    0.007883307612707953,
    0.017189771417344464,
    0.012317997445035598,
    0.017394238380598073,
    0.01595007387332836,
    0.006524557926907469,
    0.0033997201262774223,
    0.0028446382299161317,
    0.0038253374886404066,
    0.003196575061540837,
    0.0005521870520601003,
    0.0007598624995030135,
    0.0005330115406527937,
    0.0003511308362780601,
    0.00019308712630062484,
    0.00024890225254951327,
    0.0003517620405181477,
    0.0002044323280419997,
    6.856355778262043e-05,
    3.5617420936342316e-05,
    1.2858620340890179e-05,
    1.2874370194003043e-06,
    1.0988604312694038e-06,
    9.275642041751232e-07,
    4.35163582358235e-07,
    3.2713890304576614e-07,
    4.7251339573401405e-07,
    4.523749261792568e-07,
    3.6465451944269055e-07,
    3.370018879775105e-07,
    3.2463626739857594e-07,
    2.6972407563222033e-07,
    2.310416139957804e-07,
    2.533026169939943e-07,
    2.575086927537659e-07,
    2.0266016747473442e-07,
    1.4505628082993994e-07,
    1.6878140863900378e-07,
    1.9797434246559233e-07,
    1.6899475120545092e-07,
    1.0675873310968136e-07,
    1.0679121764397065e-07,
    1.458193684390107e-07,
    1.4022859743598324e-07,
    9.05840766997036e-08,
    6.910307793749438e-08,
    1.0640265293171054e-07,
    1.14943573995235e-07,
    7.969023168046155e-08,
    4.964242435881039e-08,
    8.177222443400779e-08,
    9.736073617051794e-08,
    7.19374176157315e-08,
    4.1467385113479985e-08,
    7.119035817911714e-08,
    9.105117392493866e-08
  ],
  "my_fft_pos": [
    0.07045184548575996,
    0.04661319783687511,
    0.010953619518190605,
    0.0057056525029949255,
    0.033365558268078195,
    0.04926041969679933,
    0.032015016905311326,
    0.009840597338129514,
    0.0071862163930100035,
    0.03913000513903796,
    0.054978984163834045,
    0.03563201518646991,
    0.010979050060029995,
    0.004564525875781638,
    0.009880901243629938,
    0.012743561477867251,
    0.007084628862222794,
    0.0012439344923640065,
    0.00137500697939751,
    0.0010431202759917787,
    0.000763647166887067,
    0.00017099843602249483,
    0.0009867999150013724,
    0.0009512754268490374,
    0.0005289686034248461,
    0.00039932512438739303,
    0.00021346906824802877,
    2.5274631626441853e-05,
    1.4719435524204226e-05,
    8.678429784443439e-06,
    5.08549286684387e-06,
    3.7412626929856836e-06,
    3.604370298571256e-06,
    3.40174983269527e-06,
    2.906403508670602e-06,
    2.3954889198010335e-06,
    2.1360605378884678e-06,
    2.0414604835619528e-06,
    1.8715092677103176e-06,
    1.6015213091062376e-06,
    1.3998538134775832e-06,
    1.3406042224746993e-06,
    1.279611928850788e-06,
    1.1231296772167298e-06,
    9.576135983659554e-07,
    8.990485849292803e-07,
    8.86444940593358e-07,
    8.067592836354897e-07,
    6.7779393130764e-07,
    6.0538142227991e-07,
    6.023244247032094e-07,
    5.723388122151261e-07,
    4.853023727388309e-07,
    4.0729260828582674e-07,
    3.9199161421930486e-07,
    3.857853089216372e-07,
    3.370464801319342e-07,
    2.699951343746746e-07,
    2.4020774181854354e-07,
    2.398866468337183e-07,
    2.2008280392217586e-07,
    1.7639375637299506e-07,
    1.475637792284737e-07,
    1.5561332667673112e-07,
    1.6564013475051098e-07
  ],
  "mz_fft_pos": [
    0.017041214492331664,
    0.043415333686818325,
    0.08855322741691167,
    0.06498582199353617,
    0.04328993290370135,
    0.10681147931578013,
    0.08400731248658502,
    0.059348947304631486,
    0.0437915029906238,
    0.016529354509640205,
    0.027546323822688446,
    0.017194159869820688,
    0.0024720246295980683,
    0.000550940149839817,
    0.0001333957096737424,
    2.627052954911604e-05,
    2.724754131957977e-05,
    2.3751099525562295e-05,
    1.3752336117677737e-05,
    7.289569907083205e-06,
    8.12579637091808e-06,
    8.037029484786458e-06,
    5.317221664722197e-06,
    2.2598226991936506e-06,
    2.8761397076396454e-06,
    3.832805288012112e-06,
    3.1960799523542215e-06,
    1.5673080876220284e-06,
    8.934096207278795e-07,
    1.8229593890741646e-06,
    1.971122686832942e-06,
    1.3069263977667832e-06,
    4.040388519387418e-07,
    7.987028831065205e-07,
    1.1807636675745475e-06,
    1.0129844823320766e-06,
    4.7268027674081847e-07,
    2.8650976284526776e-07,
    6.69572934253127e-07,
    7.341073131790759e-07,
    4.799182980187435e-07,
    1.3153393455866965e-07,
    3.4554347994965907e-07,
    5.008888943479704e-07,
    4.2078038582435645e-07,
    1.8393624664345772e-07,
    1.5390567937306934e-07,
    3.206092738406324e-07,
    3.361914740001203e-07,
    2.0912470511952125e-07,
    7.93979152106662e-08,
    1.9172838435806902e-07,
    2.5054303369709087e-07,
    1.9923949345526445e-07,
    9.464761503738463e-08,
    1.1323595776074115e-07,
    1.7692159698216026e-07,
    1.714188301541415e-07,
    1.145513199645772e-07,
    8.947133220540032e-08,
    1.2393379654862285e-07,
    1.379563693566976e-07,
    1.228566983552739e-07,
    1.0676424677200606e-07,
    1.0315630972090872e-07
  ]
}