{
  "times": [
    0.0,
    0.10101010101010101,
    0.20202020202020202,
    0.30303030303030304,
    0.40404040404040403,
    0.5050505050505051,
    0.6060606060606061,
    0.7070707070707071,
    0.8080808080808081,
    0.9090909090909091,
    1.0101010101010102,
    1.1111111111111112,
    1.2121212121212122,
    1.3131313131313131,
    1.4141414141414141,
    1.5151515151515151,
    1.6161616161616161,
    1.7171717171717171,
    1.8181818181818181,
    1.9191919191919191,
    2.0202020202020203,
    2.121212121212121,
    2.2222222222222223,
    2.323232323232323,
    2.4242424242424243,
    2.525252525252525,
    2.6262626262626263,
    2.727272727272727,
    2.8282828282828283,
    2.929292929292929,
    3.0303030303030303,
    3.131313131313131,
    3.2323232323232323,
    3.3333333333333335,
    3.4343434343434343,
    3.5353535353535355,
    3.6363636363636362,
    3.7373737373737375,
    3.8383838383838382,
    3.9393939393939394,
    4.040404040404041,
    4.141414141414141,
    4.242424242424242,
    4.343434343434343,
    4.444444444444445,
    4.545454545454545,
    4.646464646464646,
    4.747474747474747,
    4.848484848484849,
    4.94949494949495,
    5.05050505050505,
    5.151515151515151,
    5.252525252525253,
    5.353535353535354,
    5.454545454545454,
    5.555555555555555,
    5.656565656565657,
    5.757575757575758,
    5.858585858585858,
    5.959595959595959,
    6.0606060606060606,
    6.161616161616162,
    6.262626262626262,
    6.363636363636363,
    6.4646464646464645,
    6.565656565656566,
    6.666666666666667,
    6.767676767676767,
    6.8686868686868685,
    6.96969696969697,
    7.070707070707071,
    7.171717171717171,
    7.2727272727272725,
    7.373737373737374,
    7.474747474747475,
    7.575757575757575,
    7.6767676767676765,
    7.777777777777778,
    7.878787878787879,
    7.979797979797979,
    8.080808080808081,
    8.181818181818182,
    8.282828282828282,
    8.383838383838384,
    8.484848484848484,
    8.585858585858587,
    8.686868686868687,
    8.787878787878787,
    8.88888888888889,
    8.98989898989899,
    9.09090909090909,
    9.191919191919192,
    9.292929292929292,
    9.393939393939394,
    9.494949494949495,
    9.595959595959595,
    9.696969696969697,
    9.797979797979798,
    9.8989898989899,
    10.0
  ],
  "mx": [
    0.04114266640134001,
    0.06160088704798252,
    0.07101491914991011,
    0.06877349277537871,
    0.05500429190623185,
    0.03054474219323257,
    -0.003330435053893105,
    -0.04532214087159778,
    -0.09442262055580784,
    -0.14992348362536156,
    -0.2110355722660764,
    -0.2762039247100672,
    -0.342370987330694,
    -0.40458025564127675,
    -0.4563183668987895,
    -0.4907555552580343,
    -0.5025892756815328,
    -0.48976253448175694,
    -0.45424044669067953,
    -0.4014304640450231,
    -0.33852030575175407,
    -0.2725386708416017,
    -0.20895999654794076,
    -0.15118905297306176,
    -0.10065389610819601,
    -0.05695890358715377,
    -0.017782922668976187,
    0.021266150362668712,
    0.06624714805165688,
    0.12343640203294504,
    0.19691944381029994,
    0.28604586908068175,
    0.3839973719445169,
    0.47850397049791754,
    0.5548809155686386,
    0.6004206123141023,
    0.6083612575113415,
    0.5796848287762536,
    0.5219690173695596,
    0.4459659743716202,
    0.3616911347649799,
    0.27591012634740636,
    0.19195144122007632,
    0.11136950773886929,
    0.036029590242052954,
    -0.030771180016889995,
    -0.08465398164788242,
    -0.12147384088678072,
    -0.1386380041265789,
    -0.13575481178855753,
    -0.11460186491243274,
    -0.0788573677104734,
    -0.03397361364795561,
    0.0128680789524069,
    0.05316982113294896,
    0.07833259943830591,
    0.08166771744999257,
    0.06060533969828641,
    0.018141236043510034,
    -0.037314201480541175,
    -0.09392336313479344,
    -0.13967626998411278,
    -0.16572595251503547,
    -0.16853157634015478,
    -0.150069101508944,
    -0.11626282249045637,
    -0.0745608553481763,
    -0.03180108783893169,
    0.006889225653527935,
    0.03813179457466339,
    0.05979122229347352,
    0.0705199473076055,
    0.06962741615194083,
    0.05715363217478258,
    0.033863729008074536,
    0.0010024030339651213,
    -0.040113903950656504,
    -0.08843638475950903,
    -0.14323431997437508,
    -0.20375856430778813,
    -0.2685818830254825,
    -0.33485010010130356,
    -0.39782454502872094,
    -0.4511241208462691,
    -0.4878677811699424,
    -0.5024796089445936,
    -0.49246586472468357,
    -0.45933255713054294,
    -0.4081611971801114,
    -0.34603653146602525,
    -0.2800923169736583,
    -0.2160242518706522,
    -0.15747718959440185,
    -0.1060953957748632,
    -0.0616931926170331,
    -0.022182069943593022,
    0.016596203228966575,
    0.060560647479828304,
    0.11607176025867307,
    0.18760459448224762
  ],
  "my": [
    -0.033200047029612434,
    0.00852864461867453,
    0.041242134753345205,
    0.06436399268032075,
    0.07938599682258096,
    0.08951614188123895,
    0.09878604256210514,
    0.11076229663774623,
    0.1272185976688459,
    0.14718918120047492,
    0.16673236538022004,
    0.1795737789406436,
    0.17862365448604997,
    0.1581303922963793,
    0.11591250254789741,
    0.054826480294298506,
    -0.017352635869509043,
    -0.08994507018287219,
    -0.15270070648258682,
    -0.199111960051113,
    -0.2282326610052776,
    -0.24420815952323063,
    -0.2538474161003888,
    -0.26347325020425577,
    -0.27645728036053696,
    -0.29226458068264355,
    -0.3069552502337864,
    -0.31449109667351,
    -0.308172752947777,
    -0.28194409600413867,
    -0.23171945249366188,
    -0.1569276270684036,
    -0.062051713027542366,
    0.042623846338703635,
    0.1420703449598488,
    0.21989858176553703,
    0.2634512668347581,
    0.26875444433497897,
    0.24295751812053137,
    0.20262190705308916,
    0.1680366620663093,
    0.1557422145535459,
    0.17247402417313618,
    0.2131261825869255,
    0.2633793469596644,
    0.3054507044578491,
    0.32421999326211554,
    0.3113071050783429,
    0.2661098325732359,
    0.1943612075381241,
    0.10557335748595566,
    0.01058272622047309,
    -0.0802817229786308,
    -0.15849610642517883,
    -0.21835448763695783,
    -0.25771805924129854,
    -0.27823070123155946,
    -0.28467797205035233,
    -0.2834318732700177,
    -0.2803577104039881,
    -0.2789016672373093,
    -0.2791082104422442,
    -0.27797316655601007,
    -0.27096406779161636,
    -0.2540255841184566,
    -0.2252165440252054,
    -0.18538635424419825,
    -0.13781678018157983,
    -0.08720294650846953,
    -0.03848155667862623,
    0.00415552431615857,
    0.037974887189649004,
    0.06216223415976529,
    0.07797923489904443,
    0.08847198188850958,
    0.09763802293949553,
    0.10916814501180488,
    0.125101171078807,
    0.14481409247099764,
    0.16469212783624107,
    0.1786674886695446,
    0.1796429739115988,
    0.16159416718532105,
    0.12183145426530456,
    0.06260220325757707,
    -0.00881618396256439,
    -0.08192346940527256,
    -0.1462368946433151,
    -0.1946865508560898,
    -0.22566564498827643,
    -0.24282903340181453,
    -0.2528394060051403,
    -0.2622245198128423,
    -0.27477543522132186,
    -0.2904041320389224,
    -0.30550413658795,
    -0.314203653037963,
    -0.3098107391047568,
    -0.28613065360230033,
    -0.23877679508638958
  ],