{
  "times": [
    0.0,
    0.10101010101010101,
    0.20202020202020202,
    0.30303030303030304,
    0.40404040404040403,
    0.5050505050505051,
    0.6060606060606061,
    0.7070707070707071,
    0.8080808080808081,
    0.9090909090909091,
    1.0101010101010102,
    1.1111111111111112,
    1.2121212121212122,
    1.3131313131313131,
    1.4141414141414141,
    1.5151515151515151,
    1.6161616161616161,
    1.7171717171717171,
    1.8181818181818181,
    1.9191919191919191,
    2.0202020202020203,
    2.121212121212121,
    2.2222222222222223,
    2.323232323232323,
    2.4242424242424243,
    2.525252525252525,
    2.6262626262626263,
    2.727272727272727,
    2.8282828282828283,
    2.929292929292929,
    3.0303030303030303,
    3.131313131313131,
    3.2323232323232323,
    3.3333333333333335,
    3.4343434343434343,
    3.5353535353535355,
    3.6363636363636362,
    3.7373737373737375,
    3.8383838383838382,
    3.9393939393939394,
    4.040404040404041,
    4.141414141414141,
    4.242424242424242,
    4.343434343434343,
    4.444444444444445,
    4.545454545454545,
    4.646464646464646,
    4.747474747474747,
    4.848484848484849,
    4.94949494949495,
    5.05050505050505,
    5.151515151515151,
    5.252525252525253,
    5.353535353535354,
    5.454545454545454,
    5.555555555555555,
    5.656565656565657,
    5.757575757575758,
    5.858585858585858,
    5.959595959595959,
    6.0606060606060606,
    6.161616161616162,
    6.262626262626262,
    6.363636363636363,
    6.4646464646464645,
    6.565656565656566,
    6.666666666666667,
    6.767676767676767,
    6.8686868686868685,
    6.96969696969697,
    7.070707070707071,
    7.171717171717171,
    7.2727272727272725,
    7.373737373737374,
    7.474747474747475,
    7.575757575757575,
    7.6767676767676765,
    7.777777777777778,
    7.878787878787879,
    7.979797979797979,
    8.080808080808081,
    8.181818181818182,
    8.282828282828282,
    8.383838383838384,
    8.484848484848484,
    8.585858585858587,
    8.686868686868687,
    8.787878787878787,
    8.88888888888889,
    8.98989898989899,
    9.09090909090909,
    9.191919191919192,
    9.292929292929292,
    9.393939393939394,
    9.494949494949495,
    9.595959595959595,
    9.696969696969697,
    9.797979797979798,
    9.8989898989899,
    10.0
  ],
  "mx": [
    1.0,
    0.9917118934224571,
    0.9668755639800859,
    0.9260438978657819,
    0.8705224913824231,
    0.8023177076519556,
    0.7239504061857654,
    0.6382480078600408,
    0.5482301433941861,
    0.45711507145254343,
    0.3683497182733704,
    0.2854918296032428,
    0.21181445660823256,
    0.14966162085789472,
    0.0997838244605632,
    0.061004276792433976,
    0.030513922119980524,
    0.004852324097691044,
    -0.018703303306384284,
    -0.04088080944184512,
    -0.059862782759822486,
    -0.07177400272856664,
    -0.07210437262507842,
    -0.057542975023145926,
    -0.027496306690379974,
    0.015313884639751174,
    0.0653870950364703,
    0.11585968965734156,
    0.1602181743550079,
    0.1936824690892852,
    0.21385457374226496,
    0.2205813191797181,
    0.21528288651360486,
    0.2001267886723019,
    0.17736442649096018,
    0.14897340373698373,
    0.11657559227848026,
    0.0815075672851549,
    0.0449208645722864,
    0.00784647531678686,
    -0.028781745108243342,
    -0.06412005955215128,
    -0.09740252031075072,
    -0.12792019605769875,
    -0.1550038792935299,
    -0.17802509542478392,
    -0.19642328357120495,
    -0.20975691518742873,
    -0.2177679695586568,
    -0.22044408575886482,
    -0.21806080200410047,
    -0.21118797136717263,
    -0.2006505658268954,
    -0.1874444758650261,
    -0.17262023456216302,
    -0.157157782333133,
    -0.14185946686781037,
    -0.12728447587673147,
    -0.11373679663798976,
    -0.10130408827199294,
    -0.08993122653459523,
    -0.07950397531903326,
    -0.06991769968851505,
    -0.06111319883060494,
    -0.05307408699308647,
    -0.04579352357458503,
    -0.03922804402096895,
    -0.0332595602051023,
    -0.027682448080454072,
    -0.02222285086779594,
    -0.016585654465617078,
    -0.010515240674595437,
    -0.003852148513994934,
    0.003429945978666476,
    0.011215372300841677,
    0.01926504841257202,
    0.027253952793712902,
    0.034814783522792894,
    0.041575679356982385,
    0.0471845498370692,
    0.05131934352221499,
    0.05368983128827149,
    0.0540398352545113,
    0.052158117482169745,
    0.047901824797609634,
    0.04123032430915977,
    0.03224182058016155,
    0.021202155592029738,
    0.008555366388886442,
    -0.005091411571740077,
    -0.01901108363565414,
    -0.032424033472092315,
    -0.044579855165286966,
    -0.054838336928891715,
    -0.06273259303572652,
    -0.06799975294047426,
    -0.07057209839355075,
    -0.07053238008239447,
    -0.0680477626731077,
    -0.06330336764755011
  ],
  "my": [
    0.0,
    -1.891474155186229e-05,
    -4.073302414171604e-05,
    0.00016764582554231714,
    0.0009191963007325158,
    0.002422930839451961,
    0.004711009621039362,
    0.0077087094599427135,
    0.01138153345751782,
    0.015831944556617773,
    0.021233929487758325,
    0.027588641410937666,
    0.0344133573299303,
    0.040564485675924924,
    0.044378866577170474,
    0.044182783220708385,
    0.03902085494969664,
    0.029300746795478436,
    0.01703011680691434,
    0.005468739879907291,
    -0.0017305481512375088,
    -0.001587735162657537,
    0.007328696029673896,
    0.024523483906170172,
    0.04778154232291879,
    0.0738161187444648,
    0.09908081754534952,
    0.1204779558854719,
    0.13581101363257356,
    0.14396492992653356,
    0.14488082045796205,
    0.13940008547785104,
    0.12901910024358826,
    0.11557099723575759,
    0.10086428320496289,
    0.08634673898062728,
    0.07288780054059713,
    0.06075051848179871,
    0.04975560914356519,
    0.03955988791934231,
    0.02992531125408088,
    0.020869333290663115,
    0.012653042935248817,
    0.0056431007645315005,
    0.0001352211913890778,
    -0.003771035664221583,
    -0.006197014850122282,
    -0.007415966133864586,
    -0.007738584817602213,
    -0.007412568661742308,
    -0.006578380122941908,
    -0.005291838894571848,
    -0.0035946394406059204,
    -0.001597131435067058,
    0.0004633663486123172,
    0.0022137849665239406,
    0.003192461134274829,
    0.0029392894296304114,
    0.0011016472143668401,
    -0.00247617530056875,
    -0.007706707204722118,
    -0.014268777821412011,
    -0.021667972067045203,
    -0.029328858167356267,
    -0.03669292974234949,
    -0.04329822689992636,
    -0.04882541579267445,
    -0.0531066698243249,
    -0.056103951632176824,
    -0.05786959207438805,
    -0.0585035887774658,
    -0.05811947440993938,
    -0.056825446322251325,
    -0.05472150340786309,
    -0.05190830169589497,
    -0.04850059548224735,
    -0.04463802513154239,
    -0.04048827742799145,
    -0.03624110775585794,
    -0.032094889542650565,
    -0.028239131774094435,
    -0.024836550937295476,
    -0.02200745310093171,
    -0.019818350887998194,
    -0.01827643708214892,
    -0.01733142234574781,
    -0.016885419442642064,
    -0.01680944975295848,
    -0.016962331745648953,
    -0.017205900601842888,
    -0.01741152598822195,
    -0.017457189716302623,
    -0.017220199371429476,
    -0.016574622503860877,
    -0.015401784974200538,
    -0.013616199288915002,
    -0.011200766203758154,
    -0.008238567870072011,
    -0.004927746656002208,
    -0.0015713793192587543
  ],