{
  "positive_frequencies": [
    0.0,
    0.07734375,
    0.1546875,
    0.23203125000000002,
    0.309375,
    0.38671875,
    0.46406250000000004,
    0.54140625,
    0.61875,
    0.6960937500000001,
    0.7734375,
    0.85078125,
    0.9281250000000001,
    1.0054687500000001,
    1.0828125,
    1.16015625,
    1.2375,
    1.31484375,
    1.3921875000000001,
    1.46953125,
    1.546875,
    1.62421875,
    1.7015625,
    1.7789062500000001,
    1.8562500000000002,
    1.93359375,
    2.0109375000000003,
    2.08828125,
    2.165625,
    2.24296875,
    2.3203125,
    2.3976562500000003,
    2.475,
    2.55234375,
    2.6296875,
    2.70703125,
    2.7843750000000003,
    2.86171875,
    2.9390625,
    3.01640625,
    3.09375,
    3.1710937500000003,
    3.2484375,
    3.32578125,
    3.403125,
    3.48046875,
    3.5578125000000003,
    3.63515625,
    3.7125000000000004,
    3.78984375,
    3.8671875,
    3.9445312500000003,
    4.0218750000000005,
    4.09921875,
    4.1765625,
    4.25390625,
    4.33125,
    4.4085937500000005,
    4.4859375,
    4.56328125,
    4.640625,
    4.71796875,
    4.7953125000000005,
    4.87265625,
    4.95
  ],
  "mx_fft_pos": [
    0.0349827537472418,
    0.05818742012148036,
    0.07193944972376688,
    0.0642779784525343,
    0.05341567234390166,
    0.04265559488593147,
    0.025782170112611875,
    0.008613303952240315,
    0.005222064002923399,
    0.0036602209139142534,
    0.004329472864274248,
    0.003643319123027545,
    0.002299115572399464,
    0.001541973363381132,
    0.0009789685087485457,
    0.0005414553753522076,
    0.0003710480024689495,
    0.0002805399789349937,
    0.00016127883236508877,
    5.9668057308538556e-05,
    3.15141262353911e-05,
    4.0465549998090975e-05,
    3.796952242788666e-05,
    3.0241342787844477e-05,
    2.4525979335080225e-05,
    2.2664120127801825e-05,
    2.1627576848798263e-05,
    1.88359456184938e-05,
    1.5367071837610395e-05,
    1.3641389972215673e-05,
    1.3352634958682602e-05,
    1.2381303838393953e-05,
    1.0413861029364623e-05,
    8.886119499996478e-06,
    8.584734300398533e-06,
    8.357560110935436e-06,
    7.3672021809678455e-06,
    6.177508163315809e-06,
    5.71960912618571e-06,
    5.704012367546453e-06,
    5.291962153056363e-06,
    4.483172585861431e-06,
    3.9453150125508e-06,
    3.899574199810309e-06,
    3.7783354337160965e-06,
    3.299393457441808e-06,
    2.798267008136311e-06,
    2.653021848810211e-06,
    2.631204544253866e-06,
    2.3844420883489697e-06,
    1.993650140434624e-06,
    1.7763701677639677e-06,
    1.7456100945164966e-06,
    1.626724024550399e-06,
    1.3587189170674102e-06,
    1.1299286462278592e-06,
    1.0524024888566137e-06,
    9.755345594997794e-07,
    7.977237731619217e-07,
    6.026157611656075e-07,
    4.918032989499274e-07,
    4.043656083383583e-07,
    2.641202215556424e-07,
    1.1012713740339996e-07,
    1.5120405398860727e-08
  ],
  "my_fft_pos": [
    0.011835852341194282,
    0.02850481527635213,
    0.028590321053744303,
    0.012617333689848766,
    0.013617872040215221,
    0.016534431020678884,
    0.010653231042117123,
    0.004092972043915663,
    0.004687153851216946,
    0.004329462544091378,
    0.002739561419250762,
    0.0016974773882086009,
    0.0015133879026907385,
    0.0009025234026577061,
    0.00026060799657373233,
    7.160678959771797e-05,
    0.00014498789813653765,
    0.00011814528355043368,
    7.601808790603228e-05,
    3.5418204490409346e-05,
    1.3723682114736667e-05,
    2.2820074885940725e-06,
    5.59588380152901e-07,
    2.0282734454801793e-07,
    2.5115273591859086e-07,
    3.565660067606545e-07,
    2.659267370050415e-07,
    1.2335180266479463e-07,
    1.083237579505014e-07,
    1.4486661240419583e-07,
    1.2944926466187304e-07,
    8.512834219361489e-08,
    6.232687611590324e-08,
    7.121925028153865e-08,
    7.109882296554353e-08,
    5.586784497463298e-08,
    4.1555444861009494e-08,
    4.0767113809125745e-08,
    4.223066791108732e-08,
    3.711141985776353e-08,
    2.9342345853154547e-08,
    2.632719722750269e-08,
    2.6906776847693466e-08,
    2.5373230219517908e-08,
    2.14315355851665e-08,
    1.8646213501507316e-08,
    1.8400997219819872e-08,
    1.8028505764834448e-08,
    1.6144137638895362e-08,
    1.4147121424728801e-08,
    1.3539660990322328e-08,
    1.3459567199379693e-08,
    1.2622313621301153e-08,
    1.1355890764321812e-08,
    1.0731053968772219e-08,
    1.0700157146408727e-08,
    1.0377523947002112e-08,
    9.643729888011817e-09,
    9.168116705196672e-09,
    9.180755255855168e-09,
    9.127990641140565e-09,
    8.74690103952099e-09,
    8.462978831733855e-09,
    8.581255063574233e-09,
    8.726694561422832e-09
  ],
  "mz_fft_pos": [
    0.0059264273471636465,
    0.023233132847447432,
    0.030105424779833804,
    0.03618920848658809,
    0.03643123496810665,
    0.030400069045667628,
    0.0172362735942118,
    0.005362487791575262,
    0.002219770985552918,
    0.0009212856642115889,
    0.0017669293648294312,
    0.002450178489785499,
    0.001702619723399583,
    0.000868074099841628,
    0.0006119480238958057,
    0.0004071680138041547,
    0.0002686310827653819,
    0.0001622673862546957,
    8.339649502072934e-05,
    3.5542144326392254e-05,
    8.71890583808679e-06,
    4.405714818695371e-06,
    7.110678702937793e-06,
    5.119381921995711e-06,
    3.328062327564442e-06,
    2.4844534752636106e-06,
    2.637546769159967e-06,
    2.6633701597380796e-06,
    2.106807166502347e-06,
    1.4006290540049436e-06,
    1.2865940043025957e-06,
    1.4749636584764664e-06,
    1.3534255206961646e-06,
    9.524617186550148e-07,
    7.029486617789154e-07,
    8.265781809896093e-07,
    8.780538171672835e-07,
    6.985504769588773e-07,
    4.6232557769073163e-07,
    4.711423739905273e-07,
    5.674941256153982e-07,
    5.197853591062442e-07,
    3.595302237495484e-07,
    2.8823851542901663e-07,
    3.6495973826606846e-07,
    3.8405600853994717e-07,
    2.986746425826741e-07,
    2.0782434820067586e-07,
    2.3858965998363845e-07,
    2.817541364846008e-07,
    2.495410053171595e-07,
    1.7683950452150666e-07,
    1.684267059561014e-07,
    2.0918025125188752e-07,
    2.0759374338895845e-07,
    1.614538237174774e-07,
    1.3743240267873122e-07,
    1.6430179185385616e-07,
    1.7548642186677578e-07,
    1.4976508035935382e-07,
    1.276050254213775e-07,
    1.4408816349288818e-07,
    1.576270142177151e-07,
    1.4201296324845958e-07,
    1.2576572416489462e-07
  ]
}