{
  "times": [
    0.0,
    0.10101010101010101,
    0.20202020202020202,
    0.30303030303030304,
    0.40404040404040403,
    0.5050505050505051,
    0.6060606060606061,
    0.7070707070707071,
    0.8080808080808081,
    0.9090909090909091,
    1.0101010101010102,
    1.1111111111111112,
    1.2121212121212122,
    1.3131313131313131,
    1.4141414141414141,
    1.5151515151515151,
    1.6161616161616161,
    1.7171717171717171,
    1.8181818181818181,
    1.9191919191919191,
    2.0202020202020203,
    2.121212121212121,
    2.2222222222222223,
    2.323232323232323,
    2.4242424242424243,
    2.525252525252525,
    2.6262626262626263,
    2.727272727272727,
    2.8282828282828283,
    2.929292929292929,
    3.0303030303030303,
    3.131313131313131,
    3.2323232323232323,
    3.3333333333333335,
    3.4343434343434343,
    3.5353535353535355,
    3.6363636363636362,
    3.7373737373737375,
    3.8383838383838382,
    3.9393939393939394,
    4.040404040404041,
    4.141414141414141,
    4.242424242424242,
    4.343434343434343,
    4.444444444444445,
    4.545454545454545,
    4.646464646464646,
    4.747474747474747,
    4.848484848484849,
    4.94949494949495,
    5.05050505050505,
    5.151515151515151,
    5.252525252525253,
    5.353535353535354,
    5.454545454545454,
    5.555555555555555,
    5.656565656565657,
    5.757575757575758,
    5.858585858585858,
    5.959595959595959,
    6.0606060606060606,
    6.161616161616162,
    6.262626262626262,
    6.363636363636363,
    6.4646464646464645,
    6.565656565656566,
    6.666666666666667,
    6.767676767676767,
    6.8686868686868685,
    6.96969696969697,
    7.070707070707071,
    7.171717171717171,
    7.2727272727272725,
    7.373737373737374,
    7.474747474747475,
    7.575757575757575,
    7.6767676767676765,
    7.777777777777778,
    7.878787878787879,
    7.979797979797979,
    8.080808080808081,
    8.181818181818182,
    8.282828282828282,
    8.383838383838384,
    8.484848484848484,
    8.585858585858587,
    8.686868686868687,
    8.787878787878787,
    8.88888888888889,
    8.98989898989899,
    9.09090909090909,
    9.191919191919192,
    9.292929292929292,
    9.393939393939394,
    9.494949494949495,
    9.595959595959595,
    9.696969696969697,
    9.797979797979798,
    9.8989898989899,
    10.0
  ],
  "mx": [
    0.125,
    0.10025742115134814,
    0.05052920397710145,
    0.015424060262004817,
    0.003396573639258383,
    0.0034298016328507003,
    0.013119496844878297,
    0.020961414701857757,
    0.023761164773290135,
    0.020836759213440033,
    0.013520727602911505,
    0.014369142379555038,
    0.014015186693813592,
    0.002489245994280284,
    -0.00248899394307353,
    0.010520876856478786,
    0.02677263431715598,
    0.02607430365122928,
    0.008167745831539062,
    -0.009146541278977417,
    -0.016681734919388368,
    -0.022503241397391727,
    -0.02839810056664757,
    -0.02231289776017375,
    -0.007138484460964012,
    -0.004494171871024122,
    -0.014994307590508316,
    -0.0174276154592247,
    -0.012243892779865397,
    -0.01461913111066792,
    -0.02756021470082993,
    -0.032722112075015575,
    -0.014881599812800163,
    0.008646429251567235,
    0.022095188078389772,
    0.032765072292921193,
    0.042732223785628826,
    0.04473784890404908,
    0.03372492791743341,
    0.017109846878405513,
    0.006465440357692723,
    0.009446756985663954,
    0.02913117103408646,
    0.05104333756341267,
    0.05120138041290788,
    0.03317306986751221,
    0.023837390371790897,
    0.028325551926510758,
    0.0333260971322211,
    0.03730277553869664,
    0.030197079316579157,
    0.004272819255508138,
    -0.008513089694604176,
    0.009523875462830981,
    0.029058571645173517,
    0.028940649021698725,
    0.021269239282798516,
    0.01798802654756558,
    0.01469664083007383,
    0.009179511552854505,
    0.007227678510892942,
    0.010174272228079883,
    0.01346166260882048,
    0.016227061344588782,
    0.017091291993099392,
    0.01813977251582365,
    0.03006370119376815,
    0.04058724422251309,
    0.029620686279932917,
    0.014503861825579037,
    0.016413890928699187,
    0.0189386566585925,
    0.009211891479608283,
    0.009287556115421473,
    0.01627834629664242,
    0.003828165392243545,
    -0.011304359998214834,
    -0.008181134659609735,
    -0.0017762102913800653,
    -0.005392578763646427,
    -0.01734197740170676,
    -0.026789151846492908,
    -0.023137046396953784,
    -0.005565651070974638,
    0.008640997139772025,
    0.01199902147903832,
    0.009505896487445879,
    -0.0012985888065571941,
    -0.01110768381353742,
    -0.014905198811032775,
    -0.017633253331994045,
    -0.015431394241424116,
    -0.011028719194672573,
    -0.0022343028497617736,
    0.011156068855589046,
    0.01860177940276901,
    0.01744348038352397,
    0.010884102676132584,
    0.007738491106642114,
    0.01365355714944512
  ],
  "my": [
    0.0,
    0.009270720952605397,
    0.008400103563169718,
    0.003292862389636457,
    -0.007005291646065063,
    -0.017642895016537218,
    -0.024977728762527768,
    -0.02846488246772703,
    -0.013266875730448978,
    0.016329212168994883,
    0.02706202189637557,
    0.010866445175475319,
    -0.01363258052736729,
    -0.03686685818034444,
    -0.05230357764496825,
    -0.05226733685342454,
    -0.03868027986249096,
    -0.022543934097026375,
    -0.0068379538358052955,
    0.010583648965723723,
    0.017457769449763138,
    0.01799610119222525,
    0.030167699460581204,
    0.03439153352042875,
    0.011135435329226957,
    -0.020870851839584703,
    -0.04067787381121835,
    -0.03962805115046912,
    -0.023274284034001405,
    -0.0033386359528572596,
    0.019434690753371495,
    0.03259563766130841,
    0.01737104143915923,
    -0.011456824757974582,
    -0.026550202615820567,
    -0.025811899202508218,
    -0.01635460018126451,
    -0.005768417137658731,
    -0.002650504147944469,
    -0.0018271408103124913,
    0.003458697033908057,
    0.004824225691663979,
    -0.0031712442812140366,
    -0.008053049512716126,
    -0.006013546428260038,
    -0.0067517715549718195,
    0.0027067066720629375,
    0.028499427108285652,
    0.048422903407745396,
    0.05304741175517101,
    0.048107496106039906,
    0.03408267284912552,
    0.011472988369690382,
    -0.011614230426038485,
    -0.02400314158277307,
    -0.016243776657961586,
    0.00024416812257711156,
    0.005936821510238272,
    0.004580918905673768,
    0.00031125017257958593,
    -0.010777814734373265,
    -0.018601875712845314,
    -0.010387492572832422,
    0.0060888352446945805,
    0.019293834852309687,
    0.031445635265083614,
    0.03345782177521045,
    0.013521485598705398,
    -0.012025252474900177,
    -0.025856372999803826,
    -0.02993017456904075,
    -0.03257201612156707,
    -0.036060084786715324,
    -0.034076110838353914,
    -0.027417706293140304,
    -0.018727603244163664,
    -0.004488480338083203,
    0.011448760903040847,
    0.019603684686426693,
    0.022644414765597164,
    0.027863453943914235,
    0.030104253095867874,
    0.015455312458051061,
    -0.011021401758501049,
    -0.01997310735875759,
    -0.0038031372724504214,
    0.0125371824299234,
    0.0073627876613215374,
    -0.016097074765461593,
    -0.03850054099806423,
    -0.04343291755102207,
    -0.02591494852213777,
    -0.00333556244570841,
    -0.002860997358916034,
    -0.020169876607461047,
    -0.03367696008085282,
    -0.035678430599223154,
    -0.02062116683698487,
    0.004385247887855012,
    0.01928062557431414
  ],