{
  "positive_frequencies": [
    0.0,
    0.07734375,
    0.1546875,
    0.23203125000000002,
    0.309375,
    0.38671875,
    0.46406250000000004,
    0.54140625,
    0.61875,
    0.6960937500000001,
    0.7734375,
    0.85078125,
    0.9281250000000001,
    1.0054687500000001,
    1.0828125,
    1.16015625,
    1.2375,
    1.31484375,
    1.3921875000000001,
    1.46953125,
    1.546875,
    1.62421875,
    1.7015625,
    1.7789062500000001,
    1.8562500000000002,
    1.93359375,
    2.0109375000000003,
    2.08828125,
    2.165625,
    2.24296875,
    2.3203125,
    2.3976562500000003,
    2.475,
    2.55234375,
    2.6296875,
    2.70703125,
    2.7843750000000003,
    2.86171875,
    2.9390625,
    3.01640625,
    3.09375,
    3.1710937500000003,
    3.2484375,
    3.32578125,
    3.403125,
    3.48046875,
    3.5578125000000003,
    3.63515625,
    3.7125000000000004,
    3.78984375,
    3.8671875,
    3.9445312500000003,
    4.0218750000000005,
    4.09921875,
    4.1765625,
    4.25390625,
    4.33125,
    4.4085937500000005,
    4.4859375,
    4.56328125,
    4.640625,
    4.71796875,
    4.7953125000000005,
    4.87265625,
    4.95
  ],
  "mx_fft_pos": [
    0.013449637178829037,
    0.012630330537915214,
    0.009930105279695668,
    0.005425991972901579,
    0.00602031303851026,
    0.006443386120905672,
    0.0024847729178187374,
    0.0012401458843326095,
    0.0018603926878147945,
    0.00042599893635951724,
    0.001406102287114436,
    0.0027212623831368147,
    0.004513380753373806,
    0.005402748642803993,
    0.003185711151513879,
    0.0017802357775038866,
    0.0016263145447234803,
    0.001623133905590672,
    0.002041819377753138,
    0.0023945159532852527,
    0.0031777990403879016,
    0.0036143492033598747,
    0.0030312992399644696,
    0.002335939477594845,
    0.0019339020451468708,
    0.00219797655291675,
    0.0019164687708253276,
    0.001294330395941845,
    0.0007911303207164443,
    0.00023249592997512996,
    0.001480682918137194,
    0.0016364281248944998,
    0.0005703787384867665,
    0.0007981577742127214,
    0.000682795327446319,
    0.00043732089341797756,
    0.0009073754971469241,
    0.00109832547059209,
    0.0009567251182423882,
    0.0006365285530818029,
    0.00022803150828465453,
    0.00011835759359237299,
    0.0002085281811595891,
    0.00025401822358259326,
    0.0002191402913891795,
    0.0001219469909003726,
    9.847242275223382e-05,
    5.085684820554959e-05,
    2.838841201827191e-05,
    6.997302787228784e-05,
    6.666308963736053e-05,
    2.2674361245080568e-05,
    6.092114931304701e-05,
    5.568557115225394e-05,
    1.901782628075824e-05,
    1.302642660662037e-05,
    8.336508077832176e-06,
    9.696596086044895e-06,
    6.66820822888231e-06,
    3.436356436731175e-06,
    3.5057915745327597e-06,
    8.509324086901797e-06,
    7.4632910749307924e-06,
    2.038232083479322e-06,
    6.400832266111323e-06
  ],
  "my_fft_pos": [
    0.00044496383729650794,
    0.0021610222167073485,
    0.004379994110871349,
    0.004789830597692124,
    0.004778088170529827,
    0.003475318374544909,
    0.003782995821218862,
    0.005702305343045625,
    0.007613980767073565,
    0.007949547896747866,
    0.002834870633962187,
    0.0019130813251420561,
    0.001585253288085067,
    0.0062536062072982915,
    0.008713546857805851,
    0.0071935365800948215,
    0.004543828156164928,
    0.0020554845495554448,
    0.0036224507190077966,
    0.0036912883776261673,
    0.002020995736386687,
    0.0012185189343193008,
    0.0010730246828586356,
    0.0010379161676330828,
    0.00019174859491402247,
    0.0007857451407301154,
    0.0011018985823012465,
    0.0006846520179315901,
    0.0002602663860273708,
    0.00037948065888752225,
    0.0008648552650078406,
    0.0009164558012902163,
    0.0006550158893465949,
    0.0007731077378408545,
    0.0006415649790870316,
    0.0007989013115969974,
    0.0007620138270813663,
    0.00033970101219101814,
    0.00011882186087267883,
    0.00022670242012672512,
    0.00041080084098287927,
    0.0005411111170327281,
    0.00045125355304680164,
    0.00022949535173176833,
    2.679084906216804e-05,
    8.962718296128393e-05,
    9.08401123531508e-05,
    0.0001298636594878674,
    0.00011419892028100511,
    2.9542089941469843e-05,
    3.073630404855131e-05,
    1.8620537301617526e-05,
    3.7974630699896564e-05,
    4.825778433572682e-05,
    4.083363482668477e-05,
    2.3578402335926426e-05,
    1.1534103841196067e-05,
    1.0948596498704772e-05,
    1.0222017222768589e-05,
    7.972017166707466e-06,
    4.029931793485471e-06,
    1.1620719516108148e-06,
    2.698592531406764e-06,
    2.444771938930115e-06,
    1.7775563941545974e-06
  ],
  "mz_fft_pos": [
    0.004074989796169241,
    0.008385609733353732,
    0.005205681460118039,
    0.004441795571875938,
    0.010598000526079883,
    0.01119953955402844,
    0.007457723782134246,
    0.002588942780873841,
    0.002445730810125614,
    0.0023878761194506093,
    0.004802937674127415,
    0.007770911103512562,
    0.0085060523385887,
    0.006252262058494809,
    0.002560371437381298,
    0.0009414217328456294,
    0.0005819993009831793,
    0.0005721681699290203,
    0.0019793814397154174,
    0.00242431781198759,
    0.0013062470524014798,
    0.00247906473038707,
    0.0036307053373042155,
    0.002191548392601179,
    0.0005509149259329065,
    0.0006163613798509944,
    0.0017544250657388833,
    0.001995046519075022,
    0.0011912851127356759,
    0.0004557266585463192,
    0.00033670812443174075,
    0.00043416247941561477,
    0.0011402613618795095,
    0.0014851335453101952,
    0.0010535257277073233,
    0.0006053991945728915,
    0.0003383580819206099,
    0.00011020187346093967,
    0.00032695862935381285,
    0.00021742904755106012,
    0.00033298206403976606,
    0.000518010589614059,
    0.00045481835248161053,
    0.0002942131375544229,
    0.00019996693121012078,
    0.0001923347660402208,
    9.681157526939385e-05,
    3.681003100125246e-05,
    2.3142802182973665e-05,
    6.548913631139888e-05,
    9.518354929532251e-05,
    7.655167123394494e-05,
    3.550297101454084e-05,
    1.0633091090551776e-05,
    2.3388336942370205e-05,
    2.9126346104217265e-05,
    2.020025133928682e-05,
    4.219089818674339e-06,
    8.008494082033508e-06,
    5.387769918787377e-06,
    2.498694500080377e-06,
    7.135805988586288e-06,
    7.622877426373098e-06,
    5.152262211834599e-06,
    1.675369683423744e-07
  ]
}