{
  "times": [
    0.0,
    0.050505050505050504,
    0.10101010101010101,
    0.15151515151515152,
    0.20202020202020202,
    0.25252525252525254,
    0.30303030303030304,
    0.35353535353535354,
    0.40404040404040403,
    0.45454545454545453,
    0.5050505050505051,
    0.5555555555555556,
    0.6060606060606061,
    0.6565656565656566,
    0.7070707070707071,
    0.7575757575757576,
    0.8080808080808081,
    0.8585858585858586,
    0.9090909090909091,
    0.9595959595959596,
    1.0101010101010102,
    1.0606060606060606,
    1.1111111111111112,
    1.1616161616161615,
    1.2121212121212122,
    1.2626262626262625,
    1.3131313131313131,
    1.3636363636363635,
    1.4141414141414141,
    1.4646464646464645,
    1.5151515151515151,
    1.5656565656565655,
    1.6161616161616161,
    1.6666666666666667,
    1.7171717171717171,
    1.7676767676767677,
    1.8181818181818181,
    1.8686868686868687,
    1.9191919191919191,
    1.9696969696969697,
    2.0202020202020203,
    2.0707070707070705,
    2.121212121212121,
    2.1717171717171717,
    2.2222222222222223,
    2.2727272727272725,
    2.323232323232323,
    2.3737373737373737,
    2.4242424242424243,
    2.474747474747475,
    2.525252525252525,
    2.5757575757575757,
    2.6262626262626263,
    2.676767676767677,
    2.727272727272727,
    2.7777777777777777,
    2.8282828282828283,
    2.878787878787879,
    2.929292929292929,
    2.9797979797979797,
    3.0303030303030303,
    3.080808080808081,
    3.131313131313131,
    3.1818181818181817,
    3.2323232323232323,
    3.282828282828283,
    3.3333333333333335,
    3.3838383838383836,
    3.4343434343434343,
    3.484848484848485,
    3.5353535353535355,
    3.5858585858585856,
    3.6363636363636362,
    3.686868686868687,
    3.7373737373737375,
    3.7878787878787876,
    3.8383838383838382,
    3.888888888888889,
    3.9393939393939394,
    3.9898989898989896,
    4.040404040404041,
    4.090909090909091,
    4.141414141414141,
    4.191919191919192,
    4.242424242424242,
    4.292929292929293,
    4.343434343434343,
    4.393939393939394,
    4.444444444444445,
    4.494949494949495,
    4.545454545454545,
    4.595959595959596,
    4.646464646464646,
    4.696969696969697,
    4.747474747474747,
    4.797979797979798,
    4.848484848484849,
    4.898989898989899,
    4.94949494949495,
    5.0
  ],
  "mx": [
    1.0,
    0.9862176150656349,
    0.9463647994502294,
    0.8844179749578648,
    0.8062205802410531,
    0.7185992698338701,
    0.6282745903423428,
    0.5408720072810609,
    0.46032270170813666,
    0.38878923513896246,
    0.3270125032276906,
    0.2747900440987938,
    0.23130635153251267,
    0.19524514278798424,
    0.16484237870918364,
    0.1380912332816688,
    0.11316045655351656,
    0.08887656581623717,
    0.06500703227754978,
    0.04214494860519415,
    0.021222245935187643,
    0.002944320275127938,
    -0.012471525886767072,
    -0.025091178049443223,
    -0.03481517413573171,
    -0.04112116733643698,
    -0.04326922325756428,
    -0.04084509742598733,
    -0.0342230067113859,
    -0.024578992458756756,
    -0.013445114746516306,
    -0.002167661394442762,
    0.008324711887003816,
    0.017378575923096225,
    0.024406057105000288,
    0.02891339356235899,
    0.03072609514955861,
    0.030101335112375012,
    0.027534497016813115,
    0.023416190344587993,
    0.01788621280826263,
    0.011058642299351926,
    0.003422339785167483,
    -0.003989832509362537,
    -0.00990775864217542,
    -0.013446001266137875,
    -0.014584584986317525,
    -0.014120414838310558,
    -0.013083171427631515,
    -0.012017739748194076,
    -0.010656914366278091,
    -0.008223177553686418,
    -0.004109155175749068,
    0.0015897685797631213,
    0.008026185218487941,
    0.01392306971769568,
    0.01793107079210496,
    0.018874127515710267,
    0.016020104665515934,
    0.009474226781202924,
    0.00047137123665072717,
    -0.008813951014352072,
    -0.0160345837533288,
    -0.01962461847158874,
    -0.01935106397041443,
    -0.01615145917448873,
    -0.011440263582544977,
    -0.006375108397883622,
    -0.0015079324012259258,
    0.0030789542521746055,
    0.007374702166961884,
    0.01112026510767636,
    0.013788818830805141,
    0.014855493921769556,
    0.01416571369831683,
    0.012174855376639917,
    0.00992316784831094,
    0.008754188478812286,
    0.009905178100225967,
    0.014144595860265344,
    0.021594220037398477,
    0.03177967279702505,
    0.043850100493724065,
    0.056842414238633836,
    0.06986797617577553,
    0.08216570078160494,
    0.09305276392382911,
    0.10186191390510589,
    0.10796026777265032,
    0.11090156021826272,
    0.1106790852104564,
    0.10794408508285705,
    0.10400396129431833,
    0.10049636369694813,
    0.09883894807694947,
    0.09973785501745716,
    0.10303213622679804,
    0.1079334698798385,
    0.11346247336123579,
    0.11880020655240678
  ],
  "my": [
    0.0,
    0.001643608942640807,
    0.0032103519870411816,
    0.00492574004040703,
    0.007140238225868805,
    0.009886547596987365,
    0.012565928981632018,
    0.01407773605067997,
    0.01332685526635919,
    0.009721363543327026,
    0.0033576038908925167,
    -0.005056597895774801,
    -0.014309007151538433,
    -0.022765685595426386,
    -0.028627818758434155,
    -0.030504895643825428,
    -0.028075760222742628,
    -0.022348761327290273,
    -0.015254345469618114,
    -0.008839787090988389,
    -0.004623712932454482,
    -0.0034143115331492844,
    -0.0054183267673248775,
    -0.010293808038422399,
    -0.017060080255063337,
    -0.024117334105037257,
    -0.029631594825368895,
    -0.03219249398284175,
    -0.03134247579875493,
    -0.027641356838627125,
    -0.022264629622768296,
    -0.016399252866636335,
    -0.01076442564934903,
    -0.005507584906286098,
    -0.0004972696679335746,
    0.004290196274264704,
    0.008668250345048385,
    0.012417869576668605,
    0.015363939393097773,
    0.017194759983596423,
    0.017414374005705408,
    0.01577487598740819,
    0.012801043812685646,
    0.009637354492733787,
    0.007124590574391165,
    0.004980857505244768,
    0.0019655737316980806,
    -0.0030941902295778118,
    -0.010358598837262234,
    -0.018854491160271804,
    -0.027094636263596008,
    -0.03382210695971053,
    -0.03838853647898289,
    -0.040695222433599396,
    -0.040903498701479864,
    -0.039157294825628124,
    -0.03547614391038935,
    -0.029853952101652304,
    -0.022459534749093665,
    -0.013746458894714788,
    -0.004339635700318422,
    0.005238121932357278,
    0.014774156385305923,
    0.024321412301550327,
    0.03392417254274378,
    0.04331726541543173,
    0.0517993552963445,
    0.05834050632541589,
    0.06185735382303267,
    0.06155042261756356,
    0.057203928896275166,
    0.04934611779924959,
    0.03917788003157253,
    0.028249712136162983,
    0.017994245698442376,
    0.009320273193859311,
    0.0024605448656772246,
    -0.002863291401097588,
    -0.007059891328545601,
    -0.010280850929267886,
    -0.012240147178998205,
    -0.012355962910088475,
    -0.010167506041991424,
    -0.0058189700796485305,
    -0.00032830378176322604,
    0.004574856518460092,
    0.0070629288840906405,
    0.006054074113147326,
    0.0018874941189057273,
    -0.0035727553493898473,
    -0.007589333934133491,
    -0.007755726780534447,
    -0.0031864642576121295,
    0.004961701026186104,
    0.013974063783746323,
    0.020822980032733893,
    0.023464451867022885,
    0.02146969137577659,
    0.015741361511670403,
    0.007666931205794751
  ],