{
  "positive_frequencies": [
    0.0,
    0.1546875,
    0.309375,
    0.46406250000000004,
    0.61875,
    0.7734375,
    0.9281250000000001,
    1.0828125,
    1.2375,
    1.3921875000000001,
    1.546875,
    1.7015625,
    1.8562500000000002,
    2.0109375000000003,
    2.165625,
    2.3203125,
    2.475,
    2.6296875,
    2.7843750000000003,
    2.9390625,
    3.09375,
    3.2484375,
    3.403125,
    3.5578125000000003,
    3.7125000000000004,
    3.8671875,
    4.0218750000000005,
    4.1765625,
    4.33125,
    4.4859375,
    4.640625,
    4.7953125000000005,
    4.95,
    5.1046875,
    5.259375,
    5.4140625,
    5.5687500000000005,
    5.7234375,
    5.878125,
    6.0328125,
    6.1875,
    6.3421875000000005,
    6.496875,
    6.6515625,
    6.80625,
    6.9609375,
    7.1156250000000005,
    7.2703125,
    7.425000000000001,
    7.5796875,
    7.734375,
    7.8890625000000005,
    8.043750000000001,
    8.1984375,
    8.353125,
    8.5078125,
    8.6625,
    8.817187500000001,
    8.971875,
    9.1265625,
    9.28125,
    9.4359375,
    9.590625000000001,
    9.7453125,
    9.9
  ],
  "mx_fft_pos": [
    0.011634250136385128,
    0.004619660663608738,
    0.00824790774136206,
    0.007629006113410389,
    0.007566371800539451,
    0.01103690842212369,
    0.00988503482084441,
    0.007401463816335262,
    0.005576804027194384,
    0.0014264033160305088,
    0.0028981227339849635,
    0.0013707386750637085,
    0.0009457100199399024,
    0.0010800149332772068,
    0.0007569036944239135,
    0.001102310612683963,
    0.000565239560132099,
    0.00029919357581760996,
    2.0334885159609687e-05,
    6.775499837346806e-05,
    0.0001440635556010611,
    0.0002177676539072575,
    9.542202034190924e-05,
    6.0511312907632785e-05,
    3.8665381817782066e-05,
    3.08567094546613e-05,
    2.321975601700818e-05,
    1.2020455946169751e-05,
    2.158128433433941e-05,
    1.5224021842876739e-05,
    1.3453930014397335e-05,
    1.045936990857984e-05,
    1.0797790853203265e-05,
    1.1146107054977042e-05,
    9.2717611422146e-06,
    7.225309633119258e-06,
    6.863853713978696e-06,
    7.250602425968002e-06,
    6.693323937511606e-06,
    5.331563323753267e-06,
    4.5589343251814755e-06,
    4.803644018483808e-06,
    4.787262158085656e-06,
    4.017884190627735e-06,
    3.2092185498492233e-06,
    3.1712860234844675e-06,
    3.331734524269332e-06,
    2.9947087893679523e-06,
    2.3550653821329805e-06,
    2.0893652960702785e-06,
    2.2124411530514796e-06,
    2.1241860405246383e-06,
    1.714887005787422e-06,
    1.3693365102915905e-06,
    1.360800365678894e-06,
    1.3605569457583318e-06,
    1.1408247632495407e-06,
    8.456280050028144e-07,
    7.202667053885315e-07,
    6.930014942889065e-07,
    5.735133716281717e-07,
    3.8028627001490825e-07,
    2.2311931499307628e-07,
    1.1773616836762858e-07,
    1.2710460125520129e-08
  ],
  "my_fft_pos": [
    0.0008490015861840493,
    0.006413049556533068,
    0.006204514151181915,
    0.009051919222526848,
    0.014802404547778565,
    0.014255426590081513,
    0.009063226718818589,
    0.0026724958913658574,
    0.002139639303387854,
    0.0013539256215079033,
    0.0016263660311725912,
    0.0016471008182604005,
    0.00037622703406917535,
    0.0007289253884419593,
    0.0008666780595692683,
    0.00020810914356988907,
    0.0005156169196454138,
    0.000501253652569779,
    0.0002709603237764082,
    0.00018102978051871106,
    0.0001401202056684506,
    0.00011649035332227749,
    0.00010958209601637997,
    7.878930005860709e-05,
    5.3795991701075706e-05,
    3.643103512698329e-05,
    2.6389927831953813e-05,
    2.1960957022085108e-05,
    1.4613339320142165e-05,
    8.366735567425257e-06,
    4.470365099932056e-06,
    2.8005777136190386e-06,
    1.3618174394532781e-06,
    7.75930113705112e-07,
    2.2051844333619697e-07,
    2.473526422031543e-07,
    1.825356983650299e-07,
    9.985753239490646e-08,
    9.058001442023294e-08,
    9.976431376567763e-08,
    1.069457585604741e-07,
    8.884945365840285e-08,
    6.21911903477087e-08,
    6.246318626511318e-08,
    7.268049232274934e-08,
    6.729318295672102e-08,
    4.957233292316582e-08,
    4.1645647081080314e-08,
    4.9339539671951646e-08,
    5.103725305390316e-08,
    4.092612475570182e-08,
    3.0788161565593663e-08,
    3.423904656798923e-08,
    3.89910590284643e-08,
    3.4534329048736005e-08,
    2.5367131762479912e-08,
    2.4966040954798838e-08,
    3.059705295955756e-08,
    3.007449875985984e-08,
    2.3026919362475768e-08,
    1.9977818432071444e-08,
    2.5399730391712566e-08,
    2.7732504613122537e-08,
    2.300153374176856e-08,
    1.8408009854892217e-08
  ],
  "mz_fft_pos": [
    0.008177116688326715,
    0.00975332240727676,
    0.014294793718425604,
    0.025133718481902222,
    0.017336276061860726,
    0.007125713891842629,
    0.004871035895149921,
    0.0042116104570168655,
    0.0034020865014600106,
    0.0011940919039857183,
    0.0015181699554086053,
    0.001878775763509014,
    0.0014032478751066892,
    0.0013446680226130961,
    0.0013304858321301308,
    0.0008098838207848759,
    0.00036747882296604575,
    0.0004399264142933074,
    0.0004463154466727334,
    0.00030329999728077937,
    0.000146227586523261,
    4.484513931536992e-05,
    1.660342236025664e-05,
    2.447197466600017e-05,
    1.826015362896209e-05,
    1.080923985425531e-05,
    8.116327386431661e-06,
    3.738662762089766e-06,
    1.4357413178766062e-06,
    2.6724695030943373e-06,
    1.3712987606570088e-06,
    5.975064111623342e-07,
    1.1637154071198493e-06,
    8.264163917115146e-07,
    4.823834117101409e-07,
    5.719385243813806e-07,
    5.964218802958375e-07,
    5.014586252373746e-07,
    3.8718799547241605e-07,
    3.46196166197953e-07,
    3.6367036528221494e-07,
    3.4369474861071027e-07,
    2.7702571006225977e-07,
    2.312239484589388e-07,
    2.3953799390411154e-07,
    2.43176523010457e-07,
    2.1062991740850286e-07,
    1.71303548135643e-07,
    1.6668607562682785e-07,
    1.7651185725620602e-07,
    1.6512709098854171e-07,
    1.3816406819913784e-07,
    1.2650114355128088e-07,
    1.3372921800152274e-07,
    1.330635745413606e-07,
    1.1794764823049009e-07,
    1.0625599808094919e-07,
    1.0910002795352439e-07,
    1.1190660727942304e-07,
    1.0499029835460035e-07,
    9.731836640083059e-08,
    9.845478230984335e-08,
    1.0120851881233749e-07,
    9.806180465254964e-08,
    9.483833334766878e-08
  ]
}