{
  "positive_frequencies": [
    0.0,
    0.07734375,
    0.1546875,
    0.23203125000000002,
    0.309375,
    0.38671875,
    0.46406250000000004,
    0.54140625,
    0.61875,
    0.6960937500000001,
    0.7734375,
    0.85078125,
    0.9281250000000001,
    1.0054687500000001,
    1.0828125,
    1.16015625,
    1.2375,
    1.31484375,
    1.3921875000000001,
    1.46953125,
    1.546875,
    1.62421875,
    1.7015625,
    1.7789062500000001,
    1.8562500000000002,
    1.93359375,
    2.0109375000000003,
    2.08828125,
    2.165625,
    2.24296875,
    2.3203125,
    2.3976562500000003,
    2.475,
    2.55234375,
    2.6296875,
    2.70703125,
    2.7843750000000003,
    2.86171875,
    2.9390625,
    3.01640625,
    3.09375,
    3.1710937500000003,
    3.2484375,
    3.32578125,
    3.403125,
    3.48046875,
    3.5578125000000003,
    3.63515625,
    3.7125000000000004,
    3.78984375,
    3.8671875,
    3.9445312500000003,
    4.0218750000000005,
    4.09921875,
    4.1765625,
    4.25390625,
    4.33125,
    4.4085937500000005,
    4.4859375,
    4.56328125,
    4.640625,
    4.71796875,
    4.7953125000000005,
    4.87265625,
    4.95
  ],
  "mx_fft_pos": [
    0.07431362605303482,
    0.08204009191324958,
    0.08457064245567798,
    0.06235468431206614,
    0.026751018801331194,
    0.007925806187367485,
    0.03694935673576963,
    0.047781962486418285,
    0.04487887187463531,
    0.048022725252360086,
    0.04856513804834262,
    0.04808132896647461,
    0.05470851140271708,
    0.04425883903810682,
    0.011022445223716586,
    0.042640549131471195,
    0.04006480386705388,
    0.004999781876693347,
    0.024325800453929246,
    0.01754366397333596,
    0.002810350076198444,
    0.010798337651756166,
    0.02477237841249233,
    0.03951207876764328,
    0.04556537385926896,
    0.03428321020123807,
    0.017492858501128514,
    0.009158849830235074,
    0.009253834063245744,
    0.006488476716970325,
    0.015980536175825864,
    0.018620711103964273,
    0.011808988862613813,
    0.010897986453482271,
    0.012142904339903322,
    0.0055042310194073196,
    0.0009880875592464832,
    0.002640118933125826,
    0.00739248552822081,
    0.009275331308239649,
    0.006032717332956418,
    0.0021126512323925224,
    0.002065770051372931,
    0.0031003425744249025,
    0.002258451489682428,
    0.0005836856993921906,
    0.000789280963682869,
    0.0034901035431297027,
    0.003777090508738404,
    0.0008967422588922543,
    0.0014135356910579982,
    0.002655318347045488,
    0.0020075002157758804,
    0.0010032778153499153,
    0.0012679720420214924,
    0.0008267418745275183,
    0.00048448645984969793,
    0.0005946759264960056,
    0.0003859161876001037,
    0.000557305819536794,
    0.00019144054723407438,
    0.0004891655984949764,
    0.00037559215323629296,
    0.0001952321996471117,
    0.0004949756040218833
  ],
  "my_fft_pos": [
    0.03003046509259179,
    0.0477428024732229,
    0.05285319391996052,
    0.036394216300749,
    0.026057065270216326,
    0.02535052404786864,
    0.027059555930195472,
    0.031874534386395904,
    0.036547204474875084,
    0.03286525136968747,
    0.030690301855467044,
    0.0349113261447016,
    0.03067537778509961,
    0.03357561866166491,
    0.05061110537625558,
    0.05510629709279272,
    0.02945358481704741,
    0.01760203135814802,
    0.03204359936295981,
    0.03223285057464989,
    0.020631830329006184,
    0.03147396570603634,
    0.0345621102835109,
    0.02679485762014651,
    0.0065859674742776665,
    0.016778052353346676,
    0.022468360880973374,
    0.019427138168787186,
    0.019225863753496268,
    0.021810694487903702,
    0.020304959484352122,
    0.012660678924272742,
    0.008436687740520359,
    0.005625478765967399,
    0.006865950993580439,
    0.0059342287186275955,
    0.012876813314187467,
    0.01057874789339999,
    0.006261491353664289,
    0.008521400373077831,
    0.006266359637067326,
    0.004525920014933908,
    0.003994286381649246,
    0.007136942492693425,
    0.008538620503329894,
    0.0046896947073694455,
    0.001411724174271046,
    0.001303652295555415,
    0.0018474021706421729,
    0.001141832173963127,
    0.0022013206905613005,
    0.0017733348602219801,
    0.0002913218416165254,
    0.0009282751392088495,
    0.0001700096391733618,
    0.00023999107636588096,
    0.0016097515860309009,
    0.0011095759494516243,
    0.0009124036196167365,
    0.000449147603907716,
    0.00020887075058166087,
    0.0004236781855612895,
    0.00037311852771358347,
    0.00044693443322646643,
    7.868497593199519e-05
  ],
  "mz_fft_pos": [
    0.009445807479782584,
    0.02162352594648184,
    0.035725529286819,
    0.03907445513423314,
    0.025017688987730987,
    0.026708242546292834,
    0.06835201258502002,
    0.04996167305520678,
    0.03181573303606914,
    0.07535346927774463,
    0.06291753757398404,
    0.027739212927822714,
    0.03166027623178736,
    0.00701513160001978,
    0.02553530260515697,
    0.018278438315195673,
    0.02378967577621403,
    0.03612832282408912,
    0.028465544248979464,
    0.017668277062764186,
    0.016119854855518426,
    0.02818435242129686,
    0.03366002900644256,
    0.030017002444292666,
    0.02696274142473709,
    0.026098344912745527,
    0.01801782063836281,
    0.011997994464220537,
    0.009259039783513865,
    0.005531150313611169,
    0.01274687757316254,
    0.014115086527601208,
    0.011659664668943748,
    0.010817268781441158,
    0.009869861199178783,
    0.008841682003974893,
    0.003444096532775764,
    0.005841916287728437,
    0.005867216172299856,
    0.005499930473413164,
    0.003413309112212606,
    0.001752616557021685,
    0.00415006527139716,
    0.0020749816010633025,
    0.0005583462255746046,
    0.0014814821426501828,
    0.0015206297001194558,
    0.0007356065265060652,
    0.0004816633514084125,
    0.00037892751419313017,
    0.0007701186393267944,
    0.00040354288642189124,
    0.0008907532246933943,
    0.0004562709605835675,
    0.00034156624071881697,
    0.00042409149509500934,
    0.0003286445536446144,
    0.00021187440937739933,
    0.00013323729956473115,
    8.531456397164258e-05,
    2.9687776011237296e-05,
    1.7837956126391513e-05,
    8.930273883204074e-06,
    7.517972250098664e-07,
    1.4889802233963855e-08
  ]
}