{
  "positive_frequencies": [
    0.0,
    0.07734375,
    0.1546875,
    0.23203125000000002,
    0.309375,
    0.38671875,
    0.46406250000000004,
    0.54140625,
    0.61875,
    0.6960937500000001,
    0.7734375,
    0.85078125,
    0.9281250000000001,
    1.0054687500000001,
    1.0828125,
    1.16015625,
    1.2375,
    1.31484375,
    1.3921875000000001,
    1.46953125,
    1.546875,
    1.62421875,
    1.7015625,
    1.7789062500000001,
    1.8562500000000002,
    1.93359375,
    2.0109375000000003,
    2.08828125,
    2.165625,
    2.24296875,
    2.3203125,
    2.3976562500000003,
    2.475,
    2.55234375,
    2.6296875,
    2.70703125,
    2.7843750000000003,
    2.86171875,
    2.9390625,
    3.01640625,
    3.09375,
    3.1710937500000003,
    3.2484375,
    3.32578125,
    3.403125,
    3.48046875,
    3.5578125000000003,
    3.63515625,
    3.7125000000000004,
    3.78984375,
    3.8671875,
    3.9445312500000003,
    4.0218750000000005,
    4.09921875,
    4.1765625,
    4.25390625,
    4.33125,
    4.4085937500000005,
    4.4859375,
    4.56328125,
    4.640625,
    4.71796875,
    4.7953125000000005,
    4.87265625,
    4.95
  ],
  "mx_fft_pos": [
    0.07431362605303482,
    0.08204009191324958,
    0.084570642455678,
    0.06235468431206615,
    0.026751018801331208,
    0.00792580618736748,
    0.03694935673576964,
    0.04778196248641829,
    0.04487887187463531,
    0.048022725252360086,
    0.04856513804834262,
    0.04808132896647461,
    0.05470851140271708,
    0.04425883903810683,
    0.011022445223716586,
    0.04264054913147119,
    0.04006480386705388,
    0.004999781876693341,
    0.024325800453929243,
    0.017543663973335965,
    0.0028103500761984274,
    0.01079833765175617,
    0.02477237841249233,
    0.03951207876764328,
    0.04556537385926896,
    0.03428321020123806,
    0.017492858501128514,
    0.00915884983023509,
    0.009253834063245755,
    0.006488476716970332,
    0.01598053617582586,
    0.01862071110396427,
    0.011808988862613811,
    0.01089798645348228,
    0.012142904339903332,
    0.005504231019407332,
    0.000988087559246465,
    0.0026401189331258274,
    0.007392485528220813,
    0.009275331308239659,
    0.00603271733295642,
    0.0021126512323925177,
    0.002065770051372929,
    0.0031003425744248925,
    0.002258451489682417,
    0.0005836856993921781,
    0.0007892809636828718,
    0.0034901035431297044,
    0.003777090508738408,
    0.0008967422588922587,
    0.0014135356910580032,
    0.0026553183470454877,
    0.0020075002157758713,
    0.0010032778153499196,
    0.0012679720420214913,
    0.0008267418745275174,
    0.00048448645984969956,
    0.0005946759264960106,
    0.0003859161876001131,
    0.0005573058195368058,
    0.00019144054723408012,
    0.0004891655984949715,
    0.00037559215323628895,
    0.00019523219964711274,
    0.0004949756040218967
  ],
  "my_fft_pos": [
    0.03003046509259179,
    0.047742802473222906,
    0.05285319391996052,
    0.036394216300749,
    0.02605706527021633,
    0.02535052404786864,
    0.027059555930195472,
    0.0318745343863959,
    0.03654720447487507,
    0.032865251369687466,
    0.03069030185546705,
    0.03491132614470161,
    0.030675377785099604,
    0.033575618661664905,
    0.050611105376255565,
    0.05510629709279272,
    0.02945358481704742,
    0.017602031358148022,
    0.03204359936295981,
    0.032232850574649884,
    0.020631830329006177,
    0.03147396570603634,
    0.03456211028351091,
    0.026794857620146516,
    0.006585967474277666,
    0.016778052353346676,
    0.022468360880973384,
    0.019427138168787193,
    0.019225863753496268,
    0.021810694487903706,
    0.02030495948435213,
    0.012660678924272735,
    0.00843668774052036,
    0.005625478765967395,
    0.006865950993580431,
    0.0059342287186275955,
    0.012876813314187465,
    0.010578747893399987,
    0.006261491353664284,
    0.008521400373077841,
    0.006266359637067337,
    0.004525920014933913,
    0.003994286381649245,
    0.00713694249269342,
    0.008538620503329887,
    0.004689694707369438,
    0.001411724174271039,
    0.0013036522955554098,
    0.001847402170642169,
    0.001141832173963137,
    0.002201320690561307,
    0.0017733348602219812,
    0.0002913218416165238,
    0.000928275139208856,
    0.00017000963917335502,
    0.00023999107636588467,
    0.0016097515860308944,
    0.0011095759494516263,
    0.0009124036196167418,
    0.0004491476039077191,
    0.0002088707505816617,
    0.0004236781855612879,
    0.00037311852771358624,
    0.00044693443322648226,
    7.868497593199964e-05
  ],
  "mz_fft_pos": [
    0.009445807479782584,
    0.021623525946481842,
    0.03572552928681899,
    0.03907445513423314,
    0.025017688987731004,
    0.02670824254629283,
    0.06835201258502002,
    0.049961673055206796,
    0.031815733036069146,
    0.07535346927774463,
    0.06291753757398406,
    0.027739212927822714,
    0.03166027623178737,
    0.007015131600019792,
    0.02553530260515695,
    0.018278438315195666,
    0.023789675776214027,
    0.0361283228240891,
    0.028465544248979444,
    0.017668277062764172,
    0.016119854855518426,
    0.028184352421296858,
    0.03366002900644256,
    0.030017002444292677,
    0.0269627414247371,
    0.026098344912745527,
    0.018017820638362814,
    0.011997994464220542,
    0.009259039783513875,
    0.005531150313611175,
    0.012746877573162552,
    0.014115086527601201,
    0.011659664668943739,
    0.01081726878144116,
    0.009869861199178778,
    0.008841682003974886,
    0.0034440965327757517,
    0.005841916287728446,
    0.005867216172299865,
    0.005499930473413164,
    0.003413309112212613,
    0.0017526165570216892,
    0.00415006527139716,
    0.0020749816010633003,
    0.0005583462255746156,
    0.0014814821426501815,
    0.0015206297001194439,
    0.0007356065265060578,
    0.0004816633514084036,
    0.0003789275141931346,
    0.0007701186393268009,
    0.00040354288642188355,
    0.0008907532246933806,
    0.00045627096058354694,
    0.0003415662407188058,
    0.0004240914950950106,
    0.0003286445536446231,
    0.0002118744093773847,
    0.0001332372995647138,
    8.53145639716332e-05,
    2.9687776011235284e-05,
    1.783795612640018e-05,
    8.930273883214523e-06,
    7.51797225015824e-07,
    1.4889802248396756e-08
  ]
}