{
  "positive_frequencies": [
    0.0,
    0.07734375,
    0.1546875,
    0.23203125000000002,
    0.309375,
    0.38671875,
    0.46406250000000004,
    0.54140625,
    0.61875,
    0.6960937500000001,
    0.7734375,
    0.85078125,
    0.9281250000000001,
    1.0054687500000001,
    1.0828125,
    1.16015625,
    1.2375,
    1.31484375,
    1.3921875000000001,
    1.46953125,
    1.546875,
    1.62421875,
    1.7015625,
    1.7789062500000001,
    1.8562500000000002,
    1.93359375,
    2.0109375000000003,
    2.08828125,
    2.165625,
    2.24296875,
    2.3203125,
    2.3976562500000003,
    2.475,
    2.55234375,
    2.6296875,
    2.70703125,
    2.7843750000000003,
    2.86171875,
    2.9390625,
    3.01640625,
    3.09375,
    3.1710937500000003,
    3.2484375,
    3.32578125,
    3.403125,
    3.48046875,
    3.5578125000000003,
    3.63515625,
    3.7125000000000004,
    3.78984375,
    3.8671875,
    3.9445312500000003,
    4.0218750000000005,
    4.09921875,
    4.1765625,
    4.25390625,
    4.33125,
    4.4085937500000005,
    4.4859375,
    4.56328125,
    4.640625,
    4.71796875,
    4.7953125000000005,
    4.87265625,
    4.95
  ],
  "mx_fft_pos": [
    0.049417181333596204,
    0.042669285853968814,
    0.031263337926337516,
    0.028382548993558486,
    0.02420564976905661,
    0.011796784216286533,
    0.012232148445437194,
    0.006237014714610318,
    0.0036894218652397865,
    0.00107256722525755,
    0.0007860259507502225,
    0.0004935716654167097,
    0.00028969646976966093,
    0.00020375403234389796,
    0.00017285970569055626,
    0.00013974449163497556,
    0.00010365289389091835,
    7.959605003890797e-05,
    6.889603813059157e-05,
    6.035184293993916e-05,
    4.955066146432939e-05,
    4.008944657641002e-05,
    3.487041629670352e-05,
    3.158827191276171e-05,
    2.7524280528842478e-05,
    2.3173678473489196e-05,
    2.020963297916394e-05,
    1.8526717207085817e-05,
    1.6761333281938127e-05,
    1.4589813306596097e-05,
    1.2781835406732171e-05,
    1.1721100231015563e-05,
    1.0844975780504673e-05,
    9.708811993804083e-06,
    8.572112697028733e-06,
    7.818904023447176e-06,
    7.309761199222125e-06,
    6.692717006852303e-06,
    5.971731116209736e-06,
    5.408728924974578e-06,
    5.057785323551871e-06,
    4.704527041417823e-06,
    4.2472159005402565e-06,
    3.821269530433117e-06,
    3.5438044073108876e-06,
    3.3214899279945686e-06,
    3.0305196049140574e-06,
    2.709956094353246e-06,
    2.4727207527428783e-06,
    2.3110060068465188e-06,
    2.1216751334491357e-06,
    1.8824364713303446e-06,
    1.6729890413448733e-06,
    1.5348377519838793e-06,
    1.4034063250428785e-06,
    1.2249549827969944e-06,
    1.0382848480278218e-06,
    9.043780241900264e-07,
    8.008429058719505e-07,
    6.650446451232648e-07,
    4.981561068013848e-07,
    3.5802959780379716e-07,
    2.61433688451059e-07,
    1.514140049587905e-07,
    2.5236426561825455e-08
  ],
  "my_fft_pos": [
    0.07494514136923909,
    0.037922699976510474,
    0.007594439693200217,
    0.003708681808989993,
    0.021458462987182177,
    0.01580439422483559,
    0.01774238970776074,
    0.009911167099418873,
    0.0021567608586969154,
    0.002590841076531609,
    0.0004933295487806792,
    0.00036077754688794666,
    0.00025051283675044805,
    0.00013970304141739303,
    6.8054240943255e-05,
    5.644001946441758e-05,
    5.6292138287760335e-05,
    4.2452574889581956e-05,
    2.3470522677419338e-05,
    1.554791539592298e-05,
    1.885000822060443e-05,
    1.7850362380623874e-05,
    1.1747419161236014e-05,
    6.075066733264286e-06,
    7.221623495618654e-06,
    8.563954017436677e-06,
    6.843018545143752e-06,
    3.583703967456448e-06,
    2.8768131533752905e-06,
    4.304150401141689e-06,
    4.2067390461785066e-06,
    2.641985100628496e-06,
    1.2880344376990178e-06,
    2.142785039476381e-06,
    2.6099727478429065e-06,
    2.0143806678200143e-06,
    9.203238785653156e-07,
    1.0087468036601572e-06,
    1.5900570405220032e-06,
    1.503058935144608e-06,
    8.632494345692913e-07,
    4.657139079029593e-07,
    9.2883502916107e-07,
    1.0833003715534499e-06,
    7.861739470559409e-07,
    3.3506111939503803e-07,
    5.111314302261616e-07,
    7.497416382392963e-07,
    6.691352278550191e-07,
    3.6420382281702335e-07,
    2.8238820020126854e-07,
    4.982265406256954e-07,
    5.371099840651445e-07,
    3.7665918613710795e-07,
    2.203604677783526e-07,
    3.2963311847166326e-07,
    4.1252487585976083e-07,
    3.5380635403356736e-07,
    2.424309813448832e-07,
    2.541663922309765e-07,
    3.1679606053862167e-07,
    3.091239553412668e-07,
    2.646702941507682e-07,
    2.6323397203980945e-07,
    2.7852895242208573e-07
  ],
  "mz_fft_pos": [
    0.0065197292677841336,
    0.049979034606540476,
    0.04953381430590729,
    0.018447883221073096,
    0.011209532753200791,
    0.020187338589739912,
    0.014081400761126876,
    0.0005671912469623095,
    0.004504074687073085,
    0.0018391418685411462,
    5.68376978437884e-05,
    3.356577293706711e-05,
    3.067240367398806e-05,
    1.7441775362581745e-05,
    7.63141089805007e-06,
    3.753364751130778e-06,
    3.3229864458158355e-06,
    2.7214903719981432e-06,
    1.8459672683942484e-06,
    1.2207511503329946e-06,
    9.597500449030012e-07,
    8.085548283169732e-07,
    6.443201390075556e-07,
    5.033775135733228e-07,
    4.106032673233043e-07,
    3.4318256788155634e-07,
    2.8549497989610104e-07,
    2.416816140928069e-07,
    2.0949565545622026e-07,
    1.7923105188010357e-07,
    1.5055957533288412e-07,
    1.3042951989618652e-07,
    1.1796281010160305e-07,
    1.0507088276922298e-07,
    8.978319607871346e-08,
    7.757752685677296e-08,
    7.113442237808204e-08,
    6.574491225150372e-08,
    5.786640495988714e-08,
    4.989626810944426e-08,
    4.533514865554109e-08,
    4.279122669041528e-08,
    3.893854770564476e-08,
    3.389099359070904e-08,
    3.025016178889334e-08,
    2.8578631432325066e-08,
    2.67148218113852e-08,
    2.3689312406438464e-08,
    2.086025434133966e-08,
    1.9406696710426635e-08,
    1.8383980481799833e-08,
    1.663529742744458e-08,
    1.4587622816965594e-08,
    1.3275607996262394e-08,
    1.2546393148065123e-08,
    1.151862837151231e-08,
    1.0146544400956851e-08,
    9.095571851338525e-09,
    8.515281785807158e-09,
    7.898838903149381e-09,
    7.112178920462061e-09,
    6.517445527085193e-09,
    6.226814857000407e-09,
    6.019468778548348e-09,
    5.909704975382013e-09
  ]
}