{
  "times": [
    0.0,
    1.1111111111111112,
    2.2222222222222223,
    3.3333333333333335,
    4.444444444444445,
    5.555555555555555,
    6.666666666666667,
    7.777777777777779,
    8.88888888888889,
    10.0
  ],
  "mx": [
    1.0,
    -0.017312878463548405,
    -0.017711734669680696,
    0.006282157437834607,
    -0.010974795883425129,
    -0.006450944246845269,
    0.04937585433136003,
    0.010764008610185298,
    -0.03365617102177586,
    -0.0035369987435490565
  ],
  "my": [
    0.0,
    -0.004974431897423648,
    0.023812664953000988,
    0.009481464138059417,
    0.014896208776486976,
    0.0025425357930829516,
    -0.01158121860277717,
    -0.01597773745542873,
    -0.004315503944745931,
    -0.01645826388322797
  ],
  "mz": [
    1.734723475976807e-18,
    -0.012804674254287603,
    -0.020814587463259853,
    0.005330747520396445,
    -0.007404766860913635,
    -0.007026854785532423,
    0.012849449513758915,
    -0.008940649157268306,
    -0.023024836386960748,
    -0.01008422792884973
  ]
}