{
  "positive_frequencies": [
    0.0,
    0.07734375,
    0.1546875,
    0.23203125000000002,
    0.309375,
    0.38671875,
    0.46406250000000004,
    0.54140625,
    0.61875,
    0.6960937500000001,
    0.7734375,
    0.85078125,
    0.9281250000000001,
    1.0054687500000001,
    1.0828125,
    1.16015625,
    1.2375,
    1.31484375,
    1.3921875000000001,
    1.46953125,
    1.546875,
    1.62421875,
    1.7015625,
    1.7789062500000001,
    1.8562500000000002,
    1.93359375,
    2.0109375000000003,
    2.08828125,
    2.165625,
    2.24296875,
    2.3203125,
    2.3976562500000003,
    2.475,
    2.55234375,
    2.6296875,
    2.70703125,
    2.7843750000000003,
    2.86171875,
    2.9390625,
    3.01640625,
    3.09375,
    3.1710937500000003,
    3.2484375,
    3.32578125,
    3.403125,
    3.48046875,
    3.5578125000000003,
    3.63515625,
    3.7125000000000004,
    3.78984375,
    3.8671875,
    3.9445312500000003,
    4.0218750000000005,
    4.09921875,
    4.1765625,
    4.25390625,
    4.33125,
    4.4085937500000005,
    4.4859375,
    4.56328125,
    4.640625,
    4.71796875,
    4.7953125000000005,
    4.87265625,
    4.95
  ],
  "mx_fft_pos": [
    0.07431362605303482,
    0.08204009191324958,
    0.084570642455678,
    0.062354684312066144,
    0.02675101880133121,
    0.00792580618736748,
    0.03694935673576964,
    0.047781962486418285,
    0.04487887187463532,
    0.04802272525236011,
    0.04856513804834262,
    0.04808132896647463,
    0.05470851140271708,
    0.04425883903810682,
    0.011022445223716586,
    0.04264054913147119,
    0.04006480386705389,
    0.004999781876693341,
    0.02432580045392926,
    0.017543663973335975,
    0.0028103500761984374,
    0.010798337651756182,
    0.024772378412492344,
    0.03951207876764328,
    0.045565373859268954,
    0.03428321020123806,
    0.017492858501128528,
    0.009158849830235101,
    0.009253834063245751,
    0.006488476716970329,
    0.01598053617582586,
    0.01862071110396427,
    0.011808988862613825,
    0.010897986453482285,
    0.012142904339903322,
    0.005504231019407328,
    0.0009880875592464683,
    0.002640118933125831,
    0.007392485528220817,
    0.009275331308239647,
    0.0060327173329564,
    0.0021126512323924986,
    0.002065770051372934,
    0.0031003425744249003,
    0.0022584514896824264,
    0.0005836856993921783,
    0.0007892809636828674,
    0.0034901035431296984,
    0.0037770905087383976,
    0.0008967422588922479,
    0.0014135356910579997,
    0.00265531834704549,
    0.002007500215775883,
    0.00100327781534992,
    0.0012679720420215072,
    0.0008267418745275146,
    0.00048448645984968585,
    0.0005946759264959887,
    0.00038591618760010855,
    0.0005573058195367985,
    0.00019144054723408026,
    0.000489165598494987,
    0.0003755921532363031,
    0.00019523219964711274,
    0.0004949756040218922
  ],
  "my_fft_pos": [
    0.0300304650925918,
    0.0477428024732229,
    0.05285319391996052,
    0.03639421630074901,
    0.02605706527021633,
    0.025350524047868642,
    0.02705955593019547,
    0.031874534386395904,
    0.036547204474875084,
    0.03286525136968747,
    0.030690301855467044,
    0.0349113261447016,
    0.030675377785099607,
    0.03357561866166491,
    0.05061110537625558,
    0.05510629709279273,
    0.029453584817047424,
    0.017602031358148022,
    0.03204359936295981,
    0.032232850574649884,
    0.020631830329006173,
    0.03147396570603633,
    0.034562110283510895,
    0.026794857620146502,
    0.0065859674742776665,
    0.016778052353346673,
    0.02246836088097337,
    0.019427138168787182,
    0.01922586375349626,
    0.021810694487903695,
    0.02030495948435212,
    0.01266067892427275,
    0.008436687740520364,
    0.005625478765967407,
    0.006865950993580441,
    0.0059342287186275955,
    0.012876813314187467,
    0.010578747893399996,
    0.006261491353664285,
    0.00852140037307784,
    0.006266359637067331,
    0.004525920014933917,
    0.00399428638164924,
    0.007136942492693413,
    0.008538620503329885,
    0.004689694707369438,
    0.0014117241742710469,
    0.0013036522955554128,
    0.0018474021706421677,
    0.001141832173963129,
    0.002201320690561307,
    0.001773334860221981,
    0.00029132184161652103,
    0.0009282751392088577,
    0.0001700096391733651,
    0.0002399910763658828,
    0.0016097515860308959,
    0.0011095759494516248,
    0.0009124036196167308,
    0.0004491476039077048,
    0.00020887075058165976,
    0.00042367818556128734,
    0.0003731185277135895,
    0.0004469344332264766,
    7.868497593198854e-05
  ],
  "mz_fft_pos": [
    0.009445807479782561,
    0.021623525946481842,
    0.03572552928681899,
    0.03907445513423313,
    0.025017688987730994,
    0.026708242546292834,
    0.06835201258502002,
    0.04996167305520676,
    0.03181573303606913,
    0.07535346927774463,
    0.06291753757398404,
    0.02773921292782271,
    0.03166027623178736,
    0.007015131600019783,
    0.02553530260515696,
    0.018278438315195662,
    0.023789675776214037,
    0.03612832282408911,
    0.028465544248979444,
    0.017668277062764172,
    0.01611985485551843,
    0.028184352421296868,
    0.03366002900644257,
    0.03001700244429268,
    0.02696274142473709,
    0.02609834491274552,
    0.018017820638362807,
    0.011997994464220533,
    0.009259039783513862,
    0.005531150313611166,
    0.012746877573162542,
    0.014115086527601217,
    0.011659664668943753,
    0.010817268781441158,
    0.009869861199178775,
    0.00884168200397488,
    0.003444096532775752,
    0.005841916287728444,
    0.005867216172299856,
    0.005499930473413148,
    0.0034133091122125984,
    0.0017526165570216677,
    0.004150065271397144,
    0.0020749816010632934,
    0.0005583462255746023,
    0.0014814821426501707,
    0.0015206297001194434,
    0.0007356065265060527,
    0.00048166335140840586,
    0.0003789275141931289,
    0.000770118639326797,
    0.00040354288642189184,
    0.0008907532246933865,
    0.0004562709605835615,
    0.00034156624071881697,
    0.0004240914950950302,
    0.0003286445536446233,
    0.00021187440937738778,
    0.00013323729956471215,
    8.531456397163386e-05,
    2.9687776011243703e-05,
    1.783795612640401e-05,
    8.930273883202868e-06,
    7.517972250089355e-07,
    1.488980223174341e-08
  ]
}