{
  "times": [
    0.0,
    0.10101010101010101,
    0.20202020202020202,
    0.30303030303030304,
    0.40404040404040403,
    0.5050505050505051,
    0.6060606060606061,
    0.7070707070707071,
    0.8080808080808081,
    0.9090909090909091,
    1.0101010101010102,
    1.1111111111111112,
    1.2121212121212122,
    1.3131313131313131,
    1.4141414141414141,
    1.5151515151515151,
    1.6161616161616161,
    1.7171717171717171,
    1.8181818181818181,
    1.9191919191919191,
    2.0202020202020203,
    2.121212121212121,
    2.2222222222222223,
    2.323232323232323,
    2.4242424242424243,
    2.525252525252525,
    2.6262626262626263,
    2.727272727272727,
    2.8282828282828283,
    2.929292929292929,
    3.0303030303030303,
    3.131313131313131,
    3.2323232323232323,
    3.3333333333333335,
    3.4343434343434343,
    3.5353535353535355,
    3.6363636363636362,
    3.7373737373737375,
    3.8383838383838382,
    3.9393939393939394,
    4.040404040404041,
    4.141414141414141,
    4.242424242424242,
    4.343434343434343,
    4.444444444444445,
    4.545454545454545,
    4.646464646464646,
    4.747474747474747,
    4.848484848484849,
    4.94949494949495,
    5.05050505050505,
    5.151515151515151,
    5.252525252525253,
    5.353535353535354,
    5.454545454545454,
    5.555555555555555,
    5.656565656565657,
    5.757575757575758,
    5.858585858585858,
    5.959595959595959,
    6.0606060606060606,
    6.161616161616162,
    6.262626262626262,
    6.363636363636363,
    6.4646464646464645,
    6.565656565656566,
    6.666666666666667,
    6.767676767676767,
    6.8686868686868685,
    6.96969696969697,
    7.070707070707071,
    7.171717171717171,
    7.2727272727272725,
    7.373737373737374,
    7.474747474747475,
    7.575757575757575,
    7.6767676767676765,
    7.777777777777778,
    7.878787878787879,
    7.979797979797979,
    8.080808080808081,
    8.181818181818182,
    8.282828282828282,
    8.383838383838384,
    8.484848484848484,
    8.585858585858587,
    8.686868686868687,
    8.787878787878787,
    8.88888888888889,
    8.98989898989899,
    9.09090909090909,
    9.191919191919192,
    9.292929292929292,
    9.393939393939394,
    9.494949494949495,
    9.595959595959595,
    9.696969696969697,
    9.797979797979798,
    9.8989898989899,
    10.0
  ],
  "mx": [
    0.23510109481839075,
    0.19766596969674757,
    0.21038872209592543,
    0.2749142309589118,
    0.3735308766936314,
    0.4704396460326879,
    0.6090829345959594,
    0.7884874954177651,
    0.8003353217055325,
    0.6400210965258383,
    0.4978771241665927,
    0.3666826041944832,
    0.24445869693117647,
    0.1874559729828965,
    0.15864817194985453,
    0.14097491933302245,
    0.12742374846649762,
    0.07476931153266189,
    0.028496850967578684,
    0.041833761638508875,
    0.039163964555509044,
    -0.0016726472496990208,
    -0.03174271103511241,
    -0.027917119570310504,
    -0.008879548231764126,
    -0.0021037131714643073,
    -0.033213217297837445,
    -0.11326622122607288,
    -0.2787649559006138,
    -0.42193906280894145,
    -0.42714374831078167,
    -0.388985449763181,
    -0.36899442464275434,
    -0.35522310109786287,
    -0.3322738903701179,
    -0.2949406105213245,
    -0.2553388535096315,
    -0.23317954076375585,
    -0.19129704907115885,
    -0.07129311442291542,
    0.007001695881167205,
    -0.008301538884904449,
    -0.045600311526069796,
    -0.06283398244292254,
    -0.016038157451306507,
    0.07206808278187216,
    0.1778875821144596,
    0.24395080437356265,
    0.2529625908916671,
    0.2710913151001673,
    0.3029587425755501,
    0.28219185235192473,
    0.22642110579798258,
    0.19602986776160855,
    0.21754362891546808,
    0.2897384421198917,
    0.3898498969551623,
    0.4878268252813277,
    0.6396092451496267,
    0.8072002542330797,
    0.7802197988202375,
    0.6129357097473608,
    0.4777320202423934,
    0.34377241573207634,
    0.23082967640443938,
    0.18203739752807435,
    0.15473564524226463,
    0.13942735450836932,
    0.12222461720656873,
    0.06360503777691712,
    0.027900725920396146,
    0.044358514463405656,
    0.03431320077872411,
    -0.008878499795049214,
    -0.0329891096075042,
    -0.02538711066482581,
    -0.005888511037080091,
    -0.004458261199419851,
    -0.04213794365016152,
    -0.13431057692476378,
    -0.3095441383237806,
    -0.4311393787522887,
    -0.420960728312732,
    -0.38420983643406104,
    -0.3670272124785339,
    -0.35219334432383836,
    -0.3272866035794054,
    -0.2877493561320516,
    -0.25060153057580775,
    -0.22988761185515705,
    -0.17638554376536586,
    -0.051082713429860746,
    0.008846414715096146,
    -0.014053451377241764,
    -0.05129061779248356,
    -0.059751513045893295,
    -0.003493168500760762,
    0.08888216061511758,
    0.19345074758580194,
    0.2478485557039843
  ],
  "my": [
    -0.027016599050415306,
    -0.02801125083893051,
    -0.01437166274808285,
    0.01046976846114911,
    0.039133002973958476,
    0.0284606675025129,
    -0.006300417369125168,
    -0.002078391786323475,
    -0.008408972167895355,
    -0.03331496041810016,
    -0.015015920092979937,
    0.007857000242720078,
    -0.003502918998837824,
    -0.022977586837042194,
    -0.015886857705015293,
    0.02260175566141617,
    0.04182278608629492,
    0.023802190558775426,
    0.013154576758463436,
    0.019915419631174738,
    0.011396848415873944,
    -0.03601294144126969,
    -0.07585817541513457,
    -0.0569961492707844,
    -0.012202969064174755,
    0.0033979348968926452,
    -0.02036196166181693,
    -0.042683378266877126,
    -0.06596936297478732,
    -0.06385762812366,
    -0.026358759117437926,
    -0.010786626580255483,
    -0.018675724511621573,
    -0.01588222027143682,
    0.006180320672579059,
    0.02205478425360026,
    0.014391746610466629,
    -0.007023691439461194,
    -0.02295643807058249,
    -0.008385067888473069,
    0.02012640430441477,
    0.07047977678652914,
    0.11358663689044336,
    0.10125850037367996,
    0.07760885295538066,
    0.07416411285585549,
    0.07868211481337489,
    0.0676972761513612,
    0.03462159197870989,
    0.005984950617046463,
    -0.0035090698869468043,
    -0.015802259099566337,
    -0.02831154133018989,
    -0.02660858841587042,
    -0.011141243854201642,
    0.015668347610344757,
    0.041194982894485484,
    0.022227973572353336,
    -0.008476795860210344,
    -0.00022708435506940152,
    -0.013258146645231124,
    -0.03366556997036656,
    -0.00949624976709882,
    0.00799500920987741,
    -0.007000259671675075,
    -0.024560282845420462,
    -0.010744137773938518,
    0.028418969833850578,
    0.04076911481105527,
    0.02023059412722722,
    0.013889308360496214,
    0.020459255000862885,
    0.006260111620234812,
    -0.04537001970147712,
    -0.07669130773740242,
    -0.04996924233942743,
    -0.006370297422072967,
    0.001217595770059045,
    -0.02481612341270143,
    -0.04597148747856541,
    -0.06910382665293557,
    -0.058482774239889825,
    -0.02149355278409759,
    -0.011197531206365753,
    -0.019825421474033572,
    -0.013055194574340047,
    0.009865333993343117,
    0.02258737769963254,
    0.011199050657831331,
    -0.01057047909609891,
    -0.022958952384133077,
    -0.0039867333612248375,
    0.026168969105906978,
    0.08031831350609703,
    0.11502473152218957,
    0.09654230425507787,
    0.0757456169731236,
    0.07485084429915906,
    0.07864345135459175,
    0.06330913077424181
  ],