{
  "positive_frequencies": [
    0.0,
    0.07734375,
    0.1546875,
    0.23203125000000002,
    0.309375,
    0.38671875,
    0.46406250000000004,
    0.54140625,
    0.61875,
    0.6960937500000001,
    0.7734375,
    0.85078125,
    0.9281250000000001,
    1.0054687500000001,
    1.0828125,
    1.16015625,
    1.2375,
    1.31484375,
    1.3921875000000001,
    1.46953125,
    1.546875,
    1.62421875,
    1.7015625,
    1.7789062500000001,
    1.8562500000000002,
    1.93359375,
    2.0109375000000003,
    2.08828125,
    2.165625,
    2.24296875,
    2.3203125,
    2.3976562500000003,
    2.475,
    2.55234375,
    2.6296875,
    2.70703125,
    2.7843750000000003,
    2.86171875,
    2.9390625,
    3.01640625,
    3.09375,
    3.1710937500000003,
    3.2484375,
    3.32578125,
    3.403125,
    3.48046875,
    3.5578125000000003,
    3.63515625,
    3.7125000000000004,
    3.78984375,
    3.8671875,
    3.9445312500000003,
    4.0218750000000005,
    4.09921875,
    4.1765625,
    4.25390625,
    4.33125,
    4.4085937500000005,
    4.4859375,
    4.56328125,
    4.640625,
    4.71796875,
    4.7953125000000005,
    4.87265625,
    4.95
  ],
  "mx_fft_pos": [
    0.08176728820468374,
    0.11213983826950186,
    0.17823593498079757,
    0.16723227511055608,
    0.07016244207863936,
    0.006484698067955144,
    0.02837503007185385,
    0.05134843226915877,
    0.045966786809299,
    0.025258484419451763,
    0.038960648283640514,
    0.03879167455646189,
    0.036167171364765875,
    0.030292941952425805,
    0.02558672840780883,
    0.02572170726811348,
    0.011592197808511591,
    0.004677670569023865,
    0.009398111034454103,
    0.014541258423278596,
    0.016377708638601926,
    0.0077957213627280865,
    0.0030817221118816483,
    0.0019630029324026674,
    0.0038009632082639812,
    0.005842070900489026,
    0.006635141497941043,
    0.008933536720035096,
    0.00739916064751242,
    0.00391092065839073,
    0.002068176555097551,
    0.004291667290916807,
    0.007058288644174443,
    0.0051389309297709615,
    0.0012558508285323339,
    0.00048598902470157725,
    0.0004389511042661889,
    0.00038066032493700477,
    0.0012421574070529409,
    0.003350242170598526,
    0.003610142344605161,
    0.0022810716844181584,
    0.0014633178521101541,
    0.001454415484659683,
    0.002581663654300878,
    0.0024561640087608066,
    0.0008258775995076226,
    0.00036276911789450236,
    0.00034733713724129957,
    0.0002720717927223353,
    0.00042816027671941525,
    0.0007036100903195474,
    0.0008020727720123235,
    0.0005091763377345912,
    0.00034002207787338335,
    0.00027013171873384914,
    0.00024466215427771976,
    0.0003620445295576058,
    0.000245028942191231,
    9.585027060709774e-05,
    5.584875881502087e-05,
    0.00010109356695766882,
    0.00015687787673503286,
    9.036563992729246e-05,
    2.5151887603653832e-05
  ],
  "my_fft_pos": [
    0.0048990771402200135,
    0.008615942879326656,
    0.014247618490047768,
    0.01382649846148154,
    0.012730968537004738,
    0.015226166538265312,
    0.011007406886765016,
    0.004847465223404729,
    0.004704583168947724,
    0.009039421170023688,
    0.01129084889228235,
    0.009817158859269303,
    0.007855877158088581,
    0.004785766801879374,
    0.0027514737810108514,
    0.0046119323932628485,
    0.0022780892933202024,
    0.006181047474899437,
    0.006012613863966184,
    0.004154413632753433,
    0.0036093942446048686,
    0.0021094434842927386,
    0.0036624331580695497,
    0.0027628539721797855,
    0.00483328001379325,
    0.005945986285226043,
    0.002155772659506704,
    0.0013072405188629779,
    0.0006950386004209148,
    0.0029520851094616764,
    0.0037155545761118837,
    0.0029437465211834507,
    0.00304588436579633,
    0.0014667736336599108,
    0.0012635577537432865,
    0.002154853241650032,
    0.0014918757211459068,
    0.0010247101324936533,
    0.0008683432826822518,
    0.0012319376408114304,
    0.0011755517332815908,
    0.0005232473052576912,
    0.00048612745434544017,
    0.0008591301687618084,
    0.0012816441555828684,
    0.0011979995783996111,
    0.0006233832958544436,
    0.0002803610436603462,
    0.00015695709266555881,
    0.00021120692339899366,
    0.0003035240969122144,
    0.0004381304023535562,
    0.0005091787253033468,
    0.00026553083507508773,
    0.00020493645213030113,
    0.00017609891824276852,
    8.790671788312921e-05,
    0.0001816686842036515,
    0.00013933252601451232,
    9.428086131544515e-05,
    5.153804695292378e-05,
    4.7404252803319994e-05,
    8.762064689960192e-05,
    3.888712184644733e-05,
    4.3591446611573885e-06
  ],
  "mz_fft_pos": [
    0.14827313232199432,
    0.08330875015983023,
    0.059312530085925824,
    0.08628073511386253,
    0.08007591321608104,
    0.07498454889677421,
    0.03683509012275534,
    0.04160963201008829,
    0.043156854252124226,
    0.009199033603148866,
    0.008997539457467429,
    0.006650963761273293,
    0.01590255083990743,
    0.015771591810049165,
    0.009899155036711625,
    0.006442148968571027,
    0.0045473663919724985,
    0.010049370957844144,
    0.008188278260142323,
    0.0009098789343013954,
    0.003477016901422272,
    0.003984177838669421,
    0.004475678416272266,
    0.004409376103393562,
    0.0051988372777807944,
    0.005092114006111259,
    0.0019123430970469594,
    0.0010699522421487788,
    0.0022303940870180444,
    0.00369921169314068,
    0.003631332639206853,
    0.0007952662283386911,
    0.001996777442557618,
    0.0017653228638935677,
    0.0009230422508086925,
    0.0008473893076932883,
    0.0011629975159895224,
    0.0013346147586976987,
    0.0004913593486218763,
    0.0013673412436793965,
    0.0017746003895232143,
    0.0016743624184972893,
    0.0018305541321265578,
    0.0011085163026349127,
    0.0002752003041668987,
    0.00039056384724011213,
    0.00030934892232243065,
    0.0002654155602937601,
    0.00018330285784545953,
    0.0003585497681363157,
    0.00034649561395046517,
    0.00014043568764395898,
    6.715833260015773e-05,
    7.665600069855405e-05,
    0.00012637533153087458,
    0.00013098171613999847,
    9.987605531052339e-05,
    8.141565220293179e-05,
    4.144516289419147e-05,
    2.360325474870158e-05,
    2.9470434817380226e-05,
    3.7832453216347325e-05,
    4.1424905286097295e-05,
    2.7174833832150344e-05,
    3.2413611741359815e-05
  ]
}