{
  "positive_frequencies": [
    0.0,
    0.07734375,
    0.1546875,
    0.23203125000000002,
    0.309375,
    0.38671875,
    0.46406250000000004,
    0.54140625,
    0.61875,
    0.6960937500000001,
    0.7734375,
    0.85078125,
    0.9281250000000001,
    1.0054687500000001,
    1.0828125,
    1.16015625,
    1.2375,
    1.31484375,
    1.3921875000000001,
    1.46953125,
    1.546875,
    1.62421875,
    1.7015625,
    1.7789062500000001,
    1.8562500000000002,
    1.93359375,
    2.0109375000000003,
    2.08828125,
    2.165625,
    2.24296875,
    2.3203125,
    2.3976562500000003,
    2.475,
    2.55234375,
    2.6296875,
    2.70703125,
    2.7843750000000003,
    2.86171875,
    2.9390625,
    3.01640625,
    3.09375,
    3.1710937500000003,
    3.2484375,
    3.32578125,
    3.403125,
    3.48046875,
    3.5578125000000003,
    3.63515625,
    3.7125000000000004,
    3.78984375,
    3.8671875,
    3.9445312500000003,
    4.0218750000000005,
    4.09921875,
    4.1765625,
    4.25390625,
    4.33125,
    4.4085937500000005,
    4.4859375,
    4.56328125,
    4.640625,
    4.71796875,
    4.7953125000000005,
    4.87265625,
    4.95
  ],
  "mx_fft_pos": [
    0.0010198705190643561,
    0.001219945208275706,
    0.004227001823146612,
    0.009723063570446938,
    0.01763520196449508,
    0.03230629298418232,
    0.03438160966818673,
    0.02514428421620722,
    0.0186306839637852,
    0.004901163427520507,
    0.01491033998066725,
    0.026586905131352374,
    0.03418542612714379,
    0.04078271456627618,
    0.02903202326258354,
    0.015112360641411617,
    0.007718354124771354,
    0.001298081680124946,
    0.0004101988628689153,
    0.00015588987731837432,
    8.356268185505691e-05,
    6.02310266221913e-05,
    4.396153899976493e-05,
    3.1225753171845854e-05,
    2.2897271018798093e-05,
    1.7879106468462216e-05,
    1.4456429246998672e-05,
    1.177846199057375e-05,
    9.664368472264998e-06,
    8.044198428436495e-06,
    6.80065087973248e-06,
    5.823448141435853e-06,
    5.032299563053196e-06,
    4.369312562641232e-06,
    3.8064606054020277e-06,
    3.3399608444119067e-06,
    2.9597476818617856e-06,
    2.637001894890904e-06,
    2.347878291489741e-06,
    2.0918764664568843e-06,
    1.8765182223115635e-06,
    1.6950178518254539e-06,
    1.531017613527449e-06,
    1.3783172852023167e-06,
    1.2430063920667488e-06,
    1.1279068947399447e-06,
    1.0254350347701486e-06,
    9.280511406507342e-07,
    8.370591348505747e-07,
    7.569027973888474e-07,
    6.861491404704119e-07,
    6.193008188397561e-07,
    5.545673190947573e-07,
    4.946605478451618e-07,
    4.4088075800885585e-07,
    3.906612096847682e-07,
    3.415330437460669e-07,
    2.940878479606168e-07,
    2.498239820313644e-07,
    2.083560837177476e-07,
    1.682884916630899e-07,
    1.2949942081462777e-07,
    9.347500668862482e-08,
    6.361059816131022e-08,
    5.0021825962198726e-08
  ],
  "my_fft_pos": [
    0.22822381104998954,
    0.2375657384832626,
    0.26465576588375106,
    0.19828354826963235,
    0.13279359796664827,
    0.13938190152522403,
    0.14288189029549048,
    0.0972661637597103,
    0.08598858902594189,
    0.1060008092614809,
    0.0847134034814316,
    0.03937609563081478,
    0.038553543173806555,
    0.038380111633064706,
    0.039770549868860576,
    0.044018657177505256,
    0.026799801659223032,
    0.01027206268774351,
    0.004961856526699886,
    0.0007156201005496676,
    0.00033728316159845957,
    0.00013844946742646704,
    7.089655108997337e-05,
    7.625794745262474e-05,
    6.433570730277677e-05,
    3.354477176613248e-05,
    7.546016071585265e-06,
    2.3551504148379316e-05,
    2.848098648440125e-05,
    1.9981123086860796e-05,
    5.305185206935004e-06,
    8.18868005470592e-06,
    1.4642894772828452e-05,
    1.3325558061708285e-05,
    6.767012986919462e-06,
    2.967126751787971e-06,
    7.71056752312875e-06,
    8.847974122228399e-06,
    6.145991130474029e-06,
    2.340986311789343e-06,
    3.961787337053886e-06,
    5.717610763460213e-06,
    4.9465764376148826e-06,
    2.5511620328666627e-06,
    2.000326628059875e-06,
    3.5384585075551204e-06,
    3.691416362804973e-06,
    2.4085512064259355e-06,
    1.1709672532204266e-06,
    2.055692389927568e-06,
    2.570501004250324e-06,
    2.0017626245556146e-06,
    9.149647410035931e-07,
    1.0800842771763553e-06,
    1.6490222832480562e-06,
    1.4814998511012921e-06,
    7.39124031747269e-07,
    4.4524456496112513e-07,
    9.35790671557051e-07,
    9.51939626367526e-07,
    5.143754788471875e-07,
    7.558317383299371e-08,
    4.3771307504577377e-07,
    4.7049038999728675e-07,
    3.761861231943442e-07
  ],
  "mz_fft_pos": [
    0.045440137199285816,
    0.038524733004287756,
    0.026194864503550935,
    0.024698133673418953,
    0.02351432068145734,
    0.0074984507871501994,
    0.012627130702249655,
    0.023106847316295996,
    0.03218824677462512,
    0.04435303078325162,
    0.027548768179811684,
    0.019668133214722786,
    0.027406046985348632,
    0.01877702139331088,
    0.01037088643035624,
    0.009066795875796174,
    0.0060266807395309395,
    0.0009185703905886261,
    0.0003557263872107053,
    0.00015141336761527205,
    4.784947776314992e-05,
    2.433848434300569e-05,
    3.7637684354146505e-05,
    3.351707234475754e-05,
    1.9136023848500578e-05,
    4.952132285407485e-06,
    8.807933254078914e-06,
    1.215146054000988e-05,
    9.695714466322116e-06,
    4.197941515871265e-06,
    1.9404334901682303e-06,
    4.997025530307532e-06,
    5.318932446440416e-06,
    3.347141147716457e-06,
    6.088044754378891e-07,
    2.0048797992497546e-06,
    2.9713943612945136e-06,
    2.4554761299532455e-06,
    9.965029630751275e-07,
    6.397441693690654e-07,
    1.6251342087942824e-06,
    1.714715376806677e-06,
    1.0289652116358487e-06,
    8.296749257872497e-08,
    8.369874160242755e-07,
    1.151800868676751e-06,
    8.904595789903912e-07,
    2.666731815720348e-07,
    3.843119855081476e-07,
    7.494707741529831e-07,
    7.075677035128573e-07,
    3.372957355607434e-07,
    1.4162807850496173e-07,
    4.82152348342397e-07,
    5.402932507604477e-07,
    3.2267969552217266e-07,
    3.0854737183759926e-08,
    3.2479689347938656e-07,
    4.176154557601484e-07,
    2.796922116382551e-07,
    4.325946548411807e-09,
    2.5405527211788617e-07,
    3.5344011238377904e-07,
    2.4713705980006074e-07,
    1.4826836736148152e-09
  ]
}