{
  "positive_frequencies": [
    0.0,
    0.07734375,
    0.1546875,
    0.23203125000000002,
    0.309375,
    0.38671875,
    0.46406250000000004,
    0.54140625,
    0.61875,
    0.6960937500000001,
    0.7734375,
    0.85078125,
    0.9281250000000001,
    1.0054687500000001,
    1.0828125,
    1.16015625,
    1.2375,
    1.31484375,
    1.3921875000000001,
    1.46953125,
    1.546875,
    1.62421875,
    1.7015625,
    1.7789062500000001,
    1.8562500000000002,
    1.93359375,
    2.0109375000000003,
    2.08828125,
    2.165625,
    2.24296875,
    2.3203125,
    2.3976562500000003,
    2.475,
    2.55234375,
    2.6296875,
    2.70703125,
    2.7843750000000003,
    2.86171875,
    2.9390625,
    3.01640625,
    3.09375,
    3.1710937500000003,
    3.2484375,
    3.32578125,
    3.403125,
    3.48046875,
    3.5578125000000003,
    3.63515625,
    3.7125000000000004,
    3.78984375,
    3.8671875,
    3.9445312500000003,
    4.0218750000000005,
    4.09921875,
    4.1765625,
    4.25390625,
    4.33125,
    4.4085937500000005,
    4.4859375,
    4.56328125,
    4.640625,
    4.71796875,
    4.7953125000000005,
    4.87265625,
    4.95
  ],
  "mx_fft_pos": [
    0.09754189056701545,
    0.11513738834990069,
    0.11578043415008783,
    0.07159591548733969,
    0.04850432521428044,
    0.07784100718239471,
    0.08119067825801402,
    0.04457504809400411,
    0.030037256724987128,
    0.03782933794483294,
    0.03128241358977807,
    0.01840779686216923,
    0.014687234845324946,
    0.012173576642218948,
    0.009445244918180608,
    0.007849407222967602,
    0.004669287941398675,
    0.0008207046139336029,
    0.003359621603628652,
    0.003970844487500895,
    0.004281563899558316,
    0.00498455930769404,
    0.003509529650953081,
    0.0021855515721976738,
    0.0003553792875845687,
    0.00042650485407037835,
    0.00021671187869330973,
    0.0003190127050096531,
    0.0004554154331335921,
    0.00011681263759493485,
    0.00026399374425272007,
    0.00020238157966942646,
    7.212442113883647e-05,
    5.403779083714312e-05,
    3.4768898159369e-05,
    2.2675463566445717e-05,
    1.4671006939555525e-05,
    1.4597937005716325e-06,
    1.030093568859538e-06,
    1.7064103374717827e-06,
    1.8685162611740636e-06,
    1.349995673112936e-06,
    4.967379957425544e-07,
    6.255880928695539e-07,
    1.0692816226214328e-06,
    1.0114583253403098e-06,
    5.487157741703963e-07,
    1.7371610874306157e-07,
    5.669907292915898e-07,
    7.009572990358256e-07,
    5.162094330507139e-07,
    1.6334263984159227e-07,
    2.443348644245609e-07,
    4.3537004329363187e-07,
    4.153699990845853e-07,
    2.3294109750125523e-07,
    8.154393616175026e-08,
    2.227038009510345e-07,
    2.8127022029481874e-07,
    2.266952133530411e-07,
    1.2575030978307125e-07,
    1.1001184479687607e-07,
    1.544707216318439e-07,
    1.6358362006934147e-07,
    1.5727215813221562e-07
  ],
  "my_fft_pos": [
    0.12130400290696727,
    0.08560648810989203,
    0.03859858003115515,
    0.04829051488948105,
    0.0591633397655085,
    0.03581720548513935,
    0.031266698048986775,
    0.04515885981889845,
    0.04386798956873145,
    0.03062859649279665,
    0.025382086980375997,
    0.028917818149697547,
    0.022898208083081396,
    0.021638031253265168,
    0.014579802230131294,
    0.0017122311550543637,
    0.005664478418050495,
    0.004213547015746727,
    0.0032786071129249817,
    0.005373393449398193,
    0.003810711503888886,
    0.002305222801274535,
    0.0016531291466020826,
    0.00013511161254580907,
    0.0011979086709301189,
    0.0007965174227648916,
    0.0004649680712939274,
    0.00017880729381601835,
    0.0004418771059126266,
    0.00031995747509073547,
    0.00035478500524917326,
    0.0002497684858492026,
    0.00016682778839720538,
    0.00010569771726153745,
    6.425371390089575e-05,
    2.936392938519377e-05,
    1.1934049257835298e-05,
    3.107632664440731e-06,
    1.0247876067880691e-06,
    1.065675776276592e-06,
    7.32907414771473e-07,
    6.538418603294307e-07,
    8.810143774265934e-07,
    8.916824704806942e-07,
    6.430156418678713e-07,
    4.2573834444298756e-07,
    5.314811078799261e-07,
    6.180959300285864e-07,
    5.135672303992608e-07,
    3.18268411390311e-07,
    2.986102576509241e-07,
    3.944697146298128e-07,
    3.793753604649485e-07,
    2.5075418243078706e-07,
    1.5680011195877394e-07,
    2.2427774452680602e-07,
    2.548477647072008e-07,
    1.8719839603999598e-07,
    7.584991818677724e-08,
    9.933083553685584e-08,
    1.4711694304364738e-07,
    1.1821568979016932e-07,
    3.637204474873399e-08,
    5.484164769558749e-08,
    8.940559511394496e-08
  ],
  "mz_fft_pos": [
    0.09407999944419125,
    0.12225486818914087,
    0.13242113916523743,
    0.09118147652217864,
    0.06630951621163174,
    0.06086485825756743,
    0.04236762711465187,
    0.009852508452162824,
    0.026289768704934137,
    0.029485993989277023,
    0.03692681432642239,
    0.03670141349424566,
    0.01744770935362264,
    0.011969865080441747,
    0.010442966339674415,
    0.002510155132308694,
    0.005006443633726194,
    0.004016036110294432,
    0.002312440131367968,
    0.0004633176879699744,
    0.0010177770481699072,
    0.0010458202262469544,
    0.0002783608419672893,
    0.0004247066925571678,
    0.0002567171744841314,
    1.4745976840840122e-05,
    0.00020875145606113747,
    0.00015522663625429446,
    2.604903280573671e-05,
    2.7591313141204983e-06,
    3.202092136358077e-06,
    2.8008082652863295e-06,
    1.0149975359944905e-06,
    1.389282498805333e-06,
    2.1422606784748866e-06,
    1.8420246946527618e-06,
    8.749102562061759e-07,
    5.655317327597727e-07,
    1.1801323772567395e-06,
    1.2536329050942112e-06,
    7.954116092511782e-07,
    2.2654080494952335e-07,
    5.915292950088149e-07,
    8.212521014134013e-07,
    6.629361705194023e-07,
    2.5987751904066157e-07,
    2.5442210449651995e-07,
    5.112720501164668e-07,
    5.089406414459788e-07,
    2.818453366703295e-07,
    8.974818536964996e-08,
    3.0244364379755794e-07,
    3.6664224055318423e-07,
    2.513956213187098e-07,
    6.251586841639295e-08,
    1.770179687370394e-07,
    2.5524606591306073e-07,
    1.9783483784458975e-07,
    6.554998204907038e-08,
    1.196642015031137e-07,
    1.8488775974092802e-07,
    1.4610505886828804e-07,
    5.599237685812454e-08,
    1.1483690722684087e-07,
    1.608174612144353e-07
  ]
}