{
  "times": [
    0.0,
    0.10101010101010101,
    0.20202020202020202,
    0.30303030303030304,
    0.40404040404040403,
    0.5050505050505051,
    0.6060606060606061,
    0.7070707070707071,
    0.8080808080808081,
    0.9090909090909091,
    1.0101010101010102,
    1.1111111111111112,
    1.2121212121212122,
    1.3131313131313131,
    1.4141414141414141,
    1.5151515151515151,
    1.6161616161616161,
    1.7171717171717171,
    1.8181818181818181,
    1.9191919191919191,
    2.0202020202020203,
    2.121212121212121,
    2.2222222222222223,
    2.323232323232323,
    2.4242424242424243,
    2.525252525252525,
    2.6262626262626263,
    2.727272727272727,
    2.8282828282828283,
    2.929292929292929,
    3.0303030303030303,
    3.131313131313131,
    3.2323232323232323,
    3.3333333333333335,
    3.4343434343434343,
    3.5353535353535355,
    3.6363636363636362,
    3.7373737373737375,
    3.8383838383838382,
    3.9393939393939394,
    4.040404040404041,
    4.141414141414141,
    4.242424242424242,
    4.343434343434343,
    4.444444444444445,
    4.545454545454545,
    4.646464646464646,
    4.747474747474747,
    4.848484848484849,
    4.94949494949495,
    5.05050505050505,
    5.151515151515151,
    5.252525252525253,
    5.353535353535354,
    5.454545454545454,
    5.555555555555555,
    5.656565656565657,
    5.757575757575758,
    5.858585858585858,
    5.959595959595959,
    6.0606060606060606,
    6.161616161616162,
    6.262626262626262,
    6.363636363636363,
    6.4646464646464645,
    6.565656565656566,
    6.666666666666667,
    6.767676767676767,
    6.8686868686868685,
    6.96969696969697,
    7.070707070707071,
    7.171717171717171,
    7.2727272727272725,
    7.373737373737374,
    7.474747474747475,
    7.575757575757575,
    7.6767676767676765,
    7.777777777777778,
    7.878787878787879,
    7.979797979797979,
    8.080808080808081,
    8.181818181818182,
    8.282828282828282,
    8.383838383838384,
    8.484848484848484,
    8.585858585858587,
    8.686868686868687,
    8.787878787878787,
    8.88888888888889,
    8.98989898989899,
    9.09090909090909,
    9.191919191919192,
    9.292929292929292,
    9.393939393939394,
    9.494949494949495,
    9.595959595959595,
    9.696969696969697,
    9.797979797979798,
    9.8989898989899,
    10.0
  ],
  "mx": [
    1.0,
    0.9081206947546973,
    0.6840754140927396,
    0.4371252695711915,
    0.24823122415641333,
    0.13270032636882406,
    0.0686517953640863,
    0.03367041017290199,
    0.014916717179353186,
    0.006053688745229622,
    0.0017437113321700514,
    -0.002618011683255871,
    -0.005505033862004009,
    -0.006490397128057952,
    -0.012530229388150758,
    -0.02341589219242282,
    -0.028068821765311208,
    -0.023910593101210506,
    -0.019025024389941428,
    -0.015713713352816655,
    -0.009683418867101098,
    0.0012116728833574983,
    0.01283818944393187,
    0.017086457257586823,
    0.013095908610663327,
    0.009838297217006856,
    0.01318543665298718,
    0.01994208021607677,
    0.025035992607701913,
    0.02472307150855776,
    0.0179547418022577,
    0.010486189169266576,
    0.008149010646204217,
    0.009180436349319933,
    0.007761719231775448,
    0.00022873219542814667,
    -0.01006349336532155,
    -0.01834556178821136,
    -0.026153781554667445,
    -0.03219259076275441,
    -0.030299950898231207,
    -0.024106716917040385,
    -0.024358207918570893,
    -0.030854240638637113,
    -0.03283423947753916,
    -0.025945344351970313,
    -0.015896663194713945,
    -0.006744549655298701,
    0.002708924022676069,
    0.01225246675906563,
    0.01825900632224657,
    0.017388382349682596,
    0.009206529010245419,
    -0.0038982909830685697,
    -0.01960982246660331,
    -0.03752476007955272,
    -0.05586839153834471,
    -0.06892003314536728,
    -0.069829260298867,
    -0.05569478980455378,
    -0.0305178539181079,
    -0.002361196171494657,
    0.02183678193018049,
    0.037974585237696284,
    0.045073691932821285,
    0.04543417197708317,
    0.04286880245406802,
    0.04098682431917564,
    0.04231958001958028,
    0.04637807151444202,
    0.04885757054475384,
    0.04528030813062565,
    0.03545806086432271,
    0.022883611795519836,
    0.011070902110399138,
    0.002234031689027663,
    -0.0027609408318405378,
    -0.004690520733569921,
    -0.004281104057561108,
    -0.001446874291648965,
    0.0018259998998945753,
    0.0013428887146328572,
    -0.005068026854850357,
    -0.01638695949280875,
    -0.03036873165747883,
    -0.04339633792613615,
    -0.05066775499497746,
    -0.04971196139635428,
    -0.04238929930801368,
    -0.0321564987343403,
    -0.021164055303737387,
    -0.010824395741390611,
    -0.0029050779339529734,
    0.0016170883103171331,
    0.0035229977322442105,
    0.003880313040783831,
    0.002338473524972143,
    -0.002217367776698174,
    -0.009794501043576896,
    -0.018860259188756737
  ],
  "my": [
    0.0,
    0.06323781485346885,
    0.09096905657735793,
    0.07944982873197604,
    0.05382145240090426,
    0.03461324280025975,
    0.020222531291084634,
    0.004863248946193923,
    -0.006325016197967249,
    -0.007388272234917347,
    -0.0013559397119586908,
    0.003203416287798012,
    0.00033615531214026235,
    -0.005225543629075975,
    -0.0019302261309994484,
    0.011764493506460973,
    0.024105784283737317,
    0.027919324114605175,
    0.026496568114132445,
    0.021006725726910116,
    0.011126818909194163,
    0.003843216939980461,
    0.004594104740424779,
    0.008297757666091428,
    0.009483710553344328,
    0.010580457923475032,
    0.01582497263561906,
    0.02227217775872051,
    0.022768737685299405,
    0.016228540709346328,
    0.00416954083104751,
    -0.013879862260468591,
    -0.033548047125531305,
    -0.04516734807843289,
    -0.04097715293924922,
    -0.02302218787482439,
    -0.0035077754127364877,
    0.008694866075014062,
    0.014245954981978524,
    0.015672631697910708,
    0.015671084615602855,
    0.018144026423969256,
    0.02299920426367123,
    0.026085932175051174,
    0.02726189187206195,
    0.03143827636969651,
    0.039819930615541135,
    0.04691839938499066,
    0.046540314039677746,
    0.03668971239435008,
    0.02096559684965372,
    0.007263434653696497,
    0.0021880166486509867,
    0.004712679512591143,
    0.005619641087451204,
    -0.004720607921156845,
    -0.026101823297350484,
    -0.049426255402260276,
    -0.0678389070525651,
    -0.07966131922883583,
    -0.08295249115481045,
    -0.07536445875363557,
    -0.05723114961823758,
    -0.031507023472351105,
    -0.002403152700260628,
    0.025444356737085894,
    0.04711634946699031,
    0.05802012678142687,
    0.05689653795090229,
    0.04815694950071612,
    0.038298313485589694,
    0.02981104442003361,
    0.021004127071644826,
    0.010089131843490386,
    -0.003371202960849214,
    -0.016959268523459376,
    -0.023180040347026906,
    -0.015689063818216768,
    0.00134607647279406,
    0.01756025775240755,
    0.028004127770582286,
    0.03415772002129071,
    0.03826083791135844,
    0.041949415539543455,
    0.046284170829233175,
    0.050136110994049625,
    0.050818967106417694,
    0.046677110397760596,
    0.03787404978983072,
    0.025521054286998492,
    0.011157259743080884,
    -0.003269881225536319,
    -0.01562955270271709,
    -0.0240113738855499,
    -0.02705916092837386,
    -0.024497284989995868,
    -0.017851289029948,
    -0.0104220289554338,
    -0.005799976699343897,
    -0.00588420327372113
  ],