{
  "positive_frequencies": [
    0.0,
    0.07734375,
    0.1546875,
    0.23203125000000002,
    0.309375,
    0.38671875,
    0.46406250000000004,
    0.54140625,
    0.61875,
    0.6960937500000001,
    0.7734375,
    0.85078125,
    0.9281250000000001,
    1.0054687500000001,
    1.0828125,
    1.16015625,
    1.2375,
    1.31484375,
    1.3921875000000001,
    1.46953125,
    1.546875,
    1.62421875,
    1.7015625,
    1.7789062500000001,
    1.8562500000000002,
    1.93359375,
    2.0109375000000003,
    2.08828125,
    2.165625,
    2.24296875,
    2.3203125,
    2.3976562500000003,
    2.475,
    2.55234375,
    2.6296875,
    2.70703125,
    2.7843750000000003,
    2.86171875,
    2.9390625,
    3.01640625,
    3.09375,
    3.1710937500000003,
    3.2484375,
    3.32578125,
    3.403125,
    3.48046875,
    3.5578125000000003,
    3.63515625,
    3.7125000000000004,
    3.78984375,
    3.8671875,
    3.9445312500000003,
    4.0218750000000005,
    4.09921875,
    4.1765625,
    4.25390625,
    4.33125,
    4.4085937500000005,
    4.4859375,
    4.56328125,
    4.640625,
    4.71796875,
    4.7953125000000005,
    4.87265625,
    4.95
  ],
  "mx_fft_pos": [
    0.07431362605303482,
    0.08204009191324958,
    0.084570642455678,
    0.062354684312066144,
    0.026751018801331218,
    0.007925806187367478,
    0.03694935673576964,
    0.04778196248641829,
    0.044878871874635316,
    0.04802272525236011,
    0.04856513804834262,
    0.04808132896647463,
    0.05470851140271708,
    0.04425883903810683,
    0.011022445223716586,
    0.04264054913147119,
    0.04006480386705387,
    0.004999781876693337,
    0.02432580045392926,
    0.01754366397333597,
    0.0028103500761984396,
    0.01079833765175618,
    0.024772378412492344,
    0.03951207876764328,
    0.045565373859268954,
    0.034283210201238055,
    0.017492858501128517,
    0.009158849830235096,
    0.009253834063245764,
    0.006488476716970336,
    0.015980536175825857,
    0.018620711103964262,
    0.011808988862613813,
    0.010897986453482285,
    0.01214290433990334,
    0.00550423101940734,
    0.0009880875592464665,
    0.0026401189331258213,
    0.0073924855282208055,
    0.009275331308239649,
    0.006032717332956402,
    0.0021126512323925107,
    0.0020657700513729183,
    0.0031003425744248903,
    0.002258451489682416,
    0.0005836856993921799,
    0.000789280963682863,
    0.0034901035431296906,
    0.0037770905087383955,
    0.0008967422588922465,
    0.0014135356910580008,
    0.002655318347045491,
    0.002007500215775874,
    0.00100327781534992,
    0.0012679720420214955,
    0.0008267418745275132,
    0.0004844864598496869,
    0.0005946759264959886,
    0.00038591618760010313,
    0.0005573058195367897,
    0.00019144054723407215,
    0.0004891655984949746,
    0.00037559215323628895,
    0.00019523219964710963,
    0.0004949756040218833
  ],
  "my_fft_pos": [
    0.030030465092591784,
    0.047742802473222906,
    0.05285319391996051,
    0.03639421630074901,
    0.02605706527021634,
    0.025350524047868642,
    0.02705955593019548,
    0.0318745343863959,
    0.036547204474875084,
    0.032865251369687466,
    0.030690301855467048,
    0.03491132614470161,
    0.03067537778509961,
    0.033575618661664905,
    0.05061110537625558,
    0.05510629709279272,
    0.02945358481704741,
    0.017602031358148015,
    0.0320435993629598,
    0.032232850574649884,
    0.020631830329006177,
    0.03147396570603634,
    0.034562110283510916,
    0.026794857620146523,
    0.006585967474277674,
    0.016778052353346676,
    0.022468360880973384,
    0.019427138168787196,
    0.01922586375349628,
    0.02181069448790371,
    0.02030495948435213,
    0.01266067892427274,
    0.008436687740520355,
    0.005625478765967402,
    0.006865950993580433,
    0.005934228718627605,
    0.012876813314187479,
    0.010578747893399996,
    0.0062614913536642855,
    0.008521400373077836,
    0.006266359637067327,
    0.00452592001493391,
    0.003994286381649244,
    0.007136942492693417,
    0.008538620503329888,
    0.004689694707369442,
    0.0014117241742710484,
    0.0013036522955554152,
    0.0018474021706421713,
    0.0011418321739631347,
    0.0022013206905613027,
    0.0017733348602219736,
    0.0002913218416165254,
    0.0009282751392088504,
    0.00017000963917335275,
    0.0002399910763658919,
    0.0016097515860308959,
    0.0011095759494516176,
    0.0009124036196167439,
    0.0004491476039077172,
    0.0002088707505816642,
    0.0004236781855612868,
    0.000373118527713594,
    0.00044693443322648096,
    7.868497593199075e-05
  ],
  "mz_fft_pos": [
    0.00944580747978258,
    0.021623525946481842,
    0.03572552928681899,
    0.039074455134233126,
    0.025017688987730987,
    0.02670824254629284,
    0.06835201258502002,
    0.04996167305520679,
    0.031815733036069146,
    0.07535346927774463,
    0.06291753757398405,
    0.027739212927822717,
    0.03166027623178736,
    0.0070151316000197795,
    0.02553530260515697,
    0.018278438315195673,
    0.023789675776214034,
    0.0361283228240891,
    0.02846554424897943,
    0.017668277062764158,
    0.016119854855518426,
    0.02818435242129686,
    0.03366002900644257,
    0.030017002444292683,
    0.026962741424737112,
    0.026098344912745538,
    0.018017820638362814,
    0.011997994464220561,
    0.009259039783513884,
    0.005531150313611178,
    0.012746877573162538,
    0.01411508652760121,
    0.011659664668943748,
    0.010817268781441158,
    0.009869861199178778,
    0.008841682003974886,
    0.0034440965327757556,
    0.005841916287728439,
    0.005867216172299865,
    0.0054999304734131595,
    0.003413309112212605,
    0.001752616557021681,
    0.004150065271397156,
    0.0020749816010633116,
    0.0005583462255746265,
    0.0014814821426501763,
    0.0015206297001194354,
    0.0007356065265060537,
    0.0004816633514084133,
    0.0003789275141931204,
    0.0007701186393267779,
    0.00040354288642188853,
    0.0008907532246933797,
    0.00045627096058355014,
    0.00034156624071881957,
    0.00042409149509501726,
    0.00032864455364461193,
    0.00021187440937737716,
    0.00013323729956473115,
    8.531456397164943e-05,
    2.968777601125028e-05,
    1.7837956126409893e-05,
    8.930273883211943e-06,
    7.517972250129538e-07,
    1.4889802240070083e-08
  ]
}