{
  "times": [
    0.0,
    0.10101010101010101,
    0.20202020202020202,
    0.30303030303030304,
    0.40404040404040403,
    0.5050505050505051,
    0.6060606060606061,
    0.7070707070707071,
    0.8080808080808081,
    0.9090909090909091,
    1.0101010101010102,
    1.1111111111111112,
    1.2121212121212122,
    1.3131313131313131,
    1.4141414141414141,
    1.5151515151515151,
    1.6161616161616161,
    1.7171717171717171,
    1.8181818181818181,
    1.9191919191919191,
    2.0202020202020203,
    2.121212121212121,
    2.2222222222222223,
    2.323232323232323,
    2.4242424242424243,
    2.525252525252525,
    2.6262626262626263,
    2.727272727272727,
    2.8282828282828283,
    2.929292929292929,
    3.0303030303030303,
    3.131313131313131,
    3.2323232323232323,
    3.3333333333333335,
    3.4343434343434343,
    3.5353535353535355,
    3.6363636363636362,
    3.7373737373737375,
    3.8383838383838382,
    3.9393939393939394,
    4.040404040404041,
    4.141414141414141,
    4.242424242424242,
    4.343434343434343,
    4.444444444444445,
    4.545454545454545,
    4.646464646464646,
    4.747474747474747,
    4.848484848484849,
    4.94949494949495,
    5.05050505050505,
    5.151515151515151,
    5.252525252525253,
    5.353535353535354,
    5.454545454545454,
    5.555555555555555,
    5.656565656565657,
    5.757575757575758,
    5.858585858585858,
    5.959595959595959,
    6.0606060606060606,
    6.161616161616162,
    6.262626262626262,
    6.363636363636363,
    6.4646464646464645,
    6.565656565656566,
    6.666666666666667,
    6.767676767676767,
    6.8686868686868685,
    6.96969696969697,
    7.070707070707071,
    7.171717171717171,
    7.2727272727272725,
    7.373737373737374,
    7.474747474747475,
    7.575757575757575,
    7.6767676767676765,
    7.777777777777778,
    7.878787878787879,
    7.979797979797979,
    8.080808080808081,
    8.181818181818182,
    8.282828282828282,
    8.383838383838384,
    8.484848484848484,
    8.585858585858587,
    8.686868686868687,
    8.787878787878787,
    8.88888888888889,
    8.98989898989899,
    9.09090909090909,
    9.191919191919192,
    9.292929292929292,
    9.393939393939394,
    9.494949494949495,
    9.595959595959595,
    9.696969696969697,
    9.797979797979798,
    9.8989898989899,
    10.0
  ],
  "mx": [
    1.0,
    0.6840754140927396,
    0.24823122415641333,
    0.0686517953640863,
    0.014916717179353186,
    0.0017437113321700514,
    -0.005505033862004009,
    -0.012530229388150758,
    -0.028068821765311208,
    -0.019025024389941428,
    -0.009683418867101098,
    0.01283818944393187,
    0.013095908610663327,
    0.01318543665298718,
    0.025035992607701913,
    0.0179547418022577,
    0.008149010646204217,
    0.007761719231775448,
    -0.01006349336532155,
    -0.026153781554667445,
    -0.030299950898231207,
    -0.024358207918570893,
    -0.03283423947753916,
    -0.015896663194713945,
    0.002708924022676069,
    0.01825900632224657,
    0.009206529010245419,
    -0.01960982246660331,
    -0.05586839153834471,
    -0.069829260298867,
    -0.0305178539181079,
    0.02183678193018049,
    0.045073691932821285,
    0.04286880245406802,
    0.04231958001958028,
    0.04885757054475384,
    0.03545806086432271,
    0.011070902110399138,
    -0.0027609408318405378,
    -0.004281104057561108,
    0.0018259998998945797,
    -0.00506802685485037,
    -0.03036873165747883,
    -0.05066775499497746,
    -0.04238929930801368,
    -0.021164055303737387,
    -0.0029050779339529734,
    0.0035229977322442105,
    0.002338473524972143,
    -0.009794501043576896,
    -0.027652550308106122,
    -0.04193773088352601,
    -0.05053321651972817,
    -0.04928404900059919,
    -0.04153239500132656,
    -0.03076544771633064,
    -0.015431640634754322,
    -0.0031905694699236272,
    -0.0022311371304124415,
    -0.006422795929231919,
    -0.005347552975239695,
    0.0029299972945690225,
    0.011747478798997851,
    0.010503961829569645,
    -0.0026106750723183785,
    -0.015458580417623328,
    -0.01668615966522282,
    -0.008201668510265298,
    -5.5283827873234e-05,
    0.0012346336715646734,
    -0.002393556044757707,
    -0.004805060553947578,
    -0.0028769041133890213,
    0.001906184610949286,
    0.007456858765811905,
    0.012837247500597584,
    0.015511817016053368,
    0.011565175641149459,
    0.0012347117866541464,
    -0.009584503262616222,
    -0.01520434703489626,
    -0.01435672709733812,
    -0.00844829200775097,
    0.00037182484462180667,
    0.008770933653243461,
    0.012737093327245711,
    0.009507632144579488,
    2.6134730143683355e-05,
    -0.009058141535381124,
    -0.009656772289414767,
    -0.0013405910636517674,
    0.006835839046459668,
    0.00399009799729089,
    -0.013187563162188063,
    -0.03604525883944898,
    -0.05060118905503213,
    -0.04892576032458699,
    -0.03217729275940819,
    -0.010105050174922213,
    0.004238762841875971
  ],
  "my": [
    0.0,
    0.09096905657735793,
    0.05382145240090426,
    0.020222531291084634,
    -0.006325016197967249,
    -0.0013559397119586908,
    0.00033615531214026235,
    -0.0019302261309994484,
    0.024105784283737317,
    0.026496568114132445,
    0.011126818909194163,
    0.004594104740424779,
    0.009483710553344328,
    0.01582497263561906,
    0.022768737685299405,
    0.00416954083104751,
    -0.033548047125531305,
    -0.04097715293924922,
    -0.0035077754127364877,
    0.014245954981978524,
    0.015671084615602855,
    0.02299920426367123,
    0.02726189187206195,
    0.039819930615541135,
    0.046540314039677746,
    0.02096559684965372,
    0.0021880166486509867,
    0.005619641087451204,
    -0.026101823297350484,
    -0.0678389070525651,
    -0.08295249115481045,
    -0.05723114961823758,
    -0.002403152700260628,
    0.04711634946699031,
    0.05689653795090229,
    0.038298313485589694,
    0.021004127071644826,
    -0.003371202960849214,
    -0.023180040347026906,
    0.00134607647279406,
    0.028004127770582286,
    0.038260837911358446,
    0.046284170829233175,
    0.050818967106417694,
    0.03787404978983072,
    0.011157259743080884,
    -0.01562955270271709,
    -0.02705916092837386,
    -0.017851289029948,
    -0.005799976699343897,
    -0.010208945987921445,
    -0.024587401578741733,
    -0.03854636974375636,
    -0.04508700002254327,
    -0.03979072245436039,
    -0.031044434099436666,
    -0.027799845637588232,
    -0.027623011008475522,
    -0.026715573024850447,
    -0.027420758492272143,
    -0.03095679525954884,
    -0.03173913290936156,
    -0.02181707011411947,
    -0.0005846045106388023,
    0.021096937556900796,
    0.030756716927343546,
    0.025531120535434312,
    0.01228410357423439,
    6.11057002554932e-05,
    -0.006513435571293564,
    -0.007820117130226421,
    -0.0055601767131399716,
    -0.0008815291295156078,
    0.004508474973364383,
    0.008598726188667784,
    0.01143826243256527,
    0.01504661646351194,
    0.01965363831829385,
    0.022621730043377537,
    0.02242120143133611,
    0.020488481630884795,
    0.01845224705165229,
    0.016630776791283552,
    0.014993041840804001,
    0.012922545681561738,
    0.009150331039588778,
    0.00336550212708099,
    -0.004079799562902682,
    -0.013065653582420494,
    -0.021340792687693396,
    -0.024321945715829133,
    -0.01881972197137214,
    -0.006471618853097149,
    0.005362238130341385,
    0.009615396077242102,
    0.005796456704873425,
    -0.004242954319859737,
    -0.017697046215992683,
    -0.024800569849855306,
    -0.0174801917992755
  ],