{
  "metadata": {
    "circuit_type": "comb_generator",
    "qubits": 9,
    "shots": 8192,
    "drive_steps": 5,
    "time_points": 100,
    "max_time": 10.0,
    "drive_param": 0.4,
    "init_state": "superposition",
    "drive_frequency": 0.1,
    "has_subharmonics": false,
    "time_crystal_detected": false,
    "incommensurate_count": 0,
    "linear_combs_detected": false,
    "log_combs_detected": false,
    "created_at": "2025-05-17 22:14:20",
    "sweep_session": "parameter_scan_20250517_20250517_221328",
    "sweep_index": 3,
    "sweep_param1": "drive_param",
    "sweep_value1": 0.4,
    "sweep_param2": null,
    "sweep_value2": null
  },
  "positive_frequencies": [
    0.0,
    0.07734375,
    0.1546875,
    0.23203125000000002,
    0.309375,
    0.38671875,
    0.46406250000000004,
    0.54140625,
    0.61875,
    0.6960937500000001,
    0.7734375,
    0.85078125,
    0.9281250000000001,
    1.0054687500000001,
    1.0828125,
    1.16015625,
    1.2375,
    1.31484375,
    1.3921875000000001,
    1.46953125,
    1.546875,
    1.62421875,
    1.7015625,
    1.7789062500000001,
    1.8562500000000002,
    1.93359375,
    2.0109375000000003,
    2.08828125,
    2.165625,
    2.24296875,
    2.3203125,
    2.3976562500000003,
    2.475,
    2.55234375,
    2.6296875,
    2.70703125,
    2.7843750000000003,
    2.86171875,
    2.9390625,
    3.01640625,
    3.09375,
    3.1710937500000003,
    3.2484375,
    3.32578125,
    3.403125,
    3.48046875,
    3.5578125000000003,
    3.63515625,
    3.7125000000000004,
    3.78984375,
    3.8671875,
    3.9445312500000003,
    4.0218750000000005,
    4.09921875,
    4.1765625,
    4.25390625,
    4.33125,
    4.4085937500000005,
    4.4859375,
    4.56328125,
    4.640625,
    4.71796875,
    4.7953125000000005,
    4.87265625,
    4.95
  ],
  "mx_fft_pos": [
    0.007417620377428467,
    0.0067694298297643375,
    0.006074961558867509,
    0.007072225206044938,
    0.007891584516334553,
    0.007122514763784293,
    0.005138867489358202,
    0.00257401332074841,
    0.0035531047541252636,
    0.006758253133330814,
    0.008393838660294202,
    0.007543177947821916,
    0.0054460285960836715,
    0.002701432037119531,
    0.0014714770986475163,
    0.004122999639513835,
    0.004824735492442586,
    0.0062860175403916555,
    0.005277232334179056,
    0.0019057452054494148,
    0.0010595957767557738,
    0.0013281924248597415,
    0.0003630750439705801,
    0.0019028751705501882,
    0.0028919627885290217,
    0.0027526462133935898,
    0.0018936917782427258,
    0.0017843418871708316,
    0.0020558752958287534,
    0.0016538461145460049,
    0.0010756424485370854,
    0.0006151726332024808,
    0.0002660135527940749,
    9.579418490660855e-05,
    0.00025549372701188085,
    0.0004220220673646695,
    0.0005301189639239756,
    0.0005542311411891456,
    0.0005201022692521002,
    0.00044782181245258903,
    0.00021746572968621056,
    0.00013398971905270051,
    0.0002510278627869775,
    0.00019030683896291545,
    7.212805260612146e-05,
    7.537001586051657e-05,
    4.490677594317426e-05,
    7.912390325906777e-05,
    0.00016370038600684335,
    0.0001738800947778717,
    0.0001293340985460886,
    0.0001042724539817556,
    0.00010341625896301854,
    0.00011939813813816663,
    0.0001707903600018727,
    0.00020117101895613282,
    0.00017790214770781434,
    0.00011233836526028723,
    4.153472070398316e-05,
    6.089630177941884e-05,
    0.0001128267717325843,
    0.00014932298316511753,
    0.00015399441189885017,
    0.00011563104125022728,
    7.609993505825364e-05
  ],
  "my_fft_pos": [
    0.0016203122038674267,
    0.003699294270666885,
    0.006832759525118708,
    0.008996117578237423,
    0.010191308430961287,
    0.009739126063498622,
    0.008902576592495466,
    0.005749262568737825,
    0.0013103988711105343,
    0.0045341831527016254,
    0.001995098617863434,
    0.004752832859530213,
    0.008242409832319213,
    0.007244224297785672,
    0.004845494268051486,
    0.0067073923899695085,
    0.008325178914284317,
    0.007928794448016785,
    0.005196040360918545,
    0.0017908373394050063,
    0.0015875314480475178,
    0.0014346582406431277,
    0.001317299038667271,
    0.0017833874796744046,
    0.0023943025501618814,
    0.0025073827529249458,
    0.0015290100772874713,
    0.00020523093735525945,
    0.0013425742003763633,
    0.0014865929544383475,
    0.0014079031512170923,
    0.001325105567873756,
    0.0010572890556410871,
    0.0007605619716837138,
    0.0005674994105237472,
    0.0004318558435273705,
    0.0003147873597245385,
    0.00025594706660947165,
    0.00027777827811614216,
    0.0004940509008929463,
    0.0008080357560489386,
    0.0010023096236781925,
    0.0009367507580180862,
    0.0006679320024214546,
    0.00034720265121742597,
    0.00012109196662578657,
    2.8841650117853185e-05,
    7.561502098940772e-05,
    0.00013636316728826445,
    0.00018690786894404526,
    0.00020489601764276625,
    0.00018753268130357724,
    0.00016531905276437008,
    0.00015786346477337593,
    0.00014617795689105974,
    0.0001199611276919682,
    9.00023161344762e-05,
    6.179237051889654e-05,
    2.9219953223022064e-05,
    1.795463902679035e-05,
    6.753918217918936e-05,
    0.00010741665126326207,
    0.00012250898108440538,
    0.00011465261069410291,
    0.00010569437283491565
  ],
  "mz_fft_pos": [
    0.005737374735658535,
    0.003926908309187197,
    0.0026351705707183563,
    0.006543698666322053,
    0.007294286343966395,
    0.005677792917926661,
    0.004514058357486436,
    0.0024607242580161836,
    0.0017036247046558338,
    0.001358026982009464,
    0.002944891093206182,
    0.003551678357386849,
    0.0026507154171408775,
    0.00189758086685777,
    0.0023517348578665762,
    0.002985918305068429,
    0.00276903229628035,
    0.0016849532073800974,
    0.0010203911278527415,
    0.001488313908162277,
    0.001822774309371475,
    0.0020779633112911356,
    0.002351572605972127,
    0.002424754367437127,
    0.002190790062285134,
    0.0017143390110495483,
    0.00109810733645651,
    0.000617302478689158,
    0.00033203904045455297,
    0.00021300898676589744,
    0.0002852056334577833,
    0.0002999199588368949,
    0.00041515149788023834,
    0.0007068117632323356,
    0.00071319606070303,
    0.0007623974386387685,
    0.0010930238288504662,
    0.001062575173953441,
    0.0007000081127408512,
    0.00036216000856745104,
    0.0002638596219310032,
    0.0003169184022251606,
    0.0003384943385757301,
    0.0003102458472437485,
    0.0002836097656722107,
    0.00024785780239299106,
    0.00015794136882625834,
    0.00017104532296049153,
    0.0003171421996254129,
    0.00036787677690082205,
    0.0002814855713747265,
    0.00011922399469573638,
    3.4281248482505445e-05,
    9.945990036045238e-05,
    0.00010721120098859416,
    0.0001229651668408034,
    0.00015971287175675677,
    0.00017184696059637734,
    0.00014705723289821915,
    0.00010914872781651516,
    8.683734056554507e-05,
    9.362078006693135e-05,
    0.0001212299765209173,
    0.00014999006153910014,
    0.00016189984951428315
  ],
  "peaks": {
    "mx": {
      "frequencies": [],
      "amplitudes": [],
      "is_harmonic": [],
      "is_incommensurate": [],
      "is_comb_tooth": []
    },
    "my": {
      "frequencies": [],
      "amplitudes": [],
      "is_harmonic": [],
      "is_incommensurate": [],
      "is_comb_tooth": []
    },
    "mz": {
      "frequencies": [],
      "amplitudes": [],
      "is_harmonic": [],
      "is_incommensurate": [],
      "is_comb_tooth": []
    }
  }
}