{
  "positive_frequencies": [
    0.0,
    0.07734375,
    0.1546875,
    0.23203125000000002,
    0.309375,
    0.38671875,
    0.46406250000000004,
    0.54140625,
    0.61875,
    0.6960937500000001,
    0.7734375,
    0.85078125,
    0.9281250000000001,
    1.0054687500000001,
    1.0828125,
    1.16015625,
    1.2375,
    1.31484375,
    1.3921875000000001,
    1.46953125,
    1.546875,
    1.62421875,
    1.7015625,
    1.7789062500000001,
    1.8562500000000002,
    1.93359375,
    2.0109375000000003,
    2.08828125,
    2.165625,
    2.24296875,
    2.3203125,
    2.3976562500000003,
    2.475,
    2.55234375,
    2.6296875,
    2.70703125,
    2.7843750000000003,
    2.86171875,
    2.9390625,
    3.01640625,
    3.09375,
    3.1710937500000003,
    3.2484375,
    3.32578125,
    3.403125,
    3.48046875,
    3.5578125000000003,
    3.63515625,
    3.7125000000000004,
    3.78984375,
    3.8671875,
    3.9445312500000003,
    4.0218750000000005,
    4.09921875,
    4.1765625,
    4.25390625,
    4.33125,
    4.4085937500000005,
    4.4859375,
    4.56328125,
    4.640625,
    4.71796875,
    4.7953125000000005,
    4.87265625,
    4.95
  ],
  "mx_fft_pos": [
    0.0017066847742772473,
    0.0014878686622939296,
    0.005635824167165191,
    0.007290494512599843,
    0.0012378678052201977,
    0.0067979176526473065,
    0.00838143754905332,
    0.00937735151241622,
    0.005741870804258562,
    0.004430674803040729,
    0.004245132857649537,
    0.007917992298555268,
    0.010962504733290825,
    0.006302736045372953,
    0.006536460843075794,
    0.005813617289928035,
    0.010155839665774158,
    0.007739072893431691,
    0.005460009516755443,
    0.003249127754378469,
    0.006033541127500302,
    0.011117812789963426,
    0.011304853340729958,
    0.008374999159826323,
    0.009838229199741375,
    0.01070544532311938,
    0.012810834133530135,
    0.009353764207097465,
    0.0016678897907596918,
    0.0028525643230374992,
    0.004536418364490806,
    0.00414305758661717,
    0.007609356995738379,
    0.009897767067881345,
    0.0035262156550170047,
    0.006299581863304184,
    0.006975165191209201,
    0.002495971164809889,
    0.002004972420212117,
    0.0028582257315111935,
    0.002086382649177793,
    0.004451177233989122,
    0.005341831043225042,
    0.005230750609583451,
    0.004557156925771722,
    0.004090486380882532,
    0.0036384253869695656,
    0.0026367232019698706,
    0.0022484126697284493,
    0.0019158189973730614,
    0.0003500451491707167,
    0.0017689842973966443,
    0.0026953128434301387,
    0.0021546029767639824,
    0.0016887445713881638,
    0.0015338346109530338,
    0.0015066674300382955,
    0.0010124399474474622,
    0.00014600657451138165,
    0.0007257353968947797,
    0.0007575929834042931,
    0.0006240209714846787,
    0.0008046163230687207,
    0.0002929011452394036,
    0.00025239743934038733
  ],
  "my_fft_pos": [
    0.0014621803466613836,
    0.004290781775623578,
    0.010322455626405998,
    0.012093080140501804,
    0.0100002015393815,
    0.012606526896271664,
    0.016542597902108273,
    0.01102747201130293,
    0.00561575185436364,
    0.006257131341021657,
    0.00922241321050499,
    0.012556863421099317,
    0.010478525532031348,
    0.005093538857036539,
    0.0030117747192653626,
    0.010145934640042216,
    0.015694159640853116,
    0.010729939844625407,
    0.00721062644489287,
    0.010582021478583203,
    0.007571387819109733,
    0.006363297737584726,
    0.008723785792263697,
    0.009978738116470258,
    0.008907880842494694,
    0.007007579304819552,
    0.005335916478215205,
    0.0029444752477744618,
    0.001228815481695148,
    0.0029022591289411715,
    0.004799234424914957,
    0.0033969475879180623,
    0.0026107275486277593,
    0.00663403757668716,
    0.007449022034639262,
    0.0055352433438316815,
    0.0023755614485603,
    0.002244553306155328,
    0.005159386522412045,
    0.004833042642638633,
    0.00167640753099875,
    0.0034517251465012635,
    0.0029093849664107415,
    0.0022663640877262034,
    0.002825854873664615,
    0.002228850095134198,
    0.0016664943325062694,
    0.0018878362628777018,
    0.0016247026590573933,
    0.000683848379131356,
    0.0013454537802955965,
    0.002394870952002599,
    0.0019243863114650527,
    0.0008550180602736999,
    0.0002838490650055472,
    0.00044508269584998394,
    0.0005055664862740404,
    0.0004442837834780755,
    0.0006202212963178659,
    0.0010968903303643954,
    0.0011714752674561698,
    0.0007026123516735887,
    0.0005943900607619989,
    0.0006785613309773765,
    0.0005527962697682332
  ],
  "mz_fft_pos": [
    0.007225704786917544,
    0.0032907307918661295,
    0.01470410496123652,
    0.03896176903982378,
    0.04942240826278203,
    0.037182392853837384,
    0.016277331941276993,
    0.008485896821586885,
    0.012853531048615615,
    0.013657444449218896,
    0.010879723966611127,
    0.016091632148394472,
    0.02470671372538854,
    0.020920683204988286,
    0.009731242352171751,
    0.01349404075866674,
    0.0162972391392074,
    0.011224023634937894,
    0.006087428825594071,
    0.012183421070123218,
    0.021617115656442535,
    0.017589969849296994,
    0.0033682999516754307,
    0.005427461699567763,
    0.0023475734280849632,
    0.008241183948122822,
    0.014936793011826467,
    0.011273305427717505,
    0.007249368009050492,
    0.007438931055149387,
    0.0051666929859318575,
    0.001971018876250323,
    0.0014204489188237724,
    0.0036576214981191906,
    0.005109154000983148,
    0.003090081213095902,
    0.0024745205856602313,
    0.0025042729527252265,
    0.0012317221599528532,
    0.003939533974395826,
    0.0030810521991437812,
    0.00104882339031472,
    0.0019748110936293503,
    0.001017228984347445,
    0.0012073283995810888,
    0.0008717071614625172,
    0.0006151776911448551,
    0.0012100721102233393,
    0.0007677500240347099,
    0.0006031466318847096,
    0.001003912949651931,
    0.0008453482309183189,
    0.0002743416436657131,
    0.00026099295868044307,
    0.0007767141408861726,
    0.000606913511845658,
    5.916236287635031e-05,
    0.000400056545575297,
    0.0005646278166523834,
    0.000487087366525284,
    0.0003412346853720665,
    0.00045167493342553847,
    0.0003190903237235258,
    0.00010497903552721904,
    0.000275129762678461
  ]
}