{
  "positive_frequencies": [
    0.0,
    0.07734375,
    0.1546875,
    0.23203125000000002,
    0.309375,
    0.38671875,
    0.46406250000000004,
    0.54140625,
    0.61875,
    0.6960937500000001,
    0.7734375,
    0.85078125,
    0.9281250000000001,
    1.0054687500000001,
    1.0828125,
    1.16015625,
    1.2375,
    1.31484375,
    1.3921875000000001,
    1.46953125,
    1.546875,
    1.62421875,
    1.7015625,
    1.7789062500000001,
    1.8562500000000002,
    1.93359375,
    2.0109375000000003,
    2.08828125,
    2.165625,
    2.24296875,
    2.3203125,
    2.3976562500000003,
    2.475,
    2.55234375,
    2.6296875,
    2.70703125,
    2.7843750000000003,
    2.86171875,
    2.9390625,
    3.01640625,
    3.09375,
    3.1710937500000003,
    3.2484375,
    3.32578125,
    3.403125,
    3.48046875,
    3.5578125000000003,
    3.63515625,
    3.7125000000000004,
    3.78984375,
    3.8671875,
    3.9445312500000003,
    4.0218750000000005,
    4.09921875,
    4.1765625,
    4.25390625,
    4.33125,
    4.4085937500000005,
    4.4859375,
    4.56328125,
    4.640625,
    4.71796875,
    4.7953125000000005,
    4.87265625,
    4.95
  ],
  "mx_fft_pos": [
    0.07431362605303483,
    0.08204009191324958,
    0.084570642455678,
    0.062354684312066144,
    0.026751018801331204,
    0.007925806187367485,
    0.03694935673576964,
    0.04778196248641829,
    0.044878871874635316,
    0.04802272525236009,
    0.04856513804834261,
    0.04808132896647461,
    0.05470851140271708,
    0.04425883903810683,
    0.011022445223716586,
    0.04264054913147119,
    0.040064803867053876,
    0.004999781876693347,
    0.024325800453929257,
    0.01754366397333597,
    0.002810350076198434,
    0.010798337651756178,
    0.02477237841249234,
    0.03951207876764328,
    0.045565373859268954,
    0.03428321020123806,
    0.017492858501128517,
    0.009158849830235086,
    0.009253834063245753,
    0.006488476716970333,
    0.015980536175825864,
    0.018620711103964273,
    0.01180898886261382,
    0.010897986453482285,
    0.012142904339903336,
    0.005504231019407335,
    0.0009880875592464726,
    0.00264011893312582,
    0.007392485528220818,
    0.009275331308239659,
    0.006032717332956406,
    0.002112651232392504,
    0.002065770051372919,
    0.0031003425744248847,
    0.002258451489682407,
    0.0005836856993921761,
    0.0007892809636828661,
    0.0034901035431297027,
    0.003777090508738403,
    0.0008967422588922569,
    0.001413535691058,
    0.0026553183470454838,
    0.0020075002157758683,
    0.0010032778153499066,
    0.0012679720420214937,
    0.0008267418745275238,
    0.0004844864598496836,
    0.0005946759264959877,
    0.00038591618760011354,
    0.0005573058195368048,
    0.00019144054723407495,
    0.0004891655984949708,
    0.0003755921532362908,
    0.0001952321996471117,
    0.0004949756040218833
  ],
  "my_fft_pos": [
    0.03003046509259179,
    0.04774280247322291,
    0.05285319391996053,
    0.03639421630074901,
    0.02605706527021634,
    0.025350524047868642,
    0.02705955593019548,
    0.031874534386395904,
    0.036547204474875084,
    0.03286525136968746,
    0.030690301855467034,
    0.034911326144701584,
    0.03067537778509961,
    0.0335756186616649,
    0.05061110537625558,
    0.055106297092792744,
    0.029453584817047424,
    0.01760203135814802,
    0.03204359936295981,
    0.032232850574649884,
    0.020631830329006177,
    0.03147396570603634,
    0.03456211028351092,
    0.02679485762014652,
    0.006585967474277674,
    0.016778052353346676,
    0.02246836088097338,
    0.019427138168787196,
    0.019225863753496268,
    0.02181069448790371,
    0.02030495948435214,
    0.012660678924272742,
    0.008436687740520366,
    0.005625478765967397,
    0.006865950993580429,
    0.005934228718627591,
    0.012876813314187465,
    0.010578747893399989,
    0.006261491353664287,
    0.008521400373077836,
    0.00626635963706733,
    0.004525920014933914,
    0.003994286381649246,
    0.007136942492693411,
    0.008538620503329888,
    0.004689694707369444,
    0.001411724174271049,
    0.0013036522955554122,
    0.001847402170642163,
    0.0011418321739631258,
    0.0022013206905613144,
    0.001773334860221981,
    0.00029132184161652635,
    0.0009282751392088517,
    0.0001700096391733499,
    0.00023999107636588237,
    0.001609751586030896,
    0.001109575949451633,
    0.0009124036196167342,
    0.0004491476039077183,
    0.00020887075058166735,
    0.0004236781855612879,
    0.00037311852771357745,
    0.0004469344332264751,
    7.868497593199964e-05
  ],
  "mz_fft_pos": [
    0.009445807479782577,
    0.021623525946481842,
    0.035725529286819,
    0.03907445513423314,
    0.025017688987730987,
    0.026708242546292844,
    0.06835201258502004,
    0.04996167305520678,
    0.03181573303606913,
    0.07535346927774463,
    0.06291753757398405,
    0.027739212927822717,
    0.03166027623178737,
    0.007015131600019786,
    0.025535302605156955,
    0.018278438315195673,
    0.023789675776214034,
    0.03612832282408912,
    0.028465544248979454,
    0.017668277062764186,
    0.01611985485551842,
    0.02818435242129685,
    0.03366002900644255,
    0.030017002444292663,
    0.026962741424737095,
    0.026098344912745524,
    0.01801782063836281,
    0.01199799446422054,
    0.009259039783513863,
    0.005531150313611161,
    0.012746877573162552,
    0.014115086527601217,
    0.011659664668943748,
    0.010817268781441158,
    0.009869861199178778,
    0.008841682003974883,
    0.0034440965327757604,
    0.005841916287728446,
    0.005867216172299864,
    0.005499930473413166,
    0.003413309112212612,
    0.0017526165570216938,
    0.004150065271397165,
    0.0020749816010633077,
    0.0005583462255746067,
    0.0014814821426501793,
    0.0015206297001194473,
    0.0007356065265060551,
    0.00048166335140841177,
    0.00037892751419312947,
    0.0007701186393267922,
    0.0004035428864218878,
    0.0008907532246933876,
    0.00045627096058356646,
    0.0003415662407188249,
    0.00042409149509500886,
    0.00032864455364462066,
    0.00021187440937738686,
    0.0001332372995647229,
    8.531456397163376e-05,
    2.9687776011229893e-05,
    1.7837956126406065e-05,
    8.930273883209737e-06,
    7.517972250131322e-07,
    1.4889802237849637e-08
  ]
}