{
  "positive_frequencies": [
    0.0,
    0.07734375,
    0.1546875,
    0.23203125000000002,
    0.309375,
    0.38671875,
    0.46406250000000004,
    0.54140625,
    0.61875,
    0.6960937500000001,
    0.7734375,
    0.85078125,
    0.9281250000000001,
    1.0054687500000001,
    1.0828125,
    1.16015625,
    1.2375,
    1.31484375,
    1.3921875000000001,
    1.46953125,
    1.546875,
    1.62421875,
    1.7015625,
    1.7789062500000001,
    1.8562500000000002,
    1.93359375,
    2.0109375000000003,
    2.08828125,
    2.165625,
    2.24296875,
    2.3203125,
    2.3976562500000003,
    2.475,
    2.55234375,
    2.6296875,
    2.70703125,
    2.7843750000000003,
    2.86171875,
    2.9390625,
    3.01640625,
    3.09375,
    3.1710937500000003,
    3.2484375,
    3.32578125,
    3.403125,
    3.48046875,
    3.5578125000000003,
    3.63515625,
    3.7125000000000004,
    3.78984375,
    3.8671875,
    3.9445312500000003,
    4.0218750000000005,
    4.09921875,
    4.1765625,
    4.25390625,
    4.33125,
    4.4085937500000005,
    4.4859375,
    4.56328125,
    4.640625,
    4.71796875,
    4.7953125000000005,
    4.87265625,
    4.95
  ],
  "mx_fft_pos": [
    0.03613126059417302,
    0.03634011419431889,
    0.030262486384939873,
    0.019958654245405688,
    0.013174021396231535,
    0.007371273122066348,
    0.004696141918462427,
    0.003822117473570249,
    0.0010978340114360513,
    0.003603559788972385,
    0.004950318245064188,
    0.00422828803802569,
    0.0012482699864672841,
    0.0031068300245758146,
    0.004208404967999676,
    0.0031071704487195813,
    0.0021607609518413903,
    0.0020099087030253523,
    0.0012509051261045479,
    0.0011975566544907134,
    0.0021677022566324424,
    0.0023678474116143843,
    0.0012115932041629489,
    0.0006998402093794812,
    0.001116152588273797,
    0.0013138827863682387,
    0.001419563085060265,
    0.001027291205124914,
    0.0011535144049747638,
    0.0007215137126338588,
    0.0012181626344068901,
    0.0016090258152008186,
    0.0021049273368046713,
    0.0020121104889514216,
    0.0015178083430025812,
    0.0012145151213554665,
    0.001301208536316073,
    0.001371582294762899,
    0.0013149510374183056,
    0.0009622801798007015,
    0.0008729069878453408,
    0.001223753262202594,
    0.001052456582094491,
    0.0005009868871006234,
    0.00013287728640679197,
    0.0002448609011533937,
    0.00020469092546439524,
    5.978956445955671e-05,
    0.0003489542324536846,
    0.0004576783053879935,
    0.0004410411958406677,
    0.0002496101512701121,
    0.0001961996894710065,
    0.0003695467572437297,
    0.00026730787388447834,
    0.0001363316414801189,
    0.00010703987206475784,
    2.9901873851055837e-05,
    0.0002024453854035762,
    0.00019330057044428074,
    6.744426927027433e-05,
    0.00011318709790681067,
    5.3328503969777045e-05,
    0.00015589795263622793,
    8.359958903582987e-05
  ],
  "my_fft_pos": [
    0.0103165311360198,
    0.007353155283230142,
    0.005148106593998424,
    0.006895383720848537,
    0.003882149972107291,
    0.003412722708268216,
    0.005830881777949128,
    0.008218392880728122,
    0.008120908278158716,
    0.005199588956175386,
    0.0014618306081972282,
    0.0013512572579342974,
    0.0007254439366785692,
    0.0018601489150392842,
    0.0016252290445702203,
    0.0013531943546716445,
    0.001177237066686825,
    0.001708109098548407,
    0.003832147325917696,
    0.0040575600686497204,
    0.003530173990204133,
    0.0024642226439636427,
    0.0037564100271735516,
    0.0037556506774438876,
    0.002443642321044165,
    0.0008528516398056396,
    0.0006848339546788032,
    0.000976737395227953,
    0.0012533295991132695,
    0.0007155328630124022,
    0.0013782587789072404,
    0.0025097678081783797,
    0.0015735795959749086,
    0.0004430312812064349,
    0.001366636464009717,
    0.001073750239127869,
    0.00034657619890480996,
    0.0006779388060782949,
    0.0011552068925622704,
    0.0011802376184897757,
    0.0003923708552069782,
    0.0006117399263241189,
    0.0008386188111760928,
    0.00048570812027246566,
    0.00047423683470243706,
    0.00034059340360805766,
    0.00027852118083291353,
    0.00023828078974056095,
    0.00022977912181167972,
    0.00022743071213309586,
    0.00013212373780182047,
    0.00022306017240635633,
    0.00018346294069386112,
    0.000152833002348486,
    0.0003077317592510752,
    0.00026045435568903435,
    0.00015696415528589192,
    0.0002183009552989243,
    0.0001525006198924518,
    6.866047179155358e-05,
    3.990630520126668e-05,
    0.00015704062366108735,
    0.0002264831792089771,
    4.3214482012858016e-05,
    0.00015874537910307796
  ],
  "mz_fft_pos": [
    0.004799186464460308,
    0.00416293954077454,
    0.004198172193336361,
    0.005759987913289414,
    0.005494935699384266,
    0.00296140959622405,
    0.002115580956007569,
    0.003453617341424165,
    0.004385591341877737,
    0.0026638168058118277,
    0.004546864024046645,
    0.0047564767427040406,
    0.0025587888972770888,
    0.0037727004467712523,
    0.0048096987950782925,
    0.0020111183062503507,
    0.004522853013246531,
    0.003216081575504769,
    0.002217693095037387,
    0.003199155674734627,
    0.0023338081113750773,
    0.0022838948477616598,
    0.0022299504330955387,
    0.0015397419043179934,
    0.0006052975140373481,
    0.0009653480993921219,
    0.0026317940600652885,
    0.003515014296766509,
    0.002452663345450044,
    0.0008988356518626585,
    0.0003655533311779817,
    0.0008019287161358955,
    0.0007368034430370056,
    0.0011989646759469333,
    0.0020247699704099074,
    0.0016447774529912747,
    0.0009175489894245198,
    0.0005386305844006183,
    0.0004450047196033017,
    0.0003176487040895399,
    0.00036405749056309415,
    0.0007483296366061655,
    0.0004977190521097087,
    0.0007254020994191767,
    0.0011031148527360128,
    0.0006638330772802095,
    5.83091152470663e-05,
    0.00015121253313698702,
    0.00018326567410816664,
    7.315702739939135e-05,
    0.00015303400979096925,
    0.00015690385487378945,
    0.0003316176129178424,
    0.00023302081340703638,
    5.4847298506348334e-05,
    0.0001474764378132727,
    9.6521986595757e-05,
    9.642958809556034e-05,
    6.761386191353279e-05,
    0.00010924205448666393,
    9.407359125340067e-05,
    6.404457799030041e-05,
    0.00013764336404110906,
    6.890507162501509e-05,
    4.4005303791621595e-05
  ]
}