{
  "positive_frequencies": [
    0.0,
    0.07734375,
    0.1546875,
    0.23203125000000002,
    0.309375,
    0.38671875,
    0.46406250000000004,
    0.54140625,
    0.61875,
    0.6960937500000001,
    0.7734375,
    0.85078125,
    0.9281250000000001,
    1.0054687500000001,
    1.0828125,
    1.16015625,
    1.2375,
    1.31484375,
    1.3921875000000001,
    1.46953125,
    1.546875,
    1.62421875,
    1.7015625,
    1.7789062500000001,
    1.8562500000000002,
    1.93359375,
    2.0109375000000003,
    2.08828125,
    2.165625,
    2.24296875,
    2.3203125,
    2.3976562500000003,
    2.475,
    2.55234375,
    2.6296875,
    2.70703125,
    2.7843750000000003,
    2.86171875,
    2.9390625,
    3.01640625,
    3.09375,
    3.1710937500000003,
    3.2484375,
    3.32578125,
    3.403125,
    3.48046875,
    3.5578125000000003,
    3.63515625,
    3.7125000000000004,
    3.78984375,
    3.8671875,
    3.9445312500000003,
    4.0218750000000005,
    4.09921875,
    4.1765625,
    4.25390625,
    4.33125,
    4.4085937500000005,
    4.4859375,
    4.56328125,
    4.640625,
    4.71796875,
    4.7953125000000005,
    4.87265625,
    4.95
  ],
  "mx_fft_pos": [
    0.07431362605303482,
    0.08204009191324958,
    0.084570642455678,
    0.062354684312066144,
    0.026751018801331218,
    0.007925806187367473,
    0.03694935673576962,
    0.04778196248641828,
    0.044878871874635316,
    0.04802272525236009,
    0.04856513804834262,
    0.04808132896647463,
    0.05470851140271708,
    0.04425883903810683,
    0.011022445223716594,
    0.0426405491314712,
    0.040064803867053876,
    0.00499978187669334,
    0.024325800453929257,
    0.017543663973335965,
    0.00281035007619844,
    0.010798337651756182,
    0.024772378412492347,
    0.039512078767643295,
    0.045565373859268975,
    0.03428321020123806,
    0.01749285850112852,
    0.009158849830235091,
    0.009253834063245757,
    0.0064884767169703424,
    0.01598053617582587,
    0.018620711103964276,
    0.011808988862613824,
    0.010897986453482276,
    0.01214290433990333,
    0.005504231019407327,
    0.0009880875592464691,
    0.002640118933125822,
    0.007392485528220815,
    0.009275331308239652,
    0.006032717332956411,
    0.0021126512323925047,
    0.0020657700513729326,
    0.003100342574424895,
    0.0022584514896824208,
    0.0005836856993921757,
    0.0007892809636828659,
    0.003490103543129705,
    0.0037770905087384033,
    0.0008967422588922493,
    0.0014135356910579921,
    0.002655318347045481,
    0.002007500215775873,
    0.00100327781534992,
    0.0012679720420215044,
    0.0008267418745275263,
    0.00048448645984968807,
    0.0005946759264959907,
    0.0003859161876001031,
    0.000557305819536799,
    0.00019144054723407793,
    0.0004891655984949812,
    0.0003755921532362972,
    0.00019523219964711586,
    0.0004949756040219056
  ],
  "my_fft_pos": [
    0.03003046509259179,
    0.047742802473222906,
    0.05285319391996053,
    0.036394216300749016,
    0.02605706527021634,
    0.02535052404786865,
    0.02705955593019548,
    0.0318745343863959,
    0.036547204474875084,
    0.03286525136968747,
    0.030690301855467044,
    0.0349113261447016,
    0.03067537778509961,
    0.03357561866166491,
    0.05061110537625558,
    0.05510629709279273,
    0.029453584817047424,
    0.017602031358148022,
    0.03204359936295981,
    0.032232850574649884,
    0.020631830329006177,
    0.031473965706036326,
    0.034562110283510916,
    0.02679485762014652,
    0.006585967474277675,
    0.01677805235334667,
    0.022468360880973374,
    0.019427138168787196,
    0.01922586375349626,
    0.021810694487903706,
    0.020304959484352136,
    0.012660678924272755,
    0.008436687740520369,
    0.005625478765967403,
    0.0068659509935804375,
    0.005934228718627595,
    0.012876813314187463,
    0.010578747893399985,
    0.0062614913536642855,
    0.008521400373077847,
    0.006266359637067335,
    0.004525920014933911,
    0.003994286381649241,
    0.00713694249269341,
    0.008538620503329888,
    0.0046896947073694385,
    0.0014117241742710445,
    0.001303652295555417,
    0.0018474021706421683,
    0.0011418321739631396,
    0.0022013206905613114,
    0.0017733348602219812,
    0.0002913218416165186,
    0.0009282751392088489,
    0.00017000963917336107,
    0.00023999107636588752,
    0.0016097515860308978,
    0.0011095759494516224,
    0.0009124036196167371,
    0.0004491476039077187,
    0.00020887075058166266,
    0.00042367818556128626,
    0.00037311852771359735,
    0.0004469344332264839,
    7.868497593200629e-05
  ],
  "mz_fft_pos": [
    0.009445807479782596,
    0.021623525946481856,
    0.03572552928681899,
    0.03907445513423313,
    0.025017688987730987,
    0.02670824254629284,
    0.06835201258502002,
    0.04996167305520679,
    0.031815733036069146,
    0.07535346927774463,
    0.06291753757398404,
    0.02773921292782271,
    0.031660276231787354,
    0.007015131600019787,
    0.025535302605156955,
    0.018278438315195652,
    0.023789675776214037,
    0.03612832282408911,
    0.02846554424897945,
    0.01766827706276418,
    0.016119854855518426,
    0.028184352421296865,
    0.03366002900644257,
    0.03001700244429268,
    0.0269627414247371,
    0.026098344912745524,
    0.01801782063836281,
    0.011997994464220537,
    0.009259039783513863,
    0.0055311503136111625,
    0.012746877573162532,
    0.0141150865276012,
    0.011659664668943743,
    0.010817268781441156,
    0.009869861199178778,
    0.008841682003974888,
    0.0034440965327757578,
    0.005841916287728435,
    0.005867216172299854,
    0.005499930473413155,
    0.0034133091122125984,
    0.0017526165570216636,
    0.004150065271397142,
    0.0020749816010633007,
    0.0005583462255746064,
    0.0014814821426501743,
    0.0015206297001194402,
    0.0007356065265060607,
    0.0004816633514084177,
    0.00037892751419311944,
    0.0007701186393267846,
    0.0004035428864218952,
    0.000890753224693388,
    0.0004562709605835607,
    0.00034156624071881295,
    0.0004240914950950106,
    0.00032864455364461643,
    0.00021187440937738773,
    0.00013323729956473033,
    8.531456397164477e-05,
    2.9687776011247772e-05,
    1.7837956126405746e-05,
    8.930273883213147e-06,
    7.517972250195864e-07,
    1.4889802232853633e-08
  ]
}