{
  "times": [
    0.0,
    0.10101010101010101,
    0.20202020202020202,
    0.30303030303030304,
    0.40404040404040403,
    0.5050505050505051,
    0.6060606060606061,
    0.7070707070707071,
    0.8080808080808081,
    0.9090909090909091,
    1.0101010101010102,
    1.1111111111111112,
    1.2121212121212122,
    1.3131313131313131,
    1.4141414141414141,
    1.5151515151515151,
    1.6161616161616161,
    1.7171717171717171,
    1.8181818181818181,
    1.9191919191919191,
    2.0202020202020203,
    2.121212121212121,
    2.2222222222222223,
    2.323232323232323,
    2.4242424242424243,
    2.525252525252525,
    2.6262626262626263,
    2.727272727272727,
    2.8282828282828283,
    2.929292929292929,
    3.0303030303030303,
    3.131313131313131,
    3.2323232323232323,
    3.3333333333333335,
    3.4343434343434343,
    3.5353535353535355,
    3.6363636363636362,
    3.7373737373737375,
    3.8383838383838382,
    3.9393939393939394,
    4.040404040404041,
    4.141414141414141,
    4.242424242424242,
    4.343434343434343,
    4.444444444444445,
    4.545454545454545,
    4.646464646464646,
    4.747474747474747,
    4.848484848484849,
    4.94949494949495,
    5.05050505050505,
    5.151515151515151,
    5.252525252525253,
    5.353535353535354,
    5.454545454545454,
    5.555555555555555,
    5.656565656565657,
    5.757575757575758,
    5.858585858585858,
    5.959595959595959,
    6.0606060606060606,
    6.161616161616162,
    6.262626262626262,
    6.363636363636363,
    6.4646464646464645,
    6.565656565656566,
    6.666666666666667,
    6.767676767676767,
    6.8686868686868685,
    6.96969696969697,
    7.070707070707071,
    7.171717171717171,
    7.2727272727272725,
    7.373737373737374,
    7.474747474747475,
    7.575757575757575,
    7.6767676767676765,
    7.777777777777778,
    7.878787878787879,
    7.979797979797979,
    8.080808080808081,
    8.181818181818182,
    8.282828282828282,
    8.383838383838384,
    8.484848484848484,
    8.585858585858587,
    8.686868686868687,
    8.787878787878787,
    8.88888888888889,
    8.98989898989899,
    9.09090909090909,
    9.191919191919192,
    9.292929292929292,
    9.393939393939394,
    9.494949494949495,
    9.595959595959595,
    9.696969696969697,
    9.797979797979798,
    9.8989898989899,
    10.0
  ],
  "mx": [
    1.0,
    0.17454437812057025,
    -0.00999646477298921,
    -0.032754527948208885,
    0.005303538840715604,
    0.040250668027094455,
    0.025201468671169437,
    0.03285101357442592,
    0.01876924452009142,
    0.014518544181022318,
    0.05775583888504455,
    0.04559522680160712,
    -0.0034682913366478915,
    -0.031359921727889636,
    -0.017411912643978553,
    -0.017845218334043456,
    -0.05850005089155408,
    -0.006548755425423401,
    0.0680767315177322,
    0.024236200983008223,
    -0.0020420482578067407,
    -0.005612532812799338,
    0.039265594792276155,
    0.035715854977534954,
    0.020220086686882077,
    0.02375597797678325,
    -0.02140405865455443,
    -0.03017253687338115,
    0.013915277306073101,
    0.029334767267849338,
    0.010934501943535666,
    -0.012766424698819535,
    -0.013197253300241256,
    0.007955406707635625,
    0.034960628235016854,
    0.027727222098968433,
    -0.004735943232230661,
    0.022590246068345848,
    0.02526507721167051,
    -0.02251231558596118,
    -0.04473693578063928,
    -0.02778256896827656,
    -0.014551499657336929,
    -0.009430580778323129,
    -0.020001265999408525,
    0.07226762377646004,
    0.058837722998398005,
    0.005832153292149145,
    0.014984673235703058,
    -0.01283668082211472,
    0.027202343238751717,
    0.012213362653252883,
    -0.017140060102991905,
    -0.010268926006094215,
    0.04088575696950703,
    -0.032394699314599165,
    -0.05105267476935186,
    -0.006207254815759716,
    -0.06550946849201605,
    -0.018586359674870132,
    0.005302902352340101,
    0.04192151106006569,
    0.00521687001027883,
    -0.049267194034431895,
    -0.09895998711014747,
    -0.045330868531434775,
    0.0005421320062839572,
    0.030391182318954678,
    -0.033764936521890276,
    -0.03469950351176065,
    -0.008316857743756524,
    -0.0681015342764158,
    0.006156988934066495,
    -0.009223793209079807,
    -0.022854795174449643,
    -0.007385548299868492,
    -0.0038678881865048956,
    -0.024721780682286858,
    0.012132736537243203,
    0.03922859135010311,
    0.04766615799138969,
    0.007185720647463754,
    -0.047087742880993516,
    -0.05469513610907595,
    -0.00899668577653542,
    0.0070595892469496905,
    0.031695935688654156,
    -0.17075712513967967,
    -0.4999999999999998,
    -0.2579149470241288,
    -0.020641454704411984,
    0.008825182124405077,
    -0.04056409730602831,
    -0.03483791684214928,
    -0.01706971676138939,
    -0.04319336313893818,
    0.0153235932852945,
    0.028728171429806187,
    0.01725952215188423,
    0.014997332329434749
  ],
  "my": [
    0.0,
    0.041493761656188365,
    -0.019506779807617447,
    -0.027408575464399947,
    -0.005326961293039598,
    0.07575994471720571,
    0.008000692768765508,
    -0.024270948784253787,
    -0.04198244383640167,
    -0.02105378295085956,
    0.0050524207647738295,
    0.014943996119198914,
    -0.05919024090084547,
    -0.06748024879751549,
    -0.02472285243547692,
    0.024412096814817624,
    0.005788973447830562,
    0.022077844344780946,
    0.030659613657540566,
    0.028742627354337327,
    -0.0028123968077612797,
    -0.003578855892624729,
    -0.0077568362217588305,
    0.012654102602174224,
    0.03671176914772033,
    0.0691025436254705,
    0.07194714893213293,
    0.06298099638381931,
    0.06999053623187679,
    0.07351302778111048,
    0.07749986377957452,
    0.033840605425073556,
    -0.009243635151452278,
    -0.007534142126713949,
    0.012483888907700455,
    0.047487689276452104,
    0.0457418323075955,
    0.03267596912667445,
    0.05246757078463418,
    0.02894285661645809,
    -0.013312996287336655,
    -0.017988937668519032,
    -0.0051086840507832566,
    0.009157293382070346,
    -0.0017051317699122832,
    0.004167468731672964,
    0.04356984520715919,
    0.01109446769590354,
    0.013995841262654879,
    0.021587231932927626,
    -0.0013046179859973603,
    -0.013265179548436454,
    -0.053647438610368595,
    -0.01952877403043263,
    0.03098029145931434,
    -0.017440147737929797,
    -0.05322871244535371,
    -0.01881515104482686,
    -0.010149724323976973,
    -0.02007127733884864,
    -0.04497984242029476,
    0.02361444609758999,
    0.021711120267185215,
    0.029384760687974576,
    0.010572796676344046,
    -0.022269194773379346,
    -0.011495491860426562,
    0.006422162026863154,
    -0.04191998524727716,
    -0.024965514042559096,
    -0.0034571887002011158,
    -0.0024790897919311837,
    0.009488916276447816,
    0.061884497303007616,
    0.0711907027454105,
    0.006225298632588822,
    -0.0011787924226719232,
    0.02401985665382212,
    0.005963006609343289,
    0.036667031861090334,
    0.009005624544115071,
    0.03144230114769028,
    0.035187006602808796,
    -0.06721221442560607,
    -0.0267679790962196,
    0.010939452679499367,
    -0.009915298821745069,
    0.09376870431051951,
    -6.938893903907228e-18,
    -0.07673450286496106,
    -0.001114303055065623,
    0.06588774042780846,
    0.037662771332245396,
    -0.003155368668456289,
    -0.05777867901637374,
    -0.05985013364029459,
    -0.0370106305359052,
    -0.012539426956562311,
    -0.0315320293982434,
    -0.03652652473251153
  ],