{
  "positive_frequencies": [
    0.0,
    0.07734375,
    0.1546875,
    0.23203125000000002,
    0.309375,
    0.38671875,
    0.46406250000000004,
    0.54140625,
    0.61875,
    0.6960937500000001,
    0.7734375,
    0.85078125,
    0.9281250000000001,
    1.0054687500000001,
    1.0828125,
    1.16015625,
    1.2375,
    1.31484375,
    1.3921875000000001,
    1.46953125,
    1.546875,
    1.62421875,
    1.7015625,
    1.7789062500000001,
    1.8562500000000002,
    1.93359375,
    2.0109375000000003,
    2.08828125,
    2.165625,
    2.24296875,
    2.3203125,
    2.3976562500000003,
    2.475,
    2.55234375,
    2.6296875,
    2.70703125,
    2.7843750000000003,
    2.86171875,
    2.9390625,
    3.01640625,
    3.09375,
    3.1710937500000003,
    3.2484375,
    3.32578125,
    3.403125,
    3.48046875,
    3.5578125000000003,
    3.63515625,
    3.7125000000000004,
    3.78984375,
    3.8671875,
    3.9445312500000003,
    4.0218750000000005,
    4.09921875,
    4.1765625,
    4.25390625,
    4.33125,
    4.4085937500000005,
    4.4859375,
    4.56328125,
    4.640625,
    4.71796875,
    4.7953125000000005,
    4.87265625,
    4.95
  ],
  "mx_fft_pos": [
    0.00525156874039264,
    0.008074085968348674,
    0.005632237666772712,
    0.0030731481096055394,
    0.005112033995921775,
    0.006848667941769473,
    0.0029387878333119793,
    0.00281836846246376,
    0.006308718592698541,
    0.006229014284721958,
    0.0053062085932749385,
    0.006605052593252488,
    0.0022791749873858633,
    0.0014546524806860238,
    0.00258036883632059,
    0.0054814292603093525,
    0.00872276893041963,
    0.007490140435404159,
    0.005048333032944957,
    0.0043678388011119534,
    0.006188601960122905,
    0.007671263867952982,
    0.004594343615774077,
    0.006393766348660589,
    0.004836123126561383,
    0.005338458277333005,
    0.003302450292092929,
    0.005022126256177915,
    0.0010575499990894848,
    0.002774724677438011,
    0.0029706590943009543,
    0.005735213270057437,
    0.008059793115859281,
    0.005338713640914282,
    0.002971415895117474,
    0.002140029328025917,
    0.0013060845399711439,
    0.0020797958232901723,
    0.0013180226384850741,
    0.003110623180893862,
    0.004640620065277361,
    0.003576833805107629,
    0.0033943098655419184,
    0.003840518004385626,
    0.0032308633503108615,
    0.002006157441462061,
    0.0040682781366359775,
    0.004657598974364026,
    0.0034599562068234556,
    0.002268914051880834,
    0.0007118770678934851,
    0.001761647785348374,
    0.0030847789952598657,
    0.0019361093227265663,
    0.0007641505450574677,
    0.001554708465216291,
    0.002636074619695061,
    0.002964473541190052,
    0.003246926758366355,
    0.003330581320959463,
    0.0023236334295628274,
    0.0008578700516217477,
    0.0007932178027577545,
    0.0006631719917461899,
    0.0005593219529330321
  ],
  "my_fft_pos": [
    0.008771905220551032,
    0.007752965328172068,
    0.01055292520366671,
    0.010494581008067012,
    0.003519126575002589,
    0.0028143230924990176,
    0.003171963637841988,
    0.003519431467494215,
    0.004827576345220405,
    0.00394499593243844,
    0.005346895107257712,
    0.006825117944296688,
    0.004314995712239133,
    0.005183311694734483,
    0.008526785602541607,
    0.0070921722288458085,
    0.003107762015297418,
    0.0003629649888554004,
    0.001480276659861902,
    0.0005120000776442779,
    0.0046800339578330135,
    0.004572247097135853,
    0.0008892916772268698,
    0.001292620399218348,
    0.0008728525963813704,
    0.0004964946886640241,
    0.0033865206101005105,
    0.005138099540708861,
    0.002638622022344157,
    0.0010648671940699384,
    0.0018387430836459759,
    0.004376516522590578,
    0.006862117576100909,
    0.00621483311340651,
    0.0036932434275434877,
    0.0017356408811661569,
    0.0017236617752041305,
    0.0023715772114477566,
    0.0015459392748237361,
    0.002359886974512286,
    0.0021697157013764947,
    0.002568747576206971,
    0.0029425216303347046,
    0.0021472297079685567,
    0.001225812830165551,
    0.00043195078304822106,
    0.0012978088549953377,
    0.0016536740124836699,
    0.0011149863096247166,
    0.003115813339542045,
    0.003927960507012495,
    0.0024937064325781843,
    0.0007177229624871762,
    0.00032749641562015335,
    0.0006346842333961822,
    0.0005883181963729088,
    4.4969041474735006e-05,
    0.0005111074844088623,
    0.0008817924654532542,
    0.0009383189991959788,
    0.0009396361881218188,
    0.0013803322826070293,
    0.0013292975795886972,
    0.0010955857139253202,
    0.0017015635611913032
  ],
  "mz_fft_pos": [
    0.0026980362179581884,
    0.0020349804574293,
    0.002592018047352766,
    0.005479637489554187,
    0.007656841728559887,
    0.007070132240809006,
    0.003283288325538217,
    0.0011870613203966457,
    0.0038099145996700885,
    0.006870077115628113,
    0.005189125320333526,
    0.0007523933250238708,
    0.0025491401460457325,
    0.0041676159507686985,
    0.005241525790916267,
    0.005308301468840627,
    0.0037631733869296813,
    0.002064853511082574,
    0.0021194169041361716,
    0.002795616368670902,
    0.0009073771615213258,
    0.0012054309629494974,
    0.001552420635676468,
    0.003044369068484072,
    0.002104599685265945,
    0.0017015663450980865,
    0.0026369156517044405,
    0.002690302286889887,
    0.0020969136851580372,
    0.0016752103231204413,
    0.0013657712288550608,
    0.0012400715389097661,
    0.0007480306287902868,
    0.001126506641644883,
    0.002159951852392132,
    0.002298374305167481,
    0.0017691547774355714,
    0.0010529723884853655,
    0.001363943732316334,
    0.0013823496279958547,
    0.0008384720067578936,
    0.0007703462630529059,
    0.001173160719858129,
    0.002068616114654066,
    0.001442921686621315,
    0.0027720189805460716,
    0.003982907325787841,
    0.00343814750067799,
    0.0024295245706699694,
    0.002206282264753518,
    0.002133080065502828,
    0.0022605331605286406,
    0.0022917102303493253,
    0.0021157664506234993,
    0.0018957399923638827,
    0.002196205522657106,
    0.002760633701784994,
    0.0029241722399455557,
    0.002567135318732959,
    0.0014065496640404814,
    0.00012526545743749714,
    0.00034080968497151145,
    0.00022952840558655084,
    0.0006214317088732215,
    0.00016657991966945396
  ]
}