{
  "positive_frequencies": [
    0.0,
    0.07734375,
    0.1546875,
    0.23203125000000002,
    0.309375,
    0.38671875,
    0.46406250000000004,
    0.54140625,
    0.61875,
    0.6960937500000001,
    0.7734375,
    0.85078125,
    0.9281250000000001,
    1.0054687500000001,
    1.0828125,
    1.16015625,
    1.2375,
    1.31484375,
    1.3921875000000001,
    1.46953125,
    1.546875,
    1.62421875,
    1.7015625,
    1.7789062500000001,
    1.8562500000000002,
    1.93359375,
    2.0109375000000003,
    2.08828125,
    2.165625,
    2.24296875,
    2.3203125,
    2.3976562500000003,
    2.475,
    2.55234375,
    2.6296875,
    2.70703125,
    2.7843750000000003,
    2.86171875,
    2.9390625,
    3.01640625,
    3.09375,
    3.1710937500000003,
    3.2484375,
    3.32578125,
    3.403125,
    3.48046875,
    3.5578125000000003,
    3.63515625,
    3.7125000000000004,
    3.78984375,
    3.8671875,
    3.9445312500000003,
    4.0218750000000005,
    4.09921875,
    4.1765625,
    4.25390625,
    4.33125,
    4.4085937500000005,
    4.4859375,
    4.56328125,
    4.640625,
    4.71796875,
    4.7953125000000005,
    4.87265625,
    4.95
  ],
  "mx_fft_pos": [
    0.0743136260530348,
    0.08204009191324958,
    0.084570642455678,
    0.062354684312066144,
    0.026751018801331208,
    0.007925806187367474,
    0.03694935673576963,
    0.047781962486418285,
    0.044878871874635316,
    0.048022725252360086,
    0.04856513804834261,
    0.04808132896647463,
    0.05470851140271708,
    0.04425883903810683,
    0.011022445223716594,
    0.04264054913147119,
    0.040064803867053876,
    0.004999781876693344,
    0.024325800453929257,
    0.01754366397333597,
    0.002810350076198429,
    0.010798337651756175,
    0.024772378412492344,
    0.039512078767643274,
    0.045565373859268954,
    0.034283210201238055,
    0.017492858501128507,
    0.00915884983023508,
    0.009253834063245751,
    0.006488476716970335,
    0.015980536175825864,
    0.018620711103964273,
    0.011808988862613827,
    0.010897986453482285,
    0.01214290433990334,
    0.005504231019407338,
    0.0009880875592464674,
    0.00264011893312583,
    0.007392485528220825,
    0.009275331308239652,
    0.006032717332956402,
    0.002112651232392503,
    0.002065770051372929,
    0.003100342574424893,
    0.002258451489682422,
    0.0005836856993921876,
    0.0007892809636828739,
    0.0034901035431297097,
    0.003777090508738406,
    0.0008967422588922602,
    0.001413535691057997,
    0.0026553183470454846,
    0.002007500215775874,
    0.0010032778153499155,
    0.0012679720420215022,
    0.000826741874527526,
    0.00048448645984968167,
    0.0005946759264959917,
    0.0003859161876001106,
    0.0005573058195368004,
    0.00019144054723407508,
    0.0004891655984949768,
    0.000375592153236297,
    0.0001952321996471134,
    0.0004949756040219011
  ],
  "my_fft_pos": [
    0.03003046509259179,
    0.047742802473222906,
    0.05285319391996053,
    0.036394216300748995,
    0.02605706527021633,
    0.025350524047868642,
    0.02705955593019546,
    0.0318745343863959,
    0.03654720447487507,
    0.032865251369687466,
    0.030690301855467044,
    0.0349113261447016,
    0.030675377785099607,
    0.033575618661664905,
    0.050611105376255565,
    0.05510629709279272,
    0.02945358481704741,
    0.017602031358148026,
    0.03204359936295981,
    0.03223285057464989,
    0.020631830329006184,
    0.03147396570603634,
    0.034562110283510916,
    0.026794857620146516,
    0.006585967474277663,
    0.016778052353346683,
    0.02246836088097338,
    0.019427138168787196,
    0.019225863753496275,
    0.021810694487903702,
    0.02030495948435213,
    0.012660678924272733,
    0.00843668774052036,
    0.005625478765967394,
    0.00686595099358043,
    0.005934228718627599,
    0.012876813314187472,
    0.010578747893399989,
    0.006261491353664276,
    0.008521400373077845,
    0.0062663596370673355,
    0.004525920014933911,
    0.003994286381649242,
    0.00713694249269342,
    0.008538620503329895,
    0.004689694707369445,
    0.0014117241742710451,
    0.0013036522955554152,
    0.001847402170642165,
    0.0011418321739631312,
    0.0022013206905613122,
    0.0017733348602219797,
    0.00029132184161652526,
    0.0009282751392088539,
    0.0001700096391733374,
    0.00023999107636589768,
    0.0016097515860308998,
    0.0011095759494516157,
    0.000912403619616737,
    0.00044914760390770965,
    0.00020887075058165976,
    0.0004236781855612948,
    0.0003731185277135906,
    0.00044693443322646876,
    7.868497593198187e-05
  ],
  "mz_fft_pos": [
    0.009445807479782582,
    0.02162352594648184,
    0.03572552928681899,
    0.03907445513423313,
    0.025017688987730997,
    0.02670824254629283,
    0.06835201258502002,
    0.04996167305520678,
    0.031815733036069126,
    0.07535346927774463,
    0.06291753757398405,
    0.0277392129278227,
    0.031660276231787354,
    0.007015131600019787,
    0.02553530260515696,
    0.018278438315195662,
    0.023789675776214034,
    0.03612832282408911,
    0.028465544248979454,
    0.017668277062764182,
    0.01611985485551842,
    0.028184352421296858,
    0.03366002900644256,
    0.03001700244429268,
    0.02696274142473709,
    0.026098344912745524,
    0.01801782063836281,
    0.011997994464220547,
    0.009259039783513874,
    0.0055311503136111625,
    0.012746877573162525,
    0.014115086527601194,
    0.011659664668943737,
    0.010817268781441156,
    0.009869861199178778,
    0.008841682003974876,
    0.0034440965327757395,
    0.00584191628772845,
    0.005867216172299864,
    0.005499930473413159,
    0.003413309112212597,
    0.0017526165570216743,
    0.00415006527139715,
    0.0020749816010632986,
    0.0005583462255746028,
    0.0014814821426501798,
    0.0015206297001194421,
    0.0007356065265060544,
    0.00048166335140840206,
    0.00037892751419313017,
    0.0007701186393267877,
    0.00040354288642189233,
    0.0008907532246933876,
    0.00045627096058356055,
    0.0003415662407188127,
    0.00042409149509500533,
    0.0003286445536446135,
    0.00021187440937738325,
    0.00013323729956472453,
    8.53145639716362e-05,
    2.968777601123635e-05,
    1.783795612640018e-05,
    8.93027388320778e-06,
    7.517972250151415e-07,
    1.4889802239514972e-08
  ]
}