{
  "positive_frequencies": [
    0.0,
    0.07734375,
    0.1546875,
    0.23203125000000002,
    0.309375,
    0.38671875,
    0.46406250000000004,
    0.54140625,
    0.61875,
    0.6960937500000001,
    0.7734375,
    0.85078125,
    0.9281250000000001,
    1.0054687500000001,
    1.0828125,
    1.16015625,
    1.2375,
    1.31484375,
    1.3921875000000001,
    1.46953125,
    1.546875,
    1.62421875,
    1.7015625,
    1.7789062500000001,
    1.8562500000000002,
    1.93359375,
    2.0109375000000003,
    2.08828125,
    2.165625,
    2.24296875,
    2.3203125,
    2.3976562500000003,
    2.475,
    2.55234375,
    2.6296875,
    2.70703125,
    2.7843750000000003,
    2.86171875,
    2.9390625,
    3.01640625,
    3.09375,
    3.1710937500000003,
    3.2484375,
    3.32578125,
    3.403125,
    3.48046875,
    3.5578125000000003,
    3.63515625,
    3.7125000000000004,
    3.78984375,
    3.8671875,
    3.9445312500000003,
    4.0218750000000005,
    4.09921875,
    4.1765625,
    4.25390625,
    4.33125,
    4.4085937500000005,
    4.4859375,
    4.56328125,
    4.640625,
    4.71796875,
    4.7953125000000005,
    4.87265625,
    4.95
  ],
  "mx_fft_pos": [
    0.0743136260530348,
    0.08204009191324958,
    0.084570642455678,
    0.06235468431206615,
    0.026751018801331218,
    0.007925806187367473,
    0.03694935673576963,
    0.047781962486418264,
    0.044878871874635295,
    0.04802272525236007,
    0.04856513804834261,
    0.0480813289664746,
    0.05470851140271708,
    0.04425883903810681,
    0.011022445223716598,
    0.04264054913147119,
    0.04006480386705387,
    0.004999781876693336,
    0.024325800453929246,
    0.017543663973335975,
    0.0028103500761984413,
    0.010798337651756171,
    0.02477237841249234,
    0.039512078767643274,
    0.04556537385926896,
    0.03428321020123807,
    0.017492858501128517,
    0.009158849830235082,
    0.009253834063245751,
    0.006488476716970332,
    0.015980536175825864,
    0.01862071110396428,
    0.011808988862613824,
    0.010897986453482288,
    0.012142904339903329,
    0.005504231019407331,
    0.0009880875592464728,
    0.0026401189331258235,
    0.0073924855282208116,
    0.009275331308239649,
    0.006032717332956411,
    0.002112651232392521,
    0.002065770051372934,
    0.003100342574424897,
    0.0022584514896824234,
    0.0005836856993921855,
    0.0007892809636828657,
    0.0034901035431296945,
    0.0037770905087384076,
    0.0008967422588922568,
    0.0014135356910580086,
    0.0026553183470454907,
    0.0020075002157758847,
    0.00100327781534992,
    0.0012679720420214933,
    0.0008267418745275197,
    0.00048448645984969013,
    0.0005946759264960016,
    0.00038591618760009966,
    0.0005573058195367925,
    0.00019144054723407828,
    0.0004891655984949749,
    0.00037559215323628304,
    0.00019523219964711806,
    0.00049497560402187
  ],
  "my_fft_pos": [
    0.030030465092591795,
    0.0477428024732229,
    0.05285319391996052,
    0.036394216300749,
    0.026057065270216326,
    0.025350524047868642,
    0.02705955593019548,
    0.0318745343863959,
    0.03654720447487507,
    0.03286525136968747,
    0.030690301855467044,
    0.0349113261447016,
    0.030675377785099604,
    0.0335756186616649,
    0.05061110537625558,
    0.05510629709279273,
    0.029453584817047424,
    0.017602031358148015,
    0.03204359936295981,
    0.032232850574649884,
    0.020631830329006177,
    0.031473965706036326,
    0.03456211028351091,
    0.02679485762014652,
    0.006585967474277675,
    0.016778052353346673,
    0.022468360880973374,
    0.019427138168787186,
    0.019225863753496265,
    0.021810694487903702,
    0.02030495948435212,
    0.012660678924272736,
    0.008436687740520359,
    0.005625478765967397,
    0.006865950993580434,
    0.005934228718627599,
    0.012876813314187465,
    0.010578747893399982,
    0.006261491353664279,
    0.008521400373077843,
    0.0062663596370673355,
    0.004525920014933913,
    0.003994286381649242,
    0.007136942492693409,
    0.008538620503329881,
    0.0046896947073694385,
    0.0014117241742710458,
    0.0013036522955554028,
    0.001847402170642169,
    0.001141832173963127,
    0.002201320690561306,
    0.0017733348602219786,
    0.00029132184161652917,
    0.000928275139208869,
    0.00017000963917335386,
    0.00023999107636589017,
    0.0016097515860308987,
    0.0011095759494516267,
    0.000912403619616744,
    0.00044914760390771843,
    0.00020887075058166087,
    0.0004236781855612922,
    0.0003731185277135895,
    0.0004469344332264778,
    7.868497593199741e-05
  ],
  "mz_fft_pos": [
    0.0094458074797826,
    0.021623525946481852,
    0.035725529286819,
    0.03907445513423314,
    0.025017688987730997,
    0.026708242546292827,
    0.06835201258502001,
    0.04996167305520677,
    0.03181573303606914,
    0.07535346927774463,
    0.06291753757398404,
    0.0277392129278227,
    0.03166027623178735,
    0.007015131600019786,
    0.02553530260515695,
    0.018278438315195666,
    0.023789675776214044,
    0.03612832282408911,
    0.028465544248979454,
    0.01766827706276418,
    0.01611985485551842,
    0.028184352421296858,
    0.03366002900644256,
    0.03001700244429268,
    0.026962741424737105,
    0.026098344912745538,
    0.01801782063836281,
    0.011997994464220537,
    0.009259039783513865,
    0.00553115031361116,
    0.012746877573162532,
    0.014115086527601205,
    0.01165966466894374,
    0.010817268781441151,
    0.009869861199178773,
    0.008841682003974886,
    0.0034440965327757595,
    0.005841916287728443,
    0.0058672161722998694,
    0.005499930473413157,
    0.0034133091122126057,
    0.001752616557021667,
    0.0041500652713971405,
    0.0020749816010632903,
    0.0005583462255746045,
    0.0014814821426501743,
    0.0015206297001194374,
    0.0007356065265060482,
    0.00048166335140839984,
    0.00037892751419313283,
    0.000770118639326786,
    0.0004035428864218846,
    0.0008907532246933765,
    0.00045627096058355437,
    0.00034156624071880526,
    0.0004240914950950098,
    0.0003286445536446133,
    0.00021187440937738732,
    0.00013323729956472204,
    8.531456397164092e-05,
    2.9687776011238357e-05,
    1.7837956126407444e-05,
    8.930273883212443e-06,
    7.51797225015033e-07,
    1.4889802237849637e-08
  ]
}