{
  "positive_frequencies": [
    0.0,
    0.07734375,
    0.1546875,
    0.23203125000000002,
    0.309375,
    0.38671875,
    0.46406250000000004,
    0.54140625,
    0.61875,
    0.6960937500000001,
    0.7734375,
    0.85078125,
    0.9281250000000001,
    1.0054687500000001,
    1.0828125,
    1.16015625,
    1.2375,
    1.31484375,
    1.3921875000000001,
    1.46953125,
    1.546875,
    1.62421875,
    1.7015625,
    1.7789062500000001,
    1.8562500000000002,
    1.93359375,
    2.0109375000000003,
    2.08828125,
    2.165625,
    2.24296875,
    2.3203125,
    2.3976562500000003,
    2.475,
    2.55234375,
    2.6296875,
    2.70703125,
    2.7843750000000003,
    2.86171875,
    2.9390625,
    3.01640625,
    3.09375,
    3.1710937500000003,
    3.2484375,
    3.32578125,
    3.403125,
    3.48046875,
    3.5578125000000003,
    3.63515625,
    3.7125000000000004,
    3.78984375,
    3.8671875,
    3.9445312500000003,
    4.0218750000000005,
    4.09921875,
    4.1765625,
    4.25390625,
    4.33125,
    4.4085937500000005,
    4.4859375,
    4.56328125,
    4.640625,
    4.71796875,
    4.7953125000000005,
    4.87265625,
    4.95
  ],
  "mx_fft_pos": [
    0.0023680258280321855,
    0.004436858609754896,
    0.0073888039434351896,
    0.008635895985385614,
    0.009962485515278747,
    0.007040441383802717,
    0.0039560803750700166,
    0.0028915270705170927,
    0.0033420549533133385,
    0.003238651501613774,
    0.004024844967324577,
    0.0027515024004272242,
    0.003374383939343903,
    0.0012007750445815362,
    0.0016303891539471926,
    0.0017169657266064607,
    0.0012720505408001686,
    0.003804438569331225,
    0.005116789880657946,
    0.003672614109764904,
    0.0023152944025680395,
    0.0010087810038842846,
    0.0011594980559681415,
    0.0023292501232919684,
    0.0022888648498542844,
    0.0016810493744383451,
    0.0011725789784227383,
    0.001044982647335466,
    0.0009011628418826122,
    0.0006889486923771046,
    0.000593734079412603,
    0.00044403764982329667,
    0.0006631140648852853,
    0.0008982307366605895,
    0.0008242442852904801,
    0.0006171391324239579,
    0.0008935414161854522,
    0.0011872449575104891,
    0.0008908631508990444,
    0.0004974948411916418,
    0.00042096067691997614,
    0.0002894900941493978,
    0.00027567473864322927,
    0.0004161757404876232,
    0.00022522419675339027,
    0.00036644378112422193,
    0.0005542513448061375,
    0.0003794439802251444,
    0.0002699167221914922,
    0.00032312861902538645,
    0.00033246049432322295,
    0.0002392822232440458,
    0.0002484265732976878,
    0.0001986615767967539,
    0.0003332616592796283,
    0.0003255388553763039,
    0.0001488100173951378,
    0.00013831998459968323,
    0.00016346930339887616,
    0.00015441597991087798,
    7.485492162134449e-05,
    9.191560052427658e-05,
    0.0001186695021025682,
    2.0208984311139906e-05,
    0.00011831523348834874
  ],
  "my_fft_pos": [
    0.00036272205312255784,
    0.005439332271008995,
    0.005188678402767536,
    0.0013894996882967436,
    0.002005941909300126,
    0.0036031229964890808,
    0.004239423511317478,
    0.004513373411627936,
    0.003820594340275509,
    0.0035992589009442343,
    0.0028369181275931994,
    0.0012770096583689177,
    0.0013174195247848718,
    0.001790164172251112,
    0.0010502867113736526,
    0.0003770596301449814,
    0.0016631832222573173,
    0.0033635496713564166,
    0.0032404114441662566,
    0.0012274258223799865,
    0.0010774765737369858,
    0.001364866691816507,
    0.000901267417153555,
    0.0020742527850794524,
    0.0025088991943204046,
    0.002088892832278679,
    0.0012644153774596487,
    8.058672935482604e-05,
    0.0010683817923467327,
    0.0011576808168607755,
    0.00087120126171654,
    0.0007603690629924462,
    0.0008104839198421877,
    0.0011439794441903677,
    0.0011702221520096727,
    0.00047413606698389294,
    0.00023639465642468058,
    0.00019616397304864268,
    0.0003289522991995341,
    0.00036234878589107836,
    0.0005168895864998659,
    0.0007944273789687366,
    0.000675852041163994,
    0.00041231404571695084,
    0.0002412276384752405,
    0.0006241002115590404,
    0.000770707640463221,
    0.0005859764910957606,
    0.0004739973493413699,
    0.00022048681587783403,
    8.25771946116538e-05,
    0.00025703025435696745,
    0.0001133142656934833,
    0.0001196358469247644,
    0.00014554540734968368,
    0.0002405083337433515,
    0.00028679942429186435,
    0.0001499514523540826,
    9.7243217775144e-05,
    9.243166422256109e-05,
    1.1788736113242867e-05,
    5.8172921717668645e-05,
    6.805923179778039e-05,
    7.788599679815815e-05,
    7.509027633978309e-05
  ],
  "mz_fft_pos": [
    0.00298994326248852,
    0.0035989610496935482,
    0.002562401195363458,
    0.0007006515595260346,
    0.0005207246038010782,
    0.00045866620747231086,
    0.0023460610053909867,
    0.004223603475839401,
    0.0040006084462704955,
    0.0010181147402195223,
    0.0017084700049458362,
    0.002097916321547767,
    0.001629010103034234,
    0.0015997544168638736,
    0.002030633849080509,
    0.00036781683754508686,
    0.0014726999630442891,
    0.0021318164536446665,
    0.0034808336737142264,
    0.0024967451987746147,
    0.00036441572091464454,
    0.00131684948894013,
    0.0017679621945539997,
    0.0014011040052018498,
    0.0006653179971346544,
    0.00036181632804927713,
    0.0009786340211071145,
    0.001221405797031726,
    0.000771589385671739,
    0.00042771265239276325,
    0.0008185503963130891,
    0.0016504191126139487,
    0.0021126258458379955,
    0.0019410088375642304,
    0.001272237902672542,
    0.000507667223066202,
    0.0006789190868373081,
    0.0008654580760883064,
    0.00038595179657921995,
    0.0004243309999898055,
    0.0006774296145488953,
    0.0004916073076971773,
    0.00016229659114763026,
    8.494797243674339e-05,
    0.00021594323912955298,
    0.00040858628163215126,
    0.0004471630437417534,
    0.0003340095489577434,
    9.18553001716765e-05,
    0.0002205072631968826,
    0.0003581121193102056,
    0.0002626066402518937,
    0.00015166829158676942,
    0.00025565046178076646,
    0.0002356561455488246,
    0.00014428420423012934,
    0.00010509500962479183,
    8.088499573085394e-05,
    7.508006435515936e-05,
    6.609668008908432e-05,
    0.0001096399739987322,
    6.621680900395746e-05,
    6.744311215575662e-05,
    3.7733088645277634e-05,
    6.0472286012100415e-06
  ]
}