{
  "positive_frequencies": [
    0.0,
    0.07734375,
    0.1546875,
    0.23203125000000002,
    0.309375,
    0.38671875,
    0.46406250000000004,
    0.54140625,
    0.61875,
    0.6960937500000001,
    0.7734375,
    0.85078125,
    0.9281250000000001,
    1.0054687500000001,
    1.0828125,
    1.16015625,
    1.2375,
    1.31484375,
    1.3921875000000001,
    1.46953125,
    1.546875,
    1.62421875,
    1.7015625,
    1.7789062500000001,
    1.8562500000000002,
    1.93359375,
    2.0109375000000003,
    2.08828125,
    2.165625,
    2.24296875,
    2.3203125,
    2.3976562500000003,
    2.475,
    2.55234375,
    2.6296875,
    2.70703125,
    2.7843750000000003,
    2.86171875,
    2.9390625,
    3.01640625,
    3.09375,
    3.1710937500000003,
    3.2484375,
    3.32578125,
    3.403125,
    3.48046875,
    3.5578125000000003,
    3.63515625,
    3.7125000000000004,
    3.78984375,
    3.8671875,
    3.9445312500000003,
    4.0218750000000005,
    4.09921875,
    4.1765625,
    4.25390625,
    4.33125,
    4.4085937500000005,
    4.4859375,
    4.56328125,
    4.640625,
    4.71796875,
    4.7953125000000005,
    4.87265625,
    4.95
  ],
  "mx_fft_pos": [
    0.00261740547460624,
    0.000403866665083605,
    0.0031012471101542717,
    0.003568741767491795,
    0.002154466796761647,
    0.0026636293181967253,
    0.0033029280878958613,
    0.0028891827079283545,
    0.003440142322230334,
    0.001435748081100383,
    0.0003783584243154915,
    0.0011070702976663082,
    0.0030834745946032786,
    0.0034357994521182524,
    0.002374899913104902,
    0.0014046655056920046,
    0.0020860108925345915,
    0.0028970296107410547,
    0.001980571725708313,
    0.0004096961772752885,
    0.00365233923685207,
    0.006448755706364066,
    0.005306816206041637,
    0.0026124826932631164,
    0.002291017270131621,
    0.0032105776684541454,
    0.0017306396761833137,
    0.0006537526845861253,
    0.00045855495531259944,
    0.001616681543853896,
    0.0027332449158243154,
    0.002979322350793901,
    0.002152399504234618,
    0.0014220314380325332,
    0.0021101775904424393,
    0.0021621978102549276,
    0.0011756839577418405,
    0.0008954482385488256,
    0.0012999142257637583,
    0.0039282785150413745,
    0.0038844594238423374,
    0.002784537351969074,
    0.0024403615363751095,
    0.0027246364179747706,
    0.002549360906181672,
    0.0021396841307541052,
    0.0024070801233213456,
    0.0027129031230871026,
    0.0023445962210113186,
    0.0023955902879305062,
    0.00309409837591147,
    0.0035892991704635654,
    0.003042153539692843,
    0.001755269371794213,
    0.0015499888547583723,
    0.001003726204611466,
    0.0005597259834195904,
    0.00024767403700302166,
    0.0004945020289073755,
    0.00026453941978602896,
    0.0005478050516739136,
    0.0002869608642409799,
    0.001240794538177526,
    0.0012671439331389527,
    0.00019015657182849864
  ],
  "my_fft_pos": [
    0.00013637593324235213,
    0.0006188494411783325,
    0.001730301449155977,
    0.0022215735130726765,
    0.001316612445323522,
    0.001832876892655085,
    0.004704970664689473,
    0.0042752264284766596,
    0.0033449068858307806,
    0.0015324390778626118,
    0.0025137129792047507,
    0.002368766698430478,
    0.0008277773526215096,
    0.0022350039013317572,
    0.005298367574808601,
    0.00465415553376941,
    0.0019557383367837405,
    0.0004285339985083306,
    0.0005329579835942914,
    0.00044787461458479415,
    0.0021745503860014694,
    0.0033224178946499065,
    0.0021952215382250386,
    0.0005812559860984431,
    0.001171323154500103,
    0.0017195039906722758,
    6.745964169327987e-05,
    0.001309810912113219,
    0.0017337815631496042,
    0.002234247346437378,
    0.00342755341577064,
    0.0027772786371002226,
    0.0023969586595742787,
    0.001640501317460785,
    0.0018451723917353976,
    0.0005540322067538884,
    0.002620115581741298,
    0.002921299397809086,
    0.000865830282376914,
    0.0031599530904609634,
    0.0028739145873203902,
    0.0017432345296069579,
    0.0007599213902017242,
    0.00044471110825395634,
    0.001719902518823456,
    0.0016236896555784602,
    0.001050933505411037,
    0.0006910456230645764,
    0.0020737964975128336,
    0.002289760347423726,
    0.001982099895854328,
    0.0013511040446055763,
    0.0012099424841610605,
    0.0017387978739845347,
    0.0021587229174235786,
    0.0015954210228771978,
    0.001848200359806165,
    0.0021738752669174695,
    0.001786480281642039,
    0.0019678691411602533,
    0.0019841312217757268,
    0.0013945111383746273,
    0.0017453293548244573,
    0.0020059047390900623,
    0.0016596876560041713
  ],
  "mz_fft_pos": [
    0.004332223617342579,
    0.0031068722743664355,
    0.001329626720844659,
    0.0009601748153656367,
    0.0011197285103779267,
    0.00159410342888508,
    0.001881878793355147,
    0.0029698776967659146,
    0.0036645967850101047,
    0.0037442774484423014,
    0.0029201559433989087,
    0.00052155339530113,
    0.001430639196425374,
    0.001274489478348637,
    0.001161430688526365,
    0.00025874948672317507,
    0.0024842649600382116,
    0.0038227874521087877,
    0.0028842055802689266,
    0.00135303466613239,
    0.0005798237613050107,
    0.00032821426433205935,
    0.0012011095158401593,
    0.00139475751250697,
    0.0005124075098516246,
    0.002203948664701975,
    0.0027031273303902963,
    0.0020220373163497138,
    0.001752202619694292,
    0.0021171186435865823,
    0.002054304054891037,
    0.0020407282339228536,
    0.0028082085835838292,
    0.0026164053748329546,
    0.0015595364903981165,
    0.0025342630659507225,
    0.002994550080479991,
    0.002235593252488353,
    0.0016609033948354157,
    0.0016973533253620832,
    0.001835433237611537,
    0.0016379554906315397,
    0.0013062706149460479,
    0.0012252313603451043,
    0.0013064696802408903,
    0.0014685737318945798,
    0.0017345663183236373,
    0.001786892640504232,
    0.0014744559481197905,
    0.001950292782396611,
    0.00231620356899316,
    0.0021612119397539055,
    0.00274887278113655,
    0.0020797117203977086,
    0.0012979584757918344,
    0.0018262370792578775,
    0.0021975616215185434,
    0.0014032375704828742,
    0.0008687049321500476,
    0.0009064048199476672,
    0.0008950761171985552,
    0.0011576584874573043,
    0.0015603469877073625,
    0.001673489381608208,
    0.001662605311691716
  ]
}