{
  "times": [
    0.0,
    0.10101010101010101,
    0.20202020202020202,
    0.30303030303030304,
    0.40404040404040403,
    0.5050505050505051,
    0.6060606060606061,
    0.7070707070707071,
    0.8080808080808081,
    0.9090909090909091,
    1.0101010101010102,
    1.1111111111111112,
    1.2121212121212122,
    1.3131313131313131,
    1.4141414141414141,
    1.5151515151515151,
    1.6161616161616161,
    1.7171717171717171,
    1.8181818181818181,
    1.9191919191919191,
    2.0202020202020203,
    2.121212121212121,
    2.2222222222222223,
    2.323232323232323,
    2.4242424242424243,
    2.525252525252525,
    2.6262626262626263,
    2.727272727272727,
    2.8282828282828283,
    2.929292929292929,
    3.0303030303030303,
    3.131313131313131,
    3.2323232323232323,
    3.3333333333333335,
    3.4343434343434343,
    3.5353535353535355,
    3.6363636363636362,
    3.7373737373737375,
    3.8383838383838382,
    3.9393939393939394,
    4.040404040404041,
    4.141414141414141,
    4.242424242424242,
    4.343434343434343,
    4.444444444444445,
    4.545454545454545,
    4.646464646464646,
    4.747474747474747,
    4.848484848484849,
    4.94949494949495,
    5.05050505050505,
    5.151515151515151,
    5.252525252525253,
    5.353535353535354,
    5.454545454545454,
    5.555555555555555,
    5.656565656565657,
    5.757575757575758,
    5.858585858585858,
    5.959595959595959,
    6.0606060606060606,
    6.161616161616162,
    6.262626262626262,
    6.363636363636363,
    6.4646464646464645,
    6.565656565656566,
    6.666666666666667,
    6.767676767676767,
    6.8686868686868685,
    6.96969696969697,
    7.070707070707071,
    7.171717171717171,
    7.2727272727272725,
    7.373737373737374,
    7.474747474747475,
    7.575757575757575,
    7.6767676767676765,
    7.777777777777778,
    7.878787878787879,
    7.979797979797979,
    8.080808080808081,
    8.181818181818182,
    8.282828282828282,
    8.383838383838384,
    8.484848484848484,
    8.585858585858587,
    8.686868686868687,
    8.787878787878787,
    8.88888888888889,
    8.98989898989899,
    9.09090909090909,
    9.191919191919192,
    9.292929292929292,
    9.393939393939394,
    9.494949494949495,
    9.595959595959595,
    9.696969696969697,
    9.797979797979798,
    9.8989898989899,
    10.0
  ],
  "mx": [
    7.997075224253081e-17,
    0.004304564166801457,
    0.056957991001518646,
    0.02087991271268045,
    0.058919728055446985,
    0.1744388860749178,
    0.05769366402796157,
    0.00424047374467867,
    -0.031326281032196326,
    -0.13460958730638553,
    -0.055203721773203304,
    0.02676783864982537,
    0.002528529326717954,
    0.03092598226401603,
    0.03844952679058946,
    0.008073378216196827,
    0.01147476051042538,
    0.07271087823438532,
    0.04358029831540701,
    0.011753205168071493,
    -0.007297053582270001,
    -0.018551805462687206,
    -0.040457919196419015,
    -0.07229549412223785,
    -0.024742836617045492,
    -0.0027175118790414275,
    0.004999441647144466,
    -2.6161798422075223e-17,
    0.021125367043116045,
    0.018024750120134155,
    -0.01252037716662784,
    -0.02429248768571466,
    -0.008820752977604044,
    -0.012429054099625341,
    -0.04826663615204031,
    0.013771162496794559,
    -0.004800215892378989,
    -0.10420659401866202,
    -0.12085308431031598,
    0.04393919304363157,
    0.172515409644821,
    0.12470406737349042,
    -0.0027785268027084122,
    0.010849298850440775,
    0.01767322707095521,
    -0.037806995293163725,
    -0.0677936251101086,
    -0.007365813978327185,
    -0.016978865897709566,
    -0.07816410434890111,
    -0.060707149841441835,
    -0.02202657029143198,
    -0.05930053430352115,
    -0.04546534089998142,
    -5.919743861770854e-18,
    -0.008702583938101582,
    -0.038797551345595795,
    0.029219949458246224,
    0.010446534567687528,
    -0.00912710664940148,
    -0.01396859319817384,
    0.016410323672767745,
    -0.024737651902201528,
    -0.04195934997188354,
    -0.008261731371715743,
    0.0030787991069210078,
    0.07300996862455252,
    0.2759542806287839,
    0.24947443635976327,
    0.08699033384337589,
    0.027600555487272627,
    -0.034773200365366005,
    -0.024146208914068816,
    0.07028105837941195,
    0.020919790232860305,
    -0.0036199952292748196,
    -0.010088825390748395,
    0.016017106630794715,
    -0.0157161183576603,
    -0.037628068584979316,
    -0.016567460512453613,
    7.047314121155779e-18,
    0.027596279728801566,
    0.006987752684276644,
    -0.021588513842052768,
    0.01113912777520413,
    -0.0028891077817578426,
    0.004395867639101724,
    -0.008126031507433611,
    0.028911590341282812,
    0.05866064996082657,
    0.06020136302890139,
    0.040699915989481944,
    0.06739648742352702,
    0.2661300046191611,
    0.31693451112025733,
    0.048743533499848155,
    0.001439717214773414,
    0.00937076439538155,
    0.03528323079304584
  ],
  "my": [
    0.0,
    -0.02237224743210597,
    -0.017126444929678554,
    -0.01289129697338213,
    -0.11526988535511802,
    -0.10206468844071907,
    0.0051234114237430585,
    0.033161038492591985,
    0.06713668533906672,
    0.0016576453876321784,
    -0.005326506569832018,
    -0.03462505997695635,
    -0.04951247743397309,
    0.027823028112341396,
    0.08992529510755856,
    -0.007390416276161276,
    -0.0064535954889357715,
    -0.023694662405822648,
    -0.042076471141421934,
    -0.013666277689819064,
    0.008467711184973834,
    0.026358457567197725,
    -0.01385180396946245,
    -0.04516744976584254,
    -0.04882166125191792,
    -0.05410887402578365,
    -0.028899458482058882,
    -2.8622937353617316e-18,
    -0.016971039231736713,
    0.0037711949816891925,
    0.021382742357573422,
    -0.02897810114977495,
    -0.02028968115146419,
    0.015094007027338593,
    0.010794851294022897,
    0.01941600014180599,
    0.060284647484491714,
    0.005932759667233814,
    -0.010008402009346346,
    0.03287134877942568,
    0.29168160441287755,
    0.24121179823005864,
    0.04622874328219219,
    0.006229795159336002,
    0.017333663412075356,
    -0.00698285857599521,
    -0.014247501214576668,
    0.012839954296899252,
    0.016018927604205698,
    0.05114159220449915,
    0.0498102691429793,
    0.03841283167146025,
    0.015187174064546819,
    -0.035150875535006496,
    4.434386885465713e-18,
    0.020164338289512466,
    -0.08262843658810584,
    -0.007120166187842339,
    0.037188229497506865,
    0.01403540255317377,
    0.029410739165314337,
    0.019903761418953076,
    0.022144262006601707,
    -0.018502079811117032,
    -0.03223793630158134,
    -0.004018482444959273,
    0.020462488600448983,
    0.00975324285235148,
    -0.023005521621014095,
    0.017379203716629203,
    -0.00584669480050299,
    -0.0030972634358040706,
    -0.02308162686881207,
    -0.027802269908311972,
    0.003987620704240394,
    0.013863213522055953,
    -0.01477879722491723,
    -0.049530628804450645,
    -0.03757735392563251,
    -0.05491454367680323,
    -0.0069238971868064245,
    -4.765881699703156e-17,
    -0.006851176578928464,
    0.01950167324581926,
    -0.006724618170777993,
    -0.040035838704681095,
    -0.05262975702077961,
    -0.0059147347588119166,
    0.02389870735555321,
    0.02075325669769012,
    -0.06919303522138641,
    -0.06161394838515901,
    -0.015521820245334782,
    -0.008377314823176791,
    0.06640909483494506,
    0.08646708020568708,
    0.003982956736746002,
    0.0006775373961453314,
    0.034864232968575506,
    -0.0047084211187515875
  ],