{
  "positive_frequencies": [
    0.0,
    0.07734375,
    0.1546875,
    0.23203125000000002,
    0.309375,
    0.38671875,
    0.46406250000000004,
    0.54140625,
    0.61875,
    0.6960937500000001,
    0.7734375,
    0.85078125,
    0.9281250000000001,
    1.0054687500000001,
    1.0828125,
    1.16015625,
    1.2375,
    1.31484375,
    1.3921875000000001,
    1.46953125,
    1.546875,
    1.62421875,
    1.7015625,
    1.7789062500000001,
    1.8562500000000002,
    1.93359375,
    2.0109375000000003,
    2.08828125,
    2.165625,
    2.24296875,
    2.3203125,
    2.3976562500000003,
    2.475,
    2.55234375,
    2.6296875,
    2.70703125,
    2.7843750000000003,
    2.86171875,
    2.9390625,
    3.01640625,
    3.09375,
    3.1710937500000003,
    3.2484375,
    3.32578125,
    3.403125,
    3.48046875,
    3.5578125000000003,
    3.63515625,
    3.7125000000000004,
    3.78984375,
    3.8671875,
    3.9445312500000003,
    4.0218750000000005,
    4.09921875,
    4.1765625,
    4.25390625,
    4.33125,
    4.4085937500000005,
    4.4859375,
    4.56328125,
    4.640625,
    4.71796875,
    4.7953125000000005,
    4.87265625,
    4.95
  ],
  "mx_fft_pos": [
    0.002606065893453233,
    0.007950271218121457,
    0.011186295204035822,
    0.011680639626159506,
    0.01562386186170764,
    0.017656474414391773,
    0.01129636649031732,
    0.0020694045831206225,
    0.00622272349673417,
    0.01647434848024855,
    0.0205240450041011,
    0.011737518563518363,
    0.002604734307060337,
    0.008649060463931053,
    0.013493737411709521,
    0.015086375307976081,
    0.01073339110865225,
    0.00019690938945633008,
    0.012471249586458188,
    0.01664123740021309,
    0.011802117774581435,
    0.0042441764461630714,
    0.005239691937228066,
    0.012003802462382173,
    0.011512508738300637,
    0.00566119629109648,
    0.0023770723348737854,
    0.009117046819750528,
    0.010293410242710698,
    0.005695492954320469,
    0.004349247300248071,
    0.006916696832098337,
    0.007653481075079223,
    0.008536063654633703,
    0.008484651096007306,
    0.008157206280784524,
    0.008074835912860063,
    0.007616995362765338,
    0.007475203843815609,
    0.006799242923834757,
    0.005318809140673377,
    0.005057314353648069,
    0.002403751792923323,
    0.001959057852455335,
    0.002295066509869566,
    0.0024629261211492758,
    0.0014511019357182858,
    0.002272387429056742,
    0.0028758568983484577,
    0.001891520994017255,
    0.0011998961444264799,
    0.0014742324437219548,
    0.0014536946874021254,
    0.0008119272757961301,
    0.0005757487227041351,
    0.0013221682259531935,
    0.0005490091148729601,
    0.0011425711705094887,
    0.0014239403017050005,
    0.0009943860544811796,
    0.0004478119409413836,
    0.00040279022377431644,
    0.0013742236924053008,
    0.0026167395158998023,
    0.0032675041728178612
  ],
  "my_fft_pos": [
    0.011676903509312754,
    0.014416642349607036,
    0.01639801953506821,
    0.013644922937124371,
    0.012830435807180487,
    0.013159611067885062,
    0.01027818981019622,
    0.007033461613485274,
    0.006141108803297887,
    0.006517253654801373,
    0.007022441775875209,
    0.010611723789057509,
    0.014031024800208191,
    0.014448313348103547,
    0.013486454262255127,
    0.01150338302338919,
    0.00808687073258915,
    0.0049386681946571535,
    0.007618108549990671,
    0.012278581471153037,
    0.010090647815242127,
    0.008182329670684881,
    0.007062426223861004,
    0.005676854842149255,
    0.007418534823475285,
    0.009234048576227694,
    0.009844921770940995,
    0.008729050156984906,
    0.0075604299379576426,
    0.009172280220574744,
    0.008863204675714388,
    0.005927541024943255,
    0.0033250887005837936,
    0.004313652671028161,
    0.007700079845170172,
    0.00954130949107579,
    0.009043051881756848,
    0.008247479836682912,
    0.0065634969121117935,
    0.0033946856032948487,
    0.0018625107749565622,
    0.0016597060871749107,
    0.0016745260414194928,
    0.002849551769427658,
    0.0046286321113864935,
    0.005642470403191669,
    0.005619380837767504,
    0.004326111852280323,
    0.0026381312724718083,
    0.0003825596760731724,
    0.0013009682256891295,
    0.0019500306033943201,
    0.0029599028650049543,
    0.0037865700732563424,
    0.003587550252760203,
    0.0020806089219673647,
    0.00024452968408623607,
    0.0018395931203860065,
    0.0027321599927749903,
    0.0023041562187122683,
    0.0021275263972939658,
    0.0020840037900244847,
    0.0018444722510554434,
    0.00144233139674899,
    0.0007638147130637574
  ],
  "mz_fft_pos": [
    0.01304586443632942,
    0.010939944662613941,
    0.0067099002601224925,
    0.015759571829483947,
    0.02962211508242245,
    0.03331692373438325,
    0.02210038071640227,
    0.00967157803840229,
    0.008971298831323353,
    0.006878916520222997,
    0.0023603759087965164,
    0.003939242763070174,
    0.004839509356060525,
    0.003980677768293448,
    0.007909890035762854,
    0.01619726196438163,
    0.017634135038523548,
    0.013738118143017085,
    0.009798701004944736,
    0.006843326421273306,
    0.0022035477026013644,
    0.0066770558533955126,
    0.009904981441060416,
    0.011478746784849982,
    0.013455366940035634,
    0.013516274940996971,
    0.011087157861459605,
    0.008927903601321873,
    0.008245854917853962,
    0.004145245841099713,
    0.0037326568883945315,
    0.00623599061625429,
    0.006164350314858462,
    0.003773064916212474,
    0.0025355709181758483,
    0.00533174969266933,
    0.00911162179868201,
    0.00951812033383728,
    0.0071501629673761495,
    0.0055598147025939515,
    0.004111900313841033,
    0.0020356284986482393,
    0.0006464116627047221,
    0.0019298190327594758,
    0.0024978246413610034,
    0.0024554872877759096,
    0.00282487876852365,
    0.0030986142634443605,
    0.00236230490945709,
    0.0005079041214649477,
    0.0013329488913405474,
    0.0012124088634884868,
    0.0003448273920468961,
    0.00016000180690286186,
    0.00046084379197098625,
    0.0005416626515667427,
    0.0005711678104717888,
    0.0008845858847549272,
    0.0007674130016145613,
    0.0007171365559833702,
    0.0005833048480591107,
    0.0002809429725504242,
    0.00030233922826420327,
    0.0003742417062712368,
    0.0003366837481519269
  ]
}