{
  "times": [
    0.0,
    0.15151515151515152,
    0.30303030303030304,
    0.4545454545454546,
    0.6060606060606061,
    0.7575757575757576,
    0.9090909090909092,
    1.0606060606060606,
    1.2121212121212122,
    1.3636363636363638,
    1.5151515151515151,
    1.6666666666666667,
    1.8181818181818183,
    1.9696969696969697,
    2.121212121212121,
    2.272727272727273,
    2.4242424242424243,
    2.5757575757575757,
    2.7272727272727275,
    2.878787878787879,
    3.0303030303030303,
    3.181818181818182,
    3.3333333333333335,
    3.484848484848485,
    3.6363636363636367,
    3.787878787878788,
    3.9393939393939394,
    4.090909090909091,
    4.242424242424242,
    4.3939393939393945,
    4.545454545454546,
    4.696969696969697,
    4.848484848484849,
    5.0,
    5.151515151515151,
    5.303030303030303,
    5.454545454545455,
    5.606060606060606,
    5.757575757575758,
    5.909090909090909,
    6.0606060606060606,
    6.212121212121212,
    6.363636363636364,
    6.515151515151516,
    6.666666666666667,
    6.818181818181818,
    6.96969696969697,
    7.121212121212121,
    7.272727272727273,
    7.424242424242425,
    7.575757575757576,
    7.7272727272727275,
    7.878787878787879,
    8.030303030303031,
    8.181818181818182,
    8.333333333333334,
    8.484848484848484,
    8.636363636363637,
    8.787878787878789,
    8.93939393939394,
    9.090909090909092,
    9.242424242424242,
    9.393939393939394,
    9.545454545454545,
    9.696969696969697,
    9.84848484848485,
    10.0,
    10.151515151515152,
    10.303030303030303,
    10.454545454545455,
    10.606060606060606,
    10.757575757575758,
    10.90909090909091,
    11.06060606060606,
    11.212121212121213,
    11.363636363636363,
    11.515151515151516,
    11.666666666666668,
    11.818181818181818,
    11.96969696969697,
    12.121212121212121,
    12.272727272727273,
    12.424242424242424,
    12.575757575757576,
    12.727272727272728,
    12.878787878787879,
    13.030303030303031,
    13.181818181818182,
    13.333333333333334,
    13.484848484848484,
    13.636363636363637,
    13.787878787878789,
    13.93939393939394,
    14.090909090909092,
    14.242424242424242,
    14.393939393939394,
    14.545454545454547,
    14.696969696969697,
    14.84848484848485,
    15.0
  ],
  "mx": [
    1.0,
    0.8844179749578648,
    0.6282745903423428,
    0.38878923513896096,
    0.23130635153251267,
    0.1380912332816688,
    0.06500703227754985,
    0.002944320275127938,
    -0.03481517413573171,
    -0.040845097425987506,
    -0.013445114746516306,
    0.017378575923096225,
    0.03072609514955852,
    0.023416190344587993,
    0.003422339785167483,
    -0.013446001266137847,
    -0.013083171427631515,
    -0.008223177553686418,
    0.008026185218488038,
    0.018874127515710267,
    0.00047137123665072717,
    -0.01962461847158871,
    -0.011440263582544977,
    0.0030789542521746055,
    0.013788818830805087,
    0.012174855376639919,
    0.009905178100225967,
    0.03177967279702505,
    0.06986797617577553,
    0.10186191390510596,
    0.11067908521045622,
    0.10049636369694813,
    0.10303213622679804,
    0.11880020655240678,
    0.12934466748461687,
    0.12404313056881748,
    0.08081482494970388,
    0.030050040570319632,
    0.036664292886756274,
    0.05805184666506263,
    0.038171105719074644,
    0.00757103273492577,
    0.005589552321848485,
    0.026329165581805727,
    0.03328320214354197,
    0.017220846795555318,
    -0.018314734414201637,
    -0.05826579750584158,
    -0.06041583936548772,
    -0.027179297767941764,
    0.004976704718360677,
    0.019083511677167223,
    0.03072656375635416,
    0.038912312392853934,
    0.025090109382733476,
    -0.0185165941784369,
    -0.03806634816677632,
    -0.022403765078744732,
    0.014309300538946947,
    0.03722756110969594,
    0.031509292296654556,
    0.03509913788512725,
    0.04683904263848145,
    0.05724113050512617,
    0.03307058590455211,
    -0.003707696019921769,
    -0.0171798949765492,
    -0.004599346395331844,
    0.024637242308250575,
    0.05454956463716027,
    0.05965047408420503,
    0.04376546199705404,
    0.032995610292455436,
    0.0324190668712431,
    0.040357702838798915,
    0.023976126923388685,
    0.0033156424036624495,
    0.0007935665918281272,
    -0.002737300446091339,
    -0.012088871354278736,
    -0.028729082658175698,
    -0.03142301564555975,
    -0.021152208541810137,
    -0.030187009737246192,
    -0.033792400755573083,
    -0.0034870031698409527,
    0.02640201983285629,
    0.043301231580161414,
    0.042208967045492665,
    0.028355638921346918,
    0.0174788686581165,
    0.003311689995488089,
    0.001638427506102295,
    0.014918103865495611,
    0.019430310689912487,
    0.017498152384213202,
    0.02903084714312984,
    0.031420102095715795,
    0.013417370091200762,
    0.010117749967579349
  ],
  "my": [
    0.0,
    0.00492574004040703,
    0.012565928981632018,
    0.009721363543327033,
    -0.014309007151538433,
    -0.030504895643825428,
    -0.015254345469618097,
    -0.0034143115331492844,
    -0.017060080255063337,
    -0.03219249398284186,
    -0.022264629622768296,
    -0.005507584906286098,
    0.008668250345048386,
    0.017194759983596423,
    0.012801043812685646,
    0.004980857505244711,
    -0.010358598837262234,
    -0.03382210695971053,
    -0.040903498701479954,
    -0.029853952101652304,
    -0.004339635700318422,
    0.024321412301550417,
    0.0517993552963445,
    0.06155042261756356,
    0.03917788003157238,
    0.009320273193859294,
    -0.007059891328545601,
    -0.012355962910088475,
    -0.00032830378176322604,
    0.00605407411314725,
    -0.007589333934133533,
    0.004961701026186104,
    0.023464451867022885,
    0.007666931205794751,
    -0.02112473753881097,
    -0.03702863976955881,
    -0.01811929998065938,
    0.011015895156477051,
    0.026298637833476878,
    0.01930649305381723,
    0.012974072751098298,
    0.021039564846452898,
    0.014350800012474178,
    0.0006451234825316197,
    0.002565218103656817,
    -0.006506883956458131,
    -0.003727899020664713,
    0.009454799349987122,
    0.02032942847343258,
    0.031347997732647605,
    0.04787468623251609,
    0.04726098544878904,
    0.028784740560435465,
    0.0028437053140153816,
    -0.028164179657321646,
    -0.031061579648784983,
    -0.05496337514167153,
    -0.08931253522763483,
    -0.08370801429066436,
    -0.050714446698681,
    -0.01472015848844329,
    -0.014011561145383176,
    -0.020365394814367256,
    -0.027387899046893767,
    -0.028860258339798862,
    -0.004294528285514812,
    0.015429340104609907,
    0.0138031579010268,
    0.00035263973058988034,
    0.02788320306105172,
    0.06691573731439517,
    0.0690738959987684,
    0.07344750912723226,
    0.06328907628452114,
    0.04027694891133185,
    0.018921088154652634,
    0.011638825290836456,
    -0.0023893616457878464,
    -0.035574409302196686,
    -0.049471895370399296,
    -0.028681086258935815,
    0.0017965989082340764,
    0.012175324692936676,
    0.006701909588800318,
    0.0111986012269245,
    0.03283160520463588,
    0.05083047819096505,
    0.048493190045603846,
    0.04677724192878354,
    0.04332870339164975,
    0.02584533020220627,
    0.00630633057114147,
    -0.022578661806287696,
    -0.0529120057793254,
    -0.05799258591565799,
    -0.04486621892761313,
    -0.01784143304241792,
    0.0034086022574514726,
    -0.002540718445797825,
    -0.01659538898693786
  ],