{
  "positive_frequencies": [
    0.0,
    0.07734375,
    0.1546875,
    0.23203125000000002,
    0.309375,
    0.38671875,
    0.46406250000000004,
    0.54140625,
    0.61875,
    0.6960937500000001,
    0.7734375,
    0.85078125,
    0.9281250000000001,
    1.0054687500000001,
    1.0828125,
    1.16015625,
    1.2375,
    1.31484375,
    1.3921875000000001,
    1.46953125,
    1.546875,
    1.62421875,
    1.7015625,
    1.7789062500000001,
    1.8562500000000002,
    1.93359375,
    2.0109375000000003,
    2.08828125,
    2.165625,
    2.24296875,
    2.3203125,
    2.3976562500000003,
    2.475,
    2.55234375,
    2.6296875,
    2.70703125,
    2.7843750000000003,
    2.86171875,
    2.9390625,
    3.01640625,
    3.09375,
    3.1710937500000003,
    3.2484375,
    3.32578125,
    3.403125,
    3.48046875,
    3.5578125000000003,
    3.63515625,
    3.7125000000000004,
    3.78984375,
    3.8671875,
    3.9445312500000003,
    4.0218750000000005,
    4.09921875,
    4.1765625,
    4.25390625,
    4.33125,
    4.4085937500000005,
    4.4859375,
    4.56328125,
    4.640625,
    4.71796875,
    4.7953125000000005,
    4.87265625,
    4.95
  ],
  "mx_fft_pos": [
    0.0026174054746062377,
    0.00040386666508360235,
    0.0031012471101542734,
    0.003568741767491798,
    0.0021544667967616483,
    0.002663629318196725,
    0.0033029280878958617,
    0.002889182707928355,
    0.0034401423222303333,
    0.001435748081100383,
    0.000378358424315493,
    0.001107070297666309,
    0.0030834745946032804,
    0.0034357994521182532,
    0.0023748999131049035,
    0.0014046655056920042,
    0.0020860108925345915,
    0.0028970296107410547,
    0.001980571725708313,
    0.0004096961772752894,
    0.00365233923685207,
    0.006448755706364064,
    0.005306816206041637,
    0.002612482693263117,
    0.002291017270131622,
    0.003210577668454146,
    0.001730639676183313,
    0.0006537526845861247,
    0.0004585549553125985,
    0.001616681543853894,
    0.0027332449158243145,
    0.002979322350793901,
    0.002152399504234618,
    0.001422031438032533,
    0.002110177590442438,
    0.002162197810254927,
    0.0011756839577418408,
    0.0008954482385488252,
    0.001299914225763758,
    0.003928278515041375,
    0.0038844594238423356,
    0.002784537351969073,
    0.0024403615363751104,
    0.0027246364179747727,
    0.002549360906181673,
    0.002139684130754106,
    0.002407080123321346,
    0.0027129031230871013,
    0.0023445962210113186,
    0.002395590287930508,
    0.0030940983759114716,
    0.003589299170463564,
    0.0030421535396928405,
    0.0017552693717942114,
    0.0015499888547583721,
    0.0010037262046114653,
    0.0005597259834195896,
    0.00024767403700302096,
    0.0004945020289073765,
    0.0002645394197860307,
    0.000547805051673913,
    0.0002869608642409776,
    0.001240794538177526,
    0.0012671439331389523,
    0.00019015657182849992
  ],
  "my_fft_pos": [
    0.0001363759332423517,
    0.0006188494411783322,
    0.0017303014491559766,
    0.0022215735130726756,
    0.0013166124453235215,
    0.0018328768926550853,
    0.004704970664689474,
    0.0042752264284766596,
    0.00334490688583078,
    0.0015324390778626113,
    0.0025137129792047507,
    0.0023687666984304784,
    0.0008277773526215093,
    0.0022350039013317555,
    0.005298367574808601,
    0.004654155533769408,
    0.00195573833678374,
    0.0004285339985083308,
    0.0005329579835942915,
    0.0004478746145847931,
    0.00217455038600147,
    0.003322417894649908,
    0.0021952215382250386,
    0.0005812559860984439,
    0.0011713231545001023,
    0.0017195039906722756,
    6.745964169328018e-05,
    0.0013098109121132196,
    0.0017337815631496044,
    0.002234247346437378,
    0.00342755341577064,
    0.0027772786371002217,
    0.0023969586595742783,
    0.0016405013174607852,
    0.0018451723917353965,
    0.0005540322067538867,
    0.002620115581741298,
    0.0029212993978090874,
    0.000865830282376914,
    0.003159953090460964,
    0.0028739145873203902,
    0.001743234529606957,
    0.0007599213902017228,
    0.0004447111082539565,
    0.0017199025188234555,
    0.0016236896555784598,
    0.0010509335054110377,
    0.0006910456230645759,
    0.002073796497512834,
    0.002289760347423726,
    0.001982099895854328,
    0.0013511040446055763,
    0.0012099424841610607,
    0.001738797873984535,
    0.00215872291742358,
    0.001595421022877199,
    0.001848200359806166,
    0.0021738752669174704,
    0.0017864802816420391,
    0.001967869141160253,
    0.0019841312217757263,
    0.001394511138374628,
    0.0017453293548244573,
    0.002005904739090061,
    0.0016596876560041698
  ],
  "mz_fft_pos": [
    0.004332223617342577,
    0.0031068722743664346,
    0.0013296267208446596,
    0.0009601748153656389,
    0.001119728510377927,
    0.001594103428885081,
    0.0018818787933551468,
    0.002969877696765913,
    0.0036645967850101042,
    0.0037442774484423,
    0.0029201559433989083,
    0.0005215533953011303,
    0.0014306391964253732,
    0.0012744894783486365,
    0.001161430688526366,
    0.000258749486723177,
    0.002484264960038211,
    0.003822787452108789,
    0.0028842055802689275,
    0.001353034666132387,
    0.0005798237613050098,
    0.00032821426433205897,
    0.0012011095158401593,
    0.0013947575125069695,
    0.0005124075098516227,
    0.002203948664701976,
    0.002703127330390298,
    0.002022037316349714,
    0.001752202619694292,
    0.002117118643586582,
    0.0020543040548910356,
    0.0020407282339228536,
    0.00280820858358383,
    0.0026164053748329533,
    0.0015595364903981152,
    0.0025342630659507225,
    0.002994550080479992,
    0.0022355932524883537,
    0.0016609033948354179,
    0.0016973533253620851,
    0.0018354332376115377,
    0.0016379554906315401,
    0.001306270614946047,
    0.0012252313603451038,
    0.0013064696802408896,
    0.0014685737318945805,
    0.0017345663183236384,
    0.001786892640504232,
    0.0014744559481197897,
    0.0019502927823966112,
    0.0023162035689931614,
    0.002161211939753907,
    0.002748872781136551,
    0.002079711720397709,
    0.0012979584757918333,
    0.0018262370792578757,
    0.0021975616215185413,
    0.0014032375704828726,
    0.0008687049321500454,
    0.0009064048199476653,
    0.000895076117198554,
    0.0011576584874573037,
    0.0015603469877073616,
    0.001673489381608208,
    0.0016626053116917158
  ]
}