{
  "positive_frequencies": [
    0.0,
    0.07734375,
    0.1546875,
    0.23203125000000002,
    0.309375,
    0.38671875,
    0.46406250000000004,
    0.54140625,
    0.61875,
    0.6960937500000001,
    0.7734375,
    0.85078125,
    0.9281250000000001,
    1.0054687500000001,
    1.0828125,
    1.16015625,
    1.2375,
    1.31484375,
    1.3921875000000001,
    1.46953125,
    1.546875,
    1.62421875,
    1.7015625,
    1.7789062500000001,
    1.8562500000000002,
    1.93359375,
    2.0109375000000003,
    2.08828125,
    2.165625,
    2.24296875,
    2.3203125,
    2.3976562500000003,
    2.475,
    2.55234375,
    2.6296875,
    2.70703125,
    2.7843750000000003,
    2.86171875,
    2.9390625,
    3.01640625,
    3.09375,
    3.1710937500000003,
    3.2484375,
    3.32578125,
    3.403125,
    3.48046875,
    3.5578125000000003,
    3.63515625,
    3.7125000000000004,
    3.78984375,
    3.8671875,
    3.9445312500000003,
    4.0218750000000005,
    4.09921875,
    4.1765625,
    4.25390625,
    4.33125,
    4.4085937500000005,
    4.4859375,
    4.56328125,
    4.640625,
    4.71796875,
    4.7953125000000005,
    4.87265625,
    4.95
  ],
  "mx_fft_pos": [
    0.026528503423701836,
    0.0784073729106101,
    0.10411106203404508,
    0.10037408243527766,
    0.1111132841178947,
    0.060341587569391224,
    0.06457514702597056,
    0.06832793602588125,
    0.05038615862812436,
    0.02338831237727396,
    0.0019131807184968783,
    0.013508699131441551,
    0.013983257905006086,
    0.0073755823783354,
    0.0029029582617812783,
    0.0008608403874023935,
    0.0017106298198338746,
    0.0021151771123574235,
    0.0012432035277614726,
    0.00044593771381557255,
    0.0001291322605920283,
    3.63846050894659e-05,
    4.0731083011570355e-05,
    3.578986022313789e-05,
    1.6943868543361503e-05,
    6.725670048918377e-06,
    3.2993415463350664e-06,
    1.974156815922899e-06,
    3.74634780377525e-06,
    4.0519012899439175e-06,
    2.729579560158095e-06,
    1.3030658334390347e-06,
    2.060655822080672e-06,
    2.61646862186113e-06,
    2.1102296708484983e-06,
    1.109769132960947e-06,
    1.1430410010443725e-06,
    1.674273364429489e-06,
    1.589783914285234e-06,
    9.95728767965098e-07,
    6.788747362494737e-07,
    1.0459486399918836e-06,
    1.1623907175626965e-06,
    8.656074187054615e-07,
    4.948648942653613e-07,
    6.331769790281338e-07,
    8.179700047713833e-07,
    7.153402387205019e-07,
    4.3347243643272724e-07,
    3.800865223792328e-07,
    5.48844760346838e-07,
    5.598050166328472e-07,
    3.910930650469203e-07,
    2.5034496261213896e-07,
    3.494469926532591e-07,
    4.1570395240960124e-07,
    3.4000846239915953e-07,
    2.0307067061481614e-07,
    2.1583134124024532e-07,
    2.9931069146260505e-07,
    2.9102400795877237e-07,
    1.969586854843539e-07,
    1.4690410088447484e-07,
    2.2521763912434612e-07,
    2.696154807835249e-07
  ],
  "my_fft_pos": [
    0.021099838401698507,
    0.01673776688915614,
    0.0661162172421861,
    0.12852238767852023,
    0.1321180911245042,
    0.0642997617329425,
    0.007091446433068142,
    0.015340485360744525,
    0.02556667711565288,
    0.02507064485944375,
    0.028984062556466614,
    0.03288514649245446,
    0.02244387581231474,
    0.009198209906348455,
    0.0052758988384250605,
    0.0032569976996452204,
    0.002447524107924927,
    0.0025020570107388367,
    0.0013581871454096406,
    0.0005861682301458356,
    0.00020833950266925378,
    3.7917611895449724e-05,
    4.071939572943256e-05,
    3.393667325913199e-05,
    1.9937832248426962e-05,
    1.1490830111320955e-05,
    8.225812602369511e-06,
    4.533246748787752e-06,
    4.833601859670069e-06,
    6.124986091975896e-06,
    5.352916924449355e-06,
    3.270258129654746e-06,
    2.516135516182871e-06,
    3.4413097621750826e-06,
    3.499767688650991e-06,
    2.480001563647847e-06,
    1.5549188581643682e-06,
    1.9631186345691718e-06,
    2.2979966647849035e-06,
    1.888288976244352e-06,
    1.156996769566858e-06,
    1.1322083876198813e-06,
    1.489366662815849e-06,
    1.4138795513221757e-06,
    9.477705733908979e-07,
    6.822121470370502e-07,
    9.339266356814355e-07,
    1.0254216710625046e-06,
    7.816410932300987e-07,
    4.6360718360141193e-07,
    5.520029938066377e-07,
    7.07787792373503e-07,
    6.204042349706474e-07,
    3.616271601866517e-07,
    2.9573931359782074e-07,
    4.54404008077654e-07,
    4.633693845704049e-07,
    2.9233372506469885e-07,
    1.3481288049708758e-07,
    2.7101757750535346e-07,
    3.294187537802599e-07,
    2.2488801492358034e-07,
    4.819961582179676e-08,
    1.9141353664995692e-07,
    2.6915188434006864e-07
  ],
  "mz_fft_pos": [
    0.0011515727858528902,
    0.0686413028888931,
    0.12008297557493496,
    0.1160339225513385,
    0.07991430863163376,
    0.05243867897714285,
    0.03652199044735124,
    0.016961588657699044,
    0.002824284028042129,
    0.022036536710149573,
    0.024188894863301395,
    0.012533243710055342,
    0.004133693466642887,
    0.005433154106214409,
    0.005940636713756427,
    0.004061631958773847,
    0.002214276541414057,
    0.0011130193347935182,
    0.0004948799269821262,
    9.100087661567694e-05,
    3.6890334704886387e-06,
    1.6408695907455166e-05,
    9.939399034181624e-06,
    3.7683664492532933e-06,
    1.307562654673631e-06,
    4.0618538266090625e-06,
    4.695238681161767e-06,
    3.427054273738657e-06,
    1.2169974030010778e-06,
    1.3723252067639728e-06,
    2.5861956326461525e-06,
    2.5607438330724776e-06,
    1.5258199758955554e-06,
    5.848122079695226e-07,
    1.382012966293876e-06,
    1.764729882317897e-06,
    1.3818635571439982e-06,
    6.119583068450657e-07,
    6.910965468474473e-07,
    1.1419991711235142e-06,
    1.1064667768010019e-06,
    6.593984978016291e-07,
    3.5782234306150855e-07,
    6.869480490437114e-07,
    8.135992237124225e-07,
    6.079111046192431e-07,
    2.8121564787525287e-07,
    3.7712305016535187e-07,
    5.488300452354407e-07,
    4.939017779803785e-07,
    2.7492671953265693e-07,
    1.9297037457323645e-07,
    3.3180947240309265e-07,
    3.5266152080875356e-07,
    2.367955620506044e-07,
    1.1171897418195149e-07,
    1.7072050248863833e-07,
    2.098109082024266e-07,
    1.5919106412637584e-07,
    7.213161799134027e-08,
    6.612427082064797e-08,
    8.397640436928849e-08,
    5.599022784108532e-08,
    1.3308300104542402e-08,
    1.4359908871441895e-08
  ]
}