{
  "positive_frequencies": [
    0.0,
    0.07734375,
    0.1546875,
    0.23203125000000002,
    0.309375,
    0.38671875,
    0.46406250000000004,
    0.54140625,
    0.61875,
    0.6960937500000001,
    0.7734375,
    0.85078125,
    0.9281250000000001,
    1.0054687500000001,
    1.0828125,
    1.16015625,
    1.2375,
    1.31484375,
    1.3921875000000001,
    1.46953125,
    1.546875,
    1.62421875,
    1.7015625,
    1.7789062500000001,
    1.8562500000000002,
    1.93359375,
    2.0109375000000003,
    2.08828125,
    2.165625,
    2.24296875,
    2.3203125,
    2.3976562500000003,
    2.475,
    2.55234375,
    2.6296875,
    2.70703125,
    2.7843750000000003,
    2.86171875,
    2.9390625,
    3.01640625,
    3.09375,
    3.1710937500000003,
    3.2484375,
    3.32578125,
    3.403125,
    3.48046875,
    3.5578125000000003,
    3.63515625,
    3.7125000000000004,
    3.78984375,
    3.8671875,
    3.9445312500000003,
    4.0218750000000005,
    4.09921875,
    4.1765625,
    4.25390625,
    4.33125,
    4.4085937500000005,
    4.4859375,
    4.56328125,
    4.640625,
    4.71796875,
    4.7953125000000005,
    4.87265625,
    4.95
  ],
  "mx_fft_pos": [
    0.037441910423092306,
    0.04490201317677932,
    0.05312831742280859,
    0.020724315511387186,
    0.023076596384557693,
    0.010502406576258885,
    0.01971959175990768,
    0.007538009263969464,
    0.003943527191593514,
    0.0009470277145147713,
    0.0007007941285334141,
    0.0005064619413774399,
    0.000330200559829076,
    0.00021078878492065346,
    0.00015650600815387845,
    0.0001336161906715107,
    0.00011122608336479235,
    8.61438367667537e-05,
    6.645549136005316e-05,
    5.613349035568803e-05,
    5.015964530905397e-05,
    4.325997518857867e-05,
    3.5541691915484425e-05,
    2.9733118915932434e-05,
    2.66662804266215e-05,
    2.4327872058306663e-05,
    2.124942370565278e-05,
    1.8035365416894656e-05,
    1.5906469944981272e-05,
    1.4761151857577072e-05,
    1.3519401456263925e-05,
    1.1836198011776966e-05,
    1.0331015782809685e-05,
    9.498370014748e-06,
    8.93883204604815e-06,
    8.110420031165394e-06,
    7.114701302690073e-06,
    6.414396569203846e-06,
    6.066034919811122e-06,
    5.673276741597308e-06,
    5.065659317307297e-06,
    4.494284914575026e-06,
    4.1908957044826975e-06,
    3.988779393389227e-06,
    3.643789142735742e-06,
    3.212348919948652e-06,
    2.9199958184162124e-06,
    2.779431710029193e-06,
    2.5896130509029768e-06,
    2.286150423453802e-06,
    2.015596786222896e-06,
    1.8810771539444052e-06,
    1.7682348745935564e-06,
    1.562697736502294e-06,
    1.3270616142044137e-06,
    1.1837506228173572e-06,
    1.099785341378712e-06,
    9.576987571799286e-07,
    7.583429145347252e-07,
    6.067021019194481e-07,
    5.275486363167733e-07,
    4.2031352959065394e-07,
    2.4965477779771576e-07,
    8.804738521761568e-08,
    3.838774731645955e-08
  ],
  "my_fft_pos": [
    0.016712853576071912,
    0.03183490221959028,
    0.010942163783346918,
    0.02088807610349057,
    0.008413735849405676,
    0.012467334028524988,
    0.012915385406389186,
    0.002072029873589638,
    0.005134892019089388,
    0.002244064654174307,
    0.0006177078758931475,
    0.00039794189993028477,
    0.00023874833636329355,
    0.00012489276150437362,
    7.192863866759664e-05,
    6.558381142263455e-05,
    5.827141623415074e-05,
    4.022043072651036e-05,
    2.2084995605566377e-05,
    1.8014823579475377e-05,
    2.057516604181367e-05,
    1.78778262470737e-05,
    1.1007390891957054e-05,
    6.356303725312233e-06,
    8.193458440945351e-06,
    8.961301311887366e-06,
    6.679019612624611e-06,
    3.3484023933511855e-06,
    3.3234716156548624e-06,
    4.6667597492483945e-06,
    4.2734748363144e-06,
    2.49403070214841e-06,
    1.3766556474477683e-06,
    2.3988077133246962e-06,
    2.739152491829078e-06,
    1.9835173927390372e-06,
    8.452492591846342e-07,
    1.1611279916804768e-06,
    1.7162192455881888e-06,
    1.5330377902354585e-06,
    8.083099833943805e-07,
    5.206527051275445e-07,
    1.0304709945440475e-06,
    1.1361577082060485e-06,
    7.709590994830552e-07,
    3.1086471509636754e-07,
    5.828168385112814e-07,
    8.063521923645329e-07,
    6.78546221271637e-07,
    3.3457746932934097e-07,
    3.2001518026942844e-07,
    5.502192208691806e-07,
    5.59353841401514e-07,
    3.60821232543213e-07,
    2.2214068895950654e-07,
    3.729452610634154e-07,
    4.4151714710730645e-07,
    3.4919309514935115e-07,
    2.2925650978915962e-07,
    2.840534227666303e-07,
    3.503117595431168e-07,
    3.134188095204443e-07,
    2.493928807742061e-07,
    2.7812947800644844e-07,
    3.1427436348541173e-07
  ],
  "mz_fft_pos": [
    0.02503003586014491,
    0.011185415287548652,
    0.00533525424296438,
    0.007552632193551806,
    0.00591419347767994,
    0.011380035418624862,
    0.011267945034713806,
    0.01032661428065079,
    0.006115548148356147,
    0.0012577566211846567,
    0.00016165621420082235,
    9.124455703671429e-05,
    4.604445734742271e-05,
    3.2033213584632615e-05,
    2.5780272532504174e-05,
    1.9922677477697538e-05,
    1.5819112228725095e-05,
    1.3223559699379678e-05,
    1.0871031818630882e-05,
    8.694019752678299e-06,
    7.236311748453426e-06,
    6.3922974520033376e-06,
    5.5961158129504945e-06,
    4.703479739189406e-06,
    3.977622168405189e-06,
    3.5496996792906313e-06,
    3.2219977565735228e-06,
    2.8307625176561926e-06,
    2.44240718002297e-06,
    2.176306109474898e-06,
    2.0029595408442084e-06,
    1.8172807011895672e-06,
    1.6049489805876953e-06,
    1.4300912277319274e-06,
    1.3168931265349867e-06,
    1.2177596520146844e-06,
    1.0993624698128758e-06,
    9.841479915081695e-07,
    9.015972300010039e-07,
    8.397537624938676e-07,
    7.710372853551852e-07,
    6.95627803657427e-07,
    6.334218345025555e-07,
    5.88657945544541e-07,
    5.455394750848392e-07,
    4.959452950069641e-07,
    4.491209053322289e-07,
    4.134772432897614e-07,
    3.831011755831889e-07,
    3.493824139510343e-07,
    3.142706751680663e-07,
    2.8471620433612927e-07,
    2.6055432541257594e-07,
    2.358746880745523e-07,
    2.0915489299707517e-07,
    1.8436886864053936e-07,
    1.6342831597740059e-07,
    1.4341186059604624e-07,
    1.2217079810379856e-07,
    1.0139215536758873e-07,
    8.292375448318939e-08,
    6.587986441595956e-08,
    4.9546616284676746e-08,
    3.648092377732851e-08,
    3.127562830718134e-08
  ]
}