{
  "positive_frequencies": [
    0.0,
    0.07734375,
    0.1546875,
    0.23203125000000002,
    0.309375,
    0.38671875,
    0.46406250000000004,
    0.54140625,
    0.61875,
    0.6960937500000001,
    0.7734375,
    0.85078125,
    0.9281250000000001,
    1.0054687500000001,
    1.0828125,
    1.16015625,
    1.2375,
    1.31484375,
    1.3921875000000001,
    1.46953125,
    1.546875,
    1.62421875,
    1.7015625,
    1.7789062500000001,
    1.8562500000000002,
    1.93359375,
    2.0109375000000003,
    2.08828125,
    2.165625,
    2.24296875,
    2.3203125,
    2.3976562500000003,
    2.475,
    2.55234375,
    2.6296875,
    2.70703125,
    2.7843750000000003,
    2.86171875,
    2.9390625,
    3.01640625,
    3.09375,
    3.1710937500000003,
    3.2484375,
    3.32578125,
    3.403125,
    3.48046875,
    3.5578125000000003,
    3.63515625,
    3.7125000000000004,
    3.78984375,
    3.8671875,
    3.9445312500000003,
    4.0218750000000005,
    4.09921875,
    4.1765625,
    4.25390625,
    4.33125,
    4.4085937500000005,
    4.4859375,
    4.56328125,
    4.640625,
    4.71796875,
    4.7953125000000005,
    4.87265625,
    4.95
  ],
  "mx_fft_pos": [
    0.004429085459376359,
    0.019241218711256794,
    0.046553518562840505,
    0.042434417067960334,
    0.02889603337985728,
    0.03674024426498348,
    0.0259285879961456,
    0.008199037967779384,
    0.030726902578537094,
    0.03833267422342661,
    0.032163978405890976,
    0.03702638121755483,
    0.03811263599684246,
    0.03857381277181245,
    0.025200944925009693,
    0.0054269798957980175,
    0.01337174442212668,
    0.019179497840555393,
    0.017515773760486436,
    0.01709323860026529,
    0.00887044869694285,
    0.009115473906667696,
    0.012605454846819464,
    0.006946820006239678,
    0.011320814627819621,
    0.007047570169883808,
    0.007612211428067105,
    0.0055695526534712495,
    0.002939684965928079,
    0.004473584172652877,
    0.002675470648476044,
    0.00403254325092381,
    0.003967354757033164,
    0.0011039313096095728,
    0.0008329660215556363,
    0.001852984032147805,
    0.0018330987917687758,
    0.0006468615806722655,
    0.0005900845434475126,
    0.0005059170879982953,
    0.0004902789775574078,
    0.000286147616846469,
    0.0006725636401296958,
    0.0003053923681522323,
    0.0001404377373026566,
    0.00011537030493584493,
    0.0001319770688131516,
    0.00015079232185807311,
    2.921529890496934e-05,
    5.158221323031459e-05,
    2.4264470604697406e-05,
    1.5489760395818282e-05,
    2.4327051341599855e-05,
    1.0098899952476463e-05,
    1.3993126222938065e-05,
    4.926935737768425e-06,
    1.3635448285710744e-06,
    3.7628836575523166e-06,
    1.1498578336925803e-06,
    3.3593029809557153e-06,
    1.1843856446046738e-06,
    9.774241607520157e-07,
    5.996512624219593e-07,
    4.991391753512849e-07,
    1.0199994736725948e-07
  ],
  "my_fft_pos": [
    0.09473507454020556,
    0.073146062739157,
    0.03730483513138165,
    0.019990762999478814,
    0.009845096620191542,
    0.01490904610972261,
    0.03773934800128042,
    0.04911129912924503,
    0.04332331111809122,
    0.03273138451167921,
    0.012619669835471543,
    0.018494479699044976,
    0.04022655624523477,
    0.04200262107645236,
    0.036737265462486415,
    0.04024041679618417,
    0.03191142958624564,
    0.009968798909736834,
    0.0036772023368592316,
    0.010161209413726035,
    0.010748038997726011,
    0.018321075497781135,
    0.021138467893729147,
    0.01725159067010658,
    0.01667801443534979,
    0.010363380905385373,
    0.0020269618646169708,
    0.0024158057836164482,
    0.003110596402307646,
    0.002962854209660131,
    0.0023465998767316547,
    0.0012002310521674303,
    0.0005860810029579465,
    0.0015974427684425337,
    0.001537704505539833,
    0.0007954753368963697,
    0.0004949576161586822,
    0.001071714058682141,
    0.0007047904882270217,
    0.0006254599795309761,
    0.0002997842754937224,
    0.00014074323277211775,
    0.00033037369073601024,
    1.4130027595658274e-05,
    0.0002206212502609092,
    6.0264553539551805e-05,
    5.858304809251342e-05,
    4.7607247539916164e-05,
    5.3521078568328104e-05,
    6.591303652679333e-05,
    1.838953258963657e-05,
    1.2440203533434828e-05,
    1.7924070219189214e-05,
    1.406347428048332e-06,
    8.686258481775818e-06,
    1.656453112643423e-06,
    1.4200800793622286e-06,
    2.239662987721588e-06,
    2.579779365121515e-06,
    1.7781462304482885e-06,
    1.7139751317265882e-06,
    2.0672585631338865e-06,
    2.1564050019775963e-06,
    1.8019085724801197e-06,
    1.3785638677621392e-06
  ],
  "mz_fft_pos": [
    0.068096416242462,
    0.047198874971827405,
    0.02506382445400312,
    0.05875950042118652,
    0.06881204614779281,
    0.06657762347016818,
    0.06789748560515997,
    0.049375996399611204,
    0.024243452363348038,
    0.03497801806621452,
    0.034928315712116895,
    0.03239135132720108,
    0.025890010849169073,
    0.0009021557217953906,
    0.016307291150433,
    0.01029810727263736,
    0.025785067378339036,
    0.016738522912763662,
    0.0052470025144044806,
    0.015056256518752878,
    0.021444476618725637,
    0.017634799888647537,
    0.005858661464609272,
    0.011503311773204723,
    0.018065595296406136,
    0.007866386332250248,
    0.0053616991861799605,
    0.004028635157341906,
    0.006690396179148284,
    0.006158787264630214,
    0.0007475230816187208,
    0.003206591019974336,
    0.002364597248853472,
    0.0009817580799737606,
    0.0010702014363015966,
    0.0015461531523827629,
    0.0012910116408438367,
    0.0002509107554685956,
    0.0008511559002694381,
    0.0007854674761317749,
    0.0006678752186552826,
    0.00038544940495295366,
    0.0005245734348647734,
    0.0002625055069151519,
    0.000253676625234922,
    0.00025309297793553996,
    0.000196858209711771,
    0.0001510869064603752,
    5.679689197113031e-05,
    8.505697377923374e-05,
    4.4949125893454494e-05,
    3.4121574817521944e-05,
    2.3504581866389463e-05,
    1.8811499238848744e-05,
    1.1091758685546891e-05,
    7.534521969270822e-06,
    3.4882569088661785e-06,
    2.6906132590769233e-06,
    8.294497200424506e-07,
    1.0858466087848996e-06,
    5.816888435892196e-07,
    6.404620843352038e-07,
    3.6619799551613605e-07,
    1.5232822405291712e-07,
    2.2942596114461367e-07
  ]
}