{
  "positive_frequencies": [
    0.0,
    0.07734375,
    0.1546875,
    0.23203125000000002,
    0.309375,
    0.38671875,
    0.46406250000000004,
    0.54140625,
    0.61875,
    0.6960937500000001,
    0.7734375,
    0.85078125,
    0.9281250000000001,
    1.0054687500000001,
    1.0828125,
    1.16015625,
    1.2375,
    1.31484375,
    1.3921875000000001,
    1.46953125,
    1.546875,
    1.62421875,
    1.7015625,
    1.7789062500000001,
    1.8562500000000002,
    1.93359375,
    2.0109375000000003,
    2.08828125,
    2.165625,
    2.24296875,
    2.3203125,
    2.3976562500000003,
    2.475,
    2.55234375,
    2.6296875,
    2.70703125,
    2.7843750000000003,
    2.86171875,
    2.9390625,
    3.01640625,
    3.09375,
    3.1710937500000003,
    3.2484375,
    3.32578125,
    3.403125,
    3.48046875,
    3.5578125000000003,
    3.63515625,
    3.7125000000000004,
    3.78984375,
    3.8671875,
    3.9445312500000003,
    4.0218750000000005,
    4.09921875,
    4.1765625,
    4.25390625,
    4.33125,
    4.4085937500000005,
    4.4859375,
    4.56328125,
    4.640625,
    4.71796875,
    4.7953125000000005,
    4.87265625,
    4.95
  ],
  "mx_fft_pos": [
    0.07431362605303482,
    0.08204009191324958,
    0.08457064245567797,
    0.06235468431206612,
    0.026751018801331208,
    0.007925806187367473,
    0.03694935673576963,
    0.047781962486418285,
    0.044878871874635316,
    0.04802272525236011,
    0.04856513804834262,
    0.04808132896647461,
    0.0547085114027171,
    0.04425883903810684,
    0.011022445223716586,
    0.042640549131471195,
    0.04006480386705389,
    0.004999781876693337,
    0.02432580045392926,
    0.017543663973335975,
    0.002810350076198436,
    0.010798337651756173,
    0.02477237841249234,
    0.03951207876764328,
    0.045565373859268954,
    0.03428321020123806,
    0.017492858501128517,
    0.009158849830235091,
    0.009253834063245751,
    0.0064884767169703286,
    0.015980536175825864,
    0.01862071110396427,
    0.011808988862613818,
    0.01089798645348228,
    0.012142904339903332,
    0.005504231019407331,
    0.0009880875592464678,
    0.0026401189331258248,
    0.007392485528220813,
    0.009275331308239654,
    0.006032717332956409,
    0.0021126512323925077,
    0.0020657700513729347,
    0.0031003425744248964,
    0.0022584514896824177,
    0.000583685699392169,
    0.000789280963682856,
    0.0034901035431297,
    0.003777090508738397,
    0.0008967422588922463,
    0.0014135356910579967,
    0.0026553183470454838,
    0.002007500215775873,
    0.0010032778153499108,
    0.0012679720420215002,
    0.0008267418745275257,
    0.0004844864598496851,
    0.0005946759264959926,
    0.00038591618760010953,
    0.0005573058195368062,
    0.0001914405472340857,
    0.0004891655984949893,
    0.000375592153236297,
    0.0001952321996471134,
    0.0004949756040218922
  ],
  "my_fft_pos": [
    0.030030465092591784,
    0.047742802473222906,
    0.05285319391996053,
    0.036394216300749,
    0.026057065270216336,
    0.025350524047868642,
    0.02705955593019548,
    0.0318745343863959,
    0.03654720447487508,
    0.032865251369687466,
    0.030690301855467034,
    0.0349113261447016,
    0.030675377785099593,
    0.0335756186616649,
    0.05061110537625558,
    0.05510629709279273,
    0.02945358481704742,
    0.017602031358148026,
    0.032043599362959814,
    0.032232850574649884,
    0.020631830329006173,
    0.031473965706036326,
    0.0345621102835109,
    0.026794857620146516,
    0.006585967474277672,
    0.016778052353346673,
    0.022468360880973374,
    0.01942713816878719,
    0.019225863753496258,
    0.021810694487903695,
    0.020304959484352132,
    0.012660678924272745,
    0.008436687740520376,
    0.005625478765967394,
    0.006865950993580433,
    0.005934228718627593,
    0.012876813314187462,
    0.01057874789339999,
    0.006261491353664288,
    0.008521400373077841,
    0.006266359637067331,
    0.0045259200149339075,
    0.003994286381649226,
    0.0071369424926934,
    0.008538620503329881,
    0.00468969470736945,
    0.0014117241742710523,
    0.001303652295555418,
    0.001847402170642175,
    0.0011418321739631396,
    0.002201320690561319,
    0.0017733348602219882,
    0.00029132184161652196,
    0.0009282751392088558,
    0.0001700096391733588,
    0.0002399910763658784,
    0.0016097515860308937,
    0.0011095759494516224,
    0.0009124036196167327,
    0.0004491476039077165,
    0.00020887075058165298,
    0.00042367818556129927,
    0.0003731185277135967,
    0.00044693443322648156,
    7.868497593199964e-05
  ],
  "mz_fft_pos": [
    0.009445807479782572,
    0.021623525946481842,
    0.035725529286819,
    0.03907445513423314,
    0.025017688987730994,
    0.026708242546292844,
    0.06835201258502002,
    0.04996167305520679,
    0.03181573303606914,
    0.07535346927774463,
    0.06291753757398405,
    0.027739212927822714,
    0.03166027623178736,
    0.007015131600019788,
    0.02553530260515696,
    0.018278438315195666,
    0.023789675776214034,
    0.03612832282408912,
    0.028465544248979444,
    0.01766827706276417,
    0.01611985485551842,
    0.028184352421296858,
    0.03366002900644257,
    0.03001700244429268,
    0.0269627414247371,
    0.026098344912745527,
    0.018017820638362807,
    0.011997994464220537,
    0.009259039783513867,
    0.005531150313611174,
    0.012746877573162545,
    0.014115086527601208,
    0.011659664668943753,
    0.01081726878144116,
    0.00986986119917879,
    0.008841682003974899,
    0.003444096532775767,
    0.005841916287728435,
    0.00586721617229986,
    0.005499930473413163,
    0.003413309112212606,
    0.0017526165570216814,
    0.004150065271397147,
    0.0020749816010633033,
    0.0005583462255746122,
    0.0014814821426501852,
    0.0015206297001194463,
    0.0007356065265060553,
    0.000481663351408412,
    0.00037892751419313017,
    0.0007701186393267946,
    0.00040354288642189574,
    0.0008907532246933989,
    0.0004562709605835673,
    0.00034156624071880867,
    0.00042409149509499644,
    0.0003286445536446074,
    0.00021187440937738615,
    0.00013323729956472123,
    8.531456397164253e-05,
    2.9687776011239475e-05,
    1.7837956126408155e-05,
    8.930273883209861e-06,
    7.517972250138846e-07,
    1.4889802238959859e-08
  ]
}