{
  "times": [
    0.0,
    0.10101010101010101,
    0.20202020202020202,
    0.30303030303030304,
    0.40404040404040403,
    0.5050505050505051,
    0.6060606060606061,
    0.7070707070707071,
    0.8080808080808081,
    0.9090909090909091,
    1.0101010101010102,
    1.1111111111111112,
    1.2121212121212122,
    1.3131313131313131,
    1.4141414141414141,
    1.5151515151515151,
    1.6161616161616161,
    1.7171717171717171,
    1.8181818181818181,
    1.9191919191919191,
    2.0202020202020203,
    2.121212121212121,
    2.2222222222222223,
    2.323232323232323,
    2.4242424242424243,
    2.525252525252525,
    2.6262626262626263,
    2.727272727272727,
    2.8282828282828283,
    2.929292929292929,
    3.0303030303030303,
    3.131313131313131,
    3.2323232323232323,
    3.3333333333333335,
    3.4343434343434343,
    3.5353535353535355,
    3.6363636363636362,
    3.7373737373737375,
    3.8383838383838382,
    3.9393939393939394,
    4.040404040404041,
    4.141414141414141,
    4.242424242424242,
    4.343434343434343,
    4.444444444444445,
    4.545454545454545,
    4.646464646464646,
    4.747474747474747,
    4.848484848484849,
    4.94949494949495,
    5.05050505050505,
    5.151515151515151,
    5.252525252525253,
    5.353535353535354,
    5.454545454545454,
    5.555555555555555,
    5.656565656565657,
    5.757575757575758,
    5.858585858585858,
    5.959595959595959,
    6.0606060606060606,
    6.161616161616162,
    6.262626262626262,
    6.363636363636363,
    6.4646464646464645,
    6.565656565656566,
    6.666666666666667,
    6.767676767676767,
    6.8686868686868685,
    6.96969696969697,
    7.070707070707071,
    7.171717171717171,
    7.2727272727272725,
    7.373737373737374,
    7.474747474747475,
    7.575757575757575,
    7.6767676767676765,
    7.777777777777778,
    7.878787878787879,
    7.979797979797979,
    8.080808080808081,
    8.181818181818182,
    8.282828282828282,
    8.383838383838384,
    8.484848484848484,
    8.585858585858587,
    8.686868686868687,
    8.787878787878787,
    8.88888888888889,
    8.98989898989899,
    9.09090909090909,
    9.191919191919192,
    9.292929292929292,
    9.393939393939394,
    9.494949494949495,
    9.595959595959595,
    9.696969696969697,
    9.797979797979798,
    9.8989898989899,
    10.0
  ],
  "mx": [
    1.0,
    0.06842337665988422,
    -0.10011870529152998,
    -0.08720393746439571,
    -0.027677705812321048,
    -0.03175475581298995,
    -0.01399878303629138,
    0.029861891350978678,
    -0.009404444875299761,
    0.007469724470105993,
    0.009457608799609517,
    -0.029754190615480607,
    0.016228742419096148,
    -0.02756495605726561,
    0.0094788650161399,
    0.0031437095496790915,
    0.022891297391708747,
    0.025676450209598665,
    0.03023579257850921,
    0.01567287437969878,
    0.0008371436440972825,
    0.0014958835510903473,
    0.02244184249340188,
    0.009959092888372427,
    0.035768774419018906,
    0.051413786528231774,
    0.01648544670746844,
    -0.01925669466670209,
    0.07932873437150531,
    0.5397002002549888,
    0.1065728407714269,
    -0.004156513179420456,
    -0.009406366952273974,
    0.006391066650039395,
    0.042331454505562444,
    0.025480085760729895,
    -0.00021424733594813117,
    -0.004171706107213781,
    -0.01450904017175502,
    -0.015160042781502918,
    -0.01043434559348081,
    0.001282095382217388,
    0.01793417439120118,
    -0.006245579698579256,
    0.018151006232172126,
    0.020243598783323137,
    -0.018732765152811387,
    0.02349850330305393,
    -0.011714227137026448,
    -0.0028790957306103295,
    -0.00036007924948308005,
    -0.007109488720209726,
    0.010663208498743772,
    -0.008224237369994898,
    0.0062480517491667175,
    0.05704043290325124,
    0.018319471681903107,
    0.3637367826377769,
    0.8946121600877335,
    0.029376965421093575,
    0.01773116144484039,
    0.05330164646853221,
    -0.0366992908003229,
    -0.002884125238573231,
    -0.021673517045066197,
    0.015635696420122167,
    -0.0015231910337054613,
    0.014408511000730524,
    0.0014557859906277769,
    0.024021848955176575,
    0.0260068075948507,
    0.026069130114585143,
    0.025965151761866787,
    -0.0846968270214525,
    -0.047462704169646104,
    0.008621412412750822,
    -0.021088475788717333,
    0.030101392740183766,
    -0.010489158830934585,
    0.005750896864920628,
    0.01615314828844356,
    -0.007226367452098344,
    0.06598942898492767,
    0.028980707811434612,
    0.0349237945133836,
    0.005729159384140498,
    0.2617689423720586,
    0.42534864291267394,
    0.00965848598940117,
    -0.008997627904233155,
    -0.012450146458112092,
    0.052772759759123974,
    0.004022555321735199,
    0.0070371761887814506,
    -0.017912020057318578,
    -0.03842468312616244,
    -0.0048931572714096296,
    -0.014239887024687608,
    0.00793068626641489,
    -0.022884050958816765
  ],
  "my": [
    0.0,
    0.020420134760902375,
    -0.07182354065853097,
    -0.0051063799156303765,
    -0.012760628893844224,
    -0.010353429540643357,
    -0.025054689902751434,
    -0.012684902671648441,
    0.023653312147822538,
    0.00378259954816389,
    -0.004027195126102811,
    0.003094747236480924,
    -0.005068757518301636,
    0.01573762133177949,
    0.008473599190985634,
    -0.0034991465923055517,
    -0.022769709363675852,
    -0.008685907709317459,
    -0.00017269279327576274,
    -0.006025058023567103,
    -0.013864071803366478,
    -0.0012069099349107566,
    -0.011915859955112231,
    -0.008249757417249006,
    0.004342918579439085,
    -0.0016147904613764582,
    -0.015727501609185998,
    -0.006423856141107287,
    0.006904952004904561,
    0.0008580231183021429,
    0.023347163246766875,
    -0.009794343094362765,
    -0.01563415584223524,
    -0.006607071078412611,
    0.0015243869894935808,
    -0.005033713586189534,
    -0.005192468429991103,
    0.018060089933809847,
    -0.01048380457303085,
    -0.02022006437166361,
    0.0077533109520693455,
    0.019525592214346393,
    0.0007448032509202714,
    -0.019435168956595767,
    -0.0027425164809702514,
    -0.001749205484389216,
    0.00425729679505656,
    -0.020171059791723053,
    0.011236998093384997,
    -0.011503347786896665,
    0.0132038483777127,
    0.0017819407945026985,
    0.008969595192687816,
    0.008796912573178878,
    -0.004814531335944082,
    -0.005430800178437468,
    -0.0010038354507443878,
    -0.005635260257547018,
    0.0019434737357724536,
    0.009369409329337733,
    -0.005322101774986431,
    -0.0022753941376446535,
    -0.003779359044037839,
    -0.011288204344823891,
    0.009495579955273835,
    0.009651120244282704,
    -0.0018682647432823368,
    0.019937627685747392,
    -0.006468259732005763,
    -0.011291854778725118,
    -0.004173056196740733,
    0.01975992999170062,
    -0.008590890829874858,
    0.0047242097936831895,
    -0.0017591003737000878,
    0.02920800642812199,
    0.019385502237413973,
    0.02117544106004198,
    -0.00024514471887195424,
    -0.0019437603913520245,
    -0.002989321701140689,
    0.002356822213880162,
    -0.008949734144285227,
    -0.02541789269803874,
    0.006923237127590562,
    0.008080402417378401,
    0.0013641702429238235,
    -0.0018754396750770752,
    -0.019892136123510998,
    -0.047024577330589325,
    -0.0012207543540139207,
    -0.009003959449798026,
    0.03820378198992465,
    -0.020035560442952165,
    0.0026792351081339127,
    -0.004459154178814475,
    0.008000969262082372,
    -0.03082069323149852,
    0.012949812604744173,
    0.011878913117446684
  ],