{
  "positive_frequencies": [
    0.0,
    0.07734375,
    0.1546875,
    0.23203125000000002,
    0.309375,
    0.38671875,
    0.46406250000000004,
    0.54140625,
    0.61875,
    0.6960937500000001,
    0.7734375,
    0.85078125,
    0.9281250000000001,
    1.0054687500000001,
    1.0828125,
    1.16015625,
    1.2375,
    1.31484375,
    1.3921875000000001,
    1.46953125,
    1.546875,
    1.62421875,
    1.7015625,
    1.7789062500000001,
    1.8562500000000002,
    1.93359375,
    2.0109375000000003,
    2.08828125,
    2.165625,
    2.24296875,
    2.3203125,
    2.3976562500000003,
    2.475,
    2.55234375,
    2.6296875,
    2.70703125,
    2.7843750000000003,
    2.86171875,
    2.9390625,
    3.01640625,
    3.09375,
    3.1710937500000003,
    3.2484375,
    3.32578125,
    3.403125,
    3.48046875,
    3.5578125000000003,
    3.63515625,
    3.7125000000000004,
    3.78984375,
    3.8671875,
    3.9445312500000003,
    4.0218750000000005,
    4.09921875,
    4.1765625,
    4.25390625,
    4.33125,
    4.4085937500000005,
    4.4859375,
    4.56328125,
    4.640625,
    4.71796875,
    4.7953125000000005,
    4.87265625,
    4.95
  ],
  "mx_fft_pos": [
    0.002248635046797501,
    0.002954230579127478,
    0.0037471647436567285,
    0.0037438256351715006,
    0.0049230226662778254,
    0.004205233488212799,
    0.003103440037167094,
    0.001607442199017079,
    0.0013744630554022954,
    0.0019170796090104778,
    0.002412663377691726,
    0.0017093905546520206,
    0.0007861075205191731,
    0.0009055291745955987,
    0.0016475946734057741,
    0.0013658465774390467,
    0.0012491181210952849,
    0.0005173004253294576,
    0.000440212011229086,
    0.00036427644206162485,
    0.000604671194251189,
    0.00040253097808276,
    0.0002084822843173441,
    0.0009876124240610683,
    0.002492123057661255,
    0.002779615516827696,
    0.0024500041901364344,
    0.00181436091965226,
    0.0009913288735001204,
    0.0004590684838911489,
    0.00013160450258150095,
    0.00039300211144546423,
    0.0007788244759595342,
    0.0012398462555837924,
    0.0013047879783501708,
    0.0006877900582136735,
    0.0002568501648455413,
    0.0005529235319590937,
    0.0011427031467619972,
    0.0009181533975021377,
    0.0008567941431570532,
    0.0009083762723457402,
    0.0008702698785593086,
    0.0013267532829957054,
    0.001238683398416013,
    0.00036654666424719553,
    0.0006799302445762514,
    0.001057486699267599,
    0.000656325755657804,
    0.0002837460026746374,
    0.00028519549032389127,
    0.0003007443165121364,
    0.00041480432729672825,
    0.0005018540783105949,
    0.00042485714690442477,
    0.000312789252984587,
    0.0002746838572378545,
    0.00024061931398650603,
    0.00011595083650657263,
    0.0001978868950399859,
    0.0004824683578177895,
    0.0003817721939462246,
    0.00011992869189123645,
    0.00018842034221170688,
    0.0002711404167132664
  ],
  "my_fft_pos": [
    0.002954463508560834,
    0.0024893332415245315,
    0.0015749107698400317,
    0.0020159179122593517,
    0.0020915478391639627,
    0.0013119245025430479,
    0.0007976874797444812,
    5.840303088597283e-05,
    0.000947350564235976,
    0.0011186923931121903,
    0.0015187539351829745,
    0.0018192237819227492,
    0.0014705739909391408,
    0.0006552454232073914,
    0.0010433823742195094,
    0.0017009049525933894,
    0.00227988865739759,
    0.0021932101844632074,
    0.0008870177228611434,
    0.000999091088079928,
    0.001408804781208317,
    0.0014362597066436519,
    0.0017157892423589004,
    0.001366625713757813,
    0.0008295606180409025,
    0.0006456111080418565,
    0.0012311806253306845,
    0.0018738030070087751,
    0.0014138661479539147,
    0.0007642001477384082,
    0.0012706235006641911,
    0.0008771677727697723,
    0.0003811159064338863,
    0.00044303764814392234,
    0.0005457494305895635,
    0.0002637673472094756,
    0.00036233580946098097,
    0.0007274278271544921,
    0.0007096879390363675,
    0.000375510579231742,
    0.0008380804696625985,
    0.0002752152019073858,
    0.0006237759347944246,
    0.0007409284678203814,
    0.0006434571167029941,
    0.0007324469309638792,
    0.0006449976620505705,
    0.00030477753565823397,
    0.0002812032157922504,
    0.00028723616747085875,
    3.456819232691096e-05,
    0.00024329912074935403,
    0.00018518159940670114,
    0.00015630029755647724,
    0.0002915717065141545,
    5.910896119821854e-05,
    0.00028089321501268956,
    0.00019230686698043303,
    0.0005004693954573424,
    0.0004382965266088839,
    2.8994652241952035e-05,
    0.00018149000100652947,
    0.00043609001521083507,
    0.00043794378436799947,
    0.00018557054970364418
  ],
  "mz_fft_pos": [
    0.00036104798295900816,
    0.00186422340430696,
    0.0015597120296524521,
    0.0010205206680190097,
    0.00044659976904148755,
    0.0004543098381494535,
    0.0011281637079165539,
    0.0007474109062693045,
    0.001889662722852788,
    0.0007097807968001454,
    0.000724398652751754,
    0.0018511173957342097,
    0.002108048816771725,
    0.0008678385915014872,
    0.0020162288262627866,
    0.00013025883888465815,
    0.0026607843921084362,
    0.002455690838650064,
    0.0008842047931411613,
    0.001393742709691988,
    0.0011380551312642764,
    0.0009967870298720587,
    0.0014380550224922834,
    0.0014060465745875115,
    0.0012835865346914558,
    9.172098667727051e-05,
    0.0013384581111792334,
    0.0018854580548539545,
    0.002535052784307759,
    0.0021852474767045695,
    0.0017063947849021797,
    0.0008473728487232039,
    0.0005163970472196626,
    0.000914579375721307,
    0.0009734221868484699,
    0.0016536984560265352,
    0.0015305616112742376,
    0.0012683437675019532,
    0.0013722052992525186,
    0.0008777487337548481,
    0.00039033785335386455,
    0.001112423649503398,
    0.0009846017979199052,
    0.0004180724318944413,
    0.0005741200989942825,
    0.0007029116437712344,
    0.0007632057196429502,
    0.0005515489492438391,
    0.00011279306727458513,
    0.00029816701562504136,
    0.0005717735205809636,
    0.0004559785283260835,
    0.00010461371262085342,
    0.0004837154082935154,
    0.0005741101295528288,
    0.0003536627826233707,
    0.00037045802777233196,
    0.0004829771438239416,
    0.0003857826558150426,
    0.0003310139181676125,
    0.0003555247109889562,
    0.00033083722874806417,
    0.000204197981500944,
    5.185330644972752e-05,
    0.00010108889558933111
  ]
}