{
  "positive_frequencies": [
    0.0,
    0.07734375,
    0.1546875,
    0.23203125000000002,
    0.309375,
    0.38671875,
    0.46406250000000004,
    0.54140625,
    0.61875,
    0.6960937500000001,
    0.7734375,
    0.85078125,
    0.9281250000000001,
    1.0054687500000001,
    1.0828125,
    1.16015625,
    1.2375,
    1.31484375,
    1.3921875000000001,
    1.46953125,
    1.546875,
    1.62421875,
    1.7015625,
    1.7789062500000001,
    1.8562500000000002,
    1.93359375,
    2.0109375000000003,
    2.08828125,
    2.165625,
    2.24296875,
    2.3203125,
    2.3976562500000003,
    2.475,
    2.55234375,
    2.6296875,
    2.70703125,
    2.7843750000000003,
    2.86171875,
    2.9390625,
    3.01640625,
    3.09375,
    3.1710937500000003,
    3.2484375,
    3.32578125,
    3.403125,
    3.48046875,
    3.5578125000000003,
    3.63515625,
    3.7125000000000004,
    3.78984375,
    3.8671875,
    3.9445312500000003,
    4.0218750000000005,
    4.09921875,
    4.1765625,
    4.25390625,
    4.33125,
    4.4085937500000005,
    4.4859375,
    4.56328125,
    4.640625,
    4.71796875,
    4.7953125000000005,
    4.87265625,
    4.95
  ],
  "mx_fft_pos": [
    0.0743136260530348,
    0.08204009191324958,
    0.084570642455678,
    0.06235468431206612,
    0.02675101880133121,
    0.007925806187367473,
    0.03694935673576963,
    0.047781962486418285,
    0.044878871874635316,
    0.048022725252360086,
    0.04856513804834261,
    0.048081328966474615,
    0.05470851140271708,
    0.04425883903810683,
    0.0110224452237166,
    0.0426405491314712,
    0.04006480386705388,
    0.004999781876693336,
    0.02432580045392926,
    0.017543663973335972,
    0.002810350076198444,
    0.010798337651756173,
    0.02477237841249234,
    0.039512078767643274,
    0.045565373859268954,
    0.034283210201238055,
    0.01749285850112851,
    0.009158849830235086,
    0.009253834063245757,
    0.006488476716970333,
    0.015980536175825857,
    0.018620711103964266,
    0.011808988862613813,
    0.010897986453482283,
    0.012142904339903329,
    0.00550423101940733,
    0.0009880875592464674,
    0.002640118933125825,
    0.0073924855282208254,
    0.009275331308239659,
    0.006032717332956416,
    0.0021126512323925133,
    0.0020657700513729347,
    0.003100342574424901,
    0.0022584514896824208,
    0.00058368569939217,
    0.0007892809636828625,
    0.0034901035431296997,
    0.003777090508738399,
    0.0008967422588922429,
    0.0014135356910580004,
    0.002655318347045489,
    0.002007500215775876,
    0.0010032778153499196,
    0.001267972042021506,
    0.0008267418745275243,
    0.0004844864598496883,
    0.0005946759264959867,
    0.00038591618760011007,
    0.0005573058195367952,
    0.0001914405472340783,
    0.000489165598494986,
    0.0003755921532362832,
    0.00019523219964712052,
    0.0004949756040218833
  ],
  "my_fft_pos": [
    0.03003046509259179,
    0.04774280247322291,
    0.05285319391996053,
    0.03639421630074901,
    0.026057065270216326,
    0.025350524047868635,
    0.027059555930195472,
    0.0318745343863959,
    0.03654720447487507,
    0.032865251369687466,
    0.030690301855467044,
    0.034911326144701584,
    0.03067537778509961,
    0.0335756186616649,
    0.05061110537625558,
    0.05510629709279272,
    0.02945358481704741,
    0.017602031358148026,
    0.03204359936295981,
    0.03223285057464989,
    0.020631830329006184,
    0.03147396570603633,
    0.0345621102835109,
    0.02679485762014652,
    0.006585967474277668,
    0.016778052353346683,
    0.02246836088097338,
    0.01942713816878719,
    0.01922586375349626,
    0.021810694487903695,
    0.02030495948435213,
    0.012660678924272735,
    0.00843668774052036,
    0.0056254787659673925,
    0.006865950993580432,
    0.005934228718627593,
    0.012876813314187455,
    0.01057874789339998,
    0.00626149135366428,
    0.008521400373077838,
    0.006266359637067334,
    0.004525920014933912,
    0.003994286381649242,
    0.007136942492693413,
    0.008538620503329885,
    0.004689694707369434,
    0.0014117241742710488,
    0.001303652295555409,
    0.001847402170642169,
    0.0011418321739631327,
    0.0022013206905613083,
    0.0017733348602219747,
    0.00029132184161652694,
    0.0009282751392088618,
    0.00017000963917334616,
    0.00023999107636588492,
    0.0016097515860308987,
    0.0011095759494516267,
    0.0009124036196167418,
    0.000449147603907717,
    0.00020887075058165626,
    0.000423678185561296,
    0.0003731185277135907,
    0.00044693443322647397,
    7.868497593199075e-05
  ],
  "mz_fft_pos": [
    0.009445807479782582,
    0.021623525946481842,
    0.035725529286819,
    0.03907445513423314,
    0.025017688987730997,
    0.02670824254629283,
    0.06835201258502001,
    0.04996167305520678,
    0.031815733036069146,
    0.07535346927774464,
    0.06291753757398405,
    0.027739212927822707,
    0.031660276231787354,
    0.007015131600019788,
    0.025535302605156955,
    0.018278438315195666,
    0.023789675776214034,
    0.03612832282408911,
    0.02846554424897945,
    0.017668277062764186,
    0.016119854855518433,
    0.02818435242129685,
    0.033660029006442556,
    0.03001700244429268,
    0.02696274142473711,
    0.02609834491274554,
    0.01801782063836282,
    0.011997994464220542,
    0.009259039783513872,
    0.005531150313611166,
    0.012746877573162523,
    0.014115086527601193,
    0.01165966466894373,
    0.010817268781441148,
    0.009869861199178771,
    0.00884168200397488,
    0.003444096532775752,
    0.00584191628772844,
    0.005867216172299854,
    0.005499930473413148,
    0.003413309112212601,
    0.0017526165570216667,
    0.004150065271397148,
    0.002074981601063297,
    0.0005583462255746028,
    0.0014814821426501715,
    0.0015206297001194428,
    0.0007356065265060618,
    0.00048166335140841426,
    0.00037892751419312025,
    0.0007701186393267783,
    0.0004035428864218967,
    0.0008907532246933883,
    0.0004562709605835618,
    0.0003415662407188132,
    0.0004240914950950098,
    0.0003286445536446127,
    0.00021187440937738583,
    0.00013323729956472039,
    8.531456397164569e-05,
    2.9687776011248884e-05,
    1.783795612640401e-05,
    8.930273883214523e-06,
    7.51797225019695e-07,
    1.4889802230078075e-08
  ]
}