{
  "times": [
    0.0,
    0.10101010101010101,
    0.20202020202020202,
    0.30303030303030304,
    0.40404040404040403,
    0.5050505050505051,
    0.6060606060606061,
    0.7070707070707071,
    0.8080808080808081,
    0.9090909090909091,
    1.0101010101010102,
    1.1111111111111112,
    1.2121212121212122,
    1.3131313131313131,
    1.4141414141414141,
    1.5151515151515151,
    1.6161616161616161,
    1.7171717171717171,
    1.8181818181818181,
    1.9191919191919191,
    2.0202020202020203,
    2.121212121212121,
    2.2222222222222223,
    2.323232323232323,
    2.4242424242424243,
    2.525252525252525,
    2.6262626262626263,
    2.727272727272727,
    2.8282828282828283,
    2.929292929292929,
    3.0303030303030303,
    3.131313131313131,
    3.2323232323232323,
    3.3333333333333335,
    3.4343434343434343,
    3.5353535353535355,
    3.6363636363636362,
    3.7373737373737375,
    3.8383838383838382,
    3.9393939393939394,
    4.040404040404041,
    4.141414141414141,
    4.242424242424242,
    4.343434343434343,
    4.444444444444445,
    4.545454545454545,
    4.646464646464646,
    4.747474747474747,
    4.848484848484849,
    4.94949494949495,
    5.05050505050505,
    5.151515151515151,
    5.252525252525253,
    5.353535353535354,
    5.454545454545454,
    5.555555555555555,
    5.656565656565657,
    5.757575757575758,
    5.858585858585858,
    5.959595959595959,
    6.0606060606060606,
    6.161616161616162,
    6.262626262626262,
    6.363636363636363,
    6.4646464646464645,
    6.565656565656566,
    6.666666666666667,
    6.767676767676767,
    6.8686868686868685,
    6.96969696969697,
    7.070707070707071,
    7.171717171717171,
    7.2727272727272725,
    7.373737373737374,
    7.474747474747475,
    7.575757575757575,
    7.6767676767676765,
    7.777777777777778,
    7.878787878787879,
    7.979797979797979,
    8.080808080808081,
    8.181818181818182,
    8.282828282828282,
    8.383838383838384,
    8.484848484848484,
    8.585858585858587,
    8.686868686868687,
    8.787878787878787,
    8.88888888888889,
    8.98989898989899,
    9.09090909090909,
    9.191919191919192,
    9.292929292929292,
    9.393939393939394,
    9.494949494949495,
    9.595959595959595,
    9.696969696969697,
    9.797979797979798,
    9.8989898989899,
    10.0
  ],
  "mx": [
    1.0,
    0.25250511434172596,
    -0.03695083985947636,
    0.12096454984083782,
    -0.21319200985533712,
    -0.13402128024214255,
    -0.02109490155054333,
    0.0235499435914502,
    -0.05054254723774502,
    -0.03028909847046763,
    0.09346684528694034,
    -0.058248863527387694,
    -0.05941351164226227,
    0.05554118538871143,
    0.006043876025664342,
    -0.008081430276213547,
    0.047839527738955674,
    0.07532391605113326,
    0.1039427217354025,
    0.050034110307778955,
    -0.09895711116053249,
    -0.3141171861815154,
    -0.3148488568778286,
    -0.022790010308880383,
    -0.012185973784952902,
    0.09330499819518354,
    0.11264563825000953,
    0.013029557641141176,
    -0.0006416458107188505,
    0.007764211323465433,
    0.03729142319985325,
    0.029050263671329058,
    0.017393931862805467,
    -0.015408260364808857,
    -0.013465819015190311,
    -0.00019307395966985247,
    -0.0117081352100771,
    0.028924791664391887,
    0.008777975624258624,
    -0.06805339945695865,
    -0.00024036563202904648,
    0.011702510312517542,
    0.2963923331921702,
    0.9979767522474189,
    0.36422688117870133,
    -0.008873966548902658,
    0.011746030811736155,
    0.04353280372087474,
    0.08449013215298742,
    0.04730836862381228,
    -0.008197899934073574,
    0.02107704671640361,
    0.03233740722002758,
    0.01614764473346414,
    -0.02135356675166263,
    -0.060938440230970746,
    -0.027924912719140695,
    -0.00842573527319319,
    -0.0010997065695090339,
    -0.04062573236525248,
    -0.09667000302355931,
    -0.05883569703279691,
    0.0005159764937623844,
    -0.04029497619744319,
    -0.29538814111409695,
    -0.3317104087258559,
    -0.0287525336188878,
    -0.011250423999313895,
    -0.06874611824956381,
    -0.05168873601641144,
    0.0048262307909307635,
    -0.00010914878472442768,
    -0.02094385497324915,
    -0.04716200249053262,
    -0.0069942348617609675,
    -0.0049118132154283446,
    -0.01504227193733676,
    0.018319214203785284,
    0.03073414315512653,
    0.035461784763013815,
    -0.015542775354933045,
    0.04420225376287318,
    0.15278284675760295,
    0.07217446397534646,
    0.015480252054216787,
    0.3075490783270425,
    0.9920181708025548,
    0.3484727656191602,
    -0.029684082544910666,
    0.07939896016029213,
    0.16906810216647855,
    0.05586628917538851,
    -0.012845919839788205,
    0.002961379943558381,
    0.024103327397201644,
    0.039439258394219946,
    0.032962550840016536,
    -0.0058930943028116705,
    -0.027684845203371833,
    -0.05454889310987484
  ],
  "my": [
    0.0,
    -0.012692346115186177,
    0.018452168829799255,
    0.05499729984861791,
    0.007702136403793152,
    -0.004610804665435853,
    -0.0014047845129364137,
    0.0063656772317785895,
    0.01711344015711998,
    0.010154253614774416,
    -0.004235513776681715,
    -0.031530942479847765,
    0.007219362128360138,
    -0.0003395596559641341,
    -0.001886116535227891,
    -0.01239868889002787,
    -0.007063125577853864,
    0.002043121190720258,
    -0.004318394768741238,
    0.014522090054455594,
    0.004474058960926461,
    0.00122496175414451,
    0.004289910759065084,
    0.02642311749032039,
    -0.0024511833606884184,
    0.003960773095909148,
    0.014704697076221542,
    -0.002194559721975911,
    0.013427783677205523,
    0.0043629591338505015,
    -0.006837407645118969,
    0.0013429701691962796,
    -0.008523734616190883,
    0.00966584136333778,
    -0.0007152532839089801,
    -0.010307903191664993,
    0.000847275957811335,
    0.009750262615721036,
    0.010644607072450593,
    -0.001788009725038852,
    -0.009653279515294717,
    -0.0019537685751086506,
    -0.001324637485436562,
    -3.24047144590911e-05,
    -0.012784687042186249,
    0.0013522432814119946,
    -0.00788835914799527,
    -0.004977388402877732,
    0.0028350480311506955,
    0.011803106843299665,
    0.0035871528896474466,
    -0.0007532935359156397,
    0.00587561301822922,
    -0.009025925250556777,
    -0.010505565818880683,
    0.000821567209273237,
    0.00548657567127239,
    0.009954809973218489,
    -0.00595774867961786,
    -0.001440796315924317,
    -0.007111628213393467,
    0.001565885952863684,
    -0.0002990341215301538,
    0.0020856068005596566,
    0.0024786096580373157,
    0.0027463023453593626,
    -0.0015809612046128762,
    -0.010605997470219024,
    -0.0243575644820951,
    -0.0012231209031142041,
    -0.008119919844565015,
    0.0038340011376302705,
    0.00731740270815677,
    -0.015099033865192962,
    -0.002659455593616904,
    0.012728981597507499,
    0.0046044950673290955,
    -0.0051824071773231995,
    0.0034435712879617763,
    0.005574231489819859,
    -0.0021897793453766034,
    -0.0039959545206182685,
    -0.013609674257239395,
    -0.024352088457489585,
    0.0008559739288416357,
    -0.0026626815590495554,
    -8.53054240290836e-06,
    0.007501973719000503,
    -0.008220188362836726,
    -0.01592374117251307,
    -0.0032132241760177357,
    2.3115956279308023e-05,
    0.005394840455781162,
    0.005026656641213143,
    0.004793777908014538,
    0.004896647995392976,
    0.011120446410199613,
    -0.002057629438070284,
    0.0037160267922451153,
    -0.0034848904272303458
  ],