{
  "positive_frequencies": [
    0.0,
    0.07734375,
    0.1546875,
    0.23203125000000002,
    0.309375,
    0.38671875,
    0.46406250000000004,
    0.54140625,
    0.61875,
    0.6960937500000001,
    0.7734375,
    0.85078125,
    0.9281250000000001,
    1.0054687500000001,
    1.0828125,
    1.16015625,
    1.2375,
    1.31484375,
    1.3921875000000001,
    1.46953125,
    1.546875,
    1.62421875,
    1.7015625,
    1.7789062500000001,
    1.8562500000000002,
    1.93359375,
    2.0109375000000003,
    2.08828125,
    2.165625,
    2.24296875,
    2.3203125,
    2.3976562500000003,
    2.475,
    2.55234375,
    2.6296875,
    2.70703125,
    2.7843750000000003,
    2.86171875,
    2.9390625,
    3.01640625,
    3.09375,
    3.1710937500000003,
    3.2484375,
    3.32578125,
    3.403125,
    3.48046875,
    3.5578125000000003,
    3.63515625,
    3.7125000000000004,
    3.78984375,
    3.8671875,
    3.9445312500000003,
    4.0218750000000005,
    4.09921875,
    4.1765625,
    4.25390625,
    4.33125,
    4.4085937500000005,
    4.4859375,
    4.56328125,
    4.640625,
    4.71796875,
    4.7953125000000005,
    4.87265625,
    4.95
  ],
  "mx_fft_pos": [
    0.022686620654797693,
    0.022437777026087354,
    0.04433962902126595,
    0.05937437983958418,
    0.04315916247871912,
    0.022071690306790487,
    0.022416427031365795,
    0.02200870448026463,
    0.03360488759884503,
    0.04692220876172314,
    0.03226931560594422,
    0.01697848121019071,
    0.015872321079474203,
    0.018987115008190922,
    0.03554756375451271,
    0.04575728952508233,
    0.030055861616928064,
    0.01781970725741499,
    0.018314242490725097,
    0.02212787347149479,
    0.03475363153559196,
    0.04123277221858554,
    0.02713974024224641,
    0.018743377739336996,
    0.01763105164505969,
    0.019784282219703946,
    0.03484884386333126,
    0.0402365917006716,
    0.026575051786387117,
    0.016196009855258566,
    0.014666775944098497,
    0.011418883114905791,
    0.02538562624367356,
    0.028946573017716942,
    0.01750160780484209,
    0.008508559433524215,
    0.010781577343802161,
    0.010458215412838196,
    0.01942228109676745,
    0.022323227769229965,
    0.012468860370135339,
    0.008408894979132898,
    0.011587210388311548,
    0.012570529726395108,
    0.017733007471700712,
    0.01872075382870214,
    0.012705930710834028,
    0.010562581651777446,
    0.010306701390886925,
    0.010605102920753673,
    0.014425851643227551,
    0.013838003725847058,
    0.00796531337619874,
    0.006902308950820118,
    0.005480392467466072,
    0.0044994065431965095,
    0.008226249479663961,
    0.009542715182944339,
    0.00614219943088455,
    0.006558481818170918,
    0.006151477599202479,
    0.0048828077114040766,
    0.006651163927669283,
    0.006581950894694655,
    0.0041511186684767875
  ],
  "my_fft_pos": [
    0.0004442444116065151,
    0.001121214437037305,
    0.0008139136855368436,
    0.0005107980182399781,
    0.0010259285894255457,
    0.001141805074851667,
    0.00036820732177891494,
    0.0008505597512053798,
    0.0002523805722827179,
    0.0012164530726489955,
    0.001692970678456892,
    0.0011729784167734847,
    0.0005134404167955298,
    0.0006558688503149142,
    0.0007243580620220097,
    0.0006933959484811144,
    0.000929214976436877,
    0.0014472492838945783,
    0.0017888398960867625,
    0.0014385647562310823,
    0.00108880923207265,
    0.000974193565734153,
    0.0005377324215446362,
    0.0005113893178096867,
    0.0009988706525006176,
    0.0005379579925647235,
    0.0012390644953233815,
    0.002060816573966095,
    0.0012447761469946937,
    0.00021590087334072438,
    0.00044539884534998614,
    0.0006131980785675897,
    0.0005771653387660461,
    0.0010381809229969465,
    0.0013212808185685077,
    0.0010881165390783818,
    0.0006730191338324724,
    0.0003464067784003407,
    0.0007207042903367379,
    0.0013831296726226328,
    0.0007845131447714726,
    0.0003504533557289972,
    0.0003437382865386311,
    0.0009196185201894584,
    0.0012663012865875556,
    0.0005189573632708827,
    0.0005597972316704317,
    0.0008660203151845164,
    0.0005915221276900076,
    0.0006683848328629305,
    0.0010985555850198754,
    0.0005322119596729173,
    0.0005977959376931752,
    0.0013909351463979361,
    0.0013619066012313305,
    0.0007917066234908698,
    0.0002238398148463218,
    0.00036353348763279176,
    0.0006846776999627109,
    0.0004916905918108879,
    0.00023550908167435886,
    0.0002947019163071631,
    0.0004394577574176714,
    0.0009808632451176408,
    0.0011384904372701205
  ],
  "mz_fft_pos": [
    0.0073110522729420546,
    0.006028581634783517,
    0.011305538831467711,
    0.012177800849400408,
    0.008394802965236835,
    0.005425359031008234,
    0.0033873848893264252,
    0.002930316780891119,
    0.006274666267107332,
    0.010784012380086794,
    0.010380482602951276,
    0.006791544461692356,
    0.0010499418414332395,
    0.004985052026106515,
    0.00693690869167553,
    0.008778163857209297,
    0.005611219549571651,
    0.00257419965439261,
    0.004650310009133683,
    0.0056090316461424915,
    0.01344779241610545,
    0.015436647226894872,
    0.008511262701935626,
    0.006829011700733898,
    0.008456610016524903,
    0.013099278457178662,
    0.024043885411190402,
    0.025827533744783148,
    0.016636412512800514,
    0.010570809565189934,
    0.0063475293855501,
    0.008380701436481964,
    0.020130992555595834,
    0.018429189228161745,
    0.010363512841050446,
    0.006079337315838036,
    0.006619475616012361,
    0.006272914409218705,
    0.011742413563733366,
    0.011768448319661173,
    0.0036191770546828168,
    0.0009338533874991126,
    0.0028943065121864236,
    0.008323851026462355,
    0.01449026537234228,
    0.014936133471804041,
    0.00937683291459996,
    0.0058654228075634175,
    0.004871779910536492,
    0.005458984533142462,
    0.00965881649735005,
    0.01099958216894692,
    0.00555458325980617,
    0.0003711530729745954,
    0.001494537616804515,
    0.0018766942020519075,
    0.006493348776794306,
    0.006742167757229558,
    0.0018192994220331254,
    0.0018503417686905215,
    0.001370179822444057,
    0.0008211611575865473,
    0.003653119764950665,
    0.004266729777911274,
    0.0026354917651585253
  ]
}