{
  "positive_frequencies": [
    0.0,
    0.07734375,
    0.1546875,
    0.23203125000000002,
    0.309375,
    0.38671875,
    0.46406250000000004,
    0.54140625,
    0.61875,
    0.6960937500000001,
    0.7734375,
    0.85078125,
    0.9281250000000001,
    1.0054687500000001,
    1.0828125,
    1.16015625,
    1.2375,
    1.31484375,
    1.3921875000000001,
    1.46953125,
    1.546875,
    1.62421875,
    1.7015625,
    1.7789062500000001,
    1.8562500000000002,
    1.93359375,
    2.0109375000000003,
    2.08828125,
    2.165625,
    2.24296875,
    2.3203125,
    2.3976562500000003,
    2.475,
    2.55234375,
    2.6296875,
    2.70703125,
    2.7843750000000003,
    2.86171875,
    2.9390625,
    3.01640625,
    3.09375,
    3.1710937500000003,
    3.2484375,
    3.32578125,
    3.403125,
    3.48046875,
    3.5578125000000003,
    3.63515625,
    3.7125000000000004,
    3.78984375,
    3.8671875,
    3.9445312500000003,
    4.0218750000000005,
    4.09921875,
    4.1765625,
    4.25390625,
    4.33125,
    4.4085937500000005,
    4.4859375,
    4.56328125,
    4.640625,
    4.71796875,
    4.7953125000000005,
    4.87265625,
    4.95
  ],
  "mx_fft_pos": [
    0.0743136260530348,
    0.08204009191324958,
    0.08457064245567798,
    0.06235468431206612,
    0.026751018801331208,
    0.007925806187367473,
    0.03694935673576963,
    0.047781962486418285,
    0.04487887187463531,
    0.048022725252360086,
    0.04856513804834261,
    0.0480813289664746,
    0.054708511402717076,
    0.04425883903810683,
    0.0110224452237166,
    0.04264054913147119,
    0.040064803867053855,
    0.004999781876693327,
    0.02432580045392926,
    0.017543663973335975,
    0.002810350076198445,
    0.010798337651756173,
    0.024772378412492344,
    0.03951207876764328,
    0.045565373859268954,
    0.03428321020123806,
    0.017492858501128524,
    0.009158849830235087,
    0.00925383406324575,
    0.0064884767169703225,
    0.015980536175825864,
    0.018620711103964273,
    0.011808988862613818,
    0.01089798645348228,
    0.01214290433990332,
    0.00550423101940732,
    0.0009880875592464787,
    0.0026401189331258235,
    0.007392485528220815,
    0.009275331308239656,
    0.006032717332956416,
    0.0021126512323925107,
    0.0020657700513729347,
    0.0031003425744249064,
    0.0022584514896824294,
    0.000583685699392187,
    0.0007892809636828666,
    0.0034901035431297005,
    0.0037770905087384037,
    0.0008967422588922508,
    0.0014135356910579958,
    0.002655318347045486,
    0.0020075002157758804,
    0.0010032778153499112,
    0.0012679720420214952,
    0.000826741874527524,
    0.00048448645984968986,
    0.0005946759264959967,
    0.0003859161876000992,
    0.0005573058195367913,
    0.0001914405472340736,
    0.0004891655984949793,
    0.00037559215323628917,
    0.00019523219964711274,
    0.0004949756040218922
  ],
  "my_fft_pos": [
    0.03003046509259179,
    0.04774280247322291,
    0.05285319391996052,
    0.03639421630074901,
    0.026057065270216322,
    0.025350524047868642,
    0.027059555930195472,
    0.0318745343863959,
    0.03654720447487507,
    0.03286525136968746,
    0.030690301855467044,
    0.0349113261447016,
    0.03067537778509961,
    0.03357561866166491,
    0.050611105376255565,
    0.05510629709279272,
    0.02945358481704741,
    0.01760203135814802,
    0.03204359936295982,
    0.03223285057464989,
    0.020631830329006184,
    0.03147396570603633,
    0.034562110283510916,
    0.02679485762014652,
    0.006585967474277671,
    0.016778052353346683,
    0.02246836088097339,
    0.019427138168787203,
    0.019225863753496275,
    0.02181069448790371,
    0.020304959484352136,
    0.012660678924272742,
    0.008436687740520362,
    0.005625478765967394,
    0.006865950993580429,
    0.005934228718627593,
    0.012876813314187465,
    0.010578747893399998,
    0.0062614913536642915,
    0.00852140037307784,
    0.006266359637067337,
    0.004525920014933912,
    0.0039942863816492345,
    0.0071369424926934055,
    0.008538620503329878,
    0.004689694707369438,
    0.0014117241742710469,
    0.0013036522955554236,
    0.0018474021706421729,
    0.0011418321739631416,
    0.0022013206905613166,
    0.0017733348602219886,
    0.0002913218416165229,
    0.0009282751392088616,
    0.00017000963917335142,
    0.00023999107636588936,
    0.001609751586030903,
    0.0011095759494516267,
    0.0009124036196167387,
    0.00044914760390771046,
    0.00020887075058165157,
    0.00042367818556129385,
    0.00037311852771359496,
    0.0004469344332264751,
    7.868497593200408e-05
  ],
  "mz_fft_pos": [
    0.009445807479782574,
    0.02162352594648185,
    0.035725529286819,
    0.03907445513423313,
    0.025017688987730987,
    0.02670824254629284,
    0.06835201258502002,
    0.04996167305520677,
    0.031815733036069146,
    0.07535346927774464,
    0.06291753757398406,
    0.027739212927822707,
    0.03166027623178735,
    0.007015131600019788,
    0.025535302605156955,
    0.018278438315195662,
    0.02378967577621403,
    0.03612832282408911,
    0.02846554424897945,
    0.017668277062764172,
    0.01611985485551842,
    0.028184352421296847,
    0.03366002900644256,
    0.03001700244429268,
    0.02696274142473711,
    0.026098344912745538,
    0.01801782063836282,
    0.011997994464220542,
    0.009259039783513863,
    0.005531150313611161,
    0.012746877573162537,
    0.014115086527601206,
    0.011659664668943748,
    0.01081726878144116,
    0.009869861199178775,
    0.008841682003974883,
    0.003444096532775752,
    0.005841916287728442,
    0.005867216172299858,
    0.005499930473413155,
    0.003413309112212609,
    0.0017526165570216762,
    0.0041500652713971475,
    0.0020749816010632942,
    0.0005583462255746071,
    0.0014814821426501704,
    0.0015206297001194354,
    0.0007356065265060523,
    0.0004816633514083997,
    0.0003789275141931367,
    0.000770118639326795,
    0.00040354288642188826,
    0.0008907532246933824,
    0.000456270960583548,
    0.0003415662407188058,
    0.00042409149509499373,
    0.0003286445536446065,
    0.0002118744093773825,
    0.00013323729956472703,
    8.531456397163695e-05,
    2.968777601124209e-05,
    1.7837956126407467e-05,
    8.930273883214523e-06,
    7.517972250199822e-07,
    1.4889802237849637e-08
  ]
}