{
  "times": [
    0.0,
    0.10101010101010101,
    0.20202020202020202,
    0.30303030303030304,
    0.40404040404040403,
    0.5050505050505051,
    0.6060606060606061,
    0.7070707070707071,
    0.8080808080808081,
    0.9090909090909091,
    1.0101010101010102,
    1.1111111111111112,
    1.2121212121212122,
    1.3131313131313131,
    1.4141414141414141,
    1.5151515151515151,
    1.6161616161616161,
    1.7171717171717171,
    1.8181818181818181,
    1.9191919191919191,
    2.0202020202020203,
    2.121212121212121,
    2.2222222222222223,
    2.323232323232323,
    2.4242424242424243,
    2.525252525252525,
    2.6262626262626263,
    2.727272727272727,
    2.8282828282828283,
    2.929292929292929,
    3.0303030303030303,
    3.131313131313131,
    3.2323232323232323,
    3.3333333333333335,
    3.4343434343434343,
    3.5353535353535355,
    3.6363636363636362,
    3.7373737373737375,
    3.8383838383838382,
    3.9393939393939394,
    4.040404040404041,
    4.141414141414141,
    4.242424242424242,
    4.343434343434343,
    4.444444444444445,
    4.545454545454545,
    4.646464646464646,
    4.747474747474747,
    4.848484848484849,
    4.94949494949495,
    5.05050505050505,
    5.151515151515151,
    5.252525252525253,
    5.353535353535354,
    5.454545454545454,
    5.555555555555555,
    5.656565656565657,
    5.757575757575758,
    5.858585858585858,
    5.959595959595959,
    6.0606060606060606,
    6.161616161616162,
    6.262626262626262,
    6.363636363636363,
    6.4646464646464645,
    6.565656565656566,
    6.666666666666667,
    6.767676767676767,
    6.8686868686868685,
    6.96969696969697,
    7.070707070707071,
    7.171717171717171,
    7.2727272727272725,
    7.373737373737374,
    7.474747474747475,
    7.575757575757575,
    7.6767676767676765,
    7.777777777777778,
    7.878787878787879,
    7.979797979797979,
    8.080808080808081,
    8.181818181818182,
    8.282828282828282,
    8.383838383838384,
    8.484848484848484,
    8.585858585858587,
    8.686868686868687,
    8.787878787878787,
    8.88888888888889,
    8.98989898989899,
    9.09090909090909,
    9.191919191919192,
    9.292929292929292,
    9.393939393939394,
    9.494949494949495,
    9.595959595959595,
    9.696969696969697,
    9.797979797979798,
    9.8989898989899,
    10.0
  ],
  "mx": [
    1.0,
    0.6389329318076069,
    0.24768908260240666,
    0.18285115563224003,
    0.10127817845352424,
    0.06758395920653612,
    0.057635474303428365,
    0.03909921736931302,
    0.039395783370659576,
    0.04779483917079706,
    0.026161719936747888,
    0.04448914247535488,
    0.02521070536771746,
    -0.003646155718399002,
    0.015844271711690686,
    0.020855180101704167,
    -0.0050638598433833774,
    -0.0067063048109250725,
    0.010676743718950839,
    -0.016103774772281962,
    -0.0192304346222341,
    0.0033094727431522636,
    0.008633163348794283,
    0.00037140080299871703,
    -0.015964796791716116,
    -0.0018804221630879278,
    -0.0033718433739127313,
    0.013495436084970924,
    0.005476678193258313,
    -0.02361138783376007,
    -0.00336939420216193,
    0.027487796965140008,
    0.015602744937140792,
    -0.01070917924556193,
    -0.01634961044406882,
    -0.018108146829046504,
    -0.011633109007201832,
    0.010269134772971011,
    0.016462689365413483,
    -0.008896770469681875,
    -0.0016315893236251195,
    0.012648403981464131,
    -0.003089245157842534,
    -0.027691298260039795,
    -0.031882291385312796,
    -0.009212392550310707,
    -0.009191836943738728,
    -0.005047342332633548,
    0.016077807850520657,
    0.024080538100459212,
    0.024100720887996304,
    0.0382373992687966,
    0.05362693988187528,
    0.07431360594141247,
    0.06360500444214995,
    0.05835384239112994,
    0.06469693701536976,
    0.07323004519826262,
    0.053548277959898,
    0.029115859917596805,
    0.03721290848183351,
    0.03020274785961713,
    0.0130466736448813,
    0.035621196299866216,
    0.04274092427657415,
    0.03170802761700664,
    0.01318858086776619,
    0.004740252491448548,
    0.01121059550686141,
    0.003871999511232545,
    0.003776329383432751,
    0.007514178760652058,
    0.01358823656962769,
    -0.01489792610192853,
    -0.007802805568555169,
    0.017837844252239027,
    0.0056667815099923306,
    0.01697958133206251,
    0.00028379392017361684,
    0.01617496050079592,
    0.03084604717199259,
    0.036447710163750674,
    -0.0032485500174614748,
    -0.003382274228489932,
    -0.001856807245647198,
    -0.0038705057858386275,
    0.014534961834470957,
    0.019091840551929154,
    0.012116645502009159,
    -0.00873570823360382,
    -0.002930856558139849,
    -0.0027827685192175072,
    -0.0005420132648805289,
    0.01810338101590998,
    -0.0034889944374809525,
    0.0010753525123100433,
    -0.007071791310280576,
    -0.02840012332774453,
    -0.007829536331748078,
    0.004865967100786761
  ],
  "my": [
    0.0,
    0.13905496122531455,
    0.07809369338442454,
    0.038858849763903205,
    0.014337224809466543,
    0.034803289882526414,
    0.035834312754889186,
    0.04721777134848738,
    0.026043282586273524,
    0.022793425980075742,
    0.01753825392884483,
    0.042050365692998505,
    0.024854097012372497,
    0.015670052565177978,
    -0.02227946329059557,
    -0.003585229533494275,
    -0.004115427441934901,
    -0.021988819842858873,
    -0.010911577190981306,
    -0.007989653566555167,
    -0.008548853453477119,
    -0.015074963076277405,
    -0.019254503113469282,
    -0.012397877866357257,
    0.00620750459089159,
    0.018258743876363233,
    0.03441941844703431,
    0.027006167775137275,
    0.000482466052621213,
    -0.02492674345220249,
    -0.010459780011613407,
    0.0015596558006060056,
    -0.021538522496082062,
    0.004481401037016938,
    -0.0014132295286057197,
    0.014879570245801603,
    0.01237205388951787,
    0.02524230718633921,
    0.02973447350701693,
    0.030339979648526923,
    0.008918306855457688,
    -0.0009088601927751482,
    0.00548594746685254,
    0.006039828664182709,
    0.001324240222826813,
    -7.176868721732647e-05,
    -0.006197702367261118,
    -0.008759688135396312,
    -0.004436036004493664,
    -0.021401427762006726,
    -0.041009814410548864,
    -0.03373254028745332,
    -0.02546091968661203,
    0.010655367071392995,
    0.016040200750292888,
    -0.016655508557200705,
    -0.02625161735224684,
    -0.01728619044147586,
    -0.007190342786098081,
    0.014484708520349523,
    0.014452951455772254,
    0.011063934881504776,
    0.001790293009762686,
    0.024077085364647286,
    0.009985910793937992,
    -0.00208883870678275,
    0.0030106034127803365,
    -0.0024519727102681388,
    0.014220230791058953,
    0.0038652170453172385,
    0.02910170791191549,
    0.008199328701663823,
    -0.005733530579309182,
    0.008292313935029936,
    0.005341521955214329,
    0.0018923683027468562,
    0.008540756155915964,
    0.01767571779430636,
    0.011770486490508906,
    0.0011054663826591171,
    -0.008819457968556106,
    -0.005086513668122639,
    0.01515795911217114,
    0.021029493633828597,
    -0.0007605300860451324,
    -0.010196487326962097,
    -0.031908280696089385,
    -0.015749508342987047,
    0.008459410760053295,
    0.006197783700589409,
    -0.0040009894579159135,
    0.026068232267050597,
    -0.009142980612067994,
    0.01689394188612854,
    0.03167184850659915,
    0.0025649772516914263,
    -0.028856227676696385,
    -0.01787896351279473,
    -0.007667993577158745,
    -0.02405629265466689
  ],