{
  "times": [
    0.0,
    0.10101010101010101,
    0.20202020202020202,
    0.30303030303030304,
    0.40404040404040403,
    0.5050505050505051,
    0.6060606060606061,
    0.7070707070707071,
    0.8080808080808081,
    0.9090909090909091,
    1.0101010101010102,
    1.1111111111111112,
    1.2121212121212122,
    1.3131313131313131,
    1.4141414141414141,
    1.5151515151515151,
    1.6161616161616161,
    1.7171717171717171,
    1.8181818181818181,
    1.9191919191919191,
    2.0202020202020203,
    2.121212121212121,
    2.2222222222222223,
    2.323232323232323,
    2.4242424242424243,
    2.525252525252525,
    2.6262626262626263,
    2.727272727272727,
    2.8282828282828283,
    2.929292929292929,
    3.0303030303030303,
    3.131313131313131,
    3.2323232323232323,
    3.3333333333333335,
    3.4343434343434343,
    3.5353535353535355,
    3.6363636363636362,
    3.7373737373737375,
    3.8383838383838382,
    3.9393939393939394,
    4.040404040404041,
    4.141414141414141,
    4.242424242424242,
    4.343434343434343,
    4.444444444444445,
    4.545454545454545,
    4.646464646464646,
    4.747474747474747,
    4.848484848484849,
    4.94949494949495,
    5.05050505050505,
    5.151515151515151,
    5.252525252525253,
    5.353535353535354,
    5.454545454545454,
    5.555555555555555,
    5.656565656565657,
    5.757575757575758,
    5.858585858585858,
    5.959595959595959,
    6.0606060606060606,
    6.161616161616162,
    6.262626262626262,
    6.363636363636363,
    6.4646464646464645,
    6.565656565656566,
    6.666666666666667,
    6.767676767676767,
    6.8686868686868685,
    6.96969696969697,
    7.070707070707071,
    7.171717171717171,
    7.2727272727272725,
    7.373737373737374,
    7.474747474747475,
    7.575757575757575,
    7.6767676767676765,
    7.777777777777778,
    7.878787878787879,
    7.979797979797979,
    8.080808080808081,
    8.181818181818182,
    8.282828282828282,
    8.383838383838384,
    8.484848484848484,
    8.585858585858587,
    8.686868686868687,
    8.787878787878787,
    8.88888888888889,
    8.98989898989899,
    9.09090909090909,
    9.191919191919192,
    9.292929292929292,
    9.393939393939394,
    9.494949494949495,
    9.595959595959595,
    9.696969696969697,
    9.797979797979798,
    9.8989898989899,
    10.0
  ],
  "mx": [
    1.0,
    0.041685774218729515,
    0.1737674344341247,
    -0.1949711451533795,
    -0.09814574766857692,
    0.0130613593151334,
    -0.03492378276024795,
    -0.01486949274347397,
    0.06799496064556175,
    -0.08460820464928116,
    0.057774644587753186,
    -0.02223101466650419,
    0.03432823342941028,
    0.07553042781744924,
    0.11003682129529066,
    -0.046069172884743693,
    -0.2768136207947599,
    -0.25183915517997935,
    -0.01850839433935808,
    0.06902909952764359,
    0.10722486676349707,
    -0.005514035180508003,
    0.004230756070692378,
    0.03729142319985312,
    0.030952854200153413,
    -0.003639076821941749,
    -0.014207438886870016,
    0.00014536164401540637,
    -0.0005277124869950705,
    0.02542855025027832,
    -0.06510786423363947,
    0.006215974451733412,
    0.1481700719837868,
    1.0,
    0.1350559223628686,
    0.0008831860275111958,
    0.04126975332206294,
    0.08444354392286697,
    0.003009651113930089,
    0.01551755064076778,
    0.027746711275362834,
    0.004123895525010038,
    -0.062259942018035884,
    -0.027485385441805187,
    0.007586827146447405,
    -0.024039415024145912,
    -0.0966700030235593,
    -0.032286423163176925,
    -0.00645859846119449,
    -0.26723677502627197,
    -0.259747491368678,
    0.011252999046824596,
    -0.06582844652985323,
    -0.04886062371179916,
    0.016146990115271858,
    -0.015888347056625764,
    -0.046861002046174105,
    0.003714801492577418,
    -0.019987700704117345,
    0.01595959996578787,
    0.0278599292738878,
    0.00711351545672214,
    0.028401603131068636,
    0.15196019292565577,
    0.025721760212397145,
    0.1858666562590646,
    1.0,
    0.0818656501804441,
    0.03818104013223511,
    0.16906810216647822,
    0.015426899115023323,
    0.005910552587397094,
    0.02057402536259451,
    0.031902240456779495,
    0.022829772762300315,
    -0.026987910371221065,
    -0.055187037454164464,
    -0.007434065767662158,
    0.008941947994892015,
    -0.11673802255131802,
    -0.07669919572236364,
    -0.004943005359040469,
    -0.26459301703957927,
    -0.25705457565791545,
    0.02623681998888593,
    -0.05515710449649737,
    -0.08929326933458726,
    -0.03204695148934319,
    -0.0037215847142756595,
    -0.02879307346549796,
    0.07218037794737302,
    -0.008591509937079585,
    0.01418677287141803,
    0.018595095908842486,
    0.0030666456736012796,
    0.06504149198856157,
    -0.001835168658554226,
    0.013199031562312252,
    0.13542950037917306,
    0.9999999999999998
  ],
  "my": [
    0.0,
    0.0010018190300979002,
    0.10304675587920639,
    0.008327781621737055,
    -0.009191494563261278,
    0.005280123332095877,
    0.017750220076993187,
    0.009712184055652487,
    -0.026161302349276116,
    0.0006477673184639213,
    -0.00026394287645356286,
    -0.0011644242271544574,
    -0.010734434365069318,
    0.0026781674658902634,
    -0.0025892085842546763,
    0.007428493674899024,
    0.001886595872831567,
    0.007856312787206495,
    0.016999035795195707,
    -0.00039739453113930265,
    0.013460679644382434,
    -0.0006659309258704176,
    0.008659868631393662,
    -0.006837407645118952,
    -0.00569880055929526,
    0.00703225109401398,
    0.0008627061201536121,
    -0.011482703658578678,
    -5.964969077998025e-05,
    0.007917126163062876,
    -0.004193833822745192,
    -0.001951992811292156,
    0.0009609801250636494,
    -2.5045070184415154e-18,
    -0.013898454105084678,
    -0.0023706090029770024,
    -0.005513456713930929,
    0.009723156940875366,
    0.001490686196000369,
    -0.001962156322455479,
    0.003238003022393464,
    -0.0026108841045035134,
    -0.009476469174691337,
    0.006431937424651334,
    0.0029915744184337424,
    -0.0005743830891390704,
    -0.007111628213393353,
    0.005787038427087698,
    0.00275367681763328,
    0.0029483283004079655,
    0.00624490385546443,
    -0.010963968827652411,
    -0.024304406144595597,
    -0.0002677125326416027,
    -0.001761271532388162,
    0.006860828190068805,
    -0.015204573970105734,
    0.009123104617565362,
    -0.001378150144245438,
    -0.006088266403299134,
    0.0012220489113793532,
    0.0032508878750408788,
    -0.0055583728352748794,
    -0.017968129916831135,
    -0.012866589105815637,
    -0.004083981787302838,
    7.395570986446985e-33,
    0.005410234780470867,
    -0.03826369542562817,
    -0.0032132241760179404,
    0.004819329316138019,
    0.0048276795181387885,
    0.0017831391308879355,
    0.002226577190492212,
    -0.002346075511997228,
    0.005649961798301776,
    -0.0049172640742928524,
    0.003078653456901976,
    0.00673595141674814,
    -0.002338613972658155,
    -0.0026168196843005765,
    -0.001685817837032949,
    -0.002642517393058875,
    -0.005983586154239251,
    0.004352025886167536,
    -0.016293373581186762,
    0.00804726301239481,
    0.008208192701702281,
    0.0036146642306872463,
    -0.014230208814038147,
    0.00581808541281218,
    0.001846911832406035,
    0.003740876915782254,
    0.014038101883343734,
    0.008995379244396853,
    0.003492141706197295,
    -0.009891617215490964,
    0.01001760731636115,
    0.017638050815513912,
    -5.464378949326942e-18
  ],