{
  "positive_frequencies": [
    0.0,
    0.07734375,
    0.1546875,
    0.23203125000000002,
    0.309375,
    0.38671875,
    0.46406250000000004,
    0.54140625,
    0.61875,
    0.6960937500000001,
    0.7734375,
    0.85078125,
    0.9281250000000001,
    1.0054687500000001,
    1.0828125,
    1.16015625,
    1.2375,
    1.31484375,
    1.3921875000000001,
    1.46953125,
    1.546875,
    1.62421875,
    1.7015625,
    1.7789062500000001,
    1.8562500000000002,
    1.93359375,
    2.0109375000000003,
    2.08828125,
    2.165625,
    2.24296875,
    2.3203125,
    2.3976562500000003,
    2.475,
    2.55234375,
    2.6296875,
    2.70703125,
    2.7843750000000003,
    2.86171875,
    2.9390625,
    3.01640625,
    3.09375,
    3.1710937500000003,
    3.2484375,
    3.32578125,
    3.403125,
    3.48046875,
    3.5578125000000003,
    3.63515625,
    3.7125000000000004,
    3.78984375,
    3.8671875,
    3.9445312500000003,
    4.0218750000000005,
    4.09921875,
    4.1765625,
    4.25390625,
    4.33125,
    4.4085937500000005,
    4.4859375,
    4.56328125,
    4.640625,
    4.71796875,
    4.7953125000000005,
    4.87265625,
    4.95
  ],
  "mx_fft_pos": [
    0.02487141359368323,
    0.016169254069601104,
    0.013455451054354861,
    0.05111627872026502,
    0.06583787681447521,
    0.042754957068739746,
    0.005538990793661336,
    0.018600097142362156,
    0.024607992206691597,
    0.016949075680838283,
    0.007815032272373812,
    0.03753187252707763,
    0.04392823252147388,
    0.021547372521071095,
    0.005010606512640067,
    0.01711810609103055,
    0.01751632203511791,
    0.007487442672919302,
    0.01727473771802656,
    0.03953581870158659,
    0.0367556023723344,
    0.011423784960517746,
    0.011648547674556307,
    0.01896697970726086,
    0.017390452120742864,
    0.007719847085450603,
    0.020649004830289804,
    0.03680250028498421,
    0.028598866399713492,
    0.005613317326572855,
    0.014332169895669288,
    0.020276326099355924,
    0.014063540132343772,
    0.006853271813454751,
    0.03392083607431216,
    0.0451097333371663,
    0.030042795975763953,
    0.004525895493043244,
    0.014133464951521678,
    0.019106207071385318,
    0.011904311164440405,
    0.012592040984535764,
    0.03383952274633266,
    0.03791829745715391,
    0.022592007198026818,
    0.0055563363119581185,
    0.016215545233711322,
    0.01847583739122026,
    0.008954740704391975,
    0.010341664875544459,
    0.02556548732324006,
    0.02482153624083501,
    0.009819613646499616,
    0.008294789320476248,
    0.01828676896926143,
    0.0168899080623642,
    0.004400888515505987,
    0.01246070918122401,
    0.022127029824522023,
    0.018293025351809565,
    0.004872196277375373,
    0.013216874576108071,
    0.02043274722323524,
    0.01533139190542079,
    0.005915373848990761
  ],
  "my_fft_pos": [
    0.0015870158188406385,
    0.0016538939775120423,
    0.0012205012207159062,
    0.0006973307167018334,
    0.001079039478324651,
    0.0007728054986318804,
    0.0003559293770719006,
    0.0010360603584125229,
    0.0008825921581364063,
    0.0012690351548087133,
    0.0009830958828132403,
    0.0006400060206247132,
    0.0009757171765946758,
    0.001112130551064244,
    0.0010481025261138868,
    0.0009303837159565045,
    0.0007362504840001215,
    0.00038569661345719584,
    0.00035941711649311404,
    0.00033260436128412145,
    0.000397721783356989,
    0.0013354056076461344,
    0.0019928336361095754,
    0.002157022882686048,
    0.0016965055508343144,
    0.0009908008585089744,
    0.00040145392859693775,
    0.0003254953861545214,
    0.0007755019893545747,
    0.000997230691756086,
    0.0015033018287489335,
    0.0017873620056016962,
    0.0013910169991364618,
    0.0003327524134141004,
    0.0012181773579937368,
    0.0015320234196697395,
    0.001228069765491173,
    0.0012272474410866185,
    0.001215679350362783,
    0.0011629123121776922,
    0.0012775249505555886,
    0.0010601059113907669,
    0.0003410221393100122,
    0.0006877527895586512,
    0.0012509088968036637,
    0.0008818442060135447,
    0.000512894985505734,
    0.0007547781624998259,
    0.00041924796495199237,
    0.00028846757697275624,
    0.00026750562270266636,
    0.0011424779068683719,
    0.0015539550886373961,
    0.0012885475462346696,
    0.0010694768622890672,
    0.0009913956965179492,
    0.0005880965786684362,
    0.0008623704998742417,
    0.001008288749276863,
    0.00021560791769110077,
    0.0006228569018980665,
    0.00014787447374312585,
    0.0011844460574523693,
    0.001708721320216649,
    0.0018382558954602112
  ],
  "mz_fft_pos": [
    0.007485613874031778,
    0.007194624384931259,
    0.008244692037148333,
    0.008242346165794712,
    0.006594665858933573,
    0.005171145706931416,
    0.0023268487560979306,
    0.0036964402386965045,
    0.0035437751497049454,
    0.0012359583639965633,
    0.0029424057576673667,
    0.006408250054040474,
    0.006327471445730652,
    0.005469610582139715,
    0.003840463619484416,
    0.002325138691321392,
    0.0020198967481179224,
    0.00452033502703858,
    0.00022817247122604737,
    0.006749274176251616,
    0.005328180613974536,
    0.0018480501063782473,
    0.004773556600574,
    0.0036206013820146636,
    0.006409138571347155,
    0.00200652367454968,
    0.010202471602639117,
    0.014855199905683262,
    0.009226009698812201,
    0.00029395151835891756,
    0.004383906222742029,
    0.005559487927542175,
    0.004908813662973302,
    0.00571438205053179,
    0.019656732150217286,
    0.02414685556598014,
    0.014192629140115287,
    0.005077094259255438,
    0.00572788917980515,
    0.005471885598072896,
    0.0041420583088610345,
    0.012927556551649622,
    0.022550682156144225,
    0.02029316455521016,
    0.01022324678720073,
    0.0024225605871613745,
    0.002314354272034021,
    0.0018765919307678354,
    0.0027504965724441262,
    0.003469184119280804,
    0.01194287832007963,
    0.011417285437242268,
    0.005708344527913793,
    0.004794308025295452,
    0.006681354522842545,
    0.005976806107877552,
    0.006406670911680016,
    0.009090192912571082,
    0.01329115607861913,
    0.01026725246361006,
    0.0035783471585434405,
    0.0030320258857258063,
    0.00501415842081749,
    0.0014019451612702469,
    0.002385787511620711
  ]
}