{
  "positive_frequencies": [
    0.0,
    0.07734375,
    0.1546875,
    0.23203125000000002,
    0.309375,
    0.38671875,
    0.46406250000000004,
    0.54140625,
    0.61875,
    0.6960937500000001,
    0.7734375,
    0.85078125,
    0.9281250000000001,
    1.0054687500000001,
    1.0828125,
    1.16015625,
    1.2375,
    1.31484375,
    1.3921875000000001,
    1.46953125,
    1.546875,
    1.62421875,
    1.7015625,
    1.7789062500000001,
    1.8562500000000002,
    1.93359375,
    2.0109375000000003,
    2.08828125,
    2.165625,
    2.24296875,
    2.3203125,
    2.3976562500000003,
    2.475,
    2.55234375,
    2.6296875,
    2.70703125,
    2.7843750000000003,
    2.86171875,
    2.9390625,
    3.01640625,
    3.09375,
    3.1710937500000003,
    3.2484375,
    3.32578125,
    3.403125,
    3.48046875,
    3.5578125000000003,
    3.63515625,
    3.7125000000000004,
    3.78984375,
    3.8671875,
    3.9445312500000003,
    4.0218750000000005,
    4.09921875,
    4.1765625,
    4.25390625,
    4.33125,
    4.4085937500000005,
    4.4859375,
    4.56328125,
    4.640625,
    4.71796875,
    4.7953125000000005,
    4.87265625,
    4.95
  ],
  "mx_fft_pos": [
    0.07431362605303482,
    0.08204009191324958,
    0.084570642455678,
    0.062354684312066144,
    0.026751018801331204,
    0.007925806187367474,
    0.03694935673576962,
    0.047781962486418264,
    0.04487887187463531,
    0.048022725252360086,
    0.04856513804834261,
    0.04808132896647461,
    0.05470851140271708,
    0.04425883903810684,
    0.011022445223716584,
    0.04264054913147119,
    0.040064803867053876,
    0.00499978187669333,
    0.02432580045392925,
    0.017543663973335965,
    0.002810350076198443,
    0.010798337651756165,
    0.02477237841249233,
    0.03951207876764328,
    0.045565373859268975,
    0.03428321020123807,
    0.017492858501128517,
    0.009158849830235082,
    0.009253834063245744,
    0.006488476716970327,
    0.01598053617582587,
    0.01862071110396428,
    0.011808988862613825,
    0.010897986453482287,
    0.012142904339903322,
    0.005504231019407325,
    0.0009880875592464735,
    0.002640118933125818,
    0.007392485528220813,
    0.009275331308239649,
    0.006032717332956402,
    0.0021126512323925034,
    0.0020657700513729373,
    0.003100342574424904,
    0.0022584514896824225,
    0.0005836856993921733,
    0.0007892809636828571,
    0.0034901035431296884,
    0.0037770905087383937,
    0.0008967422588922456,
    0.0014135356910580017,
    0.0026553183470454937,
    0.002007500215775882,
    0.00100327781534992,
    0.0012679720420214933,
    0.0008267418745275129,
    0.0004844864598496935,
    0.0005946759264960065,
    0.00038591618760011457,
    0.0005573058195367975,
    0.00019144054723407793,
    0.0004891655984949827,
    0.0003755921532362851,
    0.0001952321996471117,
    0.0004949756040218967
  ],
  "my_fft_pos": [
    0.030030465092591788,
    0.047742802473222906,
    0.05285319391996052,
    0.03639421630074901,
    0.026057065270216336,
    0.025350524047868635,
    0.027059555930195475,
    0.03187453438639591,
    0.03654720447487509,
    0.03286525136968749,
    0.03069030185546705,
    0.034911326144701604,
    0.030675377785099604,
    0.03357561866166491,
    0.050611105376255565,
    0.055106297092792744,
    0.029453584817047424,
    0.017602031358148026,
    0.03204359936295981,
    0.03223285057464988,
    0.020631830329006177,
    0.03147396570603634,
    0.034562110283510916,
    0.02679485762014652,
    0.006585967474277667,
    0.01677805235334668,
    0.02246836088097337,
    0.019427138168787182,
    0.01922586375349626,
    0.02181069448790369,
    0.020304959484352136,
    0.012660678924272748,
    0.008436687740520359,
    0.005625478765967403,
    0.006865950993580441,
    0.00593422871862759,
    0.012876813314187463,
    0.010578747893399985,
    0.006261491353664279,
    0.008521400373077838,
    0.0062663596370673294,
    0.004525920014933904,
    0.0039942863816492405,
    0.007136942492693417,
    0.008538620503329888,
    0.004689694707369442,
    0.0014117241742710453,
    0.0013036522955554059,
    0.00184740217064216,
    0.0011418321739631258,
    0.002201320690561311,
    0.001773334860221989,
    0.00029132184161651653,
    0.0009282751392088577,
    0.00017000963917336874,
    0.00023999107636588318,
    0.0016097515860309002,
    0.001109575949451629,
    0.0009124036196167389,
    0.00044914760390771637,
    0.00020887075058166529,
    0.00042367818556128626,
    0.00037311852771359225,
    0.00044693443322648183,
    7.868497593199297e-05
  ],
  "mz_fft_pos": [
    0.009445807479782554,
    0.02162352594648184,
    0.03572552928681899,
    0.03907445513423311,
    0.025017688987730977,
    0.02670824254629285,
    0.06835201258502005,
    0.04996167305520679,
    0.03181573303606914,
    0.07535346927774464,
    0.06291753757398406,
    0.027739212927822717,
    0.03166027623178737,
    0.007015131600019789,
    0.02553530260515696,
    0.01827843831519567,
    0.023789675776214013,
    0.03612832282408909,
    0.028465544248979444,
    0.017668277062764182,
    0.016119854855518437,
    0.02818435242129686,
    0.03366002900644255,
    0.030017002444292666,
    0.02696274142473709,
    0.026098344912745527,
    0.018017820638362814,
    0.011997994464220542,
    0.009259039783513869,
    0.005531150313611167,
    0.012746877573162533,
    0.014115086527601208,
    0.011659664668943755,
    0.01081726878144117,
    0.009869861199178794,
    0.008841682003974895,
    0.003444096532775756,
    0.005841916287728458,
    0.005867216172299882,
    0.0054999304734131725,
    0.0034133091122126123,
    0.0017526165570216782,
    0.0041500652713971535,
    0.0020749816010633103,
    0.0005583462255746107,
    0.0014814821426501804,
    0.0015206297001194404,
    0.0007356065265060533,
    0.0004816633514084098,
    0.00037892751419312605,
    0.0007701186393267865,
    0.000403542886421898,
    0.0008907532246933904,
    0.00045627096058356435,
    0.0003415662407188231,
    0.0004240914950950147,
    0.00032864455364460564,
    0.00021187440937737268,
    0.0001332372995647039,
    8.531456397163928e-05,
    2.9687776011240474e-05,
    1.7837956126411276e-05,
    8.930273883211318e-06,
    7.51797225012628e-07,
    1.4889802221196291e-08
  ]
}