{
  "positive_frequencies": [
    0.0,
    0.07734375,
    0.1546875,
    0.23203125000000002,
    0.309375,
    0.38671875,
    0.46406250000000004,
    0.54140625,
    0.61875,
    0.6960937500000001,
    0.7734375,
    0.85078125,
    0.9281250000000001,
    1.0054687500000001,
    1.0828125,
    1.16015625,
    1.2375,
    1.31484375,
    1.3921875000000001,
    1.46953125,
    1.546875,
    1.62421875,
    1.7015625,
    1.7789062500000001,
    1.8562500000000002,
    1.93359375,
    2.0109375000000003,
    2.08828125,
    2.165625,
    2.24296875,
    2.3203125,
    2.3976562500000003,
    2.475,
    2.55234375,
    2.6296875,
    2.70703125,
    2.7843750000000003,
    2.86171875,
    2.9390625,
    3.01640625,
    3.09375,
    3.1710937500000003,
    3.2484375,
    3.32578125,
    3.403125,
    3.48046875,
    3.5578125000000003,
    3.63515625,
    3.7125000000000004,
    3.78984375,
    3.8671875,
    3.9445312500000003,
    4.0218750000000005,
    4.09921875,
    4.1765625,
    4.25390625,
    4.33125,
    4.4085937500000005,
    4.4859375,
    4.56328125,
    4.640625,
    4.71796875,
    4.7953125000000005,
    4.87265625,
    4.95
  ],
  "mx_fft_pos": [
    0.07431362605303482,
    0.08204009191324958,
    0.084570642455678,
    0.06235468431206615,
    0.026751018801331208,
    0.007925806187367476,
    0.03694935673576964,
    0.047781962486418285,
    0.04487887187463531,
    0.048022725252360086,
    0.0485651380483426,
    0.04808132896647461,
    0.05470851140271708,
    0.04425883903810683,
    0.0110224452237166,
    0.042640549131471195,
    0.04006480386705388,
    0.004999781876693337,
    0.02432580045392925,
    0.017543663973335965,
    0.002810350076198429,
    0.010798337651756178,
    0.02477237841249234,
    0.039512078767643274,
    0.045565373859268954,
    0.03428321020123804,
    0.017492858501128507,
    0.009158849830235079,
    0.009253834063245751,
    0.0064884767169703286,
    0.015980536175825864,
    0.018620711103964273,
    0.011808988862613825,
    0.010897986453482285,
    0.012142904339903332,
    0.005504231019407331,
    0.0009880875592464774,
    0.0026401189331258287,
    0.007392485528220822,
    0.009275331308239657,
    0.006032717332956402,
    0.0021126512323925077,
    0.0020657700513729256,
    0.003100342574424894,
    0.002258451489682417,
    0.0005836856993921817,
    0.0007892809636828682,
    0.003490103543129704,
    0.003777090508738405,
    0.0008967422588922538,
    0.0014135356910579958,
    0.002655318347045482,
    0.002007500215775874,
    0.0010032778153499153,
    0.0012679720420214994,
    0.000826741874527533,
    0.00048448645984968807,
    0.0005946759264959895,
    0.0003859161876001141,
    0.0005573058195368017,
    0.0001914405472340735,
    0.0004891655984949779,
    0.00037559215323629123,
    0.00019523219964711445,
    0.0004949756040219056
  ],
  "my_fft_pos": [
    0.0300304650925918,
    0.047742802473222906,
    0.05285319391996053,
    0.036394216300748995,
    0.026057065270216336,
    0.02535052404786864,
    0.027059555930195472,
    0.031874534386395904,
    0.03654720447487507,
    0.03286525136968747,
    0.030690301855467044,
    0.0349113261447016,
    0.03067537778509961,
    0.03357561866166491,
    0.05061110537625558,
    0.055106297092792744,
    0.02945358481704742,
    0.017602031358148022,
    0.03204359936295981,
    0.032232850574649884,
    0.020631830329006177,
    0.03147396570603634,
    0.03456211028351091,
    0.026794857620146516,
    0.006585967474277664,
    0.016778052353346676,
    0.022468360880973384,
    0.019427138168787196,
    0.01922586375349627,
    0.021810694487903706,
    0.02030495948435214,
    0.012660678924272745,
    0.008436687740520367,
    0.0056254787659674,
    0.006865950993580429,
    0.005934228718627596,
    0.012876813314187472,
    0.010578747893399989,
    0.00626149135366429,
    0.008521400373077834,
    0.006266359637067323,
    0.004525920014933909,
    0.003994286381649239,
    0.007136942492693414,
    0.008538620503329892,
    0.004689694707369446,
    0.0014117241742710492,
    0.0013036522955554178,
    0.0018474021706421622,
    0.0011418321739631273,
    0.0022013206905613114,
    0.0017733348602219812,
    0.00029132184161652526,
    0.0009282751392088546,
    0.00017000963917335055,
    0.00023999107636588936,
    0.0016097515860309002,
    0.0011095759494516245,
    0.0009124036196167295,
    0.0004491476039077118,
    0.00020887075058165756,
    0.00042367818556129276,
    0.00037311852771359117,
    0.0004469344332264723,
    7.868497593199075e-05
  ],
  "mz_fft_pos": [
    0.009445807479782572,
    0.021623525946481828,
    0.035725529286818984,
    0.03907445513423313,
    0.025017688987730994,
    0.02670824254629284,
    0.06835201258502002,
    0.04996167305520678,
    0.03181573303606914,
    0.07535346927774463,
    0.06291753757398404,
    0.027739212927822707,
    0.03166027623178736,
    0.007015131600019788,
    0.02553530260515695,
    0.018278438315195666,
    0.02378967577621402,
    0.03612832282408909,
    0.028465544248979433,
    0.017668277062764172,
    0.016119854855518426,
    0.028184352421296858,
    0.03366002900644255,
    0.030017002444292666,
    0.02696274142473708,
    0.02609834491274552,
    0.01801782063836281,
    0.011997994464220537,
    0.009259039783513867,
    0.0055311503136111625,
    0.01274687757316253,
    0.0141150865276012,
    0.011659664668943748,
    0.010817268781441163,
    0.009869861199178778,
    0.008841682003974883,
    0.0034440965327757517,
    0.00584191628772845,
    0.005867216172299856,
    0.005499930473413145,
    0.0034133091122125953,
    0.001752616557021678,
    0.004150065271397149,
    0.0020749816010632977,
    0.0005583462255746054,
    0.0014814821426501834,
    0.001520629700119447,
    0.0007356065265060523,
    0.00048166335140840906,
    0.00037892751419311933,
    0.0007701186393267801,
    0.00040354288642188897,
    0.000890753224693388,
    0.0004562709605835668,
    0.0003415662407188206,
    0.000424091495095012,
    0.0003286445536446168,
    0.00021187440937738393,
    0.00013323729956472952,
    8.531456397164776e-05,
    2.96877760112523e-05,
    1.7837956126414755e-05,
    8.930273883215604e-06,
    7.517972250142417e-07,
    1.4889802223416736e-08
  ]
}