{
  "positive_frequencies": [
    0.0,
    0.07734375,
    0.1546875,
    0.23203125000000002,
    0.309375,
    0.38671875,
    0.46406250000000004,
    0.54140625,
    0.61875,
    0.6960937500000001,
    0.7734375,
    0.85078125,
    0.9281250000000001,
    1.0054687500000001,
    1.0828125,
    1.16015625,
    1.2375,
    1.31484375,
    1.3921875000000001,
    1.46953125,
    1.546875,
    1.62421875,
    1.7015625,
    1.7789062500000001,
    1.8562500000000002,
    1.93359375,
    2.0109375000000003,
    2.08828125,
    2.165625,
    2.24296875,
    2.3203125,
    2.3976562500000003,
    2.475,
    2.55234375,
    2.6296875,
    2.70703125,
    2.7843750000000003,
    2.86171875,
    2.9390625,
    3.01640625,
    3.09375,
    3.1710937500000003,
    3.2484375,
    3.32578125,
    3.403125,
    3.48046875,
    3.5578125000000003,
    3.63515625,
    3.7125000000000004,
    3.78984375,
    3.8671875,
    3.9445312500000003,
    4.0218750000000005,
    4.09921875,
    4.1765625,
    4.25390625,
    4.33125,
    4.4085937500000005,
    4.4859375,
    4.56328125,
    4.640625,
    4.71796875,
    4.7953125000000005,
    4.87265625,
    4.95
  ],
  "mx_fft_pos": [
    0.07431362605303482,
    0.08204009191324958,
    0.084570642455678,
    0.06235468431206615,
    0.026751018801331208,
    0.007925806187367473,
    0.03694935673576963,
    0.047781962486418264,
    0.04487887187463531,
    0.04802272525236009,
    0.04856513804834261,
    0.04808132896647461,
    0.05470851140271708,
    0.04425883903810683,
    0.011022445223716594,
    0.04264054913147119,
    0.04006480386705387,
    0.004999781876693339,
    0.024325800453929257,
    0.01754366397333597,
    0.0028103500761984482,
    0.010798337651756166,
    0.02477237841249233,
    0.039512078767643274,
    0.045565373859268954,
    0.03428321020123806,
    0.017492858501128517,
    0.009158849830235082,
    0.009253834063245744,
    0.006488476716970317,
    0.015980536175825868,
    0.01862071110396428,
    0.011808988862613825,
    0.010897986453482285,
    0.012142904339903324,
    0.005504231019407324,
    0.0009880875592464778,
    0.002640118933125832,
    0.00739248552822082,
    0.009275331308239656,
    0.006032717332956409,
    0.0021126512323925034,
    0.002065770051372934,
    0.003100342574424897,
    0.002258451489682414,
    0.0005836856993921734,
    0.0007892809636828654,
    0.003490103543129702,
    0.0037770905087384033,
    0.0008967422588922498,
    0.0014135356910579928,
    0.0026553183470454816,
    0.0020075002157758735,
    0.0010032778153499023,
    0.0012679720420214916,
    0.0008267418745275267,
    0.00048448645984969474,
    0.0005946759264960006,
    0.00038591618760010714,
    0.0005573058195367954,
    0.00019144054723408029,
    0.000489165598494989,
    0.0003755921532362972,
    0.00019523219964710496,
    0.0004949756040218878
  ],
  "my_fft_pos": [
    0.03003046509259179,
    0.047742802473222906,
    0.05285319391996054,
    0.03639421630074901,
    0.02605706527021633,
    0.025350524047868642,
    0.027059555930195472,
    0.0318745343863959,
    0.03654720447487507,
    0.032865251369687466,
    0.030690301855467034,
    0.0349113261447016,
    0.03067537778509961,
    0.03357561866166492,
    0.05061110537625558,
    0.05510629709279273,
    0.02945358481704741,
    0.017602031358148026,
    0.03204359936295981,
    0.032232850574649884,
    0.020631830329006173,
    0.03147396570603633,
    0.034562110283510916,
    0.02679485762014652,
    0.006585967474277672,
    0.016778052353346676,
    0.02246836088097338,
    0.019427138168787196,
    0.019225863753496268,
    0.02181069448790371,
    0.02030495948435214,
    0.012660678924272742,
    0.008436687740520362,
    0.005625478765967397,
    0.006865950993580433,
    0.00593422871862759,
    0.012876813314187472,
    0.010578747893399998,
    0.006261491353664284,
    0.008521400373077841,
    0.0062663596370673355,
    0.004525920014933914,
    0.0039942863816492405,
    0.007136942492693408,
    0.008538620503329888,
    0.004689694707369442,
    0.0014117241742710549,
    0.001303652295555411,
    0.001847402170642171,
    0.0011418321739631357,
    0.002201320690561312,
    0.0017733348602219803,
    0.0002913218416165266,
    0.0009282751392088616,
    0.00017000963917335069,
    0.00023999107636587874,
    0.0016097515860309009,
    0.0011095759494516245,
    0.000912403619616732,
    0.0004491476039077135,
    0.00020887075058165678,
    0.00042367818556128306,
    0.0003731185277135835,
    0.00044693443322647733,
    7.868497593200408e-05
  ],
  "mz_fft_pos": [
    0.00944580747978259,
    0.021623525946481842,
    0.035725529286819,
    0.03907445513423314,
    0.025017688987730987,
    0.026708242546292834,
    0.06835201258502005,
    0.04996167305520679,
    0.03181573303606915,
    0.07535346927774463,
    0.06291753757398405,
    0.027739212927822707,
    0.03166027623178736,
    0.007015131600019789,
    0.02553530260515696,
    0.018278438315195666,
    0.023789675776214044,
    0.03612832282408912,
    0.02846554424897945,
    0.017668277062764175,
    0.01611985485551841,
    0.02818435242129685,
    0.03366002900644257,
    0.030017002444292683,
    0.0269627414247371,
    0.026098344912745524,
    0.018017820638362818,
    0.011997994464220545,
    0.009259039783513869,
    0.005531150313611166,
    0.012746877573162547,
    0.014115086527601208,
    0.011659664668943748,
    0.010817268781441163,
    0.009869861199178787,
    0.008841682003974888,
    0.0034440965327757543,
    0.005841916287728459,
    0.005867216172299877,
    0.005499930473413168,
    0.003413309112212618,
    0.0017526165570216812,
    0.00415006527139713,
    0.0020749816010632964,
    0.0005583462255746132,
    0.001481482142650182,
    0.0015206297001194478,
    0.000735606526506051,
    0.00048166335140841133,
    0.00037892751419312616,
    0.0007701186393267842,
    0.000403542886421894,
    0.0008907532246933895,
    0.00045627096058355887,
    0.0003415662407188114,
    0.00042409149509501374,
    0.00032864455364461925,
    0.00021187440937738808,
    0.00013323729956472453,
    8.531456397163841e-05,
    2.9687776011235694e-05,
    1.783795612641505e-05,
    8.93027388321565e-06,
    7.517972250138148e-07,
    1.4889802240070083e-08
  ]
}