{
  "times": [
    0.0,
    0.10101010101010101,
    0.20202020202020202,
    0.30303030303030304,
    0.40404040404040403,
    0.5050505050505051,
    0.6060606060606061,
    0.7070707070707071,
    0.8080808080808081,
    0.9090909090909091,
    1.0101010101010102,
    1.1111111111111112,
    1.2121212121212122,
    1.3131313131313131,
    1.4141414141414141,
    1.5151515151515151,
    1.6161616161616161,
    1.7171717171717171,
    1.8181818181818181,
    1.9191919191919191,
    2.0202020202020203,
    2.121212121212121,
    2.2222222222222223,
    2.323232323232323,
    2.4242424242424243,
    2.525252525252525,
    2.6262626262626263,
    2.727272727272727,
    2.8282828282828283,
    2.929292929292929,
    3.0303030303030303,
    3.131313131313131,
    3.2323232323232323,
    3.3333333333333335,
    3.4343434343434343,
    3.5353535353535355,
    3.6363636363636362,
    3.7373737373737375,
    3.8383838383838382,
    3.9393939393939394,
    4.040404040404041,
    4.141414141414141,
    4.242424242424242,
    4.343434343434343,
    4.444444444444445,
    4.545454545454545,
    4.646464646464646,
    4.747474747474747,
    4.848484848484849,
    4.94949494949495,
    5.05050505050505,
    5.151515151515151,
    5.252525252525253,
    5.353535353535354,
    5.454545454545454,
    5.555555555555555,
    5.656565656565657,
    5.757575757575758,
    5.858585858585858,
    5.959595959595959,
    6.0606060606060606,
    6.161616161616162,
    6.262626262626262,
    6.363636363636363,
    6.4646464646464645,
    6.565656565656566,
    6.666666666666667,
    6.767676767676767,
    6.8686868686868685,
    6.96969696969697,
    7.070707070707071,
    7.171717171717171,
    7.2727272727272725,
    7.373737373737374,
    7.474747474747475,
    7.575757575757575,
    7.6767676767676765,
    7.777777777777778,
    7.878787878787879,
    7.979797979797979,
    8.080808080808081,
    8.181818181818182,
    8.282828282828282,
    8.383838383838384,
    8.484848484848484,
    8.585858585858587,
    8.686868686868687,
    8.787878787878787,
    8.88888888888889,
    8.98989898989899,
    9.09090909090909,
    9.191919191919192,
    9.292929292929292,
    9.393939393939394,
    9.494949494949495,
    9.595959595959595,
    9.696969696969697,
    9.797979797979798,
    9.8989898989899,
    10.0
  ],
  "mx": [
    1.0,
    0.03865854211552382,
    0.007429003165013625,
    -0.002843364201000618,
    0.002496139259418713,
    0.014580128036553107,
    -0.0029675283115317727,
    0.007394394777498777,
    0.027051706275836945,
    -0.0030539053181762917,
    0.011153458241284057,
    -0.0030093305022253964,
    -0.03028661347691589,
    0.0033218235055310053,
    0.03188075456580793,
    0.002781249383732843,
    -0.01693233699736462,
    7.826608426865885e-05,
    -0.015970662826513563,
    0.009731539827228207,
    0.012927815054992993,
    -0.012067862545462974,
    -0.006028554802800597,
    0.0027516197907423603,
    0.01334609543343806,
    -0.0029777967228348306,
    0.035382520258100264,
    0.01638689802942102,
    0.006312377149606363,
    0.025953044197734258,
    -0.011754270989795012,
    0.01725158657672901,
    0.016441042344900823,
    0.008512662998991609,
    0.019492722878822717,
    0.012762673037037674,
    -0.0037371121947725756,
    -0.003767519556595737,
    0.024458435097472902,
    -0.009639921005746847,
    -0.004898288105974292,
    0.016274258039878434,
    -0.02251802089185609,
    -0.0016720641078483204,
    0.0028992684703059604,
    -0.010310762417176468,
    -0.018034774896416608,
    0.005856674270513005,
    0.006914073296910829,
    0.23924263400681006,
    0.20676952863345902,
    -0.01063648486902006,
    0.01597715063650989,
    0.002830940419475421,
    0.00013872165566874406,
    -0.014945586477548003,
    0.004647561419470463,
    0.013758825592145635,
    -0.023104701670229308,
    0.02491859908127176,
    0.0005307001078571951,
    -0.013967041666761838,
    0.011497512518195016,
    -0.0030309427937350833,
    -0.0018644742017746034,
    0.017687145286019532,
    -0.0011496346762315415,
    -0.006732379340362981,
    -0.0034592086762802177,
    0.02092563291253108,
    -0.0019028029788061781,
    -0.001591642923524878,
    -0.01796446296356777,
    -0.01763125690087777,
    0.4131839117844739,
    0.11690687734534001,
    0.015529444728085543,
    -0.00666464370054129,
    0.000927615431815862,
    -0.010432515517376915,
    0.010014951720838668,
    0.01153937177270325,
    0.029855276771185477,
    -0.0021582531118012937,
    -0.005545519924691176,
    -0.011043857126529773,
    -0.010569918904300054,
    0.006718487491627285,
    0.0106580350359118,
    -0.022660413832834864,
    0.017562669302057687,
    0.013381901001884204,
    -0.007429750931308097,
    0.00016387052261211118,
    0.0075327850736240974,
    -0.0004896850031460064,
    0.028906854865456313,
    -0.01569991566927647,
    0.04202427097141164,
    0.9999999999999984
  ],
  "my": [
    0.0,
    0.031608803929419324,
    0.0016912605366064275,
    0.003478569610733057,
    -0.021685924207265436,
    0.012086258271723105,
    -0.040778307231815414,
    0.011289669570317382,
    -0.019776426307699598,
    0.004681399062856365,
    0.012383847884088623,
    -0.006765413366400523,
    -0.014863119489725537,
    -0.005886958352638261,
    -0.01878485170745318,
    0.006585312824958286,
    0.013194755431057517,
    -0.011787335364562918,
    -0.010748380989477384,
    0.009229912238136535,
    0.015912577790857033,
    -0.023536229709665332,
    -0.026270249824526196,
    -0.003980365479975739,
    -0.009719025327433736,
    0.007541547571384245,
    -0.0036785867771088354,
    0.010428785713747696,
    0.01042578468033699,
    -0.01552845308006774,
    -0.009504480236427752,
    -0.027077236680081506,
    0.012049206238974979,
    -0.006607861194465382,
    -0.023627510648650762,
    0.0009296769657088674,
    0.008901307031923643,
    0.011614252671601525,
    0.027951321910759504,
    -0.013072238610788593,
    -0.007961798164956851,
    0.020923428764606948,
    0.002190170924079115,
    -0.003869523127373858,
    0.011371470443725782,
    0.024809481917631507,
    -0.007385396496674039,
    0.009582594160842324,
    0.009428852723850899,
    -0.006106188316426885,
    0.020916533869884846,
    0.037496075419453184,
    0.012811311803671828,
    0.007872462204863274,
    0.003168478700811558,
    0.0028502887897033664,
    -0.0028544881357781527,
    0.02214861646712947,
    0.0043105344953386195,
    0.015375080186889746,
    -0.011641939787303317,
    0.0016497853994836861,
    0.018138209786452853,
    0.010047138251792674,
    -0.016709105968263322,
    -0.011078402922006823,
    0.013489713864496489,
    -0.013725644233892007,
    5.218423246446113e-06,
    -0.030070771595247014,
    0.017400453932788267,
    0.00949089173382816,
    0.027983147807595046,
    0.02526786118002778,
    -0.011027986565727288,
    -0.027653648544612202,
    0.010053429200061532,
    0.009301583088674677,
    -0.026553647270052588,
    0.019351687966579618,
    -0.033305542524910886,
    0.005010604426765661,
    0.006951105657676377,
    -0.020767797264487506,
    -0.004447033315881411,
    -0.03144028829369272,
    -0.0003213163993372829,
    0.00911920272799473,
    0.01325448031765349,
    0.007685179794625691,
    -0.023559332525757235,
    -0.017681491088396235,
    0.0014639470092202005,
    -0.013020684764365848,
    -0.01789697407926662,
    -0.01736870193034448,
    0.029121925866882187,
    -0.007186881614463574,
    0.022192100839570243,
    7.734613457490078e-18
  ],