{
  "positive_frequencies": [
    0.0,
    0.07734375,
    0.1546875,
    0.23203125000000002,
    0.309375,
    0.38671875,
    0.46406250000000004,
    0.54140625,
    0.61875,
    0.6960937500000001,
    0.7734375,
    0.85078125,
    0.9281250000000001,
    1.0054687500000001,
    1.0828125,
    1.16015625,
    1.2375,
    1.31484375,
    1.3921875000000001,
    1.46953125,
    1.546875,
    1.62421875,
    1.7015625,
    1.7789062500000001,
    1.8562500000000002,
    1.93359375,
    2.0109375000000003,
    2.08828125,
    2.165625,
    2.24296875,
    2.3203125,
    2.3976562500000003,
    2.475,
    2.55234375,
    2.6296875,
    2.70703125,
    2.7843750000000003,
    2.86171875,
    2.9390625,
    3.01640625,
    3.09375,
    3.1710937500000003,
    3.2484375,
    3.32578125,
    3.403125,
    3.48046875,
    3.5578125000000003,
    3.63515625,
    3.7125000000000004,
    3.78984375,
    3.8671875,
    3.9445312500000003,
    4.0218750000000005,
    4.09921875,
    4.1765625,
    4.25390625,
    4.33125,
    4.4085937500000005,
    4.4859375,
    4.56328125,
    4.640625,
    4.71796875,
    4.7953125000000005,
    4.87265625,
    4.95
  ],
  "mx_fft_pos": [
    0.0743136260530348,
    0.08204009191324958,
    0.084570642455678,
    0.062354684312066144,
    0.026751018801331204,
    0.007925806187367478,
    0.03694935673576963,
    0.047781962486418264,
    0.04487887187463531,
    0.048022725252360086,
    0.04856513804834262,
    0.04808132896647461,
    0.05470851140271708,
    0.04425883903810682,
    0.011022445223716584,
    0.042640549131471174,
    0.04006480386705387,
    0.004999781876693327,
    0.02432580045392926,
    0.017543663973335975,
    0.0028103500761984417,
    0.010798337651756165,
    0.02477237841249233,
    0.03951207876764327,
    0.045565373859268954,
    0.03428321020123807,
    0.017492858501128524,
    0.009158849830235086,
    0.009253834063245751,
    0.00648847671697033,
    0.015980536175825875,
    0.01862071110396428,
    0.011808988862613825,
    0.010897986453482288,
    0.012142904339903336,
    0.005504231019407325,
    0.000988087559246478,
    0.0026401189331258235,
    0.007392485528220808,
    0.00927533130823964,
    0.006032717332956398,
    0.002112651232392508,
    0.0020657700513729343,
    0.0031003425744248973,
    0.0022584514896824242,
    0.0005836856993921813,
    0.0007892809636828609,
    0.0034901035431296923,
    0.0037770905087384033,
    0.0008967422588922487,
    0.0014135356910580019,
    0.002655318347045489,
    0.0020075002157758847,
    0.00100327781534992,
    0.0012679720420214963,
    0.0008267418745275105,
    0.00048448645984969685,
    0.0005946759264960105,
    0.0003859161876001091,
    0.0005573058195368016,
    0.00019144054723408178,
    0.0004891655984949783,
    0.00037559215323630294,
    0.0001952321996471124,
    0.0004949756040218789
  ],
  "my_fft_pos": [
    0.03003046509259179,
    0.047742802473222906,
    0.05285319391996053,
    0.03639421630074901,
    0.02605706527021633,
    0.025350524047868635,
    0.02705955593019547,
    0.031874534386395904,
    0.036547204474875084,
    0.03286525136968747,
    0.030690301855467034,
    0.0349113261447016,
    0.030675377785099604,
    0.0335756186616649,
    0.05061110537625558,
    0.055106297092792744,
    0.02945358481704742,
    0.017602031358148026,
    0.03204359936295981,
    0.032232850574649884,
    0.020631830329006173,
    0.031473965706036326,
    0.034562110283510916,
    0.026794857620146516,
    0.006585967474277667,
    0.016778052353346673,
    0.02246836088097337,
    0.019427138168787186,
    0.01922586375349627,
    0.021810694487903706,
    0.020304959484352132,
    0.012660678924272742,
    0.00843668774052036,
    0.005625478765967406,
    0.006865950993580437,
    0.005934228718627595,
    0.012876813314187465,
    0.010578747893399985,
    0.0062614913536642855,
    0.008521400373077845,
    0.006266359637067334,
    0.0045259200149339145,
    0.0039942863816492405,
    0.007136942492693413,
    0.008538620503329885,
    0.004689694707369436,
    0.0014117241742710443,
    0.0013036522955554102,
    0.0018474021706421707,
    0.0011418321739631331,
    0.0022013206905613027,
    0.0017733348602219793,
    0.0002913218416165262,
    0.0009282751392088611,
    0.0001700096391733555,
    0.00023999107636588576,
    0.001609751586030898,
    0.0011095759494516176,
    0.0009124036196167356,
    0.0004491476039077098,
    0.00020887075058166529,
    0.0004236781855612836,
    0.00037311852771357913,
    0.00044693443322647435,
    7.868497593199519e-05
  ],
  "mz_fft_pos": [
    0.009445807479782554,
    0.02162352594648184,
    0.035725529286819005,
    0.03907445513423313,
    0.025017688987730997,
    0.02670824254629284,
    0.06835201258502005,
    0.04996167305520678,
    0.03181573303606914,
    0.07535346927774463,
    0.06291753757398405,
    0.0277392129278227,
    0.031660276231787354,
    0.007015131600019788,
    0.025535302605156955,
    0.018278438315195662,
    0.023789675776214037,
    0.03612832282408912,
    0.028465544248979464,
    0.01766827706276419,
    0.01611985485551843,
    0.028184352421296858,
    0.03366002900644256,
    0.030017002444292677,
    0.02696274142473709,
    0.026098344912745527,
    0.01801782063836281,
    0.01199799446422054,
    0.009259039783513869,
    0.005531150313611169,
    0.012746877573162542,
    0.014115086527601226,
    0.011659664668943758,
    0.01081726878144116,
    0.009869861199178775,
    0.008841682003974873,
    0.003444096532775748,
    0.00584191628772845,
    0.005867216172299867,
    0.005499930473413163,
    0.0034133091122126092,
    0.0017526165570216736,
    0.004150065271397142,
    0.0020749816010632955,
    0.0005583462255746028,
    0.001481482142650174,
    0.0015206297001194421,
    0.0007356065265060612,
    0.00048166335140841133,
    0.0003789275141931265,
    0.0007701186393267867,
    0.00040354288642189553,
    0.000890753224693388,
    0.00045627096058355784,
    0.00034156624071881957,
    0.0004240914950950213,
    0.0003286445536446083,
    0.00021187440937737716,
    0.0001332372995647221,
    8.531456397163392e-05,
    2.9687776011232285e-05,
    1.783795612640085e-05,
    8.93027388321036e-06,
    7.517972250067866e-07,
    1.488980225006209e-08
  ]
}