{
  "times": [
    0.0,
    0.10101010101010101,
    0.20202020202020202,
    0.30303030303030304,
    0.40404040404040403,
    0.5050505050505051,
    0.6060606060606061,
    0.7070707070707071,
    0.8080808080808081,
    0.9090909090909091,
    1.0101010101010102,
    1.1111111111111112,
    1.2121212121212122,
    1.3131313131313131,
    1.4141414141414141,
    1.5151515151515151,
    1.6161616161616161,
    1.7171717171717171,
    1.8181818181818181,
    1.9191919191919191,
    2.0202020202020203,
    2.121212121212121,
    2.2222222222222223,
    2.323232323232323,
    2.4242424242424243,
    2.525252525252525,
    2.6262626262626263,
    2.727272727272727,
    2.8282828282828283,
    2.929292929292929,
    3.0303030303030303,
    3.131313131313131,
    3.2323232323232323,
    3.3333333333333335,
    3.4343434343434343,
    3.5353535353535355,
    3.6363636363636362,
    3.7373737373737375,
    3.8383838383838382,
    3.9393939393939394,
    4.040404040404041,
    4.141414141414141,
    4.242424242424242,
    4.343434343434343,
    4.444444444444445,
    4.545454545454545,
    4.646464646464646,
    4.747474747474747,
    4.848484848484849,
    4.94949494949495,
    5.05050505050505,
    5.151515151515151,
    5.252525252525253,
    5.353535353535354,
    5.454545454545454,
    5.555555555555555,
    5.656565656565657,
    5.757575757575758,
    5.858585858585858,
    5.959595959595959,
    6.0606060606060606,
    6.161616161616162,
    6.262626262626262,
    6.363636363636363,
    6.4646464646464645,
    6.565656565656566,
    6.666666666666667,
    6.767676767676767,
    6.8686868686868685,
    6.96969696969697,
    7.070707070707071,
    7.171717171717171,
    7.2727272727272725,
    7.373737373737374,
    7.474747474747475,
    7.575757575757575,
    7.6767676767676765,
    7.777777777777778,
    7.878787878787879,
    7.979797979797979,
    8.080808080808081,
    8.181818181818182,
    8.282828282828282,
    8.383838383838384,
    8.484848484848484,
    8.585858585858587,
    8.686868686868687,
    8.787878787878787,
    8.88888888888889,
    8.98989898989899,
    9.09090909090909,
    9.191919191919192,
    9.292929292929292,
    9.393939393939394,
    9.494949494949495,
    9.595959595959595,
    9.696969696969697,
    9.797979797979798,
    9.8989898989899,
    10.0
  ],
  "mx": [
    0.9999999999999998,
    0.9645690038679596,
    0.8957542105738749,
    0.8467501446707504,
    0.8425021344941512,
    0.8793090255834951,
    0.9256096479989162,
    0.9224005421758024,
    0.8088811143235277,
    0.6058963530297146,
    0.46933402944664665,
    0.4612627701898398,
    0.44580143842949793,
    0.47507236295403155,
    0.5803253590676871,
    0.5946135542108391,
    0.51665316889395,
    0.4877491462591525,
    0.48615360901001736,
    0.4428158169321053,
    0.4001678323565727,
    0.3877904449303603,
    0.3770137397434864,
    0.3484937842755885,
    0.3117904088397985,
    0.28127942192956895,
    0.2661134110136389,
    0.2602493934621215,
    0.25702952410217383,
    0.2607989912509666,
    0.28521844752035064,
    0.3188250993089514,
    0.3451651110027249,
    0.36877831365053343,
    0.39067702486514244,
    0.4049237140908991,
    0.40907008717382104,
    0.40180653130713406,
    0.3832612617065161,
    0.3602370702623614,
    0.3346096077640276,
    0.30273377496559173,
    0.26671347628250575,
    0.2305905883198404,
    0.19646875517872808,
    0.16531795432297824,
    0.1366680656019103,
    0.11107049973815535,
    0.09116703721724459,
    0.07787997394593636,
    0.06863072085617364,
    0.05930134104431245,
    0.04656725861717252,
    0.029236231107117715,
    0.008350090516708097,
    -0.013597398917303596,
    -0.03347548046142411,
    -0.04813843164032936,
    -0.055224337041095875,
    -0.054045966052405324,
    -0.046059177516214855,
    -0.034723937500193286,
    -0.0245917227330296,
    -0.019359231315388015,
    -0.01944643303979286,
    -0.020593451864740413,
    -0.01582871435649094,
    -0.0027717591145537956,
    0.008343770927013971,
    0.0005078836076851667,
    -0.026492120227555503,
    -0.04572078682231086,
    -0.03223443201625088,
    0.008182749721910658,
    0.05461327821504482,
    0.09456213081531381,
    0.1218675344771156,
    0.13512501298579505,
    0.14193141454203376,
    0.14920752776237364,
    0.15821439560555436,
    0.1761735454824857,
    0.20476297829820428,
    0.21995894192470594,
    0.20380602633247236,
    0.17597557051202775,
    0.1633580585354985,
    0.1678066063593381,
    0.1751337096711319,
    0.1755521935227799,
    0.17058150040318804,
    0.16573021521115333,
    0.16313414603076304,
    0.16246506576190609,
    0.16400857159753132,
    0.16973717259101986,
    0.1816073689386958,
    0.19609235592568092,
    0.20349599190144438,
    0.19860419924713954
  ],
  "my": [
    -4.898587196589407e-16,
    0.1868782503578087,
    0.1877790261794932,
    0.11205612687837636,
    0.0022010884573781,
    -0.07066634837837718,
    -0.07277852415578315,
    0.02231512850558095,
    0.17644479879727712,
    0.29066493591175774,
    0.2438538100697719,
    0.11148741261198905,
    0.11250114148168015,
    0.159400397759419,
    0.19138019443393658,
    0.23371013592405676,
    0.21503083190695998,
    0.15112182083141762,
    0.13810762598974435,
    0.1630141179620036,
    0.1768337217216523,
    0.1882026155719665,
    0.21278401230840557,
    0.2535412351433248,
    0.32517289022964635,
    0.4232093968506919,
    0.5030316776301231,
    0.5454528519908697,
    0.5658977744485936,
    0.5687548054925956,
    0.5403387697759571,
    0.48836994383346555,
    0.4226254318831998,
    0.3449632823460905,
    0.26527897852603133,
    0.1924857920414255,
    0.13052809657042336,
    0.08219469969055557,
    0.04337435215272784,
    0.01078784786094851,
    -0.006906618004644305,
    -0.005005895529844534,
    0.011761483722701188,
    0.03719720793371805,
    0.06379997331279778,
    0.08339563660702112,
    0.09265171284598639,
    0.09335401933987064,
    0.08777679163118815,
    0.077341450868153,
    0.0641838272475151,
    0.051135057061383195,
    0.040060607577218244,
    0.03111087039151738,
    0.02346131684081132,
    0.016175570369055696,
    0.008242638592974933,
    -0.001599742785086311,
    -0.014114377587229799,
    -0.02822375724970073,
    -0.040906930116746856,
    -0.049327575304124995,
    -0.053951747828283936,
    -0.059780221195812236,
    -0.07297543091524714,
    -0.09431822563543521,
    -0.11526218039028994,
    -0.12066592210778664,
    -0.09856224861686305,
    -0.05416000804423728,
    -0.014067590643388344,
    -0.0042483367038685105,
    -0.02063156150509484,
    -0.03295811003737496,
    -0.019660822234587566,
    0.011683592759359518,
    0.04178668936086864,
    0.0629350117008304,
    0.07076760820935843,
    0.05743710149087204,
    0.02803054356074807,
    -0.0038068430790269723,
    -0.02617991695678288,
    -0.02413829270161929,
    0.0037652935077200646,
    0.03135967548695624,
    0.033587387461710715,
    0.01292068546395228,
    -0.012735210525317748,
    -0.028382580714174675,
    -0.02563152611500849,
    -0.002887420535611242,
    0.03341847409733674,
    0.07099468952982987,
    0.09688826578466536,
    0.10347885731872604,
    0.09390906415966795,
    0.08033995806545188,
    0.07204614797737016,
    0.0666697836161975
  ],