{
  "positive_frequencies": [
    0.0,
    0.07734375,
    0.1546875,
    0.23203125000000002,
    0.309375,
    0.38671875,
    0.46406250000000004,
    0.54140625,
    0.61875,
    0.6960937500000001,
    0.7734375,
    0.85078125,
    0.9281250000000001,
    1.0054687500000001,
    1.0828125,
    1.16015625,
    1.2375,
    1.31484375,
    1.3921875000000001,
    1.46953125,
    1.546875,
    1.62421875,
    1.7015625,
    1.7789062500000001,
    1.8562500000000002,
    1.93359375,
    2.0109375000000003,
    2.08828125,
    2.165625,
    2.24296875,
    2.3203125,
    2.3976562500000003,
    2.475,
    2.55234375,
    2.6296875,
    2.70703125,
    2.7843750000000003,
    2.86171875,
    2.9390625,
    3.01640625,
    3.09375,
    3.1710937500000003,
    3.2484375,
    3.32578125,
    3.403125,
    3.48046875,
    3.5578125000000003,
    3.63515625,
    3.7125000000000004,
    3.78984375,
    3.8671875,
    3.9445312500000003,
    4.0218750000000005,
    4.09921875,
    4.1765625,
    4.25390625,
    4.33125,
    4.4085937500000005,
    4.4859375,
    4.56328125,
    4.640625,
    4.71796875,
    4.7953125000000005,
    4.87265625,
    4.95
  ],
  "mx_fft_pos": [
    0.002070468652378276,
    0.0023313897013934244,
    0.007254205386875855,
    0.00503463329173728,
    0.0088083753886189,
    0.011741752358874147,
    0.008918421375067279,
    0.0045456190847460035,
    0.008348291585044005,
    0.009399498785720096,
    0.001894691926868535,
    0.009199054836578282,
    0.010159625789695122,
    0.004344245229399513,
    0.0019985974474766217,
    0.0023132636922548093,
    0.008884568542039955,
    0.014890522766261514,
    0.014220924156976062,
    0.007553910777822225,
    0.008457051514126138,
    0.010538674149424034,
    0.0056086414390947355,
    0.004287607969623043,
    0.0008726099241103276,
    0.005619070499965517,
    0.009432588154861499,
    0.00871432096073099,
    0.0058149172179361094,
    0.0031327061839720085,
    0.00291443977018937,
    0.004803974489909616,
    0.006109566572445002,
    0.006526646069633283,
    0.004766849200766517,
    0.0034432808703313013,
    0.0036193221401440508,
    0.002562288843828228,
    0.002202337561627583,
    0.001858680157808251,
    0.0026949960830415674,
    0.0019025102365358459,
    0.000633252884747517,
    0.0007196683000248505,
    0.0004382627746859521,
    0.0003760745966742512,
    0.0005947790350231892,
    0.00022467222321029604,
    0.0003026822063471211,
    0.0003787724082883351,
    0.000177612461951023,
    0.0004796057184815689,
    0.0003930838709840829,
    0.0006541590266115957,
    0.0005698805298649833,
    0.0008683821739621794,
    0.0008513962344568314,
    0.00036697307740356564,
    0.0003004275707552044,
    0.00023600315664306328,
    9.937684279664301e-05,
    0.00015020014127099479,
    0.00016110397300574786,
    0.00017437154703270414,
    0.0001177774350254629
  ],
  "my_fft_pos": [
    0.004040398790816676,
    0.010970473688077314,
    0.01493072825265155,
    0.008020985311351033,
    0.01028072765783272,
    0.012575843838319008,
    0.0024903254061303436,
    0.009604513441060277,
    0.014862626436732546,
    0.013762122021829228,
    0.00884216554703725,
    0.006397703441157262,
    0.012467473618604532,
    0.01516444084087839,
    0.013483384479207222,
    0.011769576799343545,
    0.009679875160625573,
    0.007430326170608613,
    0.006902550695172435,
    0.004156260113849268,
    0.0027535496505580325,
    0.002797100721022017,
    0.0018520806527704407,
    0.00464606871543675,
    0.0035828630864166685,
    0.0033271264234044956,
    0.0074168295929190045,
    0.00643061452108068,
    0.003400334238883919,
    0.0031862644423707566,
    0.004872854272173931,
    0.005252540330158163,
    0.004741755039797314,
    0.004156865546017404,
    0.002756459651757132,
    0.0013087145825477445,
    0.0009337166709732963,
    0.001810694705680156,
    0.0013161406060115096,
    0.0018411297918583655,
    0.002680011542131128,
    0.001897989298295714,
    0.0008753420953495399,
    0.001020783072135276,
    0.0008912089983087331,
    0.0009832980802640123,
    0.001489651885223843,
    0.0013599945284839545,
    0.0008278438702343619,
    0.00038048092641591294,
    0.0006673321306541866,
    0.0006050941004641479,
    0.0003760243987822727,
    0.0004964372407597382,
    0.000619785213452331,
    0.00046562915372387083,
    0.0003309378054553291,
    0.0001873867094608835,
    9.653233572143698e-05,
    0.00010257805618934603,
    0.0001511444097086376,
    0.0002828336621151829,
    0.00022438586706305865,
    0.00010499445193306289,
    0.00020221236593549074
  ],
  "mz_fft_pos": [
    0.010280603853303734,
    0.011153746502421766,
    0.03714216585276063,
    0.05148392042410752,
    0.04042734399806589,
    0.014227056116341593,
    0.01397364903974299,
    0.015344585913460478,
    0.016290458361636343,
    0.02638913506051794,
    0.027741571099487317,
    0.022282271890709558,
    0.01972795794361195,
    0.01545333241862299,
    0.004442421226329819,
    0.017483636519052576,
    0.022133577421892373,
    0.011906581561885763,
    0.0044286047327091824,
    0.008131061690968064,
    0.013609633454718821,
    0.00942856689948951,
    0.005868764878370533,
    0.00909878469204671,
    0.004199016101942927,
    0.0025150831240161277,
    0.0062059905052569055,
    0.006316184760755682,
    0.004458429214657414,
    0.0035502526348230616,
    0.004169466069287311,
    0.004211042553805893,
    0.0030167530415776012,
    0.0012001658657647197,
    0.0007075270514765485,
    0.0009437494296249666,
    0.0008573513881021433,
    0.0011362970011839638,
    0.00038208112612670987,
    0.001105987910407119,
    0.000865873015965421,
    0.00029779314894998936,
    0.0008008753851593436,
    0.0006067984193816371,
    0.0003094150721877856,
    0.0003303541393443915,
    0.00023743477455970426,
    0.00025907990495973763,
    0.00039789737440025416,
    0.0001371644560382662,
    0.00014365004149318863,
    4.987011091507127e-05,
    0.00017071220239881085,
    2.8408157528192957e-05,
    0.00018220031255623164,
    6.892017562260218e-05,
    6.474711110572417e-05,
    5.585062507516205e-05,
    4.0770270029858714e-05,
    1.692791608307058e-05,
    4.3659765513302795e-05,
    2.6245559376309667e-05,
    4.028110652561715e-06,
    1.1159581075140254e-05,
    1.0345452823511403e-05
  ]
}