{
  "times": [
    0.0,
    0.10101010101010101,
    0.20202020202020202,
    0.30303030303030304,
    0.40404040404040403,
    0.5050505050505051,
    0.6060606060606061,
    0.7070707070707071,
    0.8080808080808081,
    0.9090909090909091,
    1.0101010101010102,
    1.1111111111111112,
    1.2121212121212122,
    1.3131313131313131,
    1.4141414141414141,
    1.5151515151515151,
    1.6161616161616161,
    1.7171717171717171,
    1.8181818181818181,
    1.9191919191919191,
    2.0202020202020203,
    2.121212121212121,
    2.2222222222222223,
    2.323232323232323,
    2.4242424242424243,
    2.525252525252525,
    2.6262626262626263,
    2.727272727272727,
    2.8282828282828283,
    2.929292929292929,
    3.0303030303030303,
    3.131313131313131,
    3.2323232323232323,
    3.3333333333333335,
    3.4343434343434343,
    3.5353535353535355,
    3.6363636363636362,
    3.7373737373737375,
    3.8383838383838382,
    3.9393939393939394,
    4.040404040404041,
    4.141414141414141,
    4.242424242424242,
    4.343434343434343,
    4.444444444444445,
    4.545454545454545,
    4.646464646464646,
    4.747474747474747,
    4.848484848484849,
    4.94949494949495,
    5.05050505050505,
    5.151515151515151,
    5.252525252525253,
    5.353535353535354,
    5.454545454545454,
    5.555555555555555,
    5.656565656565657,
    5.757575757575758,
    5.858585858585858,
    5.959595959595959,
    6.0606060606060606,
    6.161616161616162,
    6.262626262626262,
    6.363636363636363,
    6.4646464646464645,
    6.565656565656566,
    6.666666666666667,
    6.767676767676767,
    6.8686868686868685,
    6.96969696969697,
    7.070707070707071,
    7.171717171717171,
    7.2727272727272725,
    7.373737373737374,
    7.474747474747475,
    7.575757575757575,
    7.6767676767676765,
    7.777777777777778,
    7.878787878787879,
    7.979797979797979,
    8.080808080808081,
    8.181818181818182,
    8.282828282828282,
    8.383838383838384,
    8.484848484848484,
    8.585858585858587,
    8.686868686868687,
    8.787878787878787,
    8.88888888888889,
    8.98989898989899,
    9.09090909090909,
    9.191919191919192,
    9.292929292929292,
    9.393939393939394,
    9.494949494949495,
    9.595959595959595,
    9.696969696969697,
    9.797979797979798,
    9.8989898989899,
    10.0
  ],
  "mx": [
    1.0,
    0.24634540316694128,
    -0.007232992594722441,
    -0.03249157525946194,
    -0.016739664320805203,
    0.03616397509877979,
    0.047025532910908274,
    0.024642409681300676,
    0.029825379258960016,
    0.018769244520091433,
    0.011580269299480042,
    0.05560811975369126,
    0.040141279336686354,
    0.029683721909829874,
    -0.03747961354241403,
    -0.024484119724697145,
    -0.016798022031224633,
    -0.022172344309527955,
    -0.05850005089155419,
    -0.015810899668815822,
    0.06267072081038644,
    0.044656809749162835,
    -0.0024541763876681265,
    0.0008951238010953978,
    0.0004939104920256921,
    0.045833898045174834,
    0.03303179100889537,
    0.020220086686882015,
    0.02472343534697031,
    -0.008708887843765428,
    -0.038130412014264134,
    -0.004600893295917074,
    0.02487056765349687,
    0.027007048628540684,
    0.0042339664484125905,
    -0.01404171530667174,
    -0.013197253300241105,
    0.004897985482249858,
    0.030057792249104966,
    0.036548425004082945,
    0.005648441862897504,
    0.0009856177812344498,
    0.03224851055849161,
    0.016122615870571677,
    -0.02745930266620673,
    -0.04473693578063935,
    -0.029353385232870344,
    -0.018646924811250222,
    -0.004732555362822128,
    -0.02531404572819231,
    0.014739667809298826,
    0.08889592575263992,
    0.04018210806722454,
    0.0059561162883144635,
    0.014984673235703093,
    -0.01212163479969024,
    0.013355364205704608,
    0.03522966734374591,
    -0.0104328704567224,
    -0.02324278953971874,
    0.0046926456859993524,
    0.0396754189759717,
    -0.042042263771659046,
    -0.05105267476935139,
    -0.0009019974638775439,
    -0.05152896001900209,
    -0.047832980342875205,
    -0.007452861555075604,
    0.03977106339667387,
    0.030594212069471827,
    -0.007707926382153342,
    -0.05706623212560689,
    -0.09895998711014711,
    -0.05179822846588557,
    -0.006865235720218467,
    0.03217763680846865,
    -0.005023444429225799,
    -0.03275742347032647,
    -0.012240236301906154,
    -0.007903410495683813,
    -0.06598782701292083,
    0.00615698893406676,
    -0.012988212218191783,
    -0.02831290169750807,
    -0.0009584117441401472,
    0.0027406969329277385,
    -0.02256184691890559,
    -0.024365732974750875,
    0.03039665776179373,
    0.04515278924947455,
    0.047666157991389624,
    0.012074589809848928,
    -0.03791383194164005,
    -0.05078453895561842,
    -0.031883507055341265,
    -0.014977596095810525,
    0.021229512500875545,
    0.022499171513008103,
    -0.22222870216466015,
    -0.5000000000000007
  ],
  "my": [
    0.0,
    0.05141672825598131,
    -0.011568834871821063,
    -0.023629237792045975,
    -0.005551065574170002,
    0.03819143292717699,
    0.05704792229652707,
    -0.010585628091839088,
    -0.0215622179954998,
    -0.0419824438364017,
    -0.02863793909224977,
    0.005038423604089798,
    0.029751054243794837,
    -0.02812518874295679,
    -0.05453853950642834,
    -0.06220848233200439,
    -0.0180431535441426,
    0.02996052063084479,
    0.005788973447830598,
    0.017024764926392995,
    0.03218489089364206,
    0.03217113251909695,
    0.009136641697022625,
    -0.0017800087065788974,
    -0.01358343357656732,
    -0.000348040419395262,
    0.014438895103020027,
    0.03671176914772033,
    0.06637680822800626,
    0.07371139220509175,
    0.06440331226719093,
    0.06636551725540055,
    0.07128659046446914,
    0.07698555538020833,
    0.07228087381362165,
    0.027292551449743917,
    -0.009243635151452287,
    -0.00887230851417325,
    0.006330118786948617,
    0.036496757459117395,
    0.053585580232221715,
    0.03484274061239722,
    0.03924100951016639,
    0.052079704460335975,
    0.02401923454641284,
    -0.013312996287336674,
    -0.019407323163195513,
    -0.00766108186741888,
    0.005444162191844635,
    0.005609003340341581,
    -0.006061880785143747,
    0.019826494202378097,
    0.04275502729971697,
    0.006708311150139326,
    0.013995841262654986,
    0.02405437918671589,
    0.001811763920859858,
    0.0070708338967472376,
    -0.0603263867486119,
    -0.03670605918870769,
    -0.002727691911381424,
    0.034550058290365344,
    -0.026138126207200157,
    -0.0532287124453538,
    -0.02110338228096904,
    -0.01231517118866255,
    -0.026105577384075415,
    -0.027389655260589958,
    -0.04549407180031065,
    0.05437207279752933,
    0.012176613067989603,
    0.03163737631564528,
    0.010572796676343657,
    -0.023248510187967975,
    -0.011420836776169847,
    -0.001123824649844534,
    -0.001036748934477701,
    -0.04679711989602909,
    -0.009725914791047799,
    -0.0056490309087540444,
    -0.0021595766476246716,
    0.009488916276448184,
    0.055885982163401085,
    0.07309876323082021,
    0.03401396562918276,
    -0.012465993722968081,
    -0.01321007065037755,
    0.03753930146059849,
    0.00936996053830553,
    0.03704303432258993,
    0.00900562454411516,
    0.02791228208151919,
    0.04565479366546689,
    -0.027918653300721366,
    -0.08630267371535257,
    0.01862348055878627,
    -0.009865665498027747,
    0.006562599685661239,
    0.10149717206232198,
    -5.637851296924623e-18
  ],