{
  "positive_frequencies": [
    0.0,
    0.07734375,
    0.1546875,
    0.23203125000000002,
    0.309375,
    0.38671875,
    0.46406250000000004,
    0.54140625,
    0.61875,
    0.6960937500000001,
    0.7734375,
    0.85078125,
    0.9281250000000001,
    1.0054687500000001,
    1.0828125,
    1.16015625,
    1.2375,
    1.31484375,
    1.3921875000000001,
    1.46953125,
    1.546875,
    1.62421875,
    1.7015625,
    1.7789062500000001,
    1.8562500000000002,
    1.93359375,
    2.0109375000000003,
    2.08828125,
    2.165625,
    2.24296875,
    2.3203125,
    2.3976562500000003,
    2.475,
    2.55234375,
    2.6296875,
    2.70703125,
    2.7843750000000003,
    2.86171875,
    2.9390625,
    3.01640625,
    3.09375,
    3.1710937500000003,
    3.2484375,
    3.32578125,
    3.403125,
    3.48046875,
    3.5578125000000003,
    3.63515625,
    3.7125000000000004,
    3.78984375,
    3.8671875,
    3.9445312500000003,
    4.0218750000000005,
    4.09921875,
    4.1765625,
    4.25390625,
    4.33125,
    4.4085937500000005,
    4.4859375,
    4.56328125,
    4.640625,
    4.71796875,
    4.7953125000000005,
    4.87265625,
    4.95
  ],
  "mx_fft_pos": [
    0.0006046357269219893,
    0.005497408001289121,
    0.005329017202921366,
    0.0034223156425380354,
    0.0045119737156893575,
    0.004654304015620576,
    0.003384082196818824,
    0.004215031517969734,
    0.006981924330115299,
    0.007383906251068518,
    0.005490884868305692,
    0.002683644501048486,
    0.0019504325267503952,
    0.00561083477061552,
    0.007572761931350678,
    0.007340018806799366,
    0.006333194437048158,
    0.002241638960070062,
    0.0047007581475887765,
    0.0031267814480388707,
    0.0038255075915419228,
    0.007409600831790672,
    0.005493928262568738,
    0.0008916837225765573,
    0.0038337721513272607,
    0.0030109968753343026,
    0.002470690313351531,
    0.004693729938668973,
    0.007352168439893359,
    0.0076044216342096745,
    0.004299661763719147,
    0.0015610217209561334,
    0.0019022755346577546,
    0.0012835094673344114,
    0.002069729591200194,
    0.004208131058839176,
    0.004560659891787389,
    0.004116905822116449,
    0.003852536055163026,
    0.0037458073637365017,
    0.0037558003626541876,
    0.003921879131905606,
    0.003304036710244042,
    0.0024920280852881427,
    0.0015431959774736526,
    0.0017138948047653393,
    0.002745352687374568,
    0.001812048481479251,
    0.0008566638701985079,
    0.0013380200325586067,
    0.002424332161228701,
    0.0024763126405631664,
    0.0018096925680650363,
    0.0019071370177059191,
    0.0010457739397038946,
    0.00037065718967602287,
    0.0008074756450615028,
    0.0009252846746451984,
    0.001262592247398556,
    0.001045329598827061,
    0.0006172058500639462,
    0.0003751775998069131,
    0.0008484160425607509,
    0.00020833070631363416,
    0.0010483973418529832
  ],
  "my_fft_pos": [
    0.01070900557227296,
    0.011355043877934703,
    0.013158359093052028,
    0.009562219318122426,
    0.002320560088946377,
    0.004246899411766831,
    0.004802550816766601,
    0.00447065935874805,
    0.002268414731890167,
    0.005070873262534986,
    0.007244723843723761,
    0.005844308271593158,
    0.00873694297299358,
    0.008703180828920569,
    0.004250468405906137,
    0.0015621956720773933,
    0.0007620706735157541,
    0.002497771817578803,
    0.005265916907824429,
    0.0037680671036766588,
    0.000777381995235407,
    0.0010892898216075442,
    0.00033601280396021373,
    0.0038139262317507592,
    0.005021769326062259,
    0.0024896954035862045,
    0.001667439663413416,
    0.00294939973982073,
    0.0059385436806544956,
    0.007227822625744764,
    0.004702748449225625,
    0.0025982306371387124,
    0.002672608461455916,
    0.00200699882852676,
    0.0008469192743367482,
    0.0017825760807352777,
    0.0017491443765467502,
    0.0017902534560917352,
    0.0009078152732320191,
    0.00018068356786583487,
    0.00016429411454543216,
    0.0005898433491296131,
    0.0014335882305754454,
    0.002512783653998856,
    0.0033457742858382113,
    0.0022198342344353097,
    0.0003601783443688186,
    0.00024671014386696053,
    0.00028514523963941557,
    0.0009981286458193165,
    0.001577954287210371,
    0.002408527344564916,
    0.002584054658584274,
    0.0024346512944795236,
    0.0024117291501811492,
    0.0017852453742564453,
    0.0012931981481991365,
    0.000578880963800637,
    0.0009215296115107515,
    0.0011843868984641897,
    0.001676572523056579,
    0.0019907078118608906,
    0.0017091410626742303,
    0.001884636322860918,
    0.002022297160044664
  ],
  "mz_fft_pos": [
    0.0022752544125525438,
    0.0012147821732470265,
    0.002958694553501717,
    0.0069993427934474705,
    0.008322600180265247,
    0.005396928107596335,
    0.0021517879285945234,
    0.003794514977020061,
    0.0067214474429987715,
    0.005102736691995201,
    0.0007103718224431081,
    0.0037808046967169303,
    0.00533472957351301,
    0.004927566516833478,
    0.0036320725160553123,
    0.002218978986624266,
    0.002497424010273209,
    0.00223989788804831,
    0.0007737954524296113,
    0.00021800941592645958,
    0.002272439505529835,
    0.0026843929815386853,
    0.0010604335487896836,
    0.002845973027579879,
    0.002478141402818364,
    0.0013130192193475775,
    0.0011011141771418537,
    0.001014747253713872,
    0.0010470328278866352,
    0.0017989368140444773,
    0.0027368546419674,
    0.002446159455737788,
    0.0017155007590851437,
    0.001590644354243443,
    0.0012620881756009136,
    3.442984934036374e-05,
    0.0009610707666883489,
    0.0009307437073940477,
    0.0011035126596438752,
    0.0001624596305681573,
    0.0022319184304619532,
    0.0031410704023109633,
    0.0020897696535897986,
    0.0020819963695252806,
    0.0020412592701908806,
    0.001265972878989318,
    0.0016183196830613642,
    0.00211554173707667,
    0.0014921597175429208,
    0.0019175247985251862,
    0.002549574543307568,
    0.0017947332364317609,
    0.0019906556200514165,
    0.0012178597194774444,
    0.0015626774962612079,
    0.0018208372447433307,
    0.0014048901736573363,
    0.0015257856895387364,
    0.001481763224871214,
    0.0019014096772799554,
    0.001309894341981765,
    0.000689548474805758,
    0.001536536588592997,
    0.0016115845890196528,
    0.000865246197620331
  ]
}