{
  "positive_frequencies": [
    0.0,
    0.07734375,
    0.1546875,
    0.23203125000000002,
    0.309375,
    0.38671875,
    0.46406250000000004,
    0.54140625,
    0.61875,
    0.6960937500000001,
    0.7734375,
    0.85078125,
    0.9281250000000001,
    1.0054687500000001,
    1.0828125,
    1.16015625,
    1.2375,
    1.31484375,
    1.3921875000000001,
    1.46953125,
    1.546875,
    1.62421875,
    1.7015625,
    1.7789062500000001,
    1.8562500000000002,
    1.93359375,
    2.0109375000000003,
    2.08828125,
    2.165625,
    2.24296875,
    2.3203125,
    2.3976562500000003,
    2.475,
    2.55234375,
    2.6296875,
    2.70703125,
    2.7843750000000003,
    2.86171875,
    2.9390625,
    3.01640625,
    3.09375,
    3.1710937500000003,
    3.2484375,
    3.32578125,
    3.403125,
    3.48046875,
    3.5578125000000003,
    3.63515625,
    3.7125000000000004,
    3.78984375,
    3.8671875,
    3.9445312500000003,
    4.0218750000000005,
    4.09921875,
    4.1765625,
    4.25390625,
    4.33125,
    4.4085937500000005,
    4.4859375,
    4.56328125,
    4.640625,
    4.71796875,
    4.7953125000000005,
    4.87265625,
    4.95
  ],
  "mx_fft_pos": [
    0.0743136260530348,
    0.08204009191324958,
    0.08457064245567798,
    0.062354684312066144,
    0.026751018801331197,
    0.007925806187367492,
    0.03694935673576964,
    0.04778196248641828,
    0.04487887187463531,
    0.04802272525236007,
    0.0485651380483426,
    0.04808132896647461,
    0.0547085114027171,
    0.04425883903810683,
    0.011022445223716586,
    0.04264054913147119,
    0.040064803867053876,
    0.004999781876693322,
    0.02432580045392926,
    0.017543663973335975,
    0.002810350076198441,
    0.010798337651756171,
    0.02477237841249233,
    0.039512078767643274,
    0.045565373859268954,
    0.03428321020123806,
    0.017492858501128517,
    0.009158849830235086,
    0.009253834063245751,
    0.0064884767169703286,
    0.015980536175825864,
    0.018620711103964273,
    0.01180898886261382,
    0.01089798645348228,
    0.012142904339903322,
    0.005504231019407324,
    0.000988087559246479,
    0.0026401189331258196,
    0.00739248552822081,
    0.009275331308239649,
    0.006032717332956411,
    0.0021126512323925146,
    0.0020657700513729356,
    0.0031003425744249007,
    0.002258451489682425,
    0.0005836856993921836,
    0.0007892809636828699,
    0.003490103543129702,
    0.003777090508738408,
    0.0008967422588922553,
    0.0014135356910580012,
    0.002655318347045488,
    0.0020075002157758774,
    0.0010032778153499155,
    0.0012679720420214916,
    0.0008267418745275107,
    0.00048448645984968726,
    0.0005946759264959906,
    0.00038591618760010855,
    0.0005573058195367967,
    0.00019144054723407476,
    0.000489165598494968,
    0.0003755921532362911,
    0.0001952321996471036,
    0.0004949756040218789
  ],
  "my_fft_pos": [
    0.03003046509259179,
    0.04774280247322293,
    0.05285319391996052,
    0.03639421630074901,
    0.02605706527021633,
    0.025350524047868635,
    0.027059555930195472,
    0.03187453438639589,
    0.03654720447487507,
    0.032865251369687466,
    0.030690301855467048,
    0.0349113261447016,
    0.030675377785099604,
    0.03357561866166491,
    0.05061110537625558,
    0.05510629709279272,
    0.02945358481704742,
    0.017602031358148026,
    0.032043599362959814,
    0.03223285057464989,
    0.020631830329006177,
    0.03147396570603634,
    0.03456211028351092,
    0.026794857620146523,
    0.006585967474277672,
    0.016778052353346673,
    0.022468360880973374,
    0.019427138168787196,
    0.019225863753496282,
    0.02181069448790371,
    0.020304959484352136,
    0.012660678924272748,
    0.00843668774052037,
    0.005625478765967405,
    0.006865950993580433,
    0.005934228718627591,
    0.012876813314187467,
    0.010578747893399989,
    0.006261491353664283,
    0.008521400373077845,
    0.00626635963706734,
    0.004525920014933911,
    0.00399428638164924,
    0.00713694249269341,
    0.008538620503329885,
    0.004689694707369438,
    0.0014117241742710451,
    0.0013036522955554176,
    0.0018474021706421703,
    0.0011418321739631347,
    0.0022013206905613166,
    0.0017733348602219786,
    0.00029132184161652233,
    0.0009282751392088527,
    0.00017000963917335733,
    0.00023999107636588646,
    0.001609751586030894,
    0.0011095759494516176,
    0.000912403619616739,
    0.00044914760390771046,
    0.0002088707505816548,
    0.000423678185561288,
    0.00037311852771359496,
    0.00044693443322648546,
    7.868497593200629e-05
  ],
  "mz_fft_pos": [
    0.009445807479782575,
    0.02162352594648184,
    0.03572552928681899,
    0.03907445513423313,
    0.025017688987730987,
    0.02670824254629284,
    0.06835201258502002,
    0.04996167305520678,
    0.031815733036069146,
    0.07535346927774464,
    0.06291753757398405,
    0.0277392129278227,
    0.03166027623178736,
    0.007015131600019792,
    0.025535302605156955,
    0.018278438315195666,
    0.02378967577621403,
    0.03612832282408911,
    0.028465544248979454,
    0.017668277062764175,
    0.016119854855518423,
    0.028184352421296858,
    0.03366002900644256,
    0.03001700244429268,
    0.0269627414247371,
    0.026098344912745527,
    0.01801782063836282,
    0.011997994464220542,
    0.00925903978351387,
    0.005531150313611165,
    0.012746877573162538,
    0.014115086527601201,
    0.011659664668943743,
    0.010817268781441158,
    0.009869861199178783,
    0.008841682003974886,
    0.0034440965327757495,
    0.005841916287728452,
    0.005867216172299864,
    0.005499930473413164,
    0.003413309112212606,
    0.001752616557021681,
    0.004150065271397148,
    0.002074981601063291,
    0.0005583462255746107,
    0.00148148214265017,
    0.0015206297001194346,
    0.000735606526506049,
    0.00048166335140840456,
    0.00037892751419312627,
    0.0007701186393268019,
    0.0004035428864218855,
    0.000890753224693383,
    0.0004562709605835549,
    0.0003415662407188114,
    0.0004240914950950098,
    0.0003286445536446239,
    0.00021187440937738358,
    0.00013323729956472703,
    8.531456397164314e-05,
    2.9687776011238187e-05,
    1.783795612640085e-05,
    8.930273883212692e-06,
    7.517972250092613e-07,
    1.4889802251727425e-08
  ]
}