{
  "positive_frequencies": [
    0.0,
    0.07734375,
    0.1546875,
    0.23203125000000002,
    0.309375,
    0.38671875,
    0.46406250000000004,
    0.54140625,
    0.61875,
    0.6960937500000001,
    0.7734375,
    0.85078125,
    0.9281250000000001,
    1.0054687500000001,
    1.0828125,
    1.16015625,
    1.2375,
    1.31484375,
    1.3921875000000001,
    1.46953125,
    1.546875,
    1.62421875,
    1.7015625,
    1.7789062500000001,
    1.8562500000000002,
    1.93359375,
    2.0109375000000003,
    2.08828125,
    2.165625,
    2.24296875,
    2.3203125,
    2.3976562500000003,
    2.475,
    2.55234375,
    2.6296875,
    2.70703125,
    2.7843750000000003,
    2.86171875,
    2.9390625,
    3.01640625,
    3.09375,
    3.1710937500000003,
    3.2484375,
    3.32578125,
    3.403125,
    3.48046875,
    3.5578125000000003,
    3.63515625,
    3.7125000000000004,
    3.78984375,
    3.8671875,
    3.9445312500000003,
    4.0218750000000005,
    4.09921875,
    4.1765625,
    4.25390625,
    4.33125,
    4.4085937500000005,
    4.4859375,
    4.56328125,
    4.640625,
    4.71796875,
    4.7953125000000005,
    4.87265625,
    4.95
  ],
  "mx_fft_pos": [
    0.0743136260530348,
    0.08204009191324958,
    0.084570642455678,
    0.06235468431206612,
    0.026751018801331197,
    0.007925806187367478,
    0.03694935673576962,
    0.047781962486418285,
    0.04487887187463531,
    0.048022725252360086,
    0.0485651380483426,
    0.04808132896647463,
    0.05470851140271708,
    0.04425883903810684,
    0.011022445223716593,
    0.04264054913147119,
    0.04006480386705388,
    0.004999781876693345,
    0.024325800453929246,
    0.017543663973335965,
    0.0028103500761984448,
    0.010798337651756175,
    0.02477237841249233,
    0.039512078767643274,
    0.045565373859268954,
    0.03428321020123807,
    0.017492858501128524,
    0.00915884983023509,
    0.009253834063245758,
    0.006488476716970335,
    0.015980536175825868,
    0.018620711103964276,
    0.011808988862613832,
    0.010897986453482288,
    0.012142904339903336,
    0.005504231019407334,
    0.0009880875592464728,
    0.0026401189331258183,
    0.007392485528220808,
    0.009275331308239649,
    0.006032717332956413,
    0.0021126512323925185,
    0.0020657700513729304,
    0.003100342574424901,
    0.0022584514896824225,
    0.0005836856993921799,
    0.0007892809636828685,
    0.0034901035431296923,
    0.003777090508738395,
    0.0008967422588922547,
    0.0014135356910579982,
    0.0026553183470454877,
    0.0020075002157758735,
    0.0010032778153499155,
    0.0012679720420214992,
    0.0008267418745275213,
    0.00048448645984968265,
    0.0005946759264959895,
    0.00038591618760010807,
    0.0005573058195367951,
    0.0001914405472340803,
    0.0004891655984949893,
    0.0003755921532363031,
    0.0001952321996471036,
    0.0004949756040218878
  ],
  "my_fft_pos": [
    0.030030465092591788,
    0.04774280247322291,
    0.05285319391996052,
    0.036394216300748995,
    0.026057065270216322,
    0.02535052404786863,
    0.027059555930195472,
    0.0318745343863959,
    0.03654720447487507,
    0.032865251369687466,
    0.030690301855467044,
    0.0349113261447016,
    0.030675377785099614,
    0.03357561866166491,
    0.050611105376255565,
    0.05510629709279272,
    0.02945358481704741,
    0.01760203135814802,
    0.03204359936295981,
    0.03223285057464988,
    0.02063183032900617,
    0.031473965706036326,
    0.034562110283510916,
    0.02679485762014652,
    0.006585967474277674,
    0.01677805235334668,
    0.022468360880973374,
    0.019427138168787196,
    0.019225863753496268,
    0.021810694487903706,
    0.020304959484352132,
    0.012660678924272743,
    0.008436687740520364,
    0.0056254787659674,
    0.006865950993580439,
    0.005934228718627592,
    0.012876813314187463,
    0.010578747893399987,
    0.006261491353664285,
    0.008521400373077836,
    0.006266359637067335,
    0.004525920014933913,
    0.0039942863816492405,
    0.0071369424926934055,
    0.008538620503329881,
    0.00468969470736944,
    0.0014117241742710482,
    0.0013036522955554102,
    0.0018474021706421711,
    0.0011418321739631323,
    0.0022013206905613057,
    0.001773334860221987,
    0.00029132184161652125,
    0.0009282751392088585,
    0.00017000963917335448,
    0.00023999107636587548,
    0.0016097515860308894,
    0.0011095759494516243,
    0.0009124036196167371,
    0.0004491476039077123,
    0.00020887075058165192,
    0.00042367818556129385,
    0.0003731185277135901,
    0.0004469344332264936,
    7.868497593201074e-05
  ],
  "mz_fft_pos": [
    0.00944580747978258,
    0.02162352594648184,
    0.03572552928681899,
    0.03907445513423314,
    0.025017688987730997,
    0.026708242546292834,
    0.06835201258502002,
    0.04996167305520677,
    0.031815733036069146,
    0.07535346927774463,
    0.06291753757398402,
    0.027739212927822707,
    0.03166027623178736,
    0.007015131600019786,
    0.025535302605156955,
    0.018278438315195662,
    0.023789675776214044,
    0.036128322824089114,
    0.02846554424897945,
    0.017668277062764182,
    0.01611985485551843,
    0.028184352421296858,
    0.033660029006442556,
    0.030017002444292677,
    0.0269627414247371,
    0.026098344912745527,
    0.018017820638362814,
    0.011997994464220538,
    0.009259039783513869,
    0.005531150313611169,
    0.012746877573162538,
    0.014115086527601201,
    0.011659664668943732,
    0.010817268781441148,
    0.009869861199178773,
    0.00884168200397489,
    0.00344409653277576,
    0.005841916287728439,
    0.005867216172299849,
    0.005499930473413148,
    0.0034133091122126075,
    0.0017526165570216914,
    0.004150065271397164,
    0.002074981601063304,
    0.0005583462255746132,
    0.0014814821426501696,
    0.001520629700119436,
    0.0007356065265060512,
    0.0004816633514084064,
    0.0003789275141931258,
    0.0007701186393267863,
    0.0004035428864218883,
    0.0008907532246933901,
    0.0004562709605835608,
    0.0003415662407188216,
    0.00042409149509501157,
    0.0003286445536446124,
    0.00021187440937736818,
    0.00013323729956471385,
    8.531456397164234e-05,
    2.9687776011249785e-05,
    1.7837956126406105e-05,
    8.930273883211193e-06,
    7.517972250112316e-07,
    1.4889802244510975e-08
  ]
}