{
  "positive_frequencies": [
    0.0,
    0.07734375,
    0.1546875,
    0.23203125000000002,
    0.309375,
    0.38671875,
    0.46406250000000004,
    0.54140625,
    0.61875,
    0.6960937500000001,
    0.7734375,
    0.85078125,
    0.9281250000000001,
    1.0054687500000001,
    1.0828125,
    1.16015625,
    1.2375,
    1.31484375,
    1.3921875000000001,
    1.46953125,
    1.546875,
    1.62421875,
    1.7015625,
    1.7789062500000001,
    1.8562500000000002,
    1.93359375,
    2.0109375000000003,
    2.08828125,
    2.165625,
    2.24296875,
    2.3203125,
    2.3976562500000003,
    2.475,
    2.55234375,
    2.6296875,
    2.70703125,
    2.7843750000000003,
    2.86171875,
    2.9390625,
    3.01640625,
    3.09375,
    3.1710937500000003,
    3.2484375,
    3.32578125,
    3.403125,
    3.48046875,
    3.5578125000000003,
    3.63515625,
    3.7125000000000004,
    3.78984375,
    3.8671875,
    3.9445312500000003,
    4.0218750000000005,
    4.09921875,
    4.1765625,
    4.25390625,
    4.33125,
    4.4085937500000005,
    4.4859375,
    4.56328125,
    4.640625,
    4.71796875,
    4.7953125000000005,
    4.87265625,
    4.95
  ],
  "mx_fft_pos": [
    0.07431362605303482,
    0.08204009191324958,
    0.08457064245567797,
    0.06235468431206612,
    0.02675101880133121,
    0.007925806187367473,
    0.03694935673576962,
    0.047781962486418285,
    0.04487887187463531,
    0.048022725252360086,
    0.04856513804834261,
    0.04808132896647461,
    0.05470851140271708,
    0.04425883903810682,
    0.011022445223716594,
    0.04264054913147119,
    0.04006480386705387,
    0.0049997818766933325,
    0.024325800453929264,
    0.017543663973335975,
    0.002810350076198446,
    0.010798337651756166,
    0.024772378412492337,
    0.039512078767643274,
    0.04556537385926896,
    0.034283210201238055,
    0.017492858501128514,
    0.009158849830235079,
    0.00925383406324575,
    0.00648847671697033,
    0.015980536175825868,
    0.018620711103964273,
    0.011808988862613818,
    0.01089798645348228,
    0.012142904339903322,
    0.005504231019407318,
    0.000988087559246475,
    0.002640118933125823,
    0.007392485528220808,
    0.009275331308239649,
    0.006032717332956406,
    0.0021126512323925064,
    0.0020657700513729282,
    0.003100342574424897,
    0.0022584514896824186,
    0.0005836856993921792,
    0.0007892809636828619,
    0.00349010354312969,
    0.0037770905087383976,
    0.0008967422588922404,
    0.001413535691057994,
    0.002655318347045486,
    0.002007500215775875,
    0.0010032778153499155,
    0.0012679720420214916,
    0.0008267418745275186,
    0.00048448645984969474,
    0.0005946759264960036,
    0.00038591618760011305,
    0.0005573058195368022,
    0.00019144054723407714,
    0.0004891655984949841,
    0.00037559215323629524,
    0.00019523219964711513,
    0.0004949756040218967
  ],
  "my_fft_pos": [
    0.030030465092591777,
    0.047742802473222906,
    0.05285319391996051,
    0.03639421630074901,
    0.026057065270216336,
    0.02535052404786864,
    0.027059555930195472,
    0.031874534386395904,
    0.036547204474875084,
    0.03286525136968747,
    0.03069030185546705,
    0.0349113261447016,
    0.030675377785099604,
    0.0335756186616649,
    0.050611105376255565,
    0.05510629709279273,
    0.029453584817047424,
    0.01760203135814802,
    0.03204359936295981,
    0.032232850574649884,
    0.02063183032900617,
    0.03147396570603633,
    0.034562110283510916,
    0.026794857620146516,
    0.0065859674742776665,
    0.016778052353346673,
    0.02246836088097337,
    0.019427138168787186,
    0.019225863753496265,
    0.021810694487903695,
    0.020304959484352122,
    0.012660678924272743,
    0.008436687740520364,
    0.005625478765967389,
    0.006865950993580429,
    0.005934228718627596,
    0.012876813314187465,
    0.010578747893399985,
    0.006261491353664278,
    0.008521400373077836,
    0.006266359637067332,
    0.004525920014933917,
    0.003994286381649245,
    0.007136942492693422,
    0.008538620503329888,
    0.004689694707369442,
    0.0014117241742710488,
    0.0013036522955554096,
    0.0018474021706421638,
    0.0011418321739631251,
    0.0022013206905612957,
    0.0017733348602219784,
    0.0002913218416165251,
    0.0009282751392088531,
    0.00017000963917336193,
    0.00023999107636588868,
    0.0016097515860308978,
    0.0011095759494516202,
    0.0009124036196167371,
    0.00044914760390771545,
    0.00020887075058166355,
    0.0004236781855612911,
    0.0003731185277135895,
    0.000446934433226478,
    7.868497593200186e-05
  ],
  "mz_fft_pos": [
    0.00944580747978258,
    0.021623525946481835,
    0.03572552928681899,
    0.03907445513423313,
    0.02501768898773098,
    0.026708242546292848,
    0.06835201258502005,
    0.04996167305520679,
    0.031815733036069146,
    0.07535346927774465,
    0.06291753757398406,
    0.027739212927822714,
    0.03166027623178736,
    0.007015131600019788,
    0.025535302605156966,
    0.018278438315195666,
    0.023789675776214027,
    0.0361283228240891,
    0.028465544248979447,
    0.01766827706276418,
    0.016119854855518433,
    0.02818435242129686,
    0.03366002900644255,
    0.03001700244429268,
    0.02696274142473711,
    0.026098344912745545,
    0.01801782063836283,
    0.011997994464220545,
    0.009259039783513869,
    0.005531150313611165,
    0.01274687757316253,
    0.014115086527601198,
    0.011659664668943743,
    0.010817268781441156,
    0.009869861199178775,
    0.008841682003974886,
    0.0034440965327757543,
    0.005841916287728451,
    0.005867216172299867,
    0.005499930473413166,
    0.003413309112212616,
    0.001752616557021687,
    0.0041500652713971535,
    0.00207498160106329,
    0.000558346225574612,
    0.0014814821426501707,
    0.001520629700119435,
    0.0007356065265060544,
    0.00048166335140841085,
    0.00037892751419312296,
    0.0007701186393267887,
    0.00040354288642189775,
    0.000890753224693392,
    0.0004562709605835648,
    0.0003415662407188272,
    0.0004240914950950205,
    0.0003286445536446148,
    0.00021187440937737892,
    0.0001332372995647221,
    8.531456397164089e-05,
    2.9687776011241525e-05,
    1.7837956126395006e-05,
    8.930273883201116e-06,
    7.517972250132719e-07,
    1.4889802220086067e-08
  ]
}