{
  "positive_frequencies": [
    0.0,
    0.07734375,
    0.1546875,
    0.23203125000000002,
    0.309375,
    0.38671875,
    0.46406250000000004,
    0.54140625,
    0.61875,
    0.6960937500000001,
    0.7734375,
    0.85078125,
    0.9281250000000001,
    1.0054687500000001,
    1.0828125,
    1.16015625,
    1.2375,
    1.31484375,
    1.3921875000000001,
    1.46953125,
    1.546875,
    1.62421875,
    1.7015625,
    1.7789062500000001,
    1.8562500000000002,
    1.93359375,
    2.0109375000000003,
    2.08828125,
    2.165625,
    2.24296875,
    2.3203125,
    2.3976562500000003,
    2.475,
    2.55234375,
    2.6296875,
    2.70703125,
    2.7843750000000003,
    2.86171875,
    2.9390625,
    3.01640625,
    3.09375,
    3.1710937500000003,
    3.2484375,
    3.32578125,
    3.403125,
    3.48046875,
    3.5578125000000003,
    3.63515625,
    3.7125000000000004,
    3.78984375,
    3.8671875,
    3.9445312500000003,
    4.0218750000000005,
    4.09921875,
    4.1765625,
    4.25390625,
    4.33125,
    4.4085937500000005,
    4.4859375,
    4.56328125,
    4.640625,
    4.71796875,
    4.7953125000000005,
    4.87265625,
    4.95
  ],
  "mx_fft_pos": [
    0.0743136260530348,
    0.08204009191324958,
    0.084570642455678,
    0.06235468431206612,
    0.026751018801331208,
    0.00792580618736747,
    0.036949356735769615,
    0.04778196248641828,
    0.04487887187463531,
    0.048022725252360086,
    0.04856513804834262,
    0.04808132896647461,
    0.05470851140271708,
    0.04425883903810683,
    0.011022445223716598,
    0.04264054913147119,
    0.04006480386705387,
    0.004999781876693339,
    0.02432580045392925,
    0.01754366397333597,
    0.002810350076198446,
    0.010798337651756178,
    0.024772378412492344,
    0.03951207876764329,
    0.04556537385926896,
    0.03428321020123807,
    0.017492858501128517,
    0.009158849830235086,
    0.009253834063245751,
    0.0064884767169703225,
    0.015980536175825857,
    0.018620711103964266,
    0.011808988862613813,
    0.01089798645348228,
    0.012142904339903322,
    0.005504231019407325,
    0.0009880875592464763,
    0.0026401189331258274,
    0.007392485528220816,
    0.009275331308239649,
    0.006032717332956406,
    0.0021126512323925094,
    0.002065770051372926,
    0.0031003425744248973,
    0.002258451489682426,
    0.0005836856993921744,
    0.000789280963682862,
    0.003490103543129698,
    0.003777090508738408,
    0.0008967422588922542,
    0.001413535691057997,
    0.002655318347045493,
    0.00200750021577588,
    0.0010032778153499155,
    0.0012679720420215046,
    0.0008267418745275257,
    0.00048448645984969105,
    0.0005946759264959947,
    0.00038591618760010714,
    0.0005573058195367898,
    0.000191440547234078,
    0.000489165598494979,
    0.0003755921532362991,
    0.0001952321996471134,
    0.0004949756040218878
  ],
  "my_fft_pos": [
    0.030030465092591774,
    0.0477428024732229,
    0.05285319391996051,
    0.036394216300749,
    0.026057065270216326,
    0.02535052404786864,
    0.027059555930195475,
    0.0318745343863959,
    0.03654720447487507,
    0.032865251369687466,
    0.030690301855467044,
    0.0349113261447016,
    0.030675377785099597,
    0.0335756186616649,
    0.05061110537625558,
    0.05510629709279272,
    0.02945358481704741,
    0.017602031358148022,
    0.032043599362959814,
    0.03223285057464989,
    0.020631830329006184,
    0.03147396570603634,
    0.03456211028351091,
    0.02679485762014652,
    0.006585967474277674,
    0.01677805235334668,
    0.022468360880973384,
    0.019427138168787196,
    0.019225863753496268,
    0.021810694487903702,
    0.02030495948435213,
    0.01266067892427273,
    0.008436687740520355,
    0.005625478765967397,
    0.00686595099358043,
    0.005934228718627593,
    0.012876813314187465,
    0.010578747893399989,
    0.006261491353664285,
    0.00852140037307784,
    0.006266359637067338,
    0.004525920014933913,
    0.0039942863816492405,
    0.007136942492693411,
    0.008538620503329883,
    0.0046896947073694385,
    0.001411724174271048,
    0.0013036522955554158,
    0.0018474021706421657,
    0.0011418321739631284,
    0.002201320690561312,
    0.0017733348602219823,
    0.00029132184161652694,
    0.0009282751392088585,
    0.0001700096391733504,
    0.00023999107636588424,
    0.001609751586030896,
    0.0011095759494516267,
    0.0009124036196167377,
    0.0004491476039077117,
    0.00020887075058165523,
    0.00042367818556129173,
    0.00037311852771359225,
    0.00044693443322647576,
    7.868497593199964e-05
  ],
  "mz_fft_pos": [
    0.00944580747978259,
    0.021623525946481842,
    0.03572552928681899,
    0.03907445513423314,
    0.025017688987730987,
    0.02670824254629283,
    0.06835201258502002,
    0.04996167305520678,
    0.031815733036069146,
    0.07535346927774461,
    0.06291753757398402,
    0.027739212927822707,
    0.03166027623178736,
    0.007015131600019783,
    0.025535302605156955,
    0.01827843831519567,
    0.023789675776214034,
    0.0361283228240891,
    0.028465544248979433,
    0.017668277062764165,
    0.016119854855518423,
    0.028184352421296858,
    0.03366002900644257,
    0.03001700244429268,
    0.0269627414247371,
    0.026098344912745527,
    0.018017820638362814,
    0.011997994464220542,
    0.009259039783513874,
    0.005531150313611172,
    0.012746877573162537,
    0.0141150865276012,
    0.011659664668943739,
    0.010817268781441158,
    0.009869861199178775,
    0.008841682003974892,
    0.003444096532775754,
    0.005841916287728438,
    0.005867216172299846,
    0.005499930473413152,
    0.0034133091122125984,
    0.0017526165570216803,
    0.004150065271397157,
    0.0020749816010633085,
    0.0005583462255746171,
    0.0014814821426501824,
    0.001520629700119445,
    0.0007356065265060529,
    0.0004816633514084038,
    0.00037892751419313283,
    0.0007701186393267897,
    0.00040354288642188897,
    0.0008907532246933811,
    0.0004562709605835521,
    0.0003415662407188073,
    0.00042409149509500354,
    0.00032864455364461557,
    0.00021187440937738553,
    0.00013323729956472952,
    8.531456397164477e-05,
    2.9687776011247166e-05,
    1.783795612639844e-05,
    8.930273883203242e-06,
    7.517972250059954e-07,
    1.4889802237294524e-08
  ]
}