{
  "positive_frequencies": [
    0.0,
    0.07734375,
    0.1546875,
    0.23203125000000002,
    0.309375,
    0.38671875,
    0.46406250000000004,
    0.54140625,
    0.61875,
    0.6960937500000001,
    0.7734375,
    0.85078125,
    0.9281250000000001,
    1.0054687500000001,
    1.0828125,
    1.16015625,
    1.2375,
    1.31484375,
    1.3921875000000001,
    1.46953125,
    1.546875,
    1.62421875,
    1.7015625,
    1.7789062500000001,
    1.8562500000000002,
    1.93359375,
    2.0109375000000003,
    2.08828125,
    2.165625,
    2.24296875,
    2.3203125,
    2.3976562500000003,
    2.475,
    2.55234375,
    2.6296875,
    2.70703125,
    2.7843750000000003,
    2.86171875,
    2.9390625,
    3.01640625,
    3.09375,
    3.1710937500000003,
    3.2484375,
    3.32578125,
    3.403125,
    3.48046875,
    3.5578125000000003,
    3.63515625,
    3.7125000000000004,
    3.78984375,
    3.8671875,
    3.9445312500000003,
    4.0218750000000005,
    4.09921875,
    4.1765625,
    4.25390625,
    4.33125,
    4.4085937500000005,
    4.4859375,
    4.56328125,
    4.640625,
    4.71796875,
    4.7953125000000005,
    4.87265625,
    4.95
  ],
  "mx_fft_pos": [
    0.03613126059417302,
    0.03634011419431889,
    0.030262486384939873,
    0.019958654245405688,
    0.013174021396231535,
    0.007371273122066346,
    0.004696141918462427,
    0.00382211747357025,
    0.0010978340114360522,
    0.0036035597889723854,
    0.004950318245064188,
    0.004228288038025691,
    0.0012482699864672837,
    0.0031068300245758146,
    0.004208404967999677,
    0.0031071704487195817,
    0.0021607609518413907,
    0.0020099087030253523,
    0.0012509051261045479,
    0.0011975566544907145,
    0.0021677022566324432,
    0.0023678474116143843,
    0.0012115932041629487,
    0.0006998402093794813,
    0.0011161525882737975,
    0.0013138827863682387,
    0.0014195630850602644,
    0.0010272912051249134,
    0.0011535144049747638,
    0.0007215137126338583,
    0.0012181626344068908,
    0.0016090258152008192,
    0.002104927336804672,
    0.0020121104889514207,
    0.0015178083430025808,
    0.0012145151213554632,
    0.0013012085363160722,
    0.0013715822947628989,
    0.0013149510374183065,
    0.000962280179800703,
    0.0008729069878453416,
    0.0012237532622025936,
    0.00105245658209449,
    0.0005009868871006226,
    0.00013287728640679132,
    0.00024486090115339454,
    0.00020469092546439568,
    5.978956445955761e-05,
    0.0003489542324536854,
    0.00045767830538799375,
    0.00044104119584066783,
    0.00024961015127011193,
    0.00019619968947100615,
    0.00036954675724372996,
    0.00026730787388447785,
    0.00013633164148011846,
    0.000107039872064758,
    2.9901873851055526e-05,
    0.00020244538540357572,
    0.0001933005704442799,
    6.744426927027444e-05,
    0.00011318709790680876,
    5.3328503969777045e-05,
    0.00015589795263622793,
    8.359958903582765e-05
  ],
  "my_fft_pos": [
    0.010316531136019802,
    0.007353155283230143,
    0.005148106593998424,
    0.0068953837208485394,
    0.00388214997210729,
    0.003412722708268216,
    0.005830881777949129,
    0.008218392880728122,
    0.008120908278158714,
    0.005199588956175386,
    0.0014618306081972273,
    0.0013512572579342966,
    0.0007254439366785684,
    0.0018601489150392842,
    0.0016252290445702207,
    0.001353194354671644,
    0.001177237066686824,
    0.0017081090985484075,
    0.0038321473259176953,
    0.004057560068649719,
    0.0035301739902041324,
    0.0024642226439636422,
    0.0037564100271735516,
    0.003755650677443888,
    0.002443642321044166,
    0.0008528516398056404,
    0.0006848339546788025,
    0.0009767373952279538,
    0.0012533295991132704,
    0.000715532863012402,
    0.0013782587789072408,
    0.002509767808178381,
    0.0015735795959749097,
    0.0004430312812064346,
    0.001366636464009718,
    0.0010737502391278706,
    0.00034657619890481056,
    0.0006779388060782948,
    0.001155206892562271,
    0.0011802376184897763,
    0.00039237085520697865,
    0.0006117399263241192,
    0.000838618811176093,
    0.0004857081202724652,
    0.0004742368347024365,
    0.0003405934036080586,
    0.0002785211808329149,
    0.0002382807897405619,
    0.00022977912181168004,
    0.0002274307121330962,
    0.00013212373780181977,
    0.0002230601724063567,
    0.00018346294069386155,
    0.00015283300234848513,
    0.000307731759251075,
    0.000260454355689035,
    0.00015696415528589146,
    0.00021830095529892378,
    0.00015250061989245117,
    6.866047179155404e-05,
    3.990630520126645e-05,
    0.0001570406236610881,
    0.00022648317920897777,
    4.3214482012858884e-05,
    0.00015874537910307685
  ],
  "mz_fft_pos": [
    0.0047991864644603074,
    0.004162939540774538,
    0.004198172193336361,
    0.005759987913289413,
    0.005494935699384267,
    0.002961409596224051,
    0.0021155809560075693,
    0.0034536173414241663,
    0.004385591341877737,
    0.0026638168058118277,
    0.004546864024046643,
    0.004756476742704041,
    0.002558788897277091,
    0.0037727004467712514,
    0.0048096987950782925,
    0.002011118306250352,
    0.004522853013246533,
    0.003216081575504769,
    0.002217693095037387,
    0.003199155674734629,
    0.002333808111375079,
    0.0022838948477616593,
    0.0022299504330955382,
    0.0015397419043179938,
    0.0006052975140373479,
    0.0009653480993921217,
    0.002631794060065289,
    0.0035150142967665097,
    0.002452663345450044,
    0.0008988356518626576,
    0.00036555333117798127,
    0.000801928716135896,
    0.0007368034430370059,
    0.0011989646759469333,
    0.0020247699704099096,
    0.0016447774529912767,
    0.0009175489894245205,
    0.0005386305844006171,
    0.0004450047196033029,
    0.0003176487040895411,
    0.0003640574905630938,
    0.0007483296366061652,
    0.0004977190521097097,
    0.0007254020994191767,
    0.001103114852736012,
    0.0006638330772802084,
    5.83091152470654e-05,
    0.0001512125331369858,
    0.00018326567410816623,
    7.315702739939122e-05,
    0.00015303400979096911,
    0.00015690385487378936,
    0.0003316176129178432,
    0.00023302081340703537,
    5.4847298506347514e-05,
    0.00014747643781327281,
    9.652198659575763e-05,
    9.642958809556047e-05,
    6.761386191353446e-05,
    0.00010924205448666576,
    9.407359125340043e-05,
    6.404457799030022e-05,
    0.00013764336404111023,
    6.890507162501628e-05,
    4.400530379162215e-05
  ]
}