{
  "times": [
    0.0,
    0.10101010101010101,
    0.20202020202020202,
    0.30303030303030304,
    0.40404040404040403,
    0.5050505050505051,
    0.6060606060606061,
    0.7070707070707071,
    0.8080808080808081,
    0.9090909090909091,
    1.0101010101010102,
    1.1111111111111112,
    1.2121212121212122,
    1.3131313131313131,
    1.4141414141414141,
    1.5151515151515151,
    1.6161616161616161,
    1.7171717171717171,
    1.8181818181818181,
    1.9191919191919191,
    2.0202020202020203,
    2.121212121212121,
    2.2222222222222223,
    2.323232323232323,
    2.4242424242424243,
    2.525252525252525,
    2.6262626262626263,
    2.727272727272727,
    2.8282828282828283,
    2.929292929292929,
    3.0303030303030303,
    3.131313131313131,
    3.2323232323232323,
    3.3333333333333335,
    3.4343434343434343,
    3.5353535353535355,
    3.6363636363636362,
    3.7373737373737375,
    3.8383838383838382,
    3.9393939393939394,
    4.040404040404041,
    4.141414141414141,
    4.242424242424242,
    4.343434343434343,
    4.444444444444445,
    4.545454545454545,
    4.646464646464646,
    4.747474747474747,
    4.848484848484849,
    4.94949494949495,
    5.05050505050505,
    5.151515151515151,
    5.252525252525253,
    5.353535353535354,
    5.454545454545454,
    5.555555555555555,
    5.656565656565657,
    5.757575757575758,
    5.858585858585858,
    5.959595959595959,
    6.0606060606060606,
    6.161616161616162,
    6.262626262626262,
    6.363636363636363,
    6.4646464646464645,
    6.565656565656566,
    6.666666666666667,
    6.767676767676767,
    6.8686868686868685,
    6.96969696969697,
    7.070707070707071,
    7.171717171717171,
    7.2727272727272725,
    7.373737373737374,
    7.474747474747475,
    7.575757575757575,
    7.6767676767676765,
    7.777777777777778,
    7.878787878787879,
    7.979797979797979,
    8.080808080808081,
    8.181818181818182,
    8.282828282828282,
    8.383838383838384,
    8.484848484848484,
    8.585858585858587,
    8.686868686868687,
    8.787878787878787,
    8.88888888888889,
    8.98989898989899,
    9.09090909090909,
    9.191919191919192,
    9.292929292929292,
    9.393939393939394,
    9.494949494949495,
    9.595959595959595,
    9.696969696969697,
    9.797979797979798,
    9.8989898989899,
    10.0
  ],
  "mx": [
    1.0,
    0.6007680200825131,
    0.16903514399121686,
    0.10804715434714973,
    0.017393392500267283,
    -0.011140191031131322,
    -0.011158013759587231,
    -0.015043208261366717,
    0.018016167298767618,
    0.030089216345058917,
    0.03020371869764725,
    0.04406086942134809,
    -0.010612245540626614,
    -0.03113780911858951,
    -0.03912991093952551,
    0.003647487504718985,
    -0.04262002343908975,
    0.004664290254722871,
    0.01709290747255177,
    0.002997335119824273,
    0.004836786370916507,
    0.006860473875413913,
    0.008169557819678461,
    -0.013322607514236539,
    -0.050256159864652775,
    0.015027936815302626,
    0.024617620285899148,
    -0.0026628854724898027,
    0.02231373467586423,
    -0.01723574802145427,
    -0.0162451784236564,
    0.016408567883768165,
    0.005688512621368982,
    -0.023911245374649972,
    -0.015578292557508481,
    -0.011294889031723045,
    0.004035582234225784,
    0.02398309372611772,
    0.0011581852487404024,
    0.00906079980212195,
    -0.023565194788519872,
    -0.03640431528040061,
    0.006194388465485539,
    0.06679247027666566,
    0.05260111229681142,
    0.027859793623392696,
    0.038878772300657664,
    0.03312084187784286,
    -0.0013094036096940745,
    0.005275103484645777,
    0.005597204338464317,
    -0.003620616020408877,
    -0.027564642481967466,
    -0.04192527010455583,
    -0.04203979190529837,
    -0.013434003686353533,
    0.02584370383882526,
    0.002960456822063435,
    -0.005368063864709234,
    0.01253312585002199,
    -0.022834199782857553,
    -0.02830265720846356,
    0.00648712171066471,
    0.04263261092112749,
    0.0504667740990405,
    0.030223083149084975,
    0.023720799271868806,
    0.006327577099194482,
    0.01254511876250541,
    0.020837905840810828,
    -0.007340615404515983,
    0.005279483465954324,
    0.010141720288214504,
    0.007773021196193199,
    0.0004477878119810673,
    0.012071587069197708,
    0.02306380145034915,
    -0.012161184865118094,
    0.003406040978541313,
    -0.013553447566649987,
    -0.03466804225250958,
    0.01117442972838098,
    -0.02430885022324345,
    -0.009961030172880657,
    -0.01631572386741301,
    -0.053652626333873674,
    -0.013354516078797998,
    0.003399879111283621,
    2.6921162175423327e-05,
    2.496240573159037e-05,
    0.014471484458552245,
    -0.023659003924329198,
    -0.031052097395658573,
    0.013043635411045317,
    0.0025520385200552952,
    -0.00550899409991931,
    -0.003603080488832232,
    -0.004804338865612355,
    -0.001899405735634135,
    -0.02687353390815955
  ],
  "my": [
    0.0,
    0.15069660956202485,
    0.08088501589378692,
    0.02827322659273986,
    -0.0038247565008234343,
    0.027322822792883263,
    0.02098379688684677,
    0.031205992588646234,
    0.0051878112421754954,
    -0.01882301826901057,
    -0.004214407492482761,
    0.022208315799507286,
    0.005165199479528378,
    0.010516731403690204,
    -0.009670749509558277,
    0.005106055734194752,
    0.005713803298462189,
    -0.00027291622576873856,
    0.008853997441100468,
    0.0003142340721956575,
    -0.024703558651575096,
    -0.04093623151375683,
    0.0028884240082982654,
    -0.005396606295275013,
    0.00960607397249974,
    0.019359434078564504,
    0.06051906265584276,
    0.01503216035440082,
    -0.03862408399283701,
    -0.019909347599906792,
    0.009343134263754693,
    0.005155656737052557,
    0.025599638595475316,
    0.023313979123619717,
    0.027706615343795055,
    0.026446989656757045,
    -0.004804867088652265,
    -0.005265239026291456,
    0.0010387199137396432,
    0.009098830391829942,
    0.007741140691601131,
    -0.0015684179200285038,
    -0.04205715501502841,
    -0.016311371612603084,
    -0.025655252128272774,
    -0.040377335588553186,
    -0.029389701092515316,
    0.023024235285739828,
    0.01916835308393475,
    -0.007585747171397649,
    -0.0021532263673714885,
    0.020331972443546065,
    0.03873332100211942,
    0.04487474214595588,
    0.027233245746521757,
    0.005291065838293469,
    -0.022286399974901887,
    -0.0244033945504938,
    -0.005102357960336898,
    0.02223427660654253,
    -0.0034496853656530535,
    0.02157891972997781,
    0.028747746130958256,
    -0.006087373007654179,
    -0.053329920320310295,
    -0.014839873788959275,
    0.009403247046734748,
    0.007969057388019491,
    0.032295937107120504,
    0.03787769435442527,
    0.009208163231891211,
    -0.0050620801393597824,
    -0.007373612917626637,
    6.0430457479524954e-05,
    0.015985446103796135,
    -0.013907045277261361,
    -0.03252331632323412,
    -0.008474522363822245,
    0.006372107871579621,
    -0.01320497325602363,
    0.011135670705382796,
    -0.019044886173675002,
    -0.006991708573295096,
    0.005128010319450375,
    0.012088070310904229,
    0.007231203501030552,
    0.031024517985851215,
    0.030756809824996983,
    0.041551656080429135,
    0.048893752863743506,
    0.027446977243127224,
    0.0012358832936724545,
    -0.018743376463866368,
    -0.010128342184966091,
    -0.02029346873986367,
    -0.03451283795144592,
    -0.00445164035873798,
    0.0043330103655345245,
    0.006813525207187339,
    0.010361018468227335
  ],