{
  "positive_frequencies": [
    0.0,
    0.07734375,
    0.1546875,
    0.23203125000000002,
    0.309375,
    0.38671875,
    0.46406250000000004,
    0.54140625,
    0.61875,
    0.6960937500000001,
    0.7734375,
    0.85078125,
    0.9281250000000001,
    1.0054687500000001,
    1.0828125,
    1.16015625,
    1.2375,
    1.31484375,
    1.3921875000000001,
    1.46953125,
    1.546875,
    1.62421875,
    1.7015625,
    1.7789062500000001,
    1.8562500000000002,
    1.93359375,
    2.0109375000000003,
    2.08828125,
    2.165625,
    2.24296875,
    2.3203125,
    2.3976562500000003,
    2.475,
    2.55234375,
    2.6296875,
    2.70703125,
    2.7843750000000003,
    2.86171875,
    2.9390625,
    3.01640625,
    3.09375,
    3.1710937500000003,
    3.2484375,
    3.32578125,
    3.403125,
    3.48046875,
    3.5578125000000003,
    3.63515625,
    3.7125000000000004,
    3.78984375,
    3.8671875,
    3.9445312500000003,
    4.0218750000000005,
    4.09921875,
    4.1765625,
    4.25390625,
    4.33125,
    4.4085937500000005,
    4.4859375,
    4.56328125,
    4.640625,
    4.71796875,
    4.7953125000000005,
    4.87265625,
    4.95
  ],
  "mx_fft_pos": [
    0.003279063943426731,
    0.003266531316380787,
    0.002240336630198428,
    0.0012638470921606895,
    0.0050509220976371165,
    0.007003382221249653,
    0.007476148448647571,
    0.006626425579780937,
    0.0054337368108650285,
    0.004135098614142879,
    0.0026618100126819234,
    0.003035065609992911,
    0.0038730908401848024,
    0.005330521329756265,
    0.005805812446724012,
    0.0028786911122377335,
    0.001476480138582664,
    0.0034906409333614187,
    0.004248876236060363,
    0.005836705894629728,
    0.006760575743961863,
    0.005581470812978207,
    0.0028752272385113476,
    0.0022642125026104895,
    0.0024634127353086737,
    0.00227172396478395,
    0.0009552288994441719,
    0.0006976591734235184,
    0.0009265413259871198,
    0.0015872293681822712,
    0.0033638595214601718,
    0.004253947005339714,
    0.003569702608087535,
    0.0021547931858387193,
    0.0014550440094293438,
    0.0017812077492697406,
    0.0018787208188998815,
    0.002401530229992921,
    0.002599782450666582,
    0.001872788928315996,
    0.002867795497738414,
    0.0034988746616315073,
    0.002153535376950621,
    0.0012618410839724272,
    0.001802785211921739,
    0.0010912249591246979,
    0.002416669955156395,
    0.0014830472410478754,
    0.0009431872798894554,
    0.0007696242656900168,
    0.001324050475329035,
    0.0015390998092723338,
    0.0016059526287772819,
    0.001952563156652932,
    0.0005368893211640319,
    0.0005937582141917799,
    0.0004949989391611011,
    0.0003835385713252091,
    0.0007780397549928439,
    0.0008776308050517273,
    0.0009495610064594173,
    0.0005105449420856154,
    0.0001925929054476826,
    0.0007044841592357614,
    0.0010725451316129463
  ],
  "my_fft_pos": [
    0.002596504888074169,
    0.0014991664163472385,
    0.0004491813747315181,
    0.0018150130905282104,
    0.0037430029474895665,
    0.0040854672963218765,
    0.005034167477764148,
    0.006547410040805208,
    0.005636046694934973,
    0.003720418174895817,
    0.0031637300192386307,
    0.0031340569115152045,
    0.0022276992820538513,
    0.0026488006543091648,
    0.005520503556102946,
    0.004598915255097142,
    0.0008630228852507148,
    0.004841117956878593,
    0.007659313033350937,
    0.006564198924404736,
    0.0031639051225868407,
    0.00172614131736048,
    0.0008852890912892409,
    0.0013515095480933887,
    0.0026339898897769494,
    0.002687563384586192,
    0.0016587576372715733,
    0.0019318178449538523,
    0.0029012062343678545,
    0.0037780022145337076,
    0.0030101461098735903,
    0.0013120350028726603,
    0.002596129843657426,
    0.0025602502306263392,
    0.002449780058713089,
    0.004217976303976758,
    0.0040615218823492226,
    0.0020185652782785473,
    2.4962231576164934e-05,
    0.0007754490467827672,
    0.0007590662862243063,
    0.0017365797000336454,
    0.0030170300044372773,
    0.002582421641254031,
    0.0008885302712289268,
    0.000874208153742582,
    0.001328478474578334,
    0.0006363876087362498,
    0.001019980826006434,
    0.0008080121718726943,
    0.0004421574784444176,
    0.00023397199264715992,
    0.00016277133588303737,
    0.00037457142908962286,
    0.000122779232648821,
    0.000886417642543378,
    0.0009861809799117124,
    0.0005941949056716121,
    0.0009084861787612656,
    0.0014756564258545507,
    0.0008106961720963993,
    0.0010604936371888822,
    0.0018084942695931014,
    0.0012813490638722658,
    0.00085805561024619
  ],
  "mz_fft_pos": [
    0.006068350742960598,
    0.00526098153783625,
    0.0028138499255897786,
    0.0025824338027977713,
    0.0010884414685542845,
    0.003118766413841979,
    0.005365579182997689,
    0.00527291249915242,
    0.006107595658287849,
    0.007390941241967661,
    0.006179929053983308,
    0.0050534641837883,
    0.005180960968090329,
    0.004367299326553562,
    0.004268627939395845,
    0.003780495833749982,
    0.00216246381386936,
    0.0015578445718730251,
    0.0034892918053261402,
    0.005469673410850188,
    0.005385791304727522,
    0.0032019434449928547,
    0.001567202882654132,
    0.002896031911968601,
    0.0035616141283008403,
    0.0031778318869939044,
    0.00253127193092922,
    0.003031661805327779,
    0.004484908902969536,
    0.0067306349550754615,
    0.007363412910293718,
    0.00515274092497909,
    0.0025038842319201563,
    0.0017885790911436191,
    0.0011606890010637948,
    0.0003999270044060439,
    0.0020398051865875844,
    0.0019352922800498112,
    0.0009508676554947177,
    0.0022599300508170488,
    0.003610276683707477,
    0.0041143392383213295,
    0.0033008496248655233,
    0.0011531046616033449,
    0.001264609255850687,
    0.0021651845724699583,
    0.001907206655836713,
    0.0017609525715479195,
    0.001554069807752676,
    0.0007820787716693137,
    0.0006282142669201614,
    0.0012283818803599414,
    0.0014752373310156074,
    0.0018080354184220756,
    0.0016175816645762114,
    0.0003886949424789519,
    0.0006555329963780539,
    0.000917798517372278,
    0.0014600762369366914,
    0.0013619191546457104,
    0.00010592536555740933,
    0.0007975783089239892,
    0.0007458535622352148,
    0.0009887742518997903,
    0.0005206254359928325
  ]
}