{
  "times": [
    0.0,
    0.10101010101010101,
    0.20202020202020202,
    0.30303030303030304,
    0.40404040404040403,
    0.5050505050505051,
    0.6060606060606061,
    0.7070707070707071,
    0.8080808080808081,
    0.9090909090909091,
    1.0101010101010102,
    1.1111111111111112,
    1.2121212121212122,
    1.3131313131313131,
    1.4141414141414141,
    1.5151515151515151,
    1.6161616161616161,
    1.7171717171717171,
    1.8181818181818181,
    1.9191919191919191,
    2.0202020202020203,
    2.121212121212121,
    2.2222222222222223,
    2.323232323232323,
    2.4242424242424243,
    2.525252525252525,
    2.6262626262626263,
    2.727272727272727,
    2.8282828282828283,
    2.929292929292929,
    3.0303030303030303,
    3.131313131313131,
    3.2323232323232323,
    3.3333333333333335,
    3.4343434343434343,
    3.5353535353535355,
    3.6363636363636362,
    3.7373737373737375,
    3.8383838383838382,
    3.9393939393939394,
    4.040404040404041,
    4.141414141414141,
    4.242424242424242,
    4.343434343434343,
    4.444444444444445,
    4.545454545454545,
    4.646464646464646,
    4.747474747474747,
    4.848484848484849,
    4.94949494949495,
    5.05050505050505,
    5.151515151515151,
    5.252525252525253,
    5.353535353535354,
    5.454545454545454,
    5.555555555555555,
    5.656565656565657,
    5.757575757575758,
    5.858585858585858,
    5.959595959595959,
    6.0606060606060606,
    6.161616161616162,
    6.262626262626262,
    6.363636363636363,
    6.4646464646464645,
    6.565656565656566,
    6.666666666666667,
    6.767676767676767,
    6.8686868686868685,
    6.96969696969697,
    7.070707070707071,
    7.171717171717171,
    7.2727272727272725,
    7.373737373737374,
    7.474747474747475,
    7.575757575757575,
    7.6767676767676765,
    7.777777777777778,
    7.878787878787879,
    7.979797979797979,
    8.080808080808081,
    8.181818181818182,
    8.282828282828282,
    8.383838383838384,
    8.484848484848484,
    8.585858585858587,
    8.686868686868687,
    8.787878787878787,
    8.88888888888889,
    8.98989898989899,
    9.09090909090909,
    9.191919191919192,
    9.292929292929292,
    9.393939393939394,
    9.494949494949495,
    9.595959595959595,
    9.696969696969697,
    9.797979797979798,
    9.8989898989899,
    10.0
  ],
  "mx": [
    1.0,
    0.8060883306840879,
    0.437125269571192,
    0.18233959179977222,
    0.06865179536408633,
    0.022754618450402064,
    0.006053688745229622,
    -0.00037933443998606483,
    -0.005505033862003975,
    -0.008514007502626392,
    -0.023415892192422835,
    -0.02662953961405225,
    -0.019025024389941428,
    -0.01329083508506861,
    0.0012116728833574983,
    0.016241408339195,
    0.01309590861066335,
    0.010734679052869164,
    0.019942080216076796,
    0.025753611652449583,
    0.017954741802257652,
    0.00861262308537419,
    0.009180436349319922,
    0.004725434653131742,
    -0.01006349336532155,
    -0.022167138752652134,
    -0.032192590762754277,
    -0.02700655505001372,
    -0.024358207918570893,
    -0.03299562406764156,
    -0.025945344351970323,
    -0.01122917380393302,
    0.0027089240226760053,
    0.015957937996966005,
    0.017388382349682596,
    0.0030776141703654693,
    -0.019609822466603352,
    -0.04691850537466788,
    -0.06892003314536692,
    -0.06455205000941724,
    -0.03051785391810787,
    0.010554612390593918,
    0.03797458523769634,
    0.04586498812543487,
    0.04286880245406804,
    0.04118347635004252,
    0.046378071514442315,
    0.04796196649480315,
    0.03545806086432271,
    0.016716872624815235,
    0.00223403168902757,
    -0.004032075041605618,
    -0.004281104057561156,
    0.00039036493447711936,
    0.0013428887146328247,
    -0.010238059808520803,
    -0.030368731657478838,
    -0.048008827633358016,
    -0.049711961396354525,
    -0.037463055163820785,
    -0.021164055303737286,
    -0.006460195052230585,
    0.0016170883103171817,
    0.0038786068407185162,
    0.0023384735249721497,
    -0.005698556940597545,
    -0.01886025918875683,
    -0.03165111954233907,
    -0.04193773088352595,
    -0.049181379755321254,
    -0.05118032356407761,
    -0.047659974050670656,
    -0.041532395001326605,
    -0.03390189414065764,
    -0.023463836016475947,
    -0.011589130846068503,
    -0.0031905694699235366,
    -0.001523016223662464,
    -0.0044609263515302915,
    -0.0068958613654066196,
    -0.00534755297523968,
    0.0004235789624565782,
    0.00795432461662193,
    0.012716437111316722,
    0.01050396182956962,
    0.001260681370455413,
    -0.010025696241010434,
    -0.017025399062317773,
    -0.016686159665222806,
    -0.010702674617726097,
    -0.0034884683733375963,
    0.0009738106390123813,
    0.0012346336715645782,
    -0.0013656718309842414,
    -0.004077011037192688,
    -0.004728555257689693,
    -0.0028769041133890213,
    0.0005850441943978011,
    0.0046484241028094744,
    0.008865709527436197
  ],
  "my": [
    0.0,
    0.08270855385195539,
    0.07944982873197609,
    0.04308906340545138,
    0.02022253129108466,
    -0.0017983427723140034,
    -0.007388272234917347,
    0.0016535792345990245,
    0.00033615531214026696,
    -0.0051964573655304625,
    0.011764493506460949,
    0.026982990968114587,
    0.026496568114132445,
    0.01634286320458847,
    0.003843216939980461,
    0.00658523803390616,
    0.00948371055334435,
    0.01264851300007331,
    0.02227217775872049,
    0.020216356181623478,
    0.004169540831047516,
    -0.024067322831689646,
    -0.04516734807843283,
    -0.03307830895154547,
    -0.0035077754127364877,
    0.012108946298708286,
    0.015672631697910677,
    0.01644860519903628,
    0.02299920426367123,
    0.02663579924411461,
    0.03143827636969658,
    0.043981146313905234,
    0.04654031403967799,
    0.029124267139459887,
    0.007263434653696533,
    0.002936615295844563,
    0.005619641087451158,
    -0.014516102113679442,
    -0.04942625540225987,
    -0.07464591041598033,
    -0.08295249115481042,
    -0.06747482963760082,
    -0.03150702347235106,
    0.011976577952140265,
    0.047116349466990316,
    0.05881080538091424,
    0.048156949500716424,
    0.033940896855836185,
    0.021004127071644826,
    0.0036364654051598594,
    -0.016959268523459567,
    -0.021171228060438547,
    0.0013460764727940835,
    0.023487790756771855,
    0.03415772002129081,
    0.04005831571366516,
    0.04628417082923317,
    0.05102430891024071,
    0.04667711039776074,
    0.03205462378822558,
    0.011157259743080624,
    -0.009836802509482321,
    -0.024011373885549855,
    -0.026432736642431762,
    -0.017851289029948002,
    -0.007584041973419228,
    -0.005884203273721171,
    -0.013412205102125601,
    -0.024587401578741768,
    -0.03544099486097741,
    -0.043246918041889425,
    -0.044770051537623305,
    -0.039790722454360467,
    -0.032869085287174436,
    -0.02866850513836598,
    -0.02771022493730379,
    -0.027623011008475414,
    -0.02694872762903586,
    -0.026643140283121786,
    -0.028145437483494858,
    -0.030956795259548833,
    -0.032281174227965365,
    -0.02844172550208705,
    -0.017309323618532865,
    -0.0005846045106387498,
    0.016427027754061845,
    0.027893961679704204,
    0.03069807306908053,
    0.025531120535434233,
    0.015811071010319755,
    0.005611675874080144,
    -0.0021599107878384808,
    -0.006513435571293466,
    -0.007883532275527717,
    -0.007059241564855133,
    -0.0045699978397253215,
    -0.0008815291295156078,
    0.003220925679620004,
    0.006784716768017506,
    0.009358375143774753
  ],