{
  "metadata": {
    "circuit_type": "comb_generator",
    "qubits": 9,
    "shots": 8192,
    "drive_steps": 5,
    "time_points": 100,
    "max_time": 10.0,
    "drive_param": 0.3,
    "init_state": "superposition",
    "drive_frequency": 0.1,
    "has_subharmonics": false,
    "time_crystal_detected": false,
    "incommensurate_count": 0,
    "linear_combs_detected": false,
    "log_combs_detected": false,
    "created_at": "2025-05-17 22:14:07",
    "sweep_session": "parameter_scan_20250517_20250517_221328",
    "sweep_index": 2,
    "sweep_param1": "drive_param",
    "sweep_value1": 0.3,
    "sweep_param2": null,
    "sweep_value2": null
  },
  "positive_frequencies": [
    0.0,
    0.07734375,
    0.1546875,
    0.23203125000000002,
    0.309375,
    0.38671875,
    0.46406250000000004,
    0.54140625,
    0.61875,
    0.6960937500000001,
    0.7734375,
    0.85078125,
    0.9281250000000001,
    1.0054687500000001,
    1.0828125,
    1.16015625,
    1.2375,
    1.31484375,
    1.3921875000000001,
    1.46953125,
    1.546875,
    1.62421875,
    1.7015625,
    1.7789062500000001,
    1.8562500000000002,
    1.93359375,
    2.0109375000000003,
    2.08828125,
    2.165625,
    2.24296875,
    2.3203125,
    2.3976562500000003,
    2.475,
    2.55234375,
    2.6296875,
    2.70703125,
    2.7843750000000003,
    2.86171875,
    2.9390625,
    3.01640625,
    3.09375,
    3.1710937500000003,
    3.2484375,
    3.32578125,
    3.403125,
    3.48046875,
    3.5578125000000003,
    3.63515625,
    3.7125000000000004,
    3.78984375,
    3.8671875,
    3.9445312500000003,
    4.0218750000000005,
    4.09921875,
    4.1765625,
    4.25390625,
    4.33125,
    4.4085937500000005,
    4.4859375,
    4.56328125,
    4.640625,
    4.71796875,
    4.7953125000000005,
    4.87265625,
    4.95
  ],
  "mx_fft_pos": [
    0.006970299485366642,
    0.005228162931185018,
    0.005773850568260791,
    0.01001076061841687,
    0.01006400851946607,
    0.007244202733236807,
    0.007068184473020607,
    0.008428150468336098,
    0.010566245400874523,
    0.009043168162518107,
    0.004156859528482125,
    0.0054637081572664215,
    0.008377403155658826,
    0.008303455189875743,
    0.005343004094379622,
    0.0025498863039759723,
    0.0012780223893827669,
    0.0019489802035276256,
    0.00365486176210479,
    0.004100562369586402,
    0.003519267723544599,
    0.002877843296772392,
    0.0021866062317699377,
    0.0013206247393969521,
    0.000525007305353807,
    0.000347866111286829,
    0.0006544310790889709,
    0.0009511009685317934,
    0.0010334919273740206,
    0.0008624374341679672,
    0.00034194183711055314,
    0.00024856313142838796,
    0.0003887209359710536,
    0.00022530955626230958,
    0.00011404696065918065,
    8.258651290999685e-05,
    0.0002805138113766989,
    0.00027845618345866515,
    0.00018264837050975126,
    0.00022034084890936538,
    0.00027467777223237795,
    0.00032242262243620186,
    0.00026519483607587624,
    0.00015196161847091344,
    0.00014103643716909737,
    0.0001773724305492293,
    0.00016757738375104429,
    0.00012056840843520813,
    0.00011390508389087176,
    0.00015522769231468873,
    0.0001269923545562456,
    5.674533807823777e-05,
    5.723298249978388e-05,
    8.831573607978901e-05,
    9.34951729437368e-05,
    6.385692296841392e-05,
    2.0902518421957e-05,
    1.1440567062322902e-05,
    2.4683913512550263e-05,
    2.6777052483676823e-05,
    2.2704216887151578e-05,
    1.709895922361211e-05,
    1.3777766367662432e-05,
    1.062135869695076e-05,
    6.394811052883309e-06
  ],
  "my_fft_pos": [
    0.00040602960840159074,
    0.004638726925369704,
    0.006001314952155468,
    0.009396681320935801,
    0.011786858249528877,
    0.010010465074792101,
    0.006521750650632748,
    0.006040134576967192,
    0.008043749713712394,
    0.011361730977142452,
    0.011327774296907202,
    0.01055789734412977,
    0.01073651931993183,
    0.009558753213468628,
    0.006030042526128185,
    0.003163701383448549,
    0.0027755564711189566,
    0.0023723924832811756,
    0.003007957230241337,
    0.003285591399932802,
    0.001692051343849586,
    0.0021558006730052165,
    0.002769279918532958,
    0.0023961433037131864,
    0.0016743669809005512,
    0.000986909363068591,
    0.0006570168759224515,
    0.0005220752878492348,
    0.0003399729576800244,
    0.000659188646823832,
    0.0013780995081066193,
    0.001709929942091108,
    0.0013540941421201222,
    0.0006895145827038868,
    0.00021739673915294462,
    0.00013784081468121414,
    0.0002543114272172447,
    0.0003322519302762781,
    0.0003071966331809501,
    0.00023538030560912979,
    0.00021002388768037925,
    0.0001726849027030109,
    0.00010927407925727315,
    6.140291701351424e-05,
    6.963332073602357e-05,
    9.179162412587325e-05,
    6.103415916107616e-05,
    8.774638466657813e-05,
    0.00019000872138267828,
    0.0002174559426718422,
    0.00014729596519486458,
    3.86222662738732e-05,
    3.725299299366568e-05,
    5.6249521931916614e-05,
    5.3732660243724256e-05,
    5.8940939922413774e-05,
    4.7823047262920336e-05,
    1.7265419912075094e-05,
    3.2378201522997895e-05,
    4.7972443432896014e-05,
    4.0912823597226135e-05,
    2.4469827383381093e-05,
    9.668164894400881e-06,
    1.153421060341593e-05,
    1.6743328507273642e-05
  ],
  "mz_fft_pos": [
    0.005299918651714593,
    0.002885626320113824,
    0.005027626218501759,
    0.005117895147537238,
    0.0026987940028127782,
    0.002515240305553813,
    0.0012070676022973015,
    0.003765208390562891,
    0.003910738329210589,
    0.003120359046451855,
    0.002964596323725081,
    0.0030092038746972615,
    0.0028427946950126503,
    0.001210803412878611,
    0.0015160234553806531,
    0.0031174797809293566,
    0.0036932362361026564,
    0.003656494076290099,
    0.0031806325546045915,
    0.0023298959020284756,
    0.0012478412818333188,
    0.0004337085230124758,
    0.00018611748628562512,
    0.0005327315681175525,
    0.0009347133165230444,
    0.0013603672152046357,
    0.0016349233193211302,
    0.0019088990036112744,
    0.0015969384754545223,
    0.000875207445318199,
    0.0005257536324679684,
    0.0005905728049172044,
    0.0006416862602936657,
    0.000578941086264293,
    0.00038325693505400314,
    0.00011411302170920515,
    0.00048819813362868165,
    0.0005703421443124225,
    0.00028535552598737615,
    5.949413241539747e-05,
    0.0001845219958456771,
    0.00010468553041372746,
    0.00014828881931768507,
    0.0002239305462768574,
    0.00022241672389221586,
    0.00020547422195791996,
    0.0002086703973229626,
    0.0002119021748247087,
    0.0001830935519542575,
    0.00012024648404684545,
    7.849940045436651e-05,
    8.86866656738563e-05,
    8.755452625910423e-05,
    9.010832983957457e-05,
    0.00010629015694667934,
    0.00010894331416130857,
    9.56277854081344e-05,
    7.661979056352227e-05,
    5.681660859369856e-05,
    3.8768177004016505e-05,
    2.4726528394482032e-05,
    1.5892468526216833e-05,
    1.260899550170498e-05,
    1.3319632994730776e-05,
    1.4187997134244568e-05
  ],
  "peaks": {
    "mx": {
      "frequencies": [],
      "amplitudes": [],
      "is_harmonic": [],
      "is_incommensurate": [],
      "is_comb_tooth": []
    },
    "my": {
      "frequencies": [],
      "amplitudes": [],
      "is_harmonic": [],
      "is_incommensurate": [],
      "is_comb_tooth": []
    },
    "mz": {
      "frequencies": [],
      "amplitudes": [],
      "is_harmonic": [],
      "is_incommensurate": [],
      "is_comb_tooth": []
    }
  }
}