{
  "times": [
    0.0,
    0.10101010101010101,
    0.20202020202020202,
    0.30303030303030304,
    0.40404040404040403,
    0.5050505050505051,
    0.6060606060606061,
    0.7070707070707071,
    0.8080808080808081,
    0.9090909090909091,
    1.0101010101010102,
    1.1111111111111112,
    1.2121212121212122,
    1.3131313131313131,
    1.4141414141414141,
    1.5151515151515151,
    1.6161616161616161,
    1.7171717171717171,
    1.8181818181818181,
    1.9191919191919191,
    2.0202020202020203,
    2.121212121212121,
    2.2222222222222223,
    2.323232323232323,
    2.4242424242424243,
    2.525252525252525,
    2.6262626262626263,
    2.727272727272727,
    2.8282828282828283,
    2.929292929292929,
    3.0303030303030303,
    3.131313131313131,
    3.2323232323232323,
    3.3333333333333335,
    3.4343434343434343,
    3.5353535353535355,
    3.6363636363636362,
    3.7373737373737375,
    3.8383838383838382,
    3.9393939393939394,
    4.040404040404041,
    4.141414141414141,
    4.242424242424242,
    4.343434343434343,
    4.444444444444445,
    4.545454545454545,
    4.646464646464646,
    4.747474747474747,
    4.848484848484849,
    4.94949494949495,
    5.05050505050505,
    5.151515151515151,
    5.252525252525253,
    5.353535353535354,
    5.454545454545454,
    5.555555555555555,
    5.656565656565657,
    5.757575757575758,
    5.858585858585858,
    5.959595959595959,
    6.0606060606060606,
    6.161616161616162,
    6.262626262626262,
    6.363636363636363,
    6.4646464646464645,
    6.565656565656566,
    6.666666666666667,
    6.767676767676767,
    6.8686868686868685,
    6.96969696969697,
    7.070707070707071,
    7.171717171717171,
    7.2727272727272725,
    7.373737373737374,
    7.474747474747475,
    7.575757575757575,
    7.6767676767676765,
    7.777777777777778,
    7.878787878787879,
    7.979797979797979,
    8.080808080808081,
    8.181818181818182,
    8.282828282828282,
    8.383838383838384,
    8.484848484848484,
    8.585858585858587,
    8.686868686868687,
    8.787878787878787,
    8.88888888888889,
    8.98989898989899,
    9.09090909090909,
    9.191919191919192,
    9.292929292929292,
    9.393939393939394,
    9.494949494949495,
    9.595959595959595,
    9.696969696969697,
    9.797979797979798,
    9.8989898989899,
    10.0
  ],
  "mx": [
    1.0,
    0.38703573095365185,
    0.2476105016050465,
    -0.11975657945320124,
    -0.16068820304212053,
    0.04634661974341251,
    0.1478696762259036,
    0.10543583537678626,
    -0.2596452292171347,
    -0.5495377145649136,
    -0.45058986107399135,
    0.07914419489511991,
    0.14260055591584045,
    -0.038248739792746664,
    -0.09895351488836807,
    0.1726082703191317,
    0.0474028099690168,
    0.0007935887827119995,
    0.18088375536067755,
    0.38632014587435465,
    -0.07338044832465619,
    -0.5900431493975252,
    -0.40226220191954337,
    -0.20373421937922576,
    0.0007351386490934882,
    0.08518407675050092,
    0.22301660929812353,
    0.30478757036114557,
    0.27316046598295235,
    -0.17715425938812968,
    -0.442047306552984,
    -0.34092853294749653,
    -0.04042483130699592,
    0.1964948405647673,
    0.03472919063487139,
    0.030770267483504837,
    -0.013102216266656613,
    -0.3101887184474211,
    -0.2959622635486992,
    -0.023687089900833087,
    0.45886578961133245,
    0.11813646328001641,
    0.34731130737823096,
    0.37047520218030305,
    0.2987737668326562,
    0.20527308402473252,
    0.09075286895969785,
    0.02466487969541126,
    0.18787697631401057,
    -0.08653876809100562,
    -0.3264183115160479,
    -0.19547011040067566,
    -0.1774229271684694,
    -0.05145188311671527,
    0.583043131569137,
    1.0,
    0.6831839901427524,
    0.32541955062138683,
    0.3002167991440377,
    0.2181525922623515,
    0.1084478845543954,
    0.10461785400878049,
    0.19297779322077643,
    0.1331880504379806,
    0.08080119457761441,
    0.1977421918822735,
    0.2611000190790172,
    -0.1850868796087959,
    -0.20249790354994532,
    -0.20403521407070746,
    0.025606581861733757,
    0.225182244198759,
    0.1741945853535336,
    0.027138099251670256,
    -0.2928119728147743,
    -0.3205178531516298,
    -0.22619300851975147,
    -0.12543536894882812,
    0.15273873614831954,
    0.016307729055069203,
    -0.2526884680975742,
    -0.1658459959758469,
    0.26266791438499876,
    0.2874682913389975,
    0.09632609684665368,
    -0.025777337447915234,
    0.12617153125801742,
    0.09421715231794275,
    -0.1361148724161043,
    -0.0013923656059781724,
    0.30389066537055526,
    0.13866820521367088,
    0.015887030402327623,
    -0.23294765309073476,
    -0.13166136819485982,
    -0.1616953137292753,
    -0.29821489552604213,
    -0.10434135839844079,
    -0.03801339969415718,
    -0.2050918760608406
  ],
  "my": [
    0.0,
    0.22758875721669677,
    0.1544259710474423,
    0.14075743884249337,
    0.35271472768108053,
    0.122269935753085,
    -0.07210688907877284,
    0.07187814023402132,
    0.06447089548845501,
    -0.07115328868452388,
    -0.08400135908486195,
    -0.10920280887531059,
    0.09263925074806034,
    0.06688254148467335,
    -0.11479839553481462,
    -0.17171340579846314,
    -0.2567266316001903,
    -0.1207886491293439,
    -0.06424212683654508,
    0.0516371152186886,
    0.20295001836615953,
    0.1578027613800713,
    0.0758229859842351,
    0.13630914079641093,
    0.3782726825827729,
    0.06962847087514776,
    -0.005264149948380259,
    0.05583618636882378,
    -0.06255256917290018,
    -0.22217658395075776,
    -0.3210497461515316,
    -0.11016914183813996,
    -0.00019193467494020103,
    -1.2752607001535862e-16,
    0.17083490569268775,
    0.14182462564993742,
    -0.0011259354170144638,
    0.16202308894418066,
    0.18191987349912775,
    -0.19371527797229313,
    -0.1624421223742212,
    0.12968061356879254,
    -0.0598615484122055,
    -0.06246486533076654,
    -0.12915231146297637,
    -0.23832007599303892,
    0.011791026370547186,
    -0.13780595809038979,
    -0.34830188679002694,
    -0.12673571779959306,
    -0.06424906399264287,
    -0.11510811458449326,
    0.043470086721156105,
    0.07442807459055562,
    0.12086544339657872,
    3.9252311467094626e-17,
    -0.30050331901342986,
    -0.29311697549557253,
    -0.08395652016791251,
    -0.17446511439845266,
    -0.10013306734317333,
    0.15023357136813076,
    0.3418403392290957,
    0.18802325857946334,
    -0.1522702751259436,
    -0.019800675212438296,
    0.0,
    0.00023084426358880214,
    -0.004900166306931575,
    0.02389556957099594,
    0.12041350477826356,
    0.08218681729038277,
    -0.1790726513339661,
    -0.1852796867984535,
    -0.00466817590986061,
    0.23463662844039349,
    0.3126453475305297,
    0.06588026136266373,
    -0.01248962897454651,
    -0.09046074701662878,
    -0.3416030475408018,
    -0.2144051828249863,
    -0.06681032216292247,
    0.09001496381742295,
    0.25291242298823136,
    0.2523594262982262,
    0.09879457864183855,
    -0.18303275209553913,
    -0.12110203159737569,
    -0.05371385821990821,
    -0.12226047793447962,
    -0.23367165548466093,
    -0.03352645539402571,
    -0.001660702788006711,
    0.05600902829051176,
    0.21620471350636583,
    0.08546169769125082,
    0.061893437815224585,
    0.047021788029740136,
    1.8242143917418624e-16
  ],