{
  "positive_frequencies": [
    0.0,
    0.07734375,
    0.1546875,
    0.23203125000000002,
    0.309375,
    0.38671875,
    0.46406250000000004,
    0.54140625,
    0.61875,
    0.6960937500000001,
    0.7734375,
    0.85078125,
    0.9281250000000001,
    1.0054687500000001,
    1.0828125,
    1.16015625,
    1.2375,
    1.31484375,
    1.3921875000000001,
    1.46953125,
    1.546875,
    1.62421875,
    1.7015625,
    1.7789062500000001,
    1.8562500000000002,
    1.93359375,
    2.0109375000000003,
    2.08828125,
    2.165625,
    2.24296875,
    2.3203125,
    2.3976562500000003,
    2.475,
    2.55234375,
    2.6296875,
    2.70703125,
    2.7843750000000003,
    2.86171875,
    2.9390625,
    3.01640625,
    3.09375,
    3.1710937500000003,
    3.2484375,
    3.32578125,
    3.403125,
    3.48046875,
    3.5578125000000003,
    3.63515625,
    3.7125000000000004,
    3.78984375,
    3.8671875,
    3.9445312500000003,
    4.0218750000000005,
    4.09921875,
    4.1765625,
    4.25390625,
    4.33125,
    4.4085937500000005,
    4.4859375,
    4.56328125,
    4.640625,
    4.71796875,
    4.7953125000000005,
    4.87265625,
    4.95
  ],
  "mx_fft_pos": [
    0.07305613392446375,
    0.07741102319852418,
    0.076998527308486,
    0.061591442138388436,
    0.037450205636685316,
    0.031209615454437515,
    0.04523555083048789,
    0.05184171520997805,
    0.06892463476064777,
    0.08735649284327227,
    0.07555249002083457,
    0.04712814769212106,
    0.049250950715973095,
    0.06851171170023608,
    0.06296849434169915,
    0.020512980312618934,
    0.04944822096083991,
    0.08416690883952235,
    0.07175266752513275,
    0.03245698368705338,
    0.024990407788906342,
    0.026380894623430816,
    0.030365747974645977,
    0.039235425187886135,
    0.04326161756330632,
    0.023902191787062117,
    0.0075055981537156344,
    0.003914904450237266,
    0.014373417953810572,
    0.010848884503067657,
    0.018065236282269567,
    0.016463914559909486,
    0.030935648640976855,
    0.03950697129802157,
    0.029165255539070453,
    0.02722468094763375,
    0.026390323702002706,
    0.01215360407018413,
    0.018391935218565865,
    0.02158482080220397,
    0.0153956178962882,
    0.012567231126253383,
    0.015400849760532399,
    0.01844868467191133,
    0.01691290866276168,
    0.012722170464864038,
    0.008626633808112167,
    0.005769294512562333,
    0.0019565870010609344,
    0.007173390401256035,
    0.012824121212824507,
    0.011200746761794458,
    0.00477633796557008,
    0.004042828259547934,
    0.010334474680686817,
    0.010914976329011452,
    0.006069228749938638,
    0.009255003396082125,
    0.012058856996233592,
    0.00930796122726758,
    0.006729429753350782,
    0.006403423516677819,
    0.007065339355233619,
    0.011844956972520646,
    0.01456443758442552
  ],
  "my_fft_pos": [
    0.024207584518578698,
    0.025665160831037273,
    0.029641610218466632,
    0.03074639622916423,
    0.022307824702056542,
    0.014084652692874233,
    0.01603886598144589,
    0.01868784647583058,
    0.028080202802722568,
    0.03757113272676726,
    0.03854595007720924,
    0.016160714035801618,
    0.029656995623413604,
    0.036080983187150605,
    0.03040570507313685,
    0.0383479465107162,
    0.03682017888534172,
    0.028469984586903717,
    0.03314547286630412,
    0.018292159362101813,
    0.0038213569116991707,
    0.0010289089544655596,
    0.007284867463133654,
    0.007359155058631579,
    0.00453215471763603,
    0.005914716041706163,
    0.014824163070829835,
    0.018847295608822312,
    0.0050493022078208095,
    0.018365979481847133,
    0.034353449826391616,
    0.03402986027515828,
    0.02561623819544323,
    0.02277297152520701,
    0.01565457849893952,
    0.007873985785898116,
    0.007958197924705826,
    0.017175432406091592,
    0.016011055598909633,
    0.005560016149288532,
    0.012403812758342951,
    0.014822803005071694,
    0.016828129136672105,
    0.019700158841684898,
    0.020623047213048883,
    0.019302610740472948,
    0.01911724172537643,
    0.017344106244402867,
    0.012198988323439193,
    0.007706515209552507,
    0.003172586217690892,
    0.0020061085216491813,
    0.006281882717124488,
    0.007442576622093386,
    0.006971460702947134,
    0.001911271425566825,
    0.0036057138409394257,
    0.0029229462300512125,
    0.002047725020101232,
    0.00439437259469282,
    0.004930096500009059,
    0.0027018590486135308,
    0.001426063334039218,
    0.0016094612490385385,
    8.336474804911287e-05
  ],
  "mz_fft_pos": [
    0.015482544032288872,
    0.015452174550050823,
    0.04940654950090843,
    0.0537927064222071,
    0.027808609866404908,
    0.0038501830445910466,
    0.022101762180854495,
    0.027899924592072033,
    0.0252918572483704,
    0.019797115187890558,
    0.02534903109623532,
    0.04405196696459984,
    0.04842062131069603,
    0.02832208941870286,
    0.025539717105171042,
    0.03404636086460791,
    0.018319062580450973,
    0.014188649453042912,
    0.026731662428761925,
    0.025737765077360867,
    0.03045157932139325,
    0.022882668385077645,
    0.018681959312917842,
    0.031494436311728845,
    0.030644952516314435,
    0.016029596298257166,
    0.013200552589973451,
    0.013527754941995412,
    0.01755055461737582,
    0.009096888725826584,
    0.01836629639144363,
    0.010708777774643463,
    0.011806678790744094,
    0.011628408104566794,
    0.017219962763754343,
    0.02997662429451375,
    0.028329119701060997,
    0.008696579683085705,
    0.011584226474795664,
    0.01886661016321326,
    0.02300410707036806,
    0.0225904839263655,
    0.020756356604149158,
    0.016736320621466457,
    0.011485366538803363,
    0.01181110211105461,
    0.008183790038759374,
    0.005630389404129458,
    0.007612334235073732,
    0.011843844832651851,
    0.01191001853784735,
    0.009964183827087468,
    0.007513435481486355,
    0.00844934796538715,
    0.00905441738449298,
    0.008933023574078314,
    0.003102862795713089,
    0.006842093265199034,
    0.010685690400582752,
    0.010780112381584005,
    0.010979496518559291,
    0.009400641198787285,
    0.0070281801344539195,
    0.007405950867960072,
    0.0077153894041652425
  ]
}