{
  "positive_frequencies": [
    0.0,
    0.07734375,
    0.1546875,
    0.23203125000000002,
    0.309375,
    0.38671875,
    0.46406250000000004,
    0.54140625,
    0.61875,
    0.6960937500000001,
    0.7734375,
    0.85078125,
    0.9281250000000001,
    1.0054687500000001,
    1.0828125,
    1.16015625,
    1.2375,
    1.31484375,
    1.3921875000000001,
    1.46953125,
    1.546875,
    1.62421875,
    1.7015625,
    1.7789062500000001,
    1.8562500000000002,
    1.93359375,
    2.0109375000000003,
    2.08828125,
    2.165625,
    2.24296875,
    2.3203125,
    2.3976562500000003,
    2.475,
    2.55234375,
    2.6296875,
    2.70703125,
    2.7843750000000003,
    2.86171875,
    2.9390625,
    3.01640625,
    3.09375,
    3.1710937500000003,
    3.2484375,
    3.32578125,
    3.403125,
    3.48046875,
    3.5578125000000003,
    3.63515625,
    3.7125000000000004,
    3.78984375,
    3.8671875,
    3.9445312500000003,
    4.0218750000000005,
    4.09921875,
    4.1765625,
    4.25390625,
    4.33125,
    4.4085937500000005,
    4.4859375,
    4.56328125,
    4.640625,
    4.71796875,
    4.7953125000000005,
    4.87265625,
    4.95
  ],
  "mx_fft_pos": [
    0.14137607211781686,
    0.11674770455974237,
    0.09193267387405944,
    0.05057153112545509,
    0.02662263818979667,
    0.01631306584854738,
    0.0263254709646928,
    0.014909080647594814,
    0.014987025327434702,
    0.014527780758836597,
    0.009129472454102984,
    0.00751585127627724,
    0.003610742715922104,
    0.005573433363788751,
    0.006383847098850847,
    0.004596839282967785,
    0.005042653108280342,
    0.008840959706965447,
    0.0006387165216370969,
    0.006722914769049526,
    0.002271146012756699,
    0.0038020564577344205,
    0.0014774649773705497,
    0.001683739651561936,
    0.000816713073888459,
    0.00020050119885384955,
    0.00107184933323804,
    0.0007242101421935606,
    0.0018301322574184838,
    0.001583703064358769,
    0.0016965213881098991,
    0.0018278911848387267,
    0.0013476819501106402,
    0.0014988475447438644,
    0.0011389587027524596,
    0.0009841232272996515,
    0.0006513724542483827,
    0.0001637227230436937,
    0.00010851601273962102,
    0.0004470014225309898,
    0.0004736179595494677,
    0.000491254518500771,
    0.00041602828643882034,
    0.0003195942725425834,
    0.00022823452300507586,
    0.00011138562159446853,
    2.7518322998437485e-05,
    4.431013901265572e-05,
    6.739596716131161e-05,
    7.702465852084274e-05,
    6.564391849151046e-05,
    7.047032657911588e-05,
    6.27611501608248e-05,
    5.526358194498606e-05,
    3.955230187430323e-05,
    3.337656762116806e-05,
    3.1222556124687385e-05,
    3.3447035983366345e-05,
    3.033445249011647e-05,
    2.6886201404673246e-05,
    2.2135095425304154e-05,
    1.9169847914787942e-05,
    1.6475561254744002e-05,
    1.5647712993243765e-05,
    1.4991436129898617e-05
  ],
  "my_fft_pos": [
    0.08945429019553675,
    0.09403362551342247,
    0.08727678178521124,
    0.051660222371425354,
    0.03090558699215756,
    0.04929759293043575,
    0.04952702920591003,
    0.03800538816147708,
    0.022646779582381416,
    0.016616154508566006,
    0.012380918904451308,
    0.0035576277748054514,
    0.008686476511185998,
    0.007512300802634788,
    0.0060285547958424225,
    0.007349889117794557,
    0.004624031455505413,
    0.004874201250218972,
    0.007483096269377843,
    0.005080963537440095,
    0.003081753283454808,
    0.0050993709568986,
    0.0015234652388426307,
    0.002656744876094658,
    0.001439903885193195,
    0.0006224769080662013,
    0.00047268137331969164,
    0.0010754106590942923,
    0.001289431823885772,
    0.0006563865121300548,
    0.0008295287223605948,
    0.0007673008897479806,
    0.0004004109911635622,
    0.0004755831831637418,
    0.00038326201767280267,
    0.00046206257288704727,
    0.0003280335888476095,
    3.594601532282643e-05,
    0.0002510505983502432,
    0.00046660991241689854,
    0.0005516038210186987,
    0.0005015432070243144,
    0.0004125200799715472,
    0.00031545521934660633,
    0.00022910150143082498,
    0.00013763895468946752,
    7.072762424131425e-05,
    9.00512417485828e-05,
    0.00011892844912586548,
    0.00012540468965509643,
    0.00010325764344355915,
    8.813535578320801e-05,
    8.09036948783597e-05,
    8.363266835270326e-05,
    7.74201292137761e-05,
    7.001759221085936e-05,
    6.301465127869972e-05,
    5.941199808754018e-05,
    5.4861094553006757e-05,
    4.91474986043398e-05,
    4.1497385346900676e-05,
    3.4678586787048634e-05,
    2.9907926122321285e-05,
    2.7348368525792127e-05,
    2.6322672929914858e-05
  ],
  "mz_fft_pos": [
    0.04383901325821679,
    0.02302663038254591,
    0.03337200744054224,
    0.03633845013259282,
    0.02034484186939898,
    0.01803867091727296,
    0.018645371669370376,
    0.010976586754044034,
    0.023654003768786888,
    0.022099427905088693,
    0.009650826577845271,
    0.007779300353182299,
    0.011469474342406506,
    0.009015374585187223,
    0.006608393524761709,
    0.006073872390304524,
    0.006231941631506822,
    0.006735999663383033,
    0.004392904917751026,
    0.0027529029501642843,
    0.0017707174154136954,
    0.0019547919584862457,
    0.0014797743542043465,
    0.0015956391257998842,
    0.0020584454263446947,
    0.0014643492797744204,
    0.0014787816187131657,
    0.0005879455063876237,
    0.0010389213298376435,
    0.0004035101313319323,
    0.0006225048513494459,
    0.00010891808847338238,
    0.0006058274019750985,
    0.0006190981009975237,
    0.0008268861438304208,
    0.0005258280527277561,
    0.00042546579689763776,
    0.0002445083696870447,
    8.423412563599056e-05,
    0.0002614840186720917,
    0.00047138942709936717,
    0.0004486068562368757,
    0.0004709262586459046,
    0.00035192395704210054,
    0.0002961397093102186,
    0.0001664002898209716,
    8.481681462120926e-05,
    3.057994263170302e-05,
    7.788550827713074e-05,
    9.746211321810999e-05,
    0.00010123420577312079,
    9.367269807100106e-05,
    8.143994019153777e-05,
    7.39650667071388e-05,
    6.468136207577156e-05,
    6.300185507602889e-05,
    5.9762538725832385e-05,
    5.716524517390381e-05,
    4.915513740788468e-05,
    4.217293894909764e-05,
    3.3266643316013256e-05,
    2.675413833843987e-05,
    2.2099082114749963e-05,
    1.9311216522094584e-05,
    1.872585880439814e-05
  ]
}