{
  "metadata": {
    "circuit_type": "comb_generator",
    "qubits": 9,
    "shots": 8192,
    "drive_steps": 5,
    "time_points": 100,
    "max_time": 10.0,
    "drive_param": 1.5,
    "init_state": "superposition",
    "drive_frequency": 0.1,
    "has_subharmonics": false,
    "time_crystal_detected": false,
    "incommensurate_count": 0,
    "linear_combs_detected": false,
    "log_combs_detected": false,
    "created_at": "2025-05-17 22:16:39",
    "sweep_session": "parameter_scan_20250517_20250517_221328",
    "sweep_index": 14,
    "sweep_param1": "drive_param",
    "sweep_value1": 1.5,
    "sweep_param2": null,
    "sweep_value2": null
  },
  "positive_frequencies": [
    0.0,
    0.07734375,
    0.1546875,
    0.23203125000000002,
    0.309375,
    0.38671875,
    0.46406250000000004,
    0.54140625,
    0.61875,
    0.6960937500000001,
    0.7734375,
    0.85078125,
    0.9281250000000001,
    1.0054687500000001,
    1.0828125,
    1.16015625,
    1.2375,
    1.31484375,
    1.3921875000000001,
    1.46953125,
    1.546875,
    1.62421875,
    1.7015625,
    1.7789062500000001,
    1.8562500000000002,
    1.93359375,
    2.0109375000000003,
    2.08828125,
    2.165625,
    2.24296875,
    2.3203125,
    2.3976562500000003,
    2.475,
    2.55234375,
    2.6296875,
    2.70703125,
    2.7843750000000003,
    2.86171875,
    2.9390625,
    3.01640625,
    3.09375,
    3.1710937500000003,
    3.2484375,
    3.32578125,
    3.403125,
    3.48046875,
    3.5578125000000003,
    3.63515625,
    3.7125000000000004,
    3.78984375,
    3.8671875,
    3.9445312500000003,
    4.0218750000000005,
    4.09921875,
    4.1765625,
    4.25390625,
    4.33125,
    4.4085937500000005,
    4.4859375,
    4.56328125,
    4.640625,
    4.71796875,
    4.7953125000000005,
    4.87265625,
    4.95
  ],
  "mx_fft_pos": [
    0.003036242080012283,
    0.0021765849576505184,
    0.0012288630087323494,
    0.0019792238033880926,
    0.003917433607814493,
    0.0033875991847103952,
    0.0014093618610017324,
    0.0008249231931477695,
    0.0008238489177201838,
    0.004105633535955354,
    0.006215440479576839,
    0.005553827256224913,
    0.005484509766764355,
    0.005920043067110189,
    0.0038630862497563284,
    0.0017976049166292115,
    0.0008526775124884961,
    7.024949832536704e-05,
    0.0006461285184013981,
    0.0019161401312487662,
    0.0035558678171687718,
    0.003901694616836067,
    0.0018307578919906733,
    0.0013257709855663507,
    0.0023072023198262384,
    0.001848536886046631,
    0.0020834805778598958,
    0.003466665527499284,
    0.004668560466699751,
    0.004143788096463947,
    0.0023686127009887813,
    0.0008534606672367563,
    0.000629124656624072,
    0.0010208104316684508,
    0.0017183686098834385,
    0.0050607963052927505,
    0.0058402735735125924,
    0.003563067496670313,
    0.001382821191560389,
    0.0017512296908194103,
    0.0035895689304190803,
    0.0037350438582191116,
    0.002563253965027881,
    0.0029248985219389977,
    0.003473606044673398,
    0.002361459619919653,
    0.001028672096018101,
    0.0027528995210350025,
    0.004234168404524322,
    0.0037403627220611215,
    0.001095504198735527,
    0.00245497229521057,
    0.005361350014995794,
    0.005723546979513408,
    0.0033259288219084897,
    0.0016484571768468198,
    0.0019962418786622998,
    0.001860931680300008,
    0.0013087149353470564,
    0.0019651817535279465,
    0.001951211385387438,
    0.0015744413946375707,
    0.0022920714919172623,
    0.002821738275000741,
    0.0032193451387958643
  ],
  "my_fft_pos": [
    0.002353000142675726,
    0.0015990389426614102,
    0.0010527228384885133,
    0.0032912267525105738,
    0.003662157468533505,
    0.0021732408133404604,
    0.0002648815687816285,
    0.0014209285304999802,
    0.0024802476697930523,
    0.001021065812933656,
    0.002854442924898157,
    0.004607028308522,
    0.003523806226594161,
    0.003986578877498015,
    0.0035730535635761524,
    0.002047964829624708,
    0.0023600514214023958,
    0.0037849237655966424,
    0.003246280740647295,
    0.0008036262884042722,
    0.00039566306687904243,
    0.0006276879423491298,
    0.003016784164983075,
    0.006049266681091022,
    0.00511123422093259,
    0.0015077260893529675,
    0.0012140092048616824,
    0.0016075710156950953,
    0.0026382954232233675,
    0.0043870506299903125,
    0.005080840272392612,
    0.0034204680503771294,
    0.0006418127479192797,
    0.002418802161339641,
    0.004206574088295751,
    0.0024105648435787212,
    0.002633454804422558,
    0.003981632285923901,
    0.0028847343600180405,
    0.0009751849204867123,
    0.0003806549312580379,
    0.0006901484085145579,
    0.00010198168058970997,
    0.0008255122625007513,
    0.0021468539640316546,
    0.003962774290548599,
    0.0041378634995829075,
    0.0036721337621721324,
    0.0019275169512992893,
    0.0017147212881489643,
    0.003737635620459794,
    0.005298485449801665,
    0.004954744195544665,
    0.0028925605361731694,
    0.0040292249419769735,
    0.005177476228239792,
    0.0041317205145854595,
    0.00397288697031816,
    0.003491517568642501,
    0.0023349165149475306,
    0.0023823943400201543,
    0.0021548388320866284,
    0.0009144210483178095,
    0.001400349784368245,
    0.0026105076954415912
  ],
  "mz_fft_pos": [
    0.0007795806210262215,
    0.0006023234925549237,
    0.0005988678683457197,
    0.00037123724929133655,
    0.001216623663869832,
    0.0011144068612587137,
    0.0003976198779480787,
    0.0014879171261545849,
    0.0024229147186321607,
    0.002079970327316195,
    0.0012178274738166483,
    0.002182349718973892,
    0.0021889344227262724,
    0.000681690772218553,
    0.002084260667578832,
    0.0009796415961545602,
    0.0024115661526340052,
    0.0026765587787831767,
    0.001845584508203462,
    0.0018582669417209513,
    0.0009758957894784004,
    0.000530852902643064,
    0.001468230508968189,
    0.0021753956415098055,
    0.002267225870977558,
    0.00138696736526012,
    0.0012018427731806981,
    0.0006341635641340993,
    0.002765565400445246,
    0.004209213671752402,
    0.0036625166591434115,
    0.0020874450407404295,
    0.000992088801927957,
    0.0004366534253324618,
    0.00013859184005394495,
    0.0006900050294110828,
    0.0018288633172591463,
    0.002884309872283343,
    0.002543306007581195,
    0.0013451205890667917,
    0.001699714913198971,
    0.0018515514580705718,
    0.0011936351151690075,
    0.0023921696975647885,
    0.0035475384717849954,
    0.002689270263125992,
    0.0006483389086324038,
    0.0016073600936418017,
    0.0024278194557022644,
    0.0027917217664313434,
    0.0026808457833026834,
    0.0017472809875201962,
    0.0014713274571203697,
    0.001963428693962891,
    0.0029224997541318822,
    0.003231311753231283,
    0.0023458215839983103,
    0.001007153736228375,
    0.0006581783983182015,
    0.0015544482015246797,
    0.00220958040648203,
    0.003627347136488125,
    0.003672794887730491,
    0.002313423251543406,
    0.0013605399088430477
  ],
  "peaks": {
    "mx": {
      "frequencies": [],
      "amplitudes": [],
      "is_harmonic": [],
      "is_incommensurate": [],
      "is_comb_tooth": []
    },
    "my": {
      "frequencies": [],
      "amplitudes": [],
      "is_harmonic": [],
      "is_incommensurate": [],
      "is_comb_tooth": []
    },
    "mz": {
      "frequencies": [],
      "amplitudes": [],
      "is_harmonic": [],
      "is_incommensurate": [],
      "is_comb_tooth": []
    }
  }
}