{
  "positive_frequencies": [
    0.0,
    0.07734375,
    0.1546875,
    0.23203125000000002,
    0.309375,
    0.38671875,
    0.46406250000000004,
    0.54140625,
    0.61875,
    0.6960937500000001,
    0.7734375,
    0.85078125,
    0.9281250000000001,
    1.0054687500000001,
    1.0828125,
    1.16015625,
    1.2375,
    1.31484375,
    1.3921875000000001,
    1.46953125,
    1.546875,
    1.62421875,
    1.7015625,
    1.7789062500000001,
    1.8562500000000002,
    1.93359375,
    2.0109375000000003,
    2.08828125,
    2.165625,
    2.24296875,
    2.3203125,
    2.3976562500000003,
    2.475,
    2.55234375,
    2.6296875,
    2.70703125,
    2.7843750000000003,
    2.86171875,
    2.9390625,
    3.01640625,
    3.09375,
    3.1710937500000003,
    3.2484375,
    3.32578125,
    3.403125,
    3.48046875,
    3.5578125000000003,
    3.63515625,
    3.7125000000000004,
    3.78984375,
    3.8671875,
    3.9445312500000003,
    4.0218750000000005,
    4.09921875,
    4.1765625,
    4.25390625,
    4.33125,
    4.4085937500000005,
    4.4859375,
    4.56328125,
    4.640625,
    4.71796875,
    4.7953125000000005,
    4.87265625,
    4.95
  ],
  "mx_fft_pos": [
    0.07431362605303482,
    0.08204009191324958,
    0.084570642455678,
    0.062354684312066144,
    0.026751018801331208,
    0.007925806187367476,
    0.036949356735769635,
    0.047781962486418285,
    0.044878871874635316,
    0.048022725252360086,
    0.04856513804834262,
    0.04808132896647461,
    0.05470851140271708,
    0.04425883903810681,
    0.011022445223716594,
    0.042640549131471195,
    0.04006480386705388,
    0.004999781876693334,
    0.02432580045392926,
    0.017543663973335972,
    0.002810350076198448,
    0.01079833765175617,
    0.02477237841249234,
    0.03951207876764328,
    0.045565373859268954,
    0.03428321020123806,
    0.017492858501128517,
    0.00915884983023509,
    0.009253834063245748,
    0.0064884767169703225,
    0.015980536175825864,
    0.01862071110396427,
    0.011808988862613825,
    0.010897986453482285,
    0.012142904339903332,
    0.005504231019407336,
    0.0009880875592464576,
    0.002640118933125827,
    0.007392485528220813,
    0.009275331308239649,
    0.006032717332956406,
    0.002112651232392507,
    0.0020657700513729287,
    0.0031003425744248973,
    0.0022584514896824173,
    0.0005836856993921726,
    0.0007892809636828661,
    0.003490103543129696,
    0.003777090508738394,
    0.0008967422588922456,
    0.001413535691058001,
    0.002655318347045476,
    0.002007500215775874,
    0.0010032778153499196,
    0.0012679720420215028,
    0.0008267418745275213,
    0.00048448645984968975,
    0.0005946759264960016,
    0.0003859161876001096,
    0.0005573058195368065,
    0.00019144054723408687,
    0.0004891655984949797,
    0.00037559215323628304,
    0.0001952321996471117,
    0.0004949756040218833
  ],
  "my_fft_pos": [
    0.03003046509259179,
    0.04774280247322291,
    0.05285319391996052,
    0.036394216300749,
    0.02605706527021633,
    0.025350524047868635,
    0.02705955593019546,
    0.0318745343863959,
    0.03654720447487508,
    0.032865251369687466,
    0.030690301855467034,
    0.0349113261447016,
    0.030675377785099607,
    0.0335756186616649,
    0.05061110537625556,
    0.05510629709279272,
    0.02945358481704742,
    0.01760203135814802,
    0.03204359936295981,
    0.03223285057464989,
    0.020631830329006177,
    0.031473965706036326,
    0.034562110283510895,
    0.02679485762014652,
    0.006585967474277676,
    0.016778052353346666,
    0.02246836088097337,
    0.01942713816878719,
    0.019225863753496268,
    0.021810694487903702,
    0.02030495948435213,
    0.012660678924272743,
    0.008436687740520362,
    0.005625478765967397,
    0.006865950993580439,
    0.005934228718627593,
    0.012876813314187463,
    0.010578747893399985,
    0.00626149135366428,
    0.008521400373077838,
    0.00626635963706733,
    0.004525920014933914,
    0.003994286381649239,
    0.007136942492693414,
    0.00853862050332989,
    0.004689694707369443,
    0.0014117241742710495,
    0.001303652295555405,
    0.0018474021706421707,
    0.0011418321739631386,
    0.0022013206905613053,
    0.0017733348602219797,
    0.0002913218416165295,
    0.0009282751392088549,
    0.0001700096391733598,
    0.00023999107636588389,
    0.0016097515860308937,
    0.0011095759494516243,
    0.0009124036196167448,
    0.0004491476039077219,
    0.00020887075058165873,
    0.00042367818556128956,
    0.0003731185277135912,
    0.0004469344332264733,
    7.868497593199519e-05
  ],
  "mz_fft_pos": [
    0.009445807479782561,
    0.021623525946481842,
    0.03572552928681899,
    0.039074455134233126,
    0.025017688987730977,
    0.026708242546292848,
    0.06835201258502002,
    0.04996167305520678,
    0.031815733036069146,
    0.07535346927774464,
    0.06291753757398404,
    0.02773921292782271,
    0.03166027623178736,
    0.007015131600019784,
    0.025535302605156955,
    0.01827843831519566,
    0.023789675776214044,
    0.03612832282408912,
    0.028465544248979464,
    0.01766827706276419,
    0.016119854855518433,
    0.028184352421296858,
    0.03366002900644255,
    0.030017002444292677,
    0.0269627414247371,
    0.026098344912745527,
    0.01801782063836281,
    0.011997994464220537,
    0.00925903978351387,
    0.005531150313611178,
    0.012746877573162547,
    0.014115086527601224,
    0.011659664668943746,
    0.010817268781441165,
    0.009869861199178782,
    0.00884168200397488,
    0.00344409653277575,
    0.005841916287728451,
    0.005867216172299874,
    0.005499930473413164,
    0.003413309112212616,
    0.0017526165570216773,
    0.004150065271397156,
    0.002074981601063306,
    0.0005583462255746051,
    0.0014814821426501756,
    0.001520629700119442,
    0.0007356065265060603,
    0.00048166335140841914,
    0.00037892751419311754,
    0.0007701186393267845,
    0.0004035428864218945,
    0.0008907532246933979,
    0.0004562709605835672,
    0.00034156624071881496,
    0.00042409149509500663,
    0.00032864455364460754,
    0.00021187440937737594,
    0.00013323729956471795,
    8.531456397163373e-05,
    2.968777601122398e-05,
    1.7837956126400498e-05,
    8.930273883212568e-06,
    7.517972250195166e-07,
    1.4889802240625194e-08
  ]
}