{
  "times": [
    0.0,
    0.10101010101010101,
    0.20202020202020202,
    0.30303030303030304,
    0.40404040404040403,
    0.5050505050505051,
    0.6060606060606061,
    0.7070707070707071,
    0.8080808080808081,
    0.9090909090909091,
    1.0101010101010102,
    1.1111111111111112,
    1.2121212121212122,
    1.3131313131313131,
    1.4141414141414141,
    1.5151515151515151,
    1.6161616161616161,
    1.7171717171717171,
    1.8181818181818181,
    1.9191919191919191,
    2.0202020202020203,
    2.121212121212121,
    2.2222222222222223,
    2.323232323232323,
    2.4242424242424243,
    2.525252525252525,
    2.6262626262626263,
    2.727272727272727,
    2.8282828282828283,
    2.929292929292929,
    3.0303030303030303,
    3.131313131313131,
    3.2323232323232323,
    3.3333333333333335,
    3.4343434343434343,
    3.5353535353535355,
    3.6363636363636362,
    3.7373737373737375,
    3.8383838383838382,
    3.9393939393939394,
    4.040404040404041,
    4.141414141414141,
    4.242424242424242,
    4.343434343434343,
    4.444444444444445,
    4.545454545454545,
    4.646464646464646,
    4.747474747474747,
    4.848484848484849,
    4.94949494949495,
    5.05050505050505,
    5.151515151515151,
    5.252525252525253,
    5.353535353535354,
    5.454545454545454,
    5.555555555555555,
    5.656565656565657,
    5.757575757575758,
    5.858585858585858,
    5.959595959595959,
    6.0606060606060606,
    6.161616161616162,
    6.262626262626262,
    6.363636363636363,
    6.4646464646464645,
    6.565656565656566,
    6.666666666666667,
    6.767676767676767,
    6.8686868686868685,
    6.96969696969697,
    7.070707070707071,
    7.171717171717171,
    7.2727272727272725,
    7.373737373737374,
    7.474747474747475,
    7.575757575757575,
    7.6767676767676765,
    7.777777777777778,
    7.878787878787879,
    7.979797979797979,
    8.080808080808081,
    8.181818181818182,
    8.282828282828282,
    8.383838383838384,
    8.484848484848484,
    8.585858585858587,
    8.686868686868687,
    8.787878787878787,
    8.88888888888889,
    8.98989898989899,
    9.09090909090909,
    9.191919191919192,
    9.292929292929292,
    9.393939393939394,
    9.494949494949495,
    9.595959595959595,
    9.696969696969697,
    9.797979797979798,
    9.8989898989899,
    10.0
  ],
  "mx": [
    -0.07770330466825,
    -0.0671627520126253,
    -0.06189503330584292,
    -0.06316037582851533,
    -0.07116780090585872,
    -0.08529189566947455,
    -0.1038790337704913,
    -0.12360360874585814,
    -0.1396616262493928,
    -0.14804115018152814,
    -0.1485781372635307,
    -0.1451550757578445,
    -0.14114266732784503,
    -0.13329834824904893,
    -0.1109452319030441,
    -0.06463186229292632,
    0.0014727756647242435,
    0.06782675665782036,
    0.11505132200221754,
    0.14179549434119593,
    0.1629840343713815,
    0.18920191292197272,
    0.21156391822201745,
    0.20879914712684278,
    0.16761025330248983,
    0.0965952852453653,
    0.023134703433279776,
    -0.02381642596140013,
    -0.032431807478407265,
    -0.013647593532094406,
    0.010434459496734732,
    0.02384327726279343,
    0.024250577939135227,
    0.017029852718438758,
    0.005152965525267005,
    -0.014272139939271773,
    -0.043904481503487504,
    -0.07682064414125694,
    -0.0945084676349064,
    -0.0775647068373429,
    -0.021816319588561908,
    0.05509529943689549,
    0.12423683702241241,
    0.16444577428136237,
    0.1732587230572783,
    0.16139205633782838,
    0.13840359072734865,
    0.10422063342525043,
    0.05319284078513017,
    -0.015776969736362764,
    -0.09415699201431658,
    -0.1684218065761516,
    -0.22921389736010866,
    -0.27587552210080263,
    -0.3124890708557138,
    -0.34069823730194454,
    -0.3575442266236436,
    -0.35990965270606257,
    -0.3491512466315252,
    -0.3300140611398011,
    -0.3057858942657457,
    -0.27636335917323074,
    -0.24150998777162266,
    -0.20445438749310596,
    -0.1708244585773146,
    -0.14433622891244363,
    -0.12446484382193189,
    -0.10817107940410572,
    -0.0930916992930647,
    -0.07916204476395501,
    -0.06814173777451928,
    -0.06218224800263986,
    -0.06266749092719966,
    -0.069916354489449,
    -0.08339609234563877,
    -0.10160271170681048,
    -0.12142492038905485,
    -0.13815405695035257,
    -0.14751746271100166,
    -0.14881157783811,
    -0.1456030333395361,
    -0.14165816475811355,
    -0.1346991353579622,
    -0.11463889001357692,
    -0.0712102001242832,
    -0.006596044934801341,
    0.060916249376735676,
    0.11083541468509008,
    0.13933637955027917,
    0.1603372703510079,
    0.18603666532256313,
    0.2098593850639486,
    0.21099232053478933,
    0.1742412264590775,
    0.10550175196920243,
    0.030688073812069647,
    -0.02035915076237713,
    -0.033210237398403356,
    -0.0164990305599589,
    0.008026532084134074
  ],
  "my": [
    -0.017861151365861267,
    -0.0027263207274795887,
    0.008566799297718301,
    0.01006410491723616,
    -0.002084928983034513,
    -0.028844844136890764,
    -0.06718130456704907,
    -0.10802315572192082,
    -0.1370400924550772,
    -0.14197821565109617,
    -0.12310600261961399,
    -0.09656545282149093,
    -0.08420543768144853,
    -0.09666077484904273,
    -0.12526528934133385,
    -0.15143016012977603,
    -0.16454089290777188,
    -0.16964171398924607,
    -0.17684587381285483,
    -0.18542347060288447,
    -0.18159031610664134,
    -0.15199561995320707,
    -0.09737605750278527,
    -0.03399568958810173,
    0.015148748821379263,
    0.03201884065460037,
    0.013888933810066546,
    -0.022933395174048396,
    -0.05295381884453805,
    -0.06053202359265088,
    -0.049374576929742175,
    -0.03236631141872449,
    -0.017058396261142524,
    -0.0062420580812306455,
    -0.007955989941317583,
    -0.034130747594781644,
    -0.08526963927597048,
    -0.1412958195537923,
    -0.17250809841182332,
    -0.16034330732481067,
    -0.10816948286742092,
    -0.035317189581952374,
    0.03656095923749809,
    0.09265373129216276,
    0.12507645012137283,
    0.12795707885113694,
    0.09500602927827617,
    0.02331937244135006,
    -0.08013448898544635,
    -0.19640522487941992,
    -0.30045284901257363,
    -0.3723813192634197,
    -0.40691583508009754,
    -0.41385492093196635,
    -0.4083791700576457,
    -0.39940883066175137,
    -0.38634579656677875,
    -0.3652939159177992,
    -0.33593166444545136,
    -0.3015681080427623,
    -0.26451867738710344,
    -0.22405490433536762,
    -0.1795463947530207,
    -0.1343243314133886,
    -0.09511951327950724,
    -0.06740018906521884,
    -0.05132693829405213,
    -0.0418711240183767,
    -0.03251547526453527,
    -0.01956931891900648,
    -0.004394108945826218,
    0.007667013614003199,
    0.010537914433897214,
    6.66815852071302e-05,
    -0.025072970637540104,
    -0.06241150555345416,
    -0.10363418023113631,
    -0.1347717573893528,
    -0.14277979842837324,
    -0.12608542742124784,
    -0.09927103470661917,
    -0.08439272564519251,
    -0.09408840449466196,
    -0.12175446914228269,
    -0.14902962468634842,
    -0.1636482412122648,
    -0.1690895022001152,
    -0.1757888134203724,
    -0.18474486445320457,
    -0.18318209741974756,
    -0.15684587254969762,
    -0.10451643671427767,
    -0.04099711994605778,
    0.010900028117175423,
    0.031984289709939155,
    0.01738145410571696,
    -0.018577134518437868,
    -0.050520987117745136,
    -0.060833151629916156,
    -0.051188273002150377
  ],