{
  "positive_frequencies": [
    0.0,
    0.07734375,
    0.1546875,
    0.23203125000000002,
    0.309375,
    0.38671875,
    0.46406250000000004,
    0.54140625,
    0.61875,
    0.6960937500000001,
    0.7734375,
    0.85078125,
    0.9281250000000001,
    1.0054687500000001,
    1.0828125,
    1.16015625,
    1.2375,
    1.31484375,
    1.3921875000000001,
    1.46953125,
    1.546875,
    1.62421875,
    1.7015625,
    1.7789062500000001,
    1.8562500000000002,
    1.93359375,
    2.0109375000000003,
    2.08828125,
    2.165625,
    2.24296875,
    2.3203125,
    2.3976562500000003,
    2.475,
    2.55234375,
    2.6296875,
    2.70703125,
    2.7843750000000003,
    2.86171875,
    2.9390625,
    3.01640625,
    3.09375,
    3.1710937500000003,
    3.2484375,
    3.32578125,
    3.403125,
    3.48046875,
    3.5578125000000003,
    3.63515625,
    3.7125000000000004,
    3.78984375,
    3.8671875,
    3.9445312500000003,
    4.0218750000000005,
    4.09921875,
    4.1765625,
    4.25390625,
    4.33125,
    4.4085937500000005,
    4.4859375,
    4.56328125,
    4.640625,
    4.71796875,
    4.7953125000000005,
    4.87265625,
    4.95
  ],
  "mx_fft_pos": [
    0.07431362605303482,
    0.08204009191324958,
    0.08457064245567798,
    0.062354684312066144,
    0.026751018801331208,
    0.007925806187367476,
    0.03694935673576963,
    0.047781962486418285,
    0.044878871874635316,
    0.04802272525236011,
    0.04856513804834262,
    0.04808132896647461,
    0.054708511402717076,
    0.04425883903810682,
    0.0110224452237166,
    0.04264054913147119,
    0.04006480386705387,
    0.004999781876693344,
    0.02432580045392926,
    0.01754366397333597,
    0.002810350076198451,
    0.01079833765175617,
    0.024772378412492337,
    0.03951207876764328,
    0.045565373859268954,
    0.034283210201238055,
    0.017492858501128514,
    0.009158849830235086,
    0.009253834063245746,
    0.00648847671697033,
    0.01598053617582587,
    0.01862071110396427,
    0.011808988862613813,
    0.010897986453482288,
    0.01214290433990334,
    0.005504231019407343,
    0.0009880875592464626,
    0.002640118933125824,
    0.007392485528220819,
    0.009275331308239652,
    0.006032717332956411,
    0.0021126512323925094,
    0.002065770051372936,
    0.0031003425744249025,
    0.002258451489682427,
    0.0005836856993921865,
    0.0007892809636828716,
    0.0034901035431297005,
    0.0037770905087384015,
    0.000896742258892253,
    0.001413535691058003,
    0.002655318347045486,
    0.0020075002157758774,
    0.0010032778153499155,
    0.0012679720420215074,
    0.0008267418745275287,
    0.0004844864598496869,
    0.0005946759264959877,
    0.00038591618760011105,
    0.0005573058195368049,
    0.00019144054723408088,
    0.0004891655984949612,
    0.0003755921532362968,
    0.00019523219964711,
    0.00049497560402187
  ],
  "my_fft_pos": [
    0.030030465092591788,
    0.047742802473222906,
    0.05285319391996051,
    0.036394216300748995,
    0.026057065270216322,
    0.025350524047868635,
    0.02705955593019547,
    0.0318745343863959,
    0.03654720447487507,
    0.03286525136968747,
    0.030690301855467044,
    0.0349113261447016,
    0.030675377785099604,
    0.0335756186616649,
    0.050611105376255565,
    0.05510629709279272,
    0.029453584817047407,
    0.017602031358148015,
    0.03204359936295981,
    0.032232850574649884,
    0.020631830329006184,
    0.03147396570603633,
    0.0345621102835109,
    0.02679485762014651,
    0.006585967474277662,
    0.01677805235334668,
    0.02246836088097338,
    0.019427138168787196,
    0.01922586375349627,
    0.021810694487903706,
    0.020304959484352132,
    0.012660678924272743,
    0.00843668774052036,
    0.005625478765967398,
    0.00686595099358043,
    0.0059342287186276025,
    0.012876813314187474,
    0.010578747893399996,
    0.00626149135366429,
    0.00852140037307783,
    0.00626635963706732,
    0.004525920014933904,
    0.003994286381649245,
    0.007136942492693424,
    0.008538620503329892,
    0.0046896947073694455,
    0.0014117241742710419,
    0.001303652295555422,
    0.001847402170642176,
    0.0011418321739631312,
    0.002201320690561307,
    0.0017733348602219732,
    0.00029132184161652965,
    0.0009282751392088638,
    0.00017000963917335958,
    0.00023999107636588063,
    0.0016097515860308922,
    0.001109575949451624,
    0.000912403619616741,
    0.0004491476039077123,
    0.00020887075058164572,
    0.00042367818556130464,
    0.00037311852771359345,
    0.0004469344332264728,
    7.868497593199297e-05
  ],
  "mz_fft_pos": [
    0.00944580747978256,
    0.021623525946481835,
    0.035725529286818984,
    0.03907445513423313,
    0.025017688987730994,
    0.026708242546292834,
    0.06835201258502002,
    0.04996167305520677,
    0.03181573303606913,
    0.07535346927774463,
    0.06291753757398402,
    0.027739212927822707,
    0.03166027623178737,
    0.007015131600019791,
    0.02553530260515695,
    0.01827843831519567,
    0.023789675776214034,
    0.03612832282408911,
    0.02846554424897945,
    0.017668277062764182,
    0.016119854855518433,
    0.028184352421296858,
    0.03366002900644255,
    0.030017002444292663,
    0.02696274142473709,
    0.02609834491274553,
    0.018017820638362818,
    0.011997994464220538,
    0.009259039783513875,
    0.005531150313611173,
    0.012746877573162538,
    0.014115086527601205,
    0.011659664668943743,
    0.010817268781441158,
    0.009869861199178782,
    0.008841682003974888,
    0.0034440965327757517,
    0.00584191628772845,
    0.005867216172299856,
    0.005499930473413146,
    0.003413309112212595,
    0.0017526165570216717,
    0.004150065271397157,
    0.002074981601063306,
    0.0005583462255746125,
    0.0014814821426501798,
    0.0015206297001194454,
    0.0007356065265060531,
    0.00048166335140841226,
    0.00037892751419311933,
    0.0007701186393267842,
    0.0004035428864218897,
    0.0008907532246933941,
    0.00045627096058356657,
    0.00034156624071881957,
    0.0004240914950950195,
    0.0003286445536446279,
    0.0002118744093773876,
    0.00013323729956471963,
    8.531456397163989e-05,
    2.9687776011247386e-05,
    1.7837956126410232e-05,
    8.930273883213774e-06,
    7.517972250142805e-07,
    1.4889802240070083e-08
  ]
}