{
  "positive_frequencies": [
    0.0,
    0.07734375,
    0.1546875,
    0.23203125000000002,
    0.309375,
    0.38671875,
    0.46406250000000004,
    0.54140625,
    0.61875,
    0.6960937500000001,
    0.7734375,
    0.85078125,
    0.9281250000000001,
    1.0054687500000001,
    1.0828125,
    1.16015625,
    1.2375,
    1.31484375,
    1.3921875000000001,
    1.46953125,
    1.546875,
    1.62421875,
    1.7015625,
    1.7789062500000001,
    1.8562500000000002,
    1.93359375,
    2.0109375000000003,
    2.08828125,
    2.165625,
    2.24296875,
    2.3203125,
    2.3976562500000003,
    2.475,
    2.55234375,
    2.6296875,
    2.70703125,
    2.7843750000000003,
    2.86171875,
    2.9390625,
    3.01640625,
    3.09375,
    3.1710937500000003,
    3.2484375,
    3.32578125,
    3.403125,
    3.48046875,
    3.5578125000000003,
    3.63515625,
    3.7125000000000004,
    3.78984375,
    3.8671875,
    3.9445312500000003,
    4.0218750000000005,
    4.09921875,
    4.1765625,
    4.25390625,
    4.33125,
    4.4085937500000005,
    4.4859375,
    4.56328125,
    4.640625,
    4.71796875,
    4.7953125000000005,
    4.87265625,
    4.95
  ],
  "mx_fft_pos": [
    0.004429085459376357,
    0.019241218711256794,
    0.046553518562840505,
    0.04243441706796032,
    0.02889603337985728,
    0.03674024426498348,
    0.025928587996145603,
    0.008199037967779385,
    0.030726902578537094,
    0.03833267422342661,
    0.032163978405890976,
    0.03702638121755483,
    0.038112635996842455,
    0.03857381277181245,
    0.025200944925009697,
    0.0054269798957980175,
    0.01337174442212668,
    0.019179497840555393,
    0.01751577376048644,
    0.01709323860026529,
    0.008870448696942847,
    0.009115473906667696,
    0.012605454846819464,
    0.006946820006239673,
    0.01132081462781962,
    0.00704757016988381,
    0.007612211428067102,
    0.005569552653471247,
    0.00293968496592808,
    0.004473584172652876,
    0.002675470648476042,
    0.00403254325092381,
    0.003967354757033163,
    0.0011039313096095702,
    0.0008329660215556396,
    0.001852984032147809,
    0.001833098791768779,
    0.0006468615806722648,
    0.0005900845434475114,
    0.0005059170879982946,
    0.0004902789775574074,
    0.0002861476168464692,
    0.000672563640129693,
    0.00030539236815223025,
    0.00014043773730265728,
    0.00011537030493584809,
    0.00013197706881315556,
    0.00015079232185807862,
    2.9215298904973178e-05,
    5.1582213230314206e-05,
    2.426447060469795e-05,
    1.548976039581391e-05,
    2.4327051341602068e-05,
    1.0098899952477017e-05,
    1.3993126222936012e-05,
    4.926935737765942e-06,
    1.363544828572703e-06,
    3.762883657551559e-06,
    1.1498578336965442e-06,
    3.3593029809565166e-06,
    1.1843856446055414e-06,
    9.774241607566426e-07,
    5.99651262419739e-07,
    4.991391753520203e-07,
    1.0199994736281859e-07
  ],
  "my_fft_pos": [
    0.09473507454020556,
    0.073146062739157,
    0.03730483513138164,
    0.019990762999478807,
    0.00984509662019154,
    0.01490904610972261,
    0.03773934800128042,
    0.04911129912924503,
    0.04332331111809122,
    0.0327313845116792,
    0.012619669835471534,
    0.018494479699044976,
    0.04022655624523476,
    0.04200262107645236,
    0.03673726546248643,
    0.04024041679618417,
    0.031911429586245633,
    0.00996879890973683,
    0.0036772023368592337,
    0.010161209413726042,
    0.010748038997726014,
    0.01832107549778114,
    0.021138467893729147,
    0.017251590670106582,
    0.01667801443534979,
    0.010363380905385373,
    0.0020269618646169664,
    0.002415805783616443,
    0.0031105964023076423,
    0.002962854209660125,
    0.0023465998767316543,
    0.0012002310521674244,
    0.0005860810029579465,
    0.0015974427684425393,
    0.001537704505539833,
    0.0007954753368963653,
    0.0004949576161586878,
    0.0010717140586821471,
    0.0007047904882270302,
    0.0006254599795309803,
    0.00029978427549371724,
    0.0001407432327721208,
    0.0003303736907360136,
    1.4130027595653837e-05,
    0.00022062125026090288,
    6.026455353953951e-05,
    5.858304809252229e-05,
    4.7607247539919884e-05,
    5.35210785683261e-05,
    6.591303652679528e-05,
    1.8389532589632135e-05,
    1.244020353344076e-05,
    1.792407021919503e-05,
    1.406347428042062e-06,
    8.686258481770594e-06,
    1.6564531126401126e-06,
    1.4200800793635732e-06,
    2.239662987725098e-06,
    2.5797793651275596e-06,
    1.7781462304408842e-06,
    1.7139751317285713e-06,
    2.067258563131074e-06,
    2.1564050019800612e-06,
    1.8019085724786226e-06,
    1.3785638677532574e-06
  ],
  "mz_fft_pos": [
    0.068096416242462,
    0.047198874971827405,
    0.02506382445400312,
    0.05875950042118652,
    0.06881204614779281,
    0.06657762347016818,
    0.06789748560515997,
    0.049375996399611204,
    0.024243452363348027,
    0.03497801806621451,
    0.03492831571211689,
    0.032391351327201084,
    0.025890010849169077,
    0.0009021557217953946,
    0.016307291150432994,
    0.010298107272637363,
    0.025785067378339036,
    0.016738522912763662,
    0.005247002514404485,
    0.015056256518752878,
    0.021444476618725637,
    0.017634799888647537,
    0.005858661464609271,
    0.01150331177320473,
    0.01806559529640614,
    0.007866386332250253,
    0.005361699186179958,
    0.004028635157341903,
    0.006690396179148287,
    0.006158787264630216,
    0.0007475230816187143,
    0.0032065910199743338,
    0.0023645972488534703,
    0.0009817580799737513,
    0.0010702014363015975,
    0.0015461531523827678,
    0.0012910116408438436,
    0.0002509107554685927,
    0.0008511559002694325,
    0.0007854674761317716,
    0.0006678752186552853,
    0.00038544940495295604,
    0.0005245734348647765,
    0.00026250550691514843,
    0.0002536766252349204,
    0.00025309297793553735,
    0.00019685820971176933,
    0.00015108690646037666,
    5.6796891971132165e-05,
    8.505697377923628e-05,
    4.494912589345113e-05,
    3.412157481751509e-05,
    2.3504581866390174e-05,
    1.881149923885354e-05,
    1.1091758685550808e-05,
    7.534521969274879e-06,
    3.488256908857863e-06,
    2.690613259068946e-06,
    8.294497200401874e-07,
    1.0858466087845534e-06,
    5.816888435898744e-07,
    6.404620843361695e-07,
    3.6619799551605717e-07,
    1.5232822404677443e-07,
    2.2942596115349544e-07
  ]
}