{
  "times": [
    0.0,
    0.10101010101010101,
    0.20202020202020202,
    0.30303030303030304,
    0.40404040404040403,
    0.5050505050505051,
    0.6060606060606061,
    0.7070707070707071,
    0.8080808080808081,
    0.9090909090909091,
    1.0101010101010102,
    1.1111111111111112,
    1.2121212121212122,
    1.3131313131313131,
    1.4141414141414141,
    1.5151515151515151,
    1.6161616161616161,
    1.7171717171717171,
    1.8181818181818181,
    1.9191919191919191,
    2.0202020202020203,
    2.121212121212121,
    2.2222222222222223,
    2.323232323232323,
    2.4242424242424243,
    2.525252525252525,
    2.6262626262626263,
    2.727272727272727,
    2.8282828282828283,
    2.929292929292929,
    3.0303030303030303,
    3.131313131313131,
    3.2323232323232323,
    3.3333333333333335,
    3.4343434343434343,
    3.5353535353535355,
    3.6363636363636362,
    3.7373737373737375,
    3.8383838383838382,
    3.9393939393939394,
    4.040404040404041,
    4.141414141414141,
    4.242424242424242,
    4.343434343434343,
    4.444444444444445,
    4.545454545454545,
    4.646464646464646,
    4.747474747474747,
    4.848484848484849,
    4.94949494949495,
    5.05050505050505,
    5.151515151515151,
    5.252525252525253,
    5.353535353535354,
    5.454545454545454,
    5.555555555555555,
    5.656565656565657,
    5.757575757575758,
    5.858585858585858,
    5.959595959595959,
    6.0606060606060606,
    6.161616161616162,
    6.262626262626262,
    6.363636363636363,
    6.4646464646464645,
    6.565656565656566,
    6.666666666666667,
    6.767676767676767,
    6.8686868686868685,
    6.96969696969697,
    7.070707070707071,
    7.171717171717171,
    7.2727272727272725,
    7.373737373737374,
    7.474747474747475,
    7.575757575757575,
    7.6767676767676765,
    7.777777777777778,
    7.878787878787879,
    7.979797979797979,
    8.080808080808081,
    8.181818181818182,
    8.282828282828282,
    8.383838383838384,
    8.484848484848484,
    8.585858585858587,
    8.686868686868687,
    8.787878787878787,
    8.88888888888889,
    8.98989898989899,
    9.09090909090909,
    9.191919191919192,
    9.292929292929292,
    9.393939393939394,
    9.494949494949495,
    9.595959595959595,
    9.696969696969697,
    9.797979797979798,
    9.8989898989899,
    10.0
  ],
  "mx": [
    1.0,
    0.9768022009938958,
    0.9105982324125579,
    0.8107631631729172,
    0.690489116990062,
    0.5638420808013739,
    0.4429019886877466,
    0.33582914962130733,
    0.2463454031669413,
    0.17454437812057016,
    0.11843657912701958,
    0.07545888549938173,
    0.043393619944919,
    0.020569404842964246,
    0.0055834722896202504,
    -0.003078204217832563,
    -0.0072329925947224516,
    -0.008903635692756463,
    -0.009996464772989239,
    -0.011914938434765595,
    -0.015281850456534286,
    -0.01989412119196332,
    -0.0249405078585096,
    -0.029404419295655296,
    -0.03249157525946197,
    -0.03390341351034054,
    -0.033840776083839785,
    -0.03275452794820884,
    -0.031003792502327297,
    -0.028648508902541808,
    -0.025519039120283155,
    -0.021495368101538213,
    -0.016739664320805224,
    -0.011637325649759882,
    -0.0064515948040130295,
    -0.0009966554259522647,
    0.00530353884071573,
    0.012894633376859149,
    0.021467332802680653,
    0.029774784836514467,
    0.0361639750987798,
    0.039540596605881675,
    0.04010301442521118,
    0.03929449957321285,
    0.03896042779304896,
    0.040250668027094455,
    0.04297242489063563,
    0.04577895724036666,
    0.04702553291090798,
    0.04572161888061851,
    0.04200689956590194,
    0.03694298257788993,
    0.03186871574917625,
    0.027797519837802164,
    0.02520146867116945,
    0.024168573339956378,
    0.024642409681300676,
    0.02647442656859591,
    0.029282951235439825,
    0.032348170123782674,
    0.03475288534436057,
    0.0357369875264911,
    0.03501798669521752,
    0.03285101357442584,
    0.02982537925896003,
    0.026591470128806857,
    0.02369979202146079,
    0.02155913551527998,
    0.020390895423684524,
    0.020111857408596265,
    0.02024427452591409,
    0.020026642089813716,
    0.01876924452009145,
    0.016268639798208216,
    0.012986786889448198,
    0.009837258717408762,
    0.007705204158490174,
    0.007025316961119975,
    0.007690278335133966,
    0.009308179536803912,
    0.011580269299480105,
    0.014518544181022407,
    0.018381837990847756,
    0.02342604818473384,
    0.02966298756145722,
    0.03675532441796469,
    0.044044511765131855,
    0.05064867916289805,
    0.05560811975369131,
    0.05810613145752716,
    0.05775583888504455,
    0.05483706945329703,
    0.050313593411880866,
    0.045552216592249395,
    0.04185116126222947,
    0.04001109105640553,
    0.04014127933668622,
    0.04173197353248442,
    0.043887255607059514,
    0.045595226801607186
  ],
  "my": [
    0.0,
    0.03472421604080597,
    0.06387798865240446,
    0.0832430437746494,
    0.09098553247109632,
    0.08804567866212731,
    0.07767230379369286,
    0.06418492708074622,
    0.05141672825598132,
    0.041493761656188344,
    0.03446392028154596,
    0.02885998298731476,
    0.02282243208208716,
    0.015185128833901145,
    0.006032766846601619,
    -0.0034365811358947488,
    -0.011568834871821072,
    -0.017056313086689815,
    -0.019506779807617468,
    -0.019556633404721524,
    -0.018532435326238002,
    -0.017859220615876435,
    -0.018494863657185803,
    -0.020614858286373314,
    -0.02362923779204599,
    -0.026468852259882433,
    -0.027998237367480194,
    -0.027408575464399964,
    -0.024485641053318685,
    -0.019697367234980057,
    -0.014085501313290923,
    -0.008975731933373855,
    -0.005551065574170019,
    -0.0043785278426863965,
    -0.0050413591294206075,
    -0.006071365438936568,
    -0.005326961293039631,
    -0.0007773539534027566,
    0.008601766413875769,
    0.022264420004025794,
    0.038191432927176985,
    0.05362470612044821,
    0.06605296228646856,
    0.073952086780869,
    0.07699087367262385,
    0.07575994471720571,
    0.07130720640686262,
    0.06474776080331919,
    0.057047922296526665,
    0.04893481286665674,
    0.040850701006539286,
    0.03292640504765622,
    0.025008286093292385,
    0.016783343749973686,
    0.008000692768765463,
    -0.0012864460845579042,
    -0.010585628091839088,
    -0.019039475439787405,
    -0.025700315741365647,
    -0.029867506388364096,
    -0.03131387982392091,
    -0.03032596502178743,
    -0.027624464124269187,
    -0.0242709487842537,
    -0.0215622179954998,
    -0.02079506666015581,
    -0.022827642614823902,
    -0.02758643462771508,
    -0.03386804826605145,
    -0.03971872767713096,
    -0.043313997274560465,
    -0.04386475950060349,
    -0.04198244383640172,
    -0.039257003725621624,
    -0.03731192419058106,
    -0.03692096329997795,
    -0.03768261263017082,
    -0.03835216469721084,
    -0.03753838151799917,
    -0.034338713554481363,
    -0.02863793909224975,
    -0.021053782950859502,
    -0.012679437983915184,
    -0.0047758697054667955,
    0.0015195407493917776,
    0.005459504924618474,
    0.0069007973182552435,
    0.006389082471991042,
    0.005038423604089787,
    0.004204763529309138,
    0.0050524207647738295,
    0.00816408629114679,
    0.013323086441509212,
    0.019535477362487452,
    0.025298682623107603,
    0.029062795250982786,
    0.029751054243794692,
    0.027130137767911407,
    0.0218276600808403,
    0.014943996119198878
  ],