{
  "positive_frequencies": [
    0.0,
    0.07734375,
    0.1546875,
    0.23203125000000002,
    0.309375,
    0.38671875,
    0.46406250000000004,
    0.54140625,
    0.61875,
    0.6960937500000001,
    0.7734375,
    0.85078125,
    0.9281250000000001,
    1.0054687500000001,
    1.0828125,
    1.16015625,
    1.2375,
    1.31484375,
    1.3921875000000001,
    1.46953125,
    1.546875,
    1.62421875,
    1.7015625,
    1.7789062500000001,
    1.8562500000000002,
    1.93359375,
    2.0109375000000003,
    2.08828125,
    2.165625,
    2.24296875,
    2.3203125,
    2.3976562500000003,
    2.475,
    2.55234375,
    2.6296875,
    2.70703125,
    2.7843750000000003,
    2.86171875,
    2.9390625,
    3.01640625,
    3.09375,
    3.1710937500000003,
    3.2484375,
    3.32578125,
    3.403125,
    3.48046875,
    3.5578125000000003,
    3.63515625,
    3.7125000000000004,
    3.78984375,
    3.8671875,
    3.9445312500000003,
    4.0218750000000005,
    4.09921875,
    4.1765625,
    4.25390625,
    4.33125,
    4.4085937500000005,
    4.4859375,
    4.56328125,
    4.640625,
    4.71796875,
    4.7953125000000005,
    4.87265625,
    4.95
  ],
  "mx_fft_pos": [
    0.02073075634916589,
    0.01609305170812778,
    0.014488046379345598,
    0.013076197744262425,
    0.007186955327649157,
    0.00459581607534713,
    0.0035074548988285187,
    0.0028501461899774674,
    0.0010095086592831718,
    0.0016167112166148969,
    0.0016066918767844774,
    0.0012342167529011364,
    0.0019716982164612027,
    0.0011146066215556724,
    0.0007660938245419918,
    0.000555879013619955,
    0.0004372581146022375,
    0.0005561252346447073,
    0.0004939389050453543,
    0.00027290368381426954,
    0.00018317782205202766,
    0.00019040871381187886,
    1.9893384003236006e-05,
    4.393567027669925e-05,
    2.683414555779992e-05,
    3.46997795429631e-05,
    2.1098388294346658e-05,
    1.9634069248257938e-05,
    1.8651894354923156e-05,
    1.672435392261418e-05,
    1.423899226059425e-05,
    1.2252659404294802e-05,
    1.145131650144046e-05,
    1.0786231494767321e-05,
    9.501607904815166e-06,
    8.134217626599056e-06,
    7.465943694564186e-06,
    7.192112117994888e-06,
    6.587870558624133e-06,
    5.686770429576708e-06,
    5.074419757315282e-06,
    4.887214502611519e-06,
    4.631029844724115e-06,
    4.083916227168192e-06,
    3.557427698451343e-06,
    3.34678393597418e-06,
    3.2346256865233623e-06,
    2.9323594672446203e-06,
    2.5257838578665365e-06,
    2.282703190625759e-06,
    2.19778336480443e-06,
    2.038833511701893e-06,
    1.756224379985229e-06,
    1.5139590950127048e-06,
    1.4051535241792327e-06,
    1.3058428889308864e-06,
    1.1206572967676533e-06,
    9.135814919334876e-07,
    7.77596021917704e-07,
    6.80525390914865e-07,
    5.481563651988789e-07,
    3.886284998244636e-07,
    2.482480276610189e-07,
    1.2733678809678e-07,
    3.6157658889202083e-09
  ],
  "my_fft_pos": [
    0.002273094920213777,
    0.010366526862658028,
    0.019463312156754033,
    0.021856130910830548,
    0.014958196776656744,
    0.009083900878139246,
    0.007789421229849911,
    0.006390969205615932,
    0.0032641948392658393,
    0.0013327643484012308,
    0.0016244612111023004,
    0.0026538112261679726,
    0.0032671130168623135,
    0.0022244887403986037,
    0.0003356572924436565,
    0.0007684348461908772,
    0.00046892091572434943,
    0.00025203651620560644,
    5.588878599998806e-05,
    0.00020267755625162927,
    0.0001450343977898405,
    7.922416739063632e-05,
    1.7074364574210928e-05,
    1.8242862818027128e-05,
    1.0065755075504598e-05,
    9.448304377503506e-06,
    3.7854306441283793e-06,
    2.162335431657858e-06,
    1.742053037823873e-06,
    1.0498107850732422e-06,
    1.1854157110361177e-06,
    1.2850055188517809e-06,
    1.0576261798188029e-06,
    6.740399860011809e-07,
    5.608874171565733e-07,
    6.992021904051472e-07,
    6.903859624001477e-07,
    4.954577544149617e-07,
    3.1647654114762703e-07,
    3.794948295633771e-07,
    4.462107179339767e-07,
    3.761241815877074e-07,
    2.335433844739141e-07,
    2.1122787903746535e-07,
    2.849430541598816e-07,
    2.829002078209986e-07,
    1.9815490845522748e-07,
    1.346347976783947e-07,
    1.8152131536083048e-07,
    2.1016456480611092e-07,
    1.7105284573388558e-07,
    1.0872988552002835e-07,
    1.202934004408667e-07,
    1.56638200375545e-07,
    1.464642043922859e-07,
    1.0105137558037474e-07,
    8.983423491108875e-08,
    1.2138434015644467e-07,
    1.2683884055104095e-07,
    9.730348519421773e-08,
    7.853099674130378e-08,
    1.026123031984616e-07,
    1.1574828529813274e-07,
    9.641599850656614e-08,
    7.60773288888128e-08
  ],
  "mz_fft_pos": [
    0.00911104696076936,
    0.0065455449803315,
    0.0024935845899278102,
    0.0046994498345840005,
    0.00390220070431036,
    0.003195761265970554,
    0.00419134948830994,
    0.0053007182029727986,
    0.005528224830190064,
    0.0038875191709025164,
    0.0020023286804105307,
    0.001482296726912993,
    0.0013671105819641463,
    0.001468016136340835,
    0.0016041553874636448,
    0.0014013222865311805,
    0.0009816106516054442,
    0.0005710690985702077,
    0.00026683837385799684,
    0.0001983630528641995,
    0.0001501321487505345,
    6.115840280645307e-05,
    1.5045775524144605e-05,
    4.782585417942077e-06,
    4.902306793891081e-06,
    1.5971258601428637e-06,
    1.0267767014242385e-06,
    7.17720619489044e-07,
    4.803375684808366e-07,
    4.1211987840845813e-07,
    3.435828595303382e-07,
    3.022380237440165e-07,
    2.6758735606062926e-07,
    2.313326478525604e-07,
    2.0028666236438936e-07,
    1.7831582263580343e-07,
    1.607945921987243e-07,
    1.436249591090765e-07,
    1.2781744179760773e-07,
    1.1532039421926136e-07,
    1.0535608854527994e-07,
    9.610879114029682e-08,
    8.733216482265235e-08,
    7.983401309683271e-08,
    7.371394354897059e-08,
    6.825744648760683e-08,
    6.307397720865408e-08,
    5.8414025118721654e-08,
    5.4488032596367504e-08,
    5.107541887301906e-08,
    4.789611557781166e-08,
    4.496654865607043e-08,
    4.242932230863257e-08,
    4.025970270769942e-08,
    3.830944799083589e-08,
    3.652458832375079e-08,
    3.496757684118967e-08,
    3.3668509379026406e-08,
    3.257159408768653e-08,
    3.1627220086434815e-08,
    3.084959860791033e-08,
    3.02644385729263e-08,
    2.985932202305851e-08,
    2.9612125137059484e-08,
    2.952662380650839e-08
  ]
}