{
  "times": [
    0.0,
    0.10101010101010101,
    0.20202020202020202,
    0.30303030303030304,
    0.40404040404040403,
    0.5050505050505051,
    0.6060606060606061,
    0.7070707070707071,
    0.8080808080808081,
    0.9090909090909091,
    1.0101010101010102,
    1.1111111111111112,
    1.2121212121212122,
    1.3131313131313131,
    1.4141414141414141,
    1.5151515151515151,
    1.6161616161616161,
    1.7171717171717171,
    1.8181818181818181,
    1.9191919191919191,
    2.0202020202020203,
    2.121212121212121,
    2.2222222222222223,
    2.323232323232323,
    2.4242424242424243,
    2.525252525252525,
    2.6262626262626263,
    2.727272727272727,
    2.8282828282828283,
    2.929292929292929,
    3.0303030303030303,
    3.131313131313131,
    3.2323232323232323,
    3.3333333333333335,
    3.4343434343434343,
    3.5353535353535355,
    3.6363636363636362,
    3.7373737373737375,
    3.8383838383838382,
    3.9393939393939394,
    4.040404040404041,
    4.141414141414141,
    4.242424242424242,
    4.343434343434343,
    4.444444444444445,
    4.545454545454545,
    4.646464646464646,
    4.747474747474747,
    4.848484848484849,
    4.94949494949495,
    5.05050505050505,
    5.151515151515151,
    5.252525252525253,
    5.353535353535354,
    5.454545454545454,
    5.555555555555555,
    5.656565656565657,
    5.757575757575758,
    5.858585858585858,
    5.959595959595959,
    6.0606060606060606,
    6.161616161616162,
    6.262626262626262,
    6.363636363636363,
    6.4646464646464645,
    6.565656565656566,
    6.666666666666667,
    6.767676767676767,
    6.8686868686868685,
    6.96969696969697,
    7.070707070707071,
    7.171717171717171,
    7.2727272727272725,
    7.373737373737374,
    7.474747474747475,
    7.575757575757575,
    7.6767676767676765,
    7.777777777777778,
    7.878787878787879,
    7.979797979797979,
    8.080808080808081,
    8.181818181818182,
    8.282828282828282,
    8.383838383838384,
    8.484848484848484,
    8.585858585858587,
    8.686868686868687,
    8.787878787878787,
    8.88888888888889,
    8.98989898989899,
    9.09090909090909,
    9.191919191919192,
    9.292929292929292,
    9.393939393939394,
    9.494949494949495,
    9.595959595959595,
    9.696969696969697,
    9.797979797979798,
    9.8989898989899,
    10.0
  ],
  "mx": [
    0.3333333333333333,
    -0.047414324578158994,
    -0.2919884515245429,
    -0.28268887519711333,
    -0.024823406955746696,
    -0.048994300978116655,
    -0.11636985311008556,
    -0.1516262752984017,
    -0.15355127716665182,
    -0.19082850559847264,
    -0.259742169081237,
    0.016645228340099228,
    0.07265497967773026,
    -0.022626616846574115,
    -0.05721615334738788,
    0.014244107927899994,
    0.055441912330061884,
    -0.020982977953941384,
    0.031735454506190884,
    0.25059679932134493,
    0.26751733262470817,
    0.0635787515983481,
    -0.1618615338993585,
    -0.2481959734123065,
    -0.15775378773401652,
    0.003405892153835003,
    0.13380303724086826,
    0.23201608130890353,
    0.2720676765456495,
    0.2407795544149096,
    0.15030564530360216,
    0.0451996236962443,
    0.03374070451695075,
    0.12093226044559104,
    0.2662849531881282,
    0.4981955309800939,
    0.6760030210911019,
    0.6402547562491714,
    0.44829316002333375,
    0.1897102583674076,
    0.035719960759815005,
    0.08702363387228484,
    0.09834648160491656,
    -0.049643503291901626,
    -0.13316450197014643,
    -0.009455721942845127,
    0.17207256754230663,
    0.26248978462549993,
    0.3577048286152609,
    0.329189880374864,
    0.1496545558875131,
    0.1550441711313833,
    0.2677384668406889,
    0.24780324275001328,
    0.033982603025666504,
    -0.23739545212887214,
    -0.22500537110761867,
    -0.009826510876429237,
    0.07267101806703347,
    -0.056620468968713894,
    -0.17659524915640532,
    -0.06522646772978942,
    0.04012547520400639,
    -0.011625577250070226,
    -0.12902310950171228,
    -0.20034539730300574,
    -0.2878423081566226,
    -0.23606027435843457,
    0.03738420692744989,
    0.18964455229401958,
    0.10688412610225771,
    -0.03701101485220801,
    -0.13838602196747044,
    -0.15976861331100764,
    -0.08700435847570427,
    0.020621348305228566,
    0.056909983970127274,
    0.08957055694757236,
    0.2319200162675936,
    0.18465567259060908,
    -0.0905750348133576,
    -0.23410477229367496,
    -0.23163080238012157,
    -0.05478075591802434,
    0.06519620485678351,
    -0.10862858765260593,
    -0.12281849697965237,
    0.06458647552281675,
    0.13880068689620315,
    0.14167968322578794,
    0.03925234005990424,
    0.08455016845755016,
    0.1790601086474873,
    -0.13413289483405552,
    -0.13506534024494335,
    0.1998991441969049,
    0.12647950949702225,
    -0.06514503094649489,
    -0.17424373628421844,
    -0.2991276370636595
  ],
  "my": [
    0.0,
    0.14367028974872473,
    -0.27688970937094276,
    0.2065931459707131,
    0.051951052869101726,
    -0.27879878347063947,
    -0.489094449321704,
    -0.18173588309892721,
    -0.034508200776570186,
    0.12689290802296052,
    0.07248469078525131,
    -0.10926049346625982,
    -0.125502051534379,
    -0.029005054330855762,
    0.0014426386465397252,
    0.09444243042068434,
    0.14901964808524606,
    -0.11762425614710087,
    -0.3248727296062999,
    -0.28072747900114264,
    -0.13563366485332573,
    -0.09960651915414087,
    -0.08693239215652497,
    0.08790121135397784,
    0.18186349797921839,
    0.040874543618528554,
    -0.12825498469368543,
    -0.14607601800445832,
    -0.10457579171580904,
    -0.04970169511243097,
    0.05581869410194316,
    0.02376554400380058,
    -0.21011446193566274,
    -0.3106227607478737,
    -0.18580203853779795,
    -0.0423740378547493,
    0.029794474053546256,
    0.05010273146669315,
    0.11592199258768386,
    0.21972715294374215,
    0.22847161566825527,
    0.14823325360878264,
    -0.009413060864347603,
    -0.22252172893866976,
    -0.2921859333181515,
    -0.18306069256364524,
    -0.11797674301169499,
    -0.11895998556308306,
    -0.039677591392337806,
    0.07017759841919659,
    0.20390038246427053,
    0.22933659414803062,
    0.09719934226507228,
    0.025482920153861072,
    0.010544282920417147,
    0.030351469793470975,
    0.14243743881172408,
    0.26478331755104056,
    0.4042956038762875,
    0.5167644887613018,
    0.2532825332576788,
    -0.1788693356148655,
    -0.16151955082821332,
    0.1339650801844956,
    0.2679229127517358,
    0.23245424716552976,
    0.1681009123894898,
    0.018292251019041052,
    0.015543661926442512,
    0.09891041941774155,
    0.029331380808743795,
    0.026273280639178647,
    0.11116734950525643,
    0.08063233224286658,
    0.00022501508448784005,
    0.055818700786936966,
    0.2218326134785181,
    0.15373247729958547,
    -0.2188094602819974,
    -0.2988048199423928,
    -0.055019591455727414,
    0.05566287727391492,
    0.058263694045547765,
    0.002835575474698001,
    0.07522547547194935,
    0.13686884869955382,
    -0.01811756216182452,
    -0.2712721624988059,
    -0.24162936058489268,
    0.16369577644560582,
    0.052484304281594375,
    -0.034640841217494944,
    0.02963515468836006,
    0.013279575382819486,
    -0.130170574098899,
    -0.2206881748540539,
    -0.07150038991800002,
    0.0868523584135983,
    0.18375912453138366,
    0.14708422028151993
  ],