{
  "positive_frequencies": [
    0.0,
    0.07734375,
    0.1546875,
    0.23203125000000002,
    0.309375,
    0.38671875,
    0.46406250000000004,
    0.54140625,
    0.61875,
    0.6960937500000001,
    0.7734375,
    0.85078125,
    0.9281250000000001,
    1.0054687500000001,
    1.0828125,
    1.16015625,
    1.2375,
    1.31484375,
    1.3921875000000001,
    1.46953125,
    1.546875,
    1.62421875,
    1.7015625,
    1.7789062500000001,
    1.8562500000000002,
    1.93359375,
    2.0109375000000003,
    2.08828125,
    2.165625,
    2.24296875,
    2.3203125,
    2.3976562500000003,
    2.475,
    2.55234375,
    2.6296875,
    2.70703125,
    2.7843750000000003,
    2.86171875,
    2.9390625,
    3.01640625,
    3.09375,
    3.1710937500000003,
    3.2484375,
    3.32578125,
    3.403125,
    3.48046875,
    3.5578125000000003,
    3.63515625,
    3.7125000000000004,
    3.78984375,
    3.8671875,
    3.9445312500000003,
    4.0218750000000005,
    4.09921875,
    4.1765625,
    4.25390625,
    4.33125,
    4.4085937500000005,
    4.4859375,
    4.56328125,
    4.640625,
    4.71796875,
    4.7953125000000005,
    4.87265625,
    4.95
  ],
  "mx_fft_pos": [
    0.0743136260530348,
    0.08204009191324958,
    0.084570642455678,
    0.062354684312066144,
    0.026751018801331208,
    0.007925806187367474,
    0.03694935673576963,
    0.04778196248641828,
    0.04487887187463531,
    0.048022725252360086,
    0.04856513804834261,
    0.0480813289664746,
    0.054708511402717076,
    0.04425883903810683,
    0.011022445223716593,
    0.042640549131471195,
    0.040064803867053876,
    0.004999781876693329,
    0.024325800453929246,
    0.017543663973335965,
    0.0028103500761984335,
    0.01079833765175618,
    0.02477237841249234,
    0.03951207876764328,
    0.045565373859268954,
    0.03428321020123806,
    0.017492858501128517,
    0.009158849830235086,
    0.009253834063245753,
    0.006488476716970333,
    0.01598053617582587,
    0.018620711103964273,
    0.011808988862613825,
    0.010897986453482294,
    0.012142904339903329,
    0.005504231019407327,
    0.0009880875592464717,
    0.0026401189331258174,
    0.007392485528220805,
    0.009275331308239647,
    0.006032717332956409,
    0.0021126512323925064,
    0.002065770051372929,
    0.003100342574424901,
    0.002258451489682425,
    0.0005836856993921852,
    0.00078928096368287,
    0.0034901035431297005,
    0.003777090508738409,
    0.0008967422588922622,
    0.001413535691057999,
    0.002655318347045495,
    0.0020075002157758804,
    0.0010032778153499112,
    0.0012679720420214944,
    0.0008267418745275179,
    0.00048448645984968064,
    0.0005946759264959917,
    0.0003859161876000967,
    0.0005573058195367853,
    0.00019144054723406782,
    0.0004891655984949694,
    0.0003755921532362832,
    0.0001952321996471103,
    0.0004949756040218744
  ],
  "my_fft_pos": [
    0.03003046509259179,
    0.04774280247322291,
    0.05285319391996052,
    0.036394216300748995,
    0.026057065270216326,
    0.025350524047868635,
    0.027059555930195472,
    0.0318745343863959,
    0.03654720447487508,
    0.03286525136968747,
    0.030690301855467044,
    0.0349113261447016,
    0.030675377785099604,
    0.0335756186616649,
    0.05061110537625558,
    0.05510629709279273,
    0.029453584817047424,
    0.017602031358148022,
    0.03204359936295981,
    0.032232850574649884,
    0.020631830329006184,
    0.03147396570603633,
    0.0345621102835109,
    0.02679485762014652,
    0.006585967474277676,
    0.01677805235334667,
    0.022468360880973374,
    0.019427138168787196,
    0.019225863753496275,
    0.021810694487903706,
    0.020304959484352132,
    0.01266067892427274,
    0.00843668774052036,
    0.005625478765967391,
    0.006865950993580431,
    0.0059342287186276,
    0.012876813314187467,
    0.010578747893399985,
    0.00626149135366429,
    0.008521400373077845,
    0.006266359637067334,
    0.004525920014933913,
    0.003994286381649243,
    0.00713694249269341,
    0.008538620503329885,
    0.004689694707369438,
    0.00141172417427105,
    0.0013036522955554126,
    0.001847402170642166,
    0.0011418321739631362,
    0.0022013206905613096,
    0.0017733348602219825,
    0.0002913218416165256,
    0.0009282751392088494,
    0.0001700096391733441,
    0.0002399910763658912,
    0.0016097515860309067,
    0.0011095759494516271,
    0.0009124036196167362,
    0.0004491476039077231,
    0.0002088707505816665,
    0.0004236781855612911,
    0.0003731185277135917,
    0.0004469344332264751,
    7.868497593199741e-05
  ],
  "mz_fft_pos": [
    0.009445807479782579,
    0.021623525946481842,
    0.035725529286819,
    0.039074455134233126,
    0.02501768898773098,
    0.026708242546292844,
    0.06835201258502002,
    0.04996167305520678,
    0.031815733036069146,
    0.07535346927774463,
    0.06291753757398406,
    0.027739212927822714,
    0.03166027623178736,
    0.007015131600019788,
    0.025535302605156955,
    0.018278438315195666,
    0.02378967577621403,
    0.03612832282408911,
    0.028465544248979444,
    0.01766827706276417,
    0.016119854855518423,
    0.02818435242129685,
    0.033660029006442556,
    0.03001700244429267,
    0.02696274142473711,
    0.026098344912745538,
    0.018017820638362818,
    0.011997994464220537,
    0.009259039783513867,
    0.005531150313611162,
    0.012746877573162521,
    0.0141150865276012,
    0.011659664668943739,
    0.010817268781441155,
    0.009869861199178778,
    0.008841682003974888,
    0.003444096532775755,
    0.005841916287728443,
    0.005867216172299865,
    0.005499930473413164,
    0.003413309112212615,
    0.0017526165570216912,
    0.004150065271397156,
    0.002074981601063306,
    0.0005583462255745991,
    0.0014814821426501737,
    0.0015206297001194309,
    0.0007356065265060424,
    0.00048166335140840066,
    0.00037892751419313245,
    0.0007701186393267828,
    0.0004035428864218962,
    0.0008907532246933924,
    0.0004562709605835633,
    0.0003415662407188191,
    0.00042409149509500045,
    0.00032864455364460315,
    0.00021187440937738263,
    0.00013323729956473115,
    8.531456397164646e-05,
    2.968777601124999e-05,
    1.7837956126400196e-05,
    8.930273883212148e-06,
    7.517972250244971e-07,
    1.4889802212314507e-08
  ]
}