{
  "times": [
    0.0,
    0.10101010101010101,
    0.20202020202020202,
    0.30303030303030304,
    0.40404040404040403,
    0.5050505050505051,
    0.6060606060606061,
    0.7070707070707071,
    0.8080808080808081,
    0.9090909090909091,
    1.0101010101010102,
    1.1111111111111112,
    1.2121212121212122,
    1.3131313131313131,
    1.4141414141414141,
    1.5151515151515151,
    1.6161616161616161,
    1.7171717171717171,
    1.8181818181818181,
    1.9191919191919191,
    2.0202020202020203,
    2.121212121212121,
    2.2222222222222223,
    2.323232323232323,
    2.4242424242424243,
    2.525252525252525,
    2.6262626262626263,
    2.727272727272727,
    2.8282828282828283,
    2.929292929292929,
    3.0303030303030303,
    3.131313131313131,
    3.2323232323232323,
    3.3333333333333335,
    3.4343434343434343,
    3.5353535353535355,
    3.6363636363636362,
    3.7373737373737375,
    3.8383838383838382,
    3.9393939393939394,
    4.040404040404041,
    4.141414141414141,
    4.242424242424242,
    4.343434343434343,
    4.444444444444445,
    4.545454545454545,
    4.646464646464646,
    4.747474747474747,
    4.848484848484849,
    4.94949494949495,
    5.05050505050505,
    5.151515151515151,
    5.252525252525253,
    5.353535353535354,
    5.454545454545454,
    5.555555555555555,
    5.656565656565657,
    5.757575757575758,
    5.858585858585858,
    5.959595959595959,
    6.0606060606060606,
    6.161616161616162,
    6.262626262626262,
    6.363636363636363,
    6.4646464646464645,
    6.565656565656566,
    6.666666666666667,
    6.767676767676767,
    6.8686868686868685,
    6.96969696969697,
    7.070707070707071,
    7.171717171717171,
    7.2727272727272725,
    7.373737373737374,
    7.474747474747475,
    7.575757575757575,
    7.6767676767676765,
    7.777777777777778,
    7.878787878787879,
    7.979797979797979,
    8.080808080808081,
    8.181818181818182,
    8.282828282828282,
    8.383838383838384,
    8.484848484848484,
    8.585858585858587,
    8.686868686868687,
    8.787878787878787,
    8.88888888888889,
    8.98989898989899,
    9.09090909090909,
    9.191919191919192,
    9.292929292929292,
    9.393939393939394,
    9.494949494949495,
    9.595959595959595,
    9.696969696969697,
    9.797979797979798,
    9.8989898989899,
    10.0
  ],
  "mx": [
    -0.6290605121347843,
    -0.6322012434582347,
    -0.6451302354952754,
    -0.6677054271447034,
    -0.6986853526628749,
    -0.7357316372442272,
    -0.7755038781172057,
    -0.8138431251331528,
    -0.8460331772733767,
    -0.8671226137643719,
    -0.8722853638820509,
    -0.8571940865650282,
    -0.8183789632485816,
    -0.7535448518575926,
    -0.6618221053734816,
    -0.5439305745626014,
    -0.4022421024172907,
    -0.24073377066640872,
    -0.06483178075719974,
    0.11884640523299972,
    0.3028367350580959,
    0.4792387883794415,
    0.6401653966000325,
    0.7782024124277149,
    0.8868483211683282,
    0.9609044480726487,
    0.9967896357535826,
    0.992758229169846,
    0.9490066659293398,
    0.8676614712604261,
    0.7526494690077254,
    0.6094589744923895,
    0.4448080682685325,
    0.2662422429930073,
    0.08168833271945974,
    -0.10100564700115715,
    -0.2745144833975219,
    -0.43243479070516244,
    -0.5696137687795959,
    -0.6823876060219382,
    -0.7687160028260946,
    -0.8282067275331791,
    -0.8620318808284654,
    -0.8727450750341076,
    -0.8640154910522331,
    -0.8403002772845228,
    -0.8064806163472771,
    -0.7674887444132299,
    -0.727953143722963,
    -0.6918870701228992,
    -0.6624417000958855,
    -0.6417397943752793,
    -0.6307992960748567,
    -0.6295492064340413,
    -0.6369329475541244,
    -0.6510877662084325,
    -0.6695830537654905,
    -0.6896961757917759,
    -0.708701834636078,
    -0.724150312105107,
    -0.7341111960328227,
    -0.7373622763887655,
    -0.7335079577381627,
    -0.7230174102120295,
    -0.7071793138765629,
    -0.6879769275817398,
    -0.6678938007325776,
    -0.6496662344584647,
    -0.6360031371522824,
    -0.6292968524280111,
    -0.6313496306249016,
    -0.643139572724236,
    -0.6646471493639551,
    -0.6947589822860691,
    -0.7312597949385549,
    -0.7709167222831006,
    -0.8096530198518079,
    -0.8428011676176868,
    -0.8654189601421466,
    -0.8726469015623133,
    -0.8600814922309317,
    -0.8241371013270056,
    -0.7623692300096853,
    -0.6737340987092395,
    -0.5587635064997394,
    -0.4196395363590873,
    -0.26016052277697926,
    -0.08559727048523084,
    0.09755372910213121,
    0.28190595531918833,
    0.4595867929640611,
    0.6226840676379527,
    0.7637061892576751,
    0.8760256099583056,
    0.9542761211867284,
    0.994677405958405,
    0.995265028951229,
    0.956010356579755,
    0.8788223069182731,
    0.7674308112040614
  ],
  "my": [
    -0.39918785032159393,
    -0.4045043999346225,
    -0.4128439188172502,
    -0.4243924141113358,
    -0.4389300060027779,
    -0.45556735150637434,
    -0.4725522139215575,
    -0.4872008107993779,
    -0.4959921793106652,
    -0.494840013925052,
    -0.4795285326565572,
    -0.44627090060313396,
    -0.392324733453126,
    -0.31658295534467273,
    -0.2200525841933803,
    -0.10614029116147382,
    0.019318342203643285,
    0.1483208628658514,
    0.2712514174794979,
    0.37768843637809346,
    0.45739424154584885,
    0.5013861827879417,
    0.5029717125043024,
    0.45862621872921,
    0.3686034944698693,
    0.23719365285211558,
    0.07257955710261542,
    -0.11371361132798613,
    -0.30773521998758957,
    -0.4943094554826129,
    -0.6584017294254834,
    -0.7865123458228264,
    -0.8679523716574866,
    -0.8958668674963618,
    -0.8678962635981968,
    -0.7864048674348927,
    -0.6582518977808286,
    -0.49412969953885544,
    -0.3075401970026344,
    -0.11351883296814014,
    0.07275914469328892,
    0.23734498872350343,
    0.36871649036645837,
    0.45869451135711814,
    0.5029930171715282,
    0.5013622306429839,
    0.4573303287234054,
    0.37759265449379575,
    0.27113366641489006,
    0.14819176525933614,
    0.019188182806235576,
    -0.10626248894691495,
    -0.22015975575542981,
    -0.31667041014722846,
    -0.39239026945508104,
    -0.44631463640166796,
    -0.4795525084090694,
    -0.49484763587121205,
    -0.4959875951900912,
    -0.48718830363317756,
    -0.472535690156227,
    -0.45554997859603863,
    -0.4389140275120824,
    -0.4243791414404661,
    -0.41283387189344933,
    -0.40449754843730523,
    -0.3991838950024621,
    -0.39657321781467714,
    -0.39643499627472967,
    -0.39875546242401194,
    -0.40374474586394493,
    -0.4117221713195102,
    -0.42290252911247767,
    -0.4371267662731121,
    -0.4535942583719707,
    -0.4706583082534998,
    -0.4857408067945851,
    -0.49540660851630336,
    -0.4956150926828084,
    -0.4821387611756383,
    -0.45111049840279455,
    -0.39963644673949117,
    -0.3263941461105083,
    -0.23212857043434473,
    -0.1199635670451296,
    0.004537014133895095,
    0.13359714304692089,
    0.25774974462221445,
    0.36661819998222633,
    0.4498896890836712,
    0.4983827221775345,
    0.5050925933565407,
    0.466093247060817,
    0.38118342618405493,
    0.25418840371921053,
    0.09286373698519236,
    -0.09160955866718073,
    -0.28550319971128063,
    -0.47371472255914654,
    -0.641121567786824
  ],