{
  "positive_frequencies": [
    0.0,
    0.07734375,
    0.1546875,
    0.23203125000000002,
    0.309375,
    0.38671875,
    0.46406250000000004,
    0.54140625,
    0.61875,
    0.6960937500000001,
    0.7734375,
    0.85078125,
    0.9281250000000001,
    1.0054687500000001,
    1.0828125,
    1.16015625,
    1.2375,
    1.31484375,
    1.3921875000000001,
    1.46953125,
    1.546875,
    1.62421875,
    1.7015625,
    1.7789062500000001,
    1.8562500000000002,
    1.93359375,
    2.0109375000000003,
    2.08828125,
    2.165625,
    2.24296875,
    2.3203125,
    2.3976562500000003,
    2.475,
    2.55234375,
    2.6296875,
    2.70703125,
    2.7843750000000003,
    2.86171875,
    2.9390625,
    3.01640625,
    3.09375,
    3.1710937500000003,
    3.2484375,
    3.32578125,
    3.403125,
    3.48046875,
    3.5578125000000003,
    3.63515625,
    3.7125000000000004,
    3.78984375,
    3.8671875,
    3.9445312500000003,
    4.0218750000000005,
    4.09921875,
    4.1765625,
    4.25390625,
    4.33125,
    4.4085937500000005,
    4.4859375,
    4.56328125,
    4.640625,
    4.71796875,
    4.7953125000000005,
    4.87265625,
    4.95
  ],
  "mx_fft_pos": [
    0.42816905891833984,
    0.41140291594887385,
    0.3144621847676278,
    0.182597311942661,
    0.2023125816684719,
    0.12456909820322005,
    0.10838428270474668,
    0.053585804788817616,
    0.0032928067115482805,
    0.0023231128572226527,
    0.0011562397773836487,
    0.0005115646870738098,
    0.00037526011500074464,
    0.0003218870121482626,
    0.0002019301171625584,
    9.412349475625398e-05,
    0.00010064389795819996,
    0.00011764391251298343,
    9.074764867661412e-05,
    4.1922346434388686e-05,
    2.9537775942570463e-05,
    5.090157686336777e-05,
    5.031318748749992e-05,
    3.0313575734422298e-05,
    9.699497780455017e-06,
    2.2228953920964644e-05,
    2.9044531275524294e-05,
    2.2610010917541497e-05,
    8.810733478932837e-06,
    8.648579886435527e-06,
    1.6513684106161408e-05,
    1.625846980184983e-05,
    9.215565509126627e-06,
    2.6879774402841116e-06,
    8.829504048023836e-06,
    1.1168346527472863e-05,
    8.305159997046317e-06,
    2.6212284185129944e-06,
    4.120904913597422e-06,
    7.238342464957782e-06,
    6.7502780434924045e-06,
    3.41902793846602e-06,
    1.4288932572301672e-06,
    4.31944536865888e-06,
    5.042724585588437e-06,
    3.428469871871448e-06,
    7.960723624781314e-07,
    2.2639464406864566e-06,
    3.451658950993039e-06,
    2.9203829431052143e-06,
    1.2082024552798822e-06,
    9.482449029745355e-07,
    2.1218766437437407e-06,
    2.1655473043824895e-06,
    1.2322947838124732e-06,
    3.165919982572913e-07,
    1.1319915126122774e-06,
    1.3631909663524504e-06,
    9.140055346703297e-07,
    2.501611018258492e-07,
    5.24292925724574e-07,
    6.701899908632983e-07,
    4.505527682652083e-07,
    2.654563221427134e-07,
    3.196295485352607e-07
  ],
  "my_fft_pos": [
    0.20423614469272663,
    0.14756255737066187,
    0.07305062931195118,
    0.13874404603429386,
    0.17464896082786877,
    0.1991520456933808,
    0.193247940985233,
    0.10771575247598672,
    0.05302719992432717,
    0.02081196470112209,
    0.0015836938488005105,
    0.0011871100963001353,
    0.0007269164368603966,
    0.00035774739812415767,
    0.00018811509119921196,
    0.0001802959996102626,
    0.0001587435621709323,
    0.00010063612545292067,
    5.1511814511093475e-05,
    5.631177332888259e-05,
    6.305184378351927e-05,
    4.7908570732572344e-05,
    2.3934117271987157e-05,
    2.116091280266119e-05,
    3.0084166345834695e-05,
    2.760642400740964e-05,
    1.5977723549954817e-05,
    8.770466980004893e-06,
    1.515976178293119e-05,
    1.6995927211110997e-05,
    1.19871576090596e-05,
    5.1015677985680346e-06,
    7.504221268242024e-06,
    1.056655614279964e-05,
    9.059894999931972e-06,
    4.536261583998325e-06,
    3.48144741507589e-06,
    6.388440140831787e-06,
    6.6613927612838125e-06,
    4.242648884544578e-06,
    1.7722307904567266e-06,
    3.6121733968994397e-06,
    4.672036392597038e-06,
    3.6909052126026702e-06,
    1.608529630435492e-06,
    1.8176402455247409e-06,
    3.0525630984321918e-06,
    2.944774679811314e-06,
    1.6993114135910117e-06,
    8.390074647770824e-07,
    1.7856706228628653e-06,
    2.121676324785327e-06,
    1.5611701866639333e-06,
    6.478404317988393e-07,
    8.729049171638023e-07,
    1.3223685870562984e-06,
    1.2036279007466244e-06,
    6.876774329046076e-07,
    3.842920264729835e-07,
    6.494266524861598e-07,
    7.27276712344811e-07,
    5.629575625933117e-07,
    3.6863295644554236e-07,
    3.624652668937824e-07,
    4.039777787490095e-07
  ],
  "mz_fft_pos": [
    0.1159875609749415,
    0.2614405556500119,
    0.32171811964581715,
    0.1925358895187056,
    0.08290627471420532,
    0.15057767574888703,
    0.19097971890729076,
    0.10740303462613099,
    0.05456769343967723,
    0.02011292301377431,
    0.0016096431053849336,
    0.0010491186832600411,
    0.00043918879549383007,
    0.0001353696639432847,
    0.00018676741971560936,
    0.00017316777162321807,
    9.387635479154458e-05,
    9.866058402877888e-06,
    4.638068478428e-05,
    6.066251466989437e-05,
    4.451063152568445e-05,
    1.752417943279446e-05,
    1.6330354353532595e-05,
    2.6724908716206883e-05,
    2.456596669572005e-05,
    1.4296166592341843e-05,
    8.389008514432517e-06,
    1.3202698247418984e-05,
    1.4441698956976803e-05,
    1.055802434121345e-05,
    6.0154734605388046e-06,
    7.073788221150672e-06,
    8.770497122044964e-06,
    7.5876334902807695e-06,
    4.832649784594572e-06,
    4.165064913124984e-06,
    5.411375293866594e-06,
    5.370584800939112e-06,
    3.8992184732095935e-06,
    2.7807384160767204e-06,
    3.3635423026440356e-06,
    3.736998492438509e-06,
    3.071660132843956e-06,
    2.080931425650569e-06,
    2.104418274593625e-06,
    2.5359336242355198e-06,
    2.338554805681697e-06,
    1.6396158892697231e-06,
    1.3315039483107472e-06,
    1.651474875033506e-06,
    1.7001606827254815e-06,
    1.2786870594777216e-06,
    8.508232643319507e-07,
    9.941322003024042e-07,
    1.1504093763523345e-06,
    9.403742244569043e-07,
    5.325763056807302e-07,
    4.924771228889587e-07,
    6.772740607561734e-07,
    6.089027060909389e-07,
    3.0468829891027733e-07,
    9.683890043251325e-08,
    2.848684961281094e-07,
    2.761993632801027e-07,
    1.9319099058279222e-07
  ]
}