{
  "positive_frequencies": [
    0.0,
    0.07734375,
    0.1546875,
    0.23203125000000002,
    0.309375,
    0.38671875,
    0.46406250000000004,
    0.54140625,
    0.61875,
    0.6960937500000001,
    0.7734375,
    0.85078125,
    0.9281250000000001,
    1.0054687500000001,
    1.0828125,
    1.16015625,
    1.2375,
    1.31484375,
    1.3921875000000001,
    1.46953125,
    1.546875,
    1.62421875,
    1.7015625,
    1.7789062500000001,
    1.8562500000000002,
    1.93359375,
    2.0109375000000003,
    2.08828125,
    2.165625,
    2.24296875,
    2.3203125,
    2.3976562500000003,
    2.475,
    2.55234375,
    2.6296875,
    2.70703125,
    2.7843750000000003,
    2.86171875,
    2.9390625,
    3.01640625,
    3.09375,
    3.1710937500000003,
    3.2484375,
    3.32578125,
    3.403125,
    3.48046875,
    3.5578125000000003,
    3.63515625,
    3.7125000000000004,
    3.78984375,
    3.8671875,
    3.9445312500000003,
    4.0218750000000005,
    4.09921875,
    4.1765625,
    4.25390625,
    4.33125,
    4.4085937500000005,
    4.4859375,
    4.56328125,
    4.640625,
    4.71796875,
    4.7953125000000005,
    4.87265625,
    4.95
  ],
  "mx_fft_pos": [
    0.07431362605303483,
    0.08204009191324958,
    0.084570642455678,
    0.06235468431206612,
    0.026751018801331208,
    0.00792580618736748,
    0.03694935673576963,
    0.047781962486418264,
    0.04487887187463531,
    0.04802272525236009,
    0.04856513804834261,
    0.048081328966474615,
    0.05470851140271708,
    0.04425883903810684,
    0.0110224452237166,
    0.0426405491314712,
    0.04006480386705387,
    0.004999781876693337,
    0.02432580045392926,
    0.017543663973335975,
    0.00281035007619844,
    0.010798337651756173,
    0.02477237841249234,
    0.03951207876764328,
    0.045565373859268954,
    0.03428321020123807,
    0.017492858501128524,
    0.009158849830235096,
    0.009253834063245757,
    0.006488476716970337,
    0.015980536175825864,
    0.01862071110396426,
    0.011808988862613804,
    0.010897986453482271,
    0.01214290433990332,
    0.00550423101940733,
    0.0009880875592464659,
    0.002640118933125828,
    0.00739248552822082,
    0.009275331308239649,
    0.006032717332956406,
    0.0021126512323925055,
    0.0020657700513729347,
    0.003100342574424899,
    0.002258451489682421,
    0.0005836856993921717,
    0.0007892809636828638,
    0.0034901035431297044,
    0.003777090508738405,
    0.0008967422588922498,
    0.0014135356910579986,
    0.002655318347045485,
    0.002007500215775871,
    0.0010032778153499112,
    0.0012679720420215067,
    0.0008267418745275272,
    0.00048448645984969105,
    0.0005946759264959888,
    0.0003859161876001061,
    0.0005573058195367988,
    0.00019144054723408104,
    0.000489165598494986,
    0.0003755921532362951,
    0.00019523219964711413,
    0.0004949756040219011
  ],
  "my_fft_pos": [
    0.030030465092591784,
    0.0477428024732229,
    0.05285319391996052,
    0.036394216300749,
    0.02605706527021634,
    0.025350524047868642,
    0.027059555930195472,
    0.0318745343863959,
    0.036547204474875084,
    0.032865251369687466,
    0.030690301855467044,
    0.034911326144701604,
    0.03067537778509961,
    0.0335756186616649,
    0.050611105376255565,
    0.05510629709279272,
    0.02945358481704741,
    0.017602031358148026,
    0.03204359936295981,
    0.032232850574649884,
    0.020631830329006173,
    0.03147396570603634,
    0.0345621102835109,
    0.02679485762014652,
    0.006585967474277671,
    0.016778052353346676,
    0.02246836088097338,
    0.019427138168787196,
    0.01922586375349627,
    0.021810694487903695,
    0.02030495948435213,
    0.01266067892427273,
    0.008436687740520355,
    0.005625478765967403,
    0.006865950993580438,
    0.005934228718627593,
    0.01287681331418747,
    0.010578747893399998,
    0.0062614913536642855,
    0.008521400373077841,
    0.006266359637067337,
    0.0045259200149339145,
    0.003994286381649247,
    0.007136942492693417,
    0.008538620503329888,
    0.0046896947073694455,
    0.0014117241742710519,
    0.001303652295555408,
    0.0018474021706421711,
    0.0011418321739631312,
    0.002201320690561296,
    0.0017733348602219777,
    0.0002913218416165304,
    0.0009282751392088546,
    0.00017000963917336386,
    0.00023999107636588025,
    0.001609751586030896,
    0.0011095759494516267,
    0.000912403619616742,
    0.0004491476039077187,
    0.00020887075058165924,
    0.00042367818556128306,
    0.0003731185277135918,
    0.00044693443322648205,
    7.868497593200408e-05
  ],
  "mz_fft_pos": [
    0.009445807479782584,
    0.02162352594648184,
    0.035725529286819,
    0.03907445513423314,
    0.025017688987730997,
    0.02670824254629283,
    0.06835201258502002,
    0.04996167305520678,
    0.031815733036069146,
    0.07535346927774463,
    0.06291753757398405,
    0.027739212927822717,
    0.03166027623178736,
    0.007015131600019774,
    0.025535302605156972,
    0.01827843831519567,
    0.023789675776214037,
    0.03612832282408911,
    0.028465544248979444,
    0.01766827706276416,
    0.016119854855518426,
    0.028184352421296865,
    0.03366002900644258,
    0.030017002444292697,
    0.02696274142473711,
    0.026098344912745527,
    0.018017820638362814,
    0.011997994464220545,
    0.009259039783513872,
    0.005531150313611172,
    0.01274687757316254,
    0.014115086527601205,
    0.011659664668943739,
    0.010817268781441151,
    0.009869861199178775,
    0.008841682003974886,
    0.0034440965327757513,
    0.005841916287728442,
    0.0058672161722998625,
    0.005499930473413164,
    0.0034133091122125997,
    0.0017526165570216712,
    0.004150065271397142,
    0.0020749816010633,
    0.000558346225574612,
    0.0014814821426501728,
    0.0015206297001194309,
    0.0007356065265060439,
    0.000481663351408394,
    0.0003789275141931366,
    0.000770118639326799,
    0.0004035428864218896,
    0.0008907532246933874,
    0.0004562709605835549,
    0.0003415662407188094,
    0.00042409149509500886,
    0.0003286445536446204,
    0.00021187440937739334,
    0.00013323729956472367,
    8.531456397164249e-05,
    2.9687776011241593e-05,
    1.783795612639775e-05,
    8.930273883205074e-06,
    7.517972250113015e-07,
    1.4889802229522964e-08
  ]
}