{
  "positive_frequencies": [
    0.0,
    0.07734375,
    0.1546875,
    0.23203125000000002,
    0.309375,
    0.38671875,
    0.46406250000000004,
    0.54140625,
    0.61875,
    0.6960937500000001,
    0.7734375,
    0.85078125,
    0.9281250000000001,
    1.0054687500000001,
    1.0828125,
    1.16015625,
    1.2375,
    1.31484375,
    1.3921875000000001,
    1.46953125,
    1.546875,
    1.62421875,
    1.7015625,
    1.7789062500000001,
    1.8562500000000002,
    1.93359375,
    2.0109375000000003,
    2.08828125,
    2.165625,
    2.24296875,
    2.3203125,
    2.3976562500000003,
    2.475,
    2.55234375,
    2.6296875,
    2.70703125,
    2.7843750000000003,
    2.86171875,
    2.9390625,
    3.01640625,
    3.09375,
    3.1710937500000003,
    3.2484375,
    3.32578125,
    3.403125,
    3.48046875,
    3.5578125000000003,
    3.63515625,
    3.7125000000000004,
    3.78984375,
    3.8671875,
    3.9445312500000003,
    4.0218750000000005,
    4.09921875,
    4.1765625,
    4.25390625,
    4.33125,
    4.4085937500000005,
    4.4859375,
    4.56328125,
    4.640625,
    4.71796875,
    4.7953125000000005,
    4.87265625,
    4.95
  ],
  "mx_fft_pos": [
    0.0023680258280321855,
    0.004436858609754896,
    0.00738880394343519,
    0.008635895985385614,
    0.009962485515278749,
    0.007040441383802717,
    0.003956080375070016,
    0.002891527070517092,
    0.00334205495331334,
    0.0032386515016137748,
    0.004024844967324576,
    0.0027515024004272234,
    0.0033743839393439033,
    0.0012007750445815369,
    0.001630389153947192,
    0.0017169657266064607,
    0.0012720505408001692,
    0.0038044385693312244,
    0.005116789880657945,
    0.003672614109764904,
    0.002315294402568039,
    0.0010087810038842846,
    0.0011594980559681413,
    0.002329250123291968,
    0.0022888648498542844,
    0.0016810493744383447,
    0.0011725789784227379,
    0.0010449826473354661,
    0.0009011628418826133,
    0.0006889486923771046,
    0.0005937340794126036,
    0.0004440376498232972,
    0.0006631140648852856,
    0.0008982307366605899,
    0.0008242442852904801,
    0.0006171391324239582,
    0.0008935414161854522,
    0.0011872449575104898,
    0.0008908631508990453,
    0.0004974948411916421,
    0.00042096067691997614,
    0.0002894900941493973,
    0.0002756747386432298,
    0.0004161757404876241,
    0.00022522419675339127,
    0.00036644378112422215,
    0.0005542513448061385,
    0.0003794439802251437,
    0.0002699167221914923,
    0.0003231286190253864,
    0.0003324604943232232,
    0.0002392822232440459,
    0.00024842657329768753,
    0.00019866157679675406,
    0.00033326165927962786,
    0.0003255388553763037,
    0.00014881001739513729,
    0.00013831998459968344,
    0.00016346930339887676,
    0.00015441597991087798,
    7.485492162134508e-05,
    9.191560052427731e-05,
    0.00011866950210256897,
    2.0208984311139222e-05,
    0.00011831523348834805
  ],
  "my_fft_pos": [
    0.0003627220531225564,
    0.005439332271008995,
    0.005188678402767536,
    0.0013894996882967432,
    0.002005941909300127,
    0.0036031229964890816,
    0.004239423511317478,
    0.004513373411627937,
    0.0038205943402755075,
    0.0035992589009442334,
    0.002836918127593198,
    0.0012770096583689173,
    0.0013174195247848716,
    0.0017901641722511108,
    0.0010502867113736521,
    0.00037705963014498107,
    0.0016631832222573167,
    0.0033635496713564166,
    0.003240411444166258,
    0.0012274258223799867,
    0.0010774765737369852,
    0.0013648666918165072,
    0.0009012674171535542,
    0.0020742527850794506,
    0.0025088991943204037,
    0.002088892832278679,
    0.001264415377459649,
    8.058672935482505e-05,
    0.0010683817923467331,
    0.0011576808168607758,
    0.0008712012617165407,
    0.000760369062992446,
    0.0008104839198421874,
    0.0011439794441903677,
    0.001170222152009673,
    0.0004741360669838932,
    0.0002363946564246805,
    0.00019616397304864276,
    0.00032895229919953286,
    0.0003623487858910773,
    0.0005168895864998662,
    0.0007944273789687365,
    0.0006758520411639941,
    0.00041231404571695084,
    0.0002412276384752405,
    0.0006241002115590406,
    0.0007707076404632224,
    0.000585976491095761,
    0.0004739973493413697,
    0.00022048681587783398,
    8.257719461165327e-05,
    0.00025703025435696626,
    0.0001133142656934815,
    0.00011963584692476593,
    0.0001455454073496845,
    0.00024050833374335176,
    0.00028679942429186506,
    0.00014995145235408388,
    9.724321777514369e-05,
    9.243166422256052e-05,
    1.1788736113242809e-05,
    5.8172921717667934e-05,
    6.805923179777922e-05,
    7.788599679815794e-05,
    7.509027633978329e-05
  ],
  "mz_fft_pos": [
    0.0029899432624885197,
    0.0035989610496935465,
    0.002562401195363457,
    0.0007006515595260331,
    0.0005207246038010788,
    0.00045866620747231053,
    0.0023460610053909862,
    0.0042236034758394,
    0.004000608446270495,
    0.0010181147402195225,
    0.0017084700049458347,
    0.002097916321547767,
    0.0016290101030342343,
    0.0015997544168638753,
    0.0020306338490805103,
    0.0003678168375450852,
    0.001472699963044289,
    0.002131816453644667,
    0.0034808336737142277,
    0.002496745198774616,
    0.00036441572091464584,
    0.0013168494889401292,
    0.0017679621945539987,
    0.0014011040052018494,
    0.0006653179971346551,
    0.0003618163280492769,
    0.000978634021107115,
    0.0012214057970317265,
    0.0007715893856717387,
    0.0004277126523927649,
    0.0008185503963130891,
    0.001650419112613947,
    0.002112625845837994,
    0.0019410088375642301,
    0.0012722379026725422,
    0.0005076672230662026,
    0.0006789190868373086,
    0.0008654580760883064,
    0.00038595179657922,
    0.0004243309999898053,
    0.0006774296145488945,
    0.0004916073076971764,
    0.00016229659114762998,
    8.494797243674456e-05,
    0.0002159432391295533,
    0.00040858628163215136,
    0.0004471630437417539,
    0.0003340095489577437,
    9.185530017167688e-05,
    0.00022050726319688255,
    0.00035811211931020506,
    0.0002626066402518919,
    0.0001516682915867701,
    0.0002556504617807694,
    0.00023565614554882695,
    0.0001442842042301298,
    0.00010509500962479159,
    8.088499573085461e-05,
    7.50800643551597e-05,
    6.609668008908501e-05,
    0.00010963997399873228,
    6.621680900395678e-05,
    6.74431121557556e-05,
    3.773308864527645e-05,
    6.047228601211985e-06
  ]
}