{
  "times": [
    0.0,
    0.10101010101010101,
    0.20202020202020202,
    0.30303030303030304,
    0.40404040404040403,
    0.5050505050505051,
    0.6060606060606061,
    0.7070707070707071,
    0.8080808080808081,
    0.9090909090909091,
    1.0101010101010102,
    1.1111111111111112,
    1.2121212121212122,
    1.3131313131313131,
    1.4141414141414141,
    1.5151515151515151,
    1.6161616161616161,
    1.7171717171717171,
    1.8181818181818181,
    1.9191919191919191,
    2.0202020202020203,
    2.121212121212121,
    2.2222222222222223,
    2.323232323232323,
    2.4242424242424243,
    2.525252525252525,
    2.6262626262626263,
    2.727272727272727,
    2.8282828282828283,
    2.929292929292929,
    3.0303030303030303,
    3.131313131313131,
    3.2323232323232323,
    3.3333333333333335,
    3.4343434343434343,
    3.5353535353535355,
    3.6363636363636362,
    3.7373737373737375,
    3.8383838383838382,
    3.9393939393939394,
    4.040404040404041,
    4.141414141414141,
    4.242424242424242,
    4.343434343434343,
    4.444444444444445,
    4.545454545454545,
    4.646464646464646,
    4.747474747474747,
    4.848484848484849,
    4.94949494949495,
    5.05050505050505,
    5.151515151515151,
    5.252525252525253,
    5.353535353535354,
    5.454545454545454,
    5.555555555555555,
    5.656565656565657,
    5.757575757575758,
    5.858585858585858,
    5.959595959595959,
    6.0606060606060606,
    6.161616161616162,
    6.262626262626262,
    6.363636363636363,
    6.4646464646464645,
    6.565656565656566,
    6.666666666666667,
    6.767676767676767,
    6.8686868686868685,
    6.96969696969697,
    7.070707070707071,
    7.171717171717171,
    7.2727272727272725,
    7.373737373737374,
    7.474747474747475,
    7.575757575757575,
    7.6767676767676765,
    7.777777777777778,
    7.878787878787879,
    7.979797979797979,
    8.080808080808081,
    8.181818181818182,
    8.282828282828282,
    8.383838383838384,
    8.484848484848484,
    8.585858585858587,
    8.686868686868687,
    8.787878787878787,
    8.88888888888889,
    8.98989898989899,
    9.09090909090909,
    9.191919191919192,
    9.292929292929292,
    9.393939393939394,
    9.494949494949495,
    9.595959595959595,
    9.696969696969697,
    9.797979797979798,
    9.8989898989899,
    10.0
  ],
  "mx": [
    1.0,
    0.13081994345527834,
    -0.09139463376921969,
    -0.1664276539813591,
    -0.0607805563308575,
    -0.0384440949078635,
    0.015485382503287768,
    -0.004331634404455812,
    -0.015137467523364931,
    0.05819964954492586,
    0.02202594237725336,
    -0.01856394200128519,
    -0.005077726705805514,
    -0.006122466689105554,
    -0.02575712846776723,
    0.009096567405473736,
    0.027170582468891653,
    0.06370386934864816,
    0.023979897511355465,
    0.005685382639218003,
    -0.02144123967964305,
    -0.008696956552838449,
    0.00540129882053158,
    -0.027861914131004986,
    0.13336331726511463,
    0.30580012572810067,
    0.08140519311708003,
    -0.010864343436539876,
    -0.04717563924810797,
    -0.017592684138457146,
    0.004274113013888647,
    0.007076890144937416,
    0.015262532955971297,
    0.011753508534363629,
    -0.03049080262777555,
    -0.019693964783787092,
    -0.024444657976898945,
    0.0005819036829080383,
    -0.014922810593584999,
    0.01010639968260953,
    -0.07845870250036208,
    -0.03463879219007287,
    0.025282192940379613,
    -0.011995137834824822,
    -0.0019488051413564785,
    0.04825407396227445,
    0.05963778810876029,
    0.0011900159739835939,
    0.009345006112613179,
    0.6914771370435702,
    0.6886455980941832,
    0.0067624448249429935,
    0.0722000246664789,
    0.127561167541714,
    -0.0009017392775085256,
    -0.005968278148869037,
    -0.008691926130816152,
    0.007016936708989884,
    -0.010064260454763734,
    0.005550898662096872,
    0.020916783015367278,
    0.016058534528275204,
    0.013839962736342295,
    0.01527731676871407,
    0.0366124334853577,
    -0.009101334542894702,
    0.020825424109697357,
    0.02199897430352782,
    -0.00639336045294059,
    0.016116583862776476,
    0.060292914421681755,
    0.13412392796382167,
    0.023873453479861178,
    0.007576449713255095,
    0.30468720747005895,
    0.15104026911024063,
    -0.017102449631676217,
    0.056479081895052935,
    0.12068331693296952,
    0.0010514115435501176,
    0.01376475262126753,
    -0.0023008304343584644,
    0.049943831253575544,
    -0.0038179285373536407,
    0.015138891369660857,
    -0.008457337819558541,
    0.008658250466353172,
    0.029375339088986676,
    0.013891594033473668,
    0.005369923943081314,
    -0.03484085635757797,
    -0.008930674987507305,
    0.005066204524117362,
    0.026054982533779407,
    -0.0001040365661670695,
    0.014837698348706367,
    0.0731057907103445,
    0.015908236452008097,
    0.23687803728244486,
    0.9999999999999998
  ],
  "my": [
    0.0,
    0.0035089666952530627,
    -0.08139355894232086,
    -0.026295042723286602,
    -0.027187407252436943,
    -0.009777652428630903,
    -0.00725257397479552,
    -0.0015082791628260783,
    -0.016086343183092943,
    0.032241549157593585,
    0.022212041068712274,
    0.01112474991605087,
    0.00832971318619206,
    -0.007182868337098438,
    0.009010654943136695,
    -0.006032902540326675,
    -0.007023262933356856,
    -0.013707064311630842,
    -0.009171257535671148,
    0.005648084556927598,
    0.0026369096814373256,
    0.006237723896726587,
    0.008775686613694088,
    0.016760426782057698,
    -0.009677413189272632,
    -0.0009824273208159564,
    -0.006786862756511295,
    -0.006546721217149938,
    0.016435321281770967,
    0.004543684294173054,
    -0.004867401840923032,
    -0.009782644362937458,
    0.00854573949782254,
    0.0015055545484781911,
    0.0127311403280554,
    0.01903448008588812,
    -0.00946910581840064,
    0.0019492041199206296,
    0.02278592330734738,
    0.0009023472367509287,
    -0.015377881838115845,
    -0.02098412434720031,
    -0.01782884124160659,
    -0.01234132151196865,
    0.007518094443690319,
    0.01760252651457189,
    0.006596063432362163,
    0.0021335082764674957,
    -0.009523793779565857,
    0.002682148827926124,
    0.003126300214274756,
    -0.0007093534202130855,
    -0.017250966145744874,
    0.009332754175846773,
    -0.0035626241324999506,
    -0.012059263350271025,
    0.010759320863782841,
    -0.006921067146674033,
    0.004005755655926056,
    0.005484401532853412,
    -0.016288532781821782,
    -0.012755088154057856,
    0.006854353382199331,
    0.002519099368981122,
    0.0037487082832962917,
    0.023055468577686037,
    -0.014221132505010567,
    -0.017204949264522606,
    -0.028342344505802516,
    0.02287024482819906,
    0.002215548128356445,
    0.05704110323626575,
    -0.034127974816448,
    -0.0007258537487101718,
    0.000285023698400191,
    0.0013051663877481812,
    -0.012664007812174229,
    0.01071276965005458,
    5.27570626295101e-05,
    0.0009432612573632858,
    -0.0067926552876923785,
    -0.0004041830341555677,
    0.02697254347303989,
    -0.007313967122752219,
    -0.0020805434507905063,
    -0.03304711887674047,
    -0.021077134078073757,
    -0.00017073110441709569,
    -0.0018002791772323587,
    0.001917124629515883,
    0.010952171349138286,
    0.007142245235451263,
    0.012734802690264073,
    0.005409945962050815,
    -0.011137006768574348,
    0.004681610397603116,
    -0.002345876752264735,
    -0.0035384307459622364,
    0.017248287548012428,
    4.088782444489253e-18
  ],