{
  "positive_frequencies": [
    0.0,
    0.07734375,
    0.1546875,
    0.23203125000000002,
    0.309375,
    0.38671875,
    0.46406250000000004,
    0.54140625,
    0.61875,
    0.6960937500000001,
    0.7734375,
    0.85078125,
    0.9281250000000001,
    1.0054687500000001,
    1.0828125,
    1.16015625,
    1.2375,
    1.31484375,
    1.3921875000000001,
    1.46953125,
    1.546875,
    1.62421875,
    1.7015625,
    1.7789062500000001,
    1.8562500000000002,
    1.93359375,
    2.0109375000000003,
    2.08828125,
    2.165625,
    2.24296875,
    2.3203125,
    2.3976562500000003,
    2.475,
    2.55234375,
    2.6296875,
    2.70703125,
    2.7843750000000003,
    2.86171875,
    2.9390625,
    3.01640625,
    3.09375,
    3.1710937500000003,
    3.2484375,
    3.32578125,
    3.403125,
    3.48046875,
    3.5578125000000003,
    3.63515625,
    3.7125000000000004,
    3.78984375,
    3.8671875,
    3.9445312500000003,
    4.0218750000000005,
    4.09921875,
    4.1765625,
    4.25390625,
    4.33125,
    4.4085937500000005,
    4.4859375,
    4.56328125,
    4.640625,
    4.71796875,
    4.7953125000000005,
    4.87265625,
    4.95
  ],
  "mx_fft_pos": [
    0.04700663346454252,
    0.03826866942591857,
    0.02361774114198374,
    0.021404149400612568,
    0.033746659601396625,
    0.042844077985840945,
    0.03802510328876199,
    0.026543728737109716,
    0.021618260245067064,
    0.026941445990682364,
    0.03350551472443941,
    0.03149230005283228,
    0.022062443319032943,
    0.015583454574802409,
    0.01930384893913078,
    0.026209073298268534,
    0.026141861835286474,
    0.018144893185611934,
    0.012696564187951865,
    0.018227033712860777,
    0.02586578425165098,
    0.027117848445241198,
    0.021843398493964973,
    0.016444362286257265,
    0.015957570802805642,
    0.02097544106879966,
    0.024762177230128836,
    0.02112218253971292,
    0.014068215945102033,
    0.013924050940731712,
    0.02247960345955512,
    0.030021758669130462,
    0.026453027052146142,
    0.016887752213721418,
    0.01576580145772714,
    0.02405856847491502,
    0.030639369201108616,
    0.027022448103276836,
    0.01691110156706404,
    0.01169642748353912,
    0.014610617737674058,
    0.018965877388011664,
    0.017257586135461512,
    0.010851515346960232,
    0.007938840924110372,
    0.011274412634904146,
    0.01589627310328813,
    0.01607560237615599,
    0.011135812409169853,
    0.00646548292682585,
    0.006951275869234744,
    0.010407817925393829,
    0.010953401983149744,
    0.007498608617040111,
    0.00372565480348022,
    0.002576899247145671,
    0.0020982202661968857,
    0.0017740595703970873,
    0.0024875926549840625,
    0.0022172932507699924,
    0.0012875015487774694,
    0.0009136966700017098,
    0.0039018500795546347,
    0.004288358373716233,
    0.0015011765128796605
  ],
  "my_fft_pos": [
    0.00016582541820118286,
    0.0005253867190450595,
    0.0007516021525784671,
    0.00090324974548182,
    0.0006095391687134099,
    0.00030105898819021633,
    0.0010376353540941898,
    0.0008935204290162578,
    0.0009528148138817781,
    0.001478838024110536,
    0.0019961204939381648,
    0.0024303915089471093,
    0.0013202071285899964,
    0.0008289543845267132,
    0.002354137375558449,
    0.003008669576146206,
    0.00176585047432875,
    1.7552332373315222e-05,
    0.0014556502305418018,
    0.002313094274487257,
    0.0031247189001222405,
    0.003540543954737417,
    0.0017992068537207417,
    0.0010292914894518375,
    0.002540370663565923,
    0.002498023482580704,
    0.0015570331714575883,
    0.00016767079144192545,
    0.000871306531429725,
    0.000545755998730416,
    0.0012261738772751086,
    0.0016619930956223955,
    0.0020088134575995983,
    0.0014237740943955305,
    0.00045309423856655277,
    0.0008968475600342955,
    0.0012194785381567017,
    0.0008606933393169125,
    0.0008761493354055218,
    0.0012397659913746736,
    0.0002656743962545533,
    0.0018281192513783025,
    0.003135370308325334,
    0.002885112563051317,
    0.0017424826949110387,
    0.00125064274378281,
    0.001110351395950892,
    0.00024144451880810986,
    0.0004915160410445782,
    0.0015058121881411021,
    0.0016059411738994927,
    0.000801528534308454,
    0.0005568600897426922,
    0.0008979216626697588,
    0.0008742614802219987,
    0.0007188808453751271,
    0.0015260005515501066,
    0.0015550665378263207,
    0.002298008538886228,
    0.0025509804696663856,
    0.0017353078387229999,
    0.00155735063294753,
    0.0019988549606692204,
    0.0020813149290888748,
    0.0021477829290884034
  ],
  "mz_fft_pos": [
    0.004663790013060493,
    0.002053555981894451,
    0.0031366180555503446,
    0.005732642718429488,
    0.005365478983626429,
    0.0031156264080060875,
    0.001746317381226649,
    0.0035480756634266152,
    0.005700421310075509,
    0.004872222828098052,
    0.0031998218958995245,
    0.0041192937984703,
    0.005120708126132495,
    0.0026452264988153004,
    0.0017548171995896492,
    0.0019073175694621193,
    0.003256230189953661,
    0.0029181185123786165,
    0.002869222362307985,
    0.006474185877009727,
    0.008383580820219626,
    0.008695351050065792,
    0.0074511374020299935,
    0.0062528700202381824,
    0.0061278166931760525,
    0.00806161341186116,
    0.009698383256935979,
    0.0075150362188158145,
    0.005121988383299881,
    0.00592597348882443,
    0.009405641867530819,
    0.0132017385656745,
    0.011774178404196887,
    0.008638992295007626,
    0.010684725444621242,
    0.014664535783563994,
    0.01609165928985019,
    0.013475614310943677,
    0.008426813513037163,
    0.006204186996969684,
    0.006872613751671775,
    0.008727672208745962,
    0.008247916050200126,
    0.006518540346603704,
    0.005731833733545804,
    0.006843258165015412,
    0.008993769175764802,
    0.009622321937016166,
    0.0077280195724571425,
    0.006234313746062774,
    0.007457839494700163,
    0.009507813579939016,
    0.009223762946467899,
    0.007272588322523775,
    0.006541274050871363,
    0.008222922437542855,
    0.010044582184272524,
    0.010187275489190493,
    0.009211379614716235,
    0.007833672409115474,
    0.008194338257576395,
    0.008922135150885933,
    0.009305198525895349,
    0.010024234565718724,
    0.010349957299557472
  ]
}