{
  "positive_frequencies": [
    0.0,
    0.07734375,
    0.1546875,
    0.23203125000000002,
    0.309375,
    0.38671875,
    0.46406250000000004,
    0.54140625,
    0.61875,
    0.6960937500000001,
    0.7734375,
    0.85078125,
    0.9281250000000001,
    1.0054687500000001,
    1.0828125,
    1.16015625,
    1.2375,
    1.31484375,
    1.3921875000000001,
    1.46953125,
    1.546875,
    1.62421875,
    1.7015625,
    1.7789062500000001,
    1.8562500000000002,
    1.93359375,
    2.0109375000000003,
    2.08828125,
    2.165625,
    2.24296875,
    2.3203125,
    2.3976562500000003,
    2.475,
    2.55234375,
    2.6296875,
    2.70703125,
    2.7843750000000003,
    2.86171875,
    2.9390625,
    3.01640625,
    3.09375,
    3.1710937500000003,
    3.2484375,
    3.32578125,
    3.403125,
    3.48046875,
    3.5578125000000003,
    3.63515625,
    3.7125000000000004,
    3.78984375,
    3.8671875,
    3.9445312500000003,
    4.0218750000000005,
    4.09921875,
    4.1765625,
    4.25390625,
    4.33125,
    4.4085937500000005,
    4.4859375,
    4.56328125,
    4.640625,
    4.71796875,
    4.7953125000000005,
    4.87265625,
    4.95
  ],
  "mx_fft_pos": [
    0.1596184448384013,
    0.12178400138364998,
    0.09349880302533313,
    0.05914865685391439,
    0.03406341545976152,
    0.022613117148932663,
    0.022760270181179182,
    0.011024143654415883,
    0.012351456388045724,
    0.01324176390614569,
    0.005757547539637071,
    0.004368487644179772,
    0.001417433825491446,
    0.0031962099338177672,
    0.00274813733844925,
    0.004239740339648491,
    0.0017610145945323144,
    0.004840918840288732,
    0.0014883464127023814,
    0.0033916247431393133,
    0.0010444091049250143,
    0.002003062165361833,
    0.0008469730309127476,
    0.00106624488111383,
    0.001107461091512761,
    0.0007959861434177585,
    0.0006825893576649491,
    0.0008377707024577227,
    0.0013189683327223937,
    0.0005237309613847304,
    0.0009439319827827896,
    0.0009489065885247019,
    0.000760402971422359,
    0.0008634243410764241,
    0.00073308090865755,
    0.0006322252526653941,
    0.0006317860199469971,
    0.0005596527187000247,
    0.0006555093033253179,
    0.0006125595644229236,
    0.0006541239071778097,
    0.00045561407607091846,
    0.00033288459192614854,
    0.0001648724799994264,
    0.0001677058538905398,
    0.00018734741643382954,
    0.00015292305368672782,
    0.00011484814974940057,
    6.118943840995711e-05,
    4.144881062657712e-05,
    1.5776800601833925e-05,
    1.5585624912387368e-05,
    3.22132972855441e-05,
    3.673098673275097e-05,
    3.311442244315626e-05,
    1.8409257658327846e-05,
    1.1136702052072303e-06,
    1.3976927922410205e-05,
    2.3107054839207456e-05,
    2.556797979122115e-05,
    2.325630152111703e-05,
    1.8803415448066803e-05,
    1.2988749370040193e-05,
    7.071791989831733e-06,
    2.6013951685754933e-06
  ],
  "my_fft_pos": [
    0.08817224250442195,
    0.09100759499393161,
    0.0807341596310474,
    0.044116024229105634,
    0.033234663974595,
    0.05055477482182368,
    0.044540364855175395,
    0.029030548443642102,
    0.027372348505506277,
    0.01975215086460639,
    0.007889921777978596,
    0.001511119149295227,
    0.0028595251378949415,
    0.003433073277424535,
    0.0027166658894444066,
    0.005668238826155273,
    0.004587880128938393,
    0.00406874356948581,
    0.0034628354564495544,
    0.0034332956223941647,
    0.0025007092398784177,
    0.003390560516803155,
    0.0011033457934297066,
    0.003032687161095823,
    0.0017829115499557865,
    0.0013182249500525544,
    0.0012960896369538953,
    0.0005104249866813084,
    0.000749207240905348,
    0.0003476619225806453,
    5.118794937183174e-05,
    0.0005071932087592098,
    0.00039826280090958293,
    4.500428935189723e-05,
    0.00014388903781156908,
    0.0004388340268975705,
    0.0003001047674488238,
    0.0005306857984627779,
    0.00047682369570338945,
    0.000645639165179659,
    0.0005563047124156392,
    0.0005031420255728392,
    0.00027555442122771066,
    0.00018934564668074118,
    0.00013989686164928833,
    0.00021238667046992243,
    0.0001774462166358267,
    0.00016122676340087994,
    9.603363434318355e-05,
    8.198549927484954e-05,
    6.739104616059234e-05,
    6.884737260418924e-05,
    5.758635359850283e-05,
    5.2724473280852475e-05,
    4.2215300818466485e-05,
    3.0488995130652706e-05,
    1.3029589145231425e-05,
    1.2748731903802564e-05,
    2.7367948786139685e-05,
    3.439977372348192e-05,
    3.4311851699180905e-05,
    2.7803138545475034e-05,
    1.8858592712369394e-05,
    1.1007569861109422e-05,
    7.335255460505507e-06
  ],
  "mz_fft_pos": [
    0.043817909765308125,
    0.020000117582787455,
    0.03200464319603712,
    0.04279805033951041,
    0.02708925046415337,
    0.015979801939161143,
    0.009838372107347193,
    0.014563484096853485,
    0.018939059921949816,
    0.01479538209802811,
    0.0063109937765363465,
    0.0037261964437824537,
    0.0027509060031801254,
    0.0019384132528827258,
    0.0004569354773793189,
    0.004146533942687169,
    0.002356689308819341,
    0.004401061506661118,
    0.002699999599766707,
    0.0005324916821068692,
    0.0010208759053458199,
    0.001395194521080893,
    0.0007223422566222629,
    0.001222949451725603,
    0.0010823664446599083,
    5.803686542443582e-05,
    0.0003148848664592592,
    0.0002451845900839943,
    0.0007096932529636339,
    0.0006211988212196464,
    0.0007832836708754803,
    0.0007814428797115682,
    0.0006146727288263804,
    0.0007668884780325762,
    0.0002982873717506016,
    0.00022378770198513558,
    0.0002937657189034729,
    0.000426085312134157,
    0.0004967987081185809,
    0.0005959795888493757,
    0.0004792393009421852,
    0.00048130071492393374,
    0.00025729647139156994,
    0.0001723078629383158,
    0.00010283347364562977,
    0.00016352863452960748,
    0.00015295202477335604,
    0.00014514124631215969,
    0.00010502025240436421,
    7.076925477981266e-05,
    1.9956982287284024e-05,
    2.945576946870586e-05,
    5.9415844634362044e-05,
    6.948867548457562e-05,
    6.506958841367377e-05,
    4.97875359448381e-05,
    3.138426769180487e-05,
    1.647103185313071e-05,
    2.2337205374592624e-05,
    3.463469706490187e-05,
    4.265107413147382e-05,
    4.5749791101390985e-05,
    4.6030657639210997e-05,
    4.509028233089412e-05,
    4.4891001088731564e-05
  ]
}