{
  "positive_frequencies": [
    0.0,
    0.07734375,
    0.1546875,
    0.23203125000000002,
    0.309375,
    0.38671875,
    0.46406250000000004,
    0.54140625,
    0.61875,
    0.6960937500000001,
    0.7734375,
    0.85078125,
    0.9281250000000001,
    1.0054687500000001,
    1.0828125,
    1.16015625,
    1.2375,
    1.31484375,
    1.3921875000000001,
    1.46953125,
    1.546875,
    1.62421875,
    1.7015625,
    1.7789062500000001,
    1.8562500000000002,
    1.93359375,
    2.0109375000000003,
    2.08828125,
    2.165625,
    2.24296875,
    2.3203125,
    2.3976562500000003,
    2.475,
    2.55234375,
    2.6296875,
    2.70703125,
    2.7843750000000003,
    2.86171875,
    2.9390625,
    3.01640625,
    3.09375,
    3.1710937500000003,
    3.2484375,
    3.32578125,
    3.403125,
    3.48046875,
    3.5578125000000003,
    3.63515625,
    3.7125000000000004,
    3.78984375,
    3.8671875,
    3.9445312500000003,
    4.0218750000000005,
    4.09921875,
    4.1765625,
    4.25390625,
    4.33125,
    4.4085937500000005,
    4.4859375,
    4.56328125,
    4.640625,
    4.71796875,
    4.7953125000000005,
    4.87265625,
    4.95
  ],
  "mx_fft_pos": [
    0.03569203038515495,
    0.025052574469154817,
    0.0018753778958386133,
    0.02270960645195339,
    0.03040657121071761,
    0.019823940446616693,
    0.007489075935122918,
    0.02600116711139024,
    0.029761166323998056,
    0.015213818507758523,
    0.008875325881256384,
    0.02735919905271262,
    0.03142486874472589,
    0.017152630571238208,
    0.008712243337662504,
    0.027625316493833537,
    0.029312128689164645,
    0.013355314660919177,
    0.013250112335867235,
    0.028940173614390365,
    0.027753790168801074,
    0.010166113890107948,
    0.013257014721097608,
    0.0274548339975523,
    0.024802237013960463,
    0.007898144569650411,
    0.014101821013549105,
    0.025373302610078606,
    0.020243991494746972,
    0.0018509446932559888,
    0.01934971825406499,
    0.02932323818879463,
    0.02236277894477426,
    0.0031319254372253456,
    0.01726098704420212,
    0.02490506397068023,
    0.01659667960517385,
    0.00475110923738033,
    0.01863577675305267,
    0.023404827765178618,
    0.014749576811130326,
    0.006522978479011929,
    0.020385197176397266,
    0.024737858433630144,
    0.015118487219976653,
    0.0069232929285651945,
    0.020301429092242435,
    0.022585701134548098,
    0.010898459453953709,
    0.009022915674677952,
    0.021916692186390686,
    0.022057264108240236,
    0.009143666423170023,
    0.009684350342329123,
    0.020524564247042913,
    0.017816112087889847,
    0.0050696770578287234,
    0.013333173414905121,
    0.021088441333613667,
    0.017178974428836615,
    0.003478942992542446,
    0.01259729900475369,
    0.02083093817472708,
    0.015497895269169441,
    0.0014164268676576674
  ],
  "my_fft_pos": [
    0.0006374631374236467,
    0.00106377656284029,
    0.002272724933795786,
    0.003455444789604847,
    0.0037717370328854472,
    0.002987261889970573,
    0.0022438273313604516,
    0.002020494397255276,
    0.0012128559802502016,
    0.0003382931355987963,
    0.0004910012693535414,
    0.000800001635307525,
    0.0008379253270745507,
    0.0012600382581531286,
    0.0010401390748913694,
    0.0008595137037989022,
    0.000718484777338455,
    0.0008685576016661638,
    0.0012753560985086627,
    0.001340831568081607,
    0.0012958697401517446,
    0.0010523027334589062,
    0.0009305009839651963,
    0.0007502001321184068,
    0.0010417579902492903,
    0.0015491250048590215,
    0.0014547532852577758,
    0.0018171519407822183,
    0.0019173998839313922,
    0.0020322071682160655,
    0.0023144726735941186,
    0.0019941196040675372,
    0.0010299545333803917,
    0.00043387828339766147,
    0.0007073708947122968,
    0.0012593746984717758,
    0.001619413841475397,
    0.001286471578527274,
    0.0009567805488604478,
    0.0014221862277363879,
    0.0013856114294798297,
    0.0014255254606917822,
    0.0008581766792821613,
    0.0008377931656293692,
    0.0007664248638320148,
    0.0005827441787984613,
    0.0010712143910480195,
    0.0011031697611111496,
    0.0004101135284989461,
    0.0011613534414907855,
    0.0016163033518084788,
    0.0011362721110947944,
    0.0008124585949415863,
    0.0013046409276435676,
    0.0015060990524947313,
    0.0009818165103952891,
    0.0009730969742414406,
    0.0016464764245128051,
    0.0011628834428688297,
    0.0003719301801883363,
    0.0002697347374824611,
    0.0010683516466959424,
    0.001336816766401238,
    0.0011180928209699487,
    0.001001468452675813
  ],
  "mz_fft_pos": [
    0.002745992224785316,
    0.0030738424229890143,
    0.002988769502660082,
    0.0019729813284118927,
    0.0017060749299156457,
    0.003621887624650148,
    0.005244218570072303,
    0.00427595989076135,
    0.00202701109702187,
    0.0037929339990625584,
    0.004824880255906765,
    0.0035582377663896645,
    0.0027290039643996953,
    0.0032272368353387167,
    0.0016292064154690043,
    0.00026561640042451395,
    0.0005680048775562915,
    0.0019153204483254996,
    0.004570650351516464,
    0.0054850492913848,
    0.002650335418061156,
    0.0017934852934247895,
    0.004111181158693014,
    0.004384121891042178,
    0.003328405494165972,
    0.0012196467898733584,
    0.0018055661321268524,
    0.004428802052124701,
    0.003914576112573547,
    0.0007078848204443855,
    0.004916922292857896,
    0.007252861119559897,
    0.006127788912644868,
    0.0019632576122854983,
    0.0025246270555282046,
    0.003778458551224454,
    0.0013066151239459836,
    0.003449990735941279,
    0.006397987315935125,
    0.006016614992639757,
    0.0036143733702529448,
    0.0045715960558365045,
    0.006207818871484737,
    0.005263706852374044,
    0.002715645179900639,
    0.0035151323932551713,
    0.006135907806363777,
    0.006208557594258358,
    0.0036684558712827393,
    0.0012687909987115407,
    0.0038023783328363357,
    0.005100226820194179,
    0.0042896224142578996,
    0.0029666697082722853,
    0.0036573461640195537,
    0.0035324328041334125,
    0.0015011177084993457,
    0.0008412645009296244,
    0.0011810290453153722,
    0.0010004504331551146,
    0.0013568194355071785,
    0.001301234678547893,
    0.00014576478642079537,
    0.001204304778754249,
    0.0016062623197718201
  ]
}