{
  "positive_frequencies": [
    0.0,
    0.07734375,
    0.1546875,
    0.23203125000000002,
    0.309375,
    0.38671875,
    0.46406250000000004,
    0.54140625,
    0.61875,
    0.6960937500000001,
    0.7734375,
    0.85078125,
    0.9281250000000001,
    1.0054687500000001,
    1.0828125,
    1.16015625,
    1.2375,
    1.31484375,
    1.3921875000000001,
    1.46953125,
    1.546875,
    1.62421875,
    1.7015625,
    1.7789062500000001,
    1.8562500000000002,
    1.93359375,
    2.0109375000000003,
    2.08828125,
    2.165625,
    2.24296875,
    2.3203125,
    2.3976562500000003,
    2.475,
    2.55234375,
    2.6296875,
    2.70703125,
    2.7843750000000003,
    2.86171875,
    2.9390625,
    3.01640625,
    3.09375,
    3.1710937500000003,
    3.2484375,
    3.32578125,
    3.403125,
    3.48046875,
    3.5578125000000003,
    3.63515625,
    3.7125000000000004,
    3.78984375,
    3.8671875,
    3.9445312500000003,
    4.0218750000000005,
    4.09921875,
    4.1765625,
    4.25390625,
    4.33125,
    4.4085937500000005,
    4.4859375,
    4.56328125,
    4.640625,
    4.71796875,
    4.7953125000000005,
    4.87265625,
    4.95
  ],
  "mx_fft_pos": [
    0.0743136260530348,
    0.08204009191324958,
    0.084570642455678,
    0.062354684312066144,
    0.026751018801331218,
    0.007925806187367476,
    0.03694935673576963,
    0.047781962486418285,
    0.04487887187463531,
    0.048022725252360086,
    0.04856513804834261,
    0.04808132896647463,
    0.05470851140271708,
    0.04425883903810683,
    0.011022445223716598,
    0.04264054913147119,
    0.04006480386705387,
    0.004999781876693339,
    0.02432580045392926,
    0.017543663973335975,
    0.00281035007619844,
    0.010798337651756171,
    0.02477237841249234,
    0.03951207876764328,
    0.045565373859268954,
    0.03428321020123806,
    0.017492858501128514,
    0.009158849830235079,
    0.009253834063245751,
    0.006488476716970334,
    0.015980536175825864,
    0.018620711103964266,
    0.011808988862613804,
    0.01089798645348227,
    0.01214290433990333,
    0.0055042310194073326,
    0.0009880875592464765,
    0.002640118933125823,
    0.007392485528220813,
    0.009275331308239657,
    0.006032717332956416,
    0.0021126512323925116,
    0.002065770051372921,
    0.0031003425744248842,
    0.0022584514896824117,
    0.0005836856993921759,
    0.0007892809636828636,
    0.0034901035431296984,
    0.0037770905087384037,
    0.000896742258892246,
    0.001413535691057991,
    0.002655318347045478,
    0.0020075002157758696,
    0.0010032778153499153,
    0.0012679720420214937,
    0.000826741874527527,
    0.0004844864598496854,
    0.0005946759264959895,
    0.0003859161876001175,
    0.0005573058195368043,
    0.000191440547234081,
    0.0004891655984949753,
    0.00037559215323628705,
    0.00019523219964711377,
    0.0004949756040218967
  ],
  "my_fft_pos": [
    0.030030465092591784,
    0.047742802473222906,
    0.05285319391996053,
    0.036394216300749,
    0.026057065270216326,
    0.025350524047868642,
    0.027059555930195472,
    0.0318745343863959,
    0.03654720447487507,
    0.03286525136968747,
    0.030690301855467044,
    0.03491132614470161,
    0.030675377785099607,
    0.03357561866166491,
    0.05061110537625558,
    0.05510629709279273,
    0.02945358481704741,
    0.017602031358148015,
    0.03204359936295981,
    0.032232850574649884,
    0.020631830329006187,
    0.03147396570603634,
    0.03456211028351091,
    0.02679485762014652,
    0.006585967474277671,
    0.01677805235334668,
    0.02246836088097338,
    0.019427138168787196,
    0.01922586375349626,
    0.021810694487903695,
    0.02030495948435212,
    0.012660678924272736,
    0.008436687740520359,
    0.005625478765967398,
    0.006865950993580437,
    0.005934228718627596,
    0.012876813314187465,
    0.010578747893399989,
    0.006261491353664289,
    0.008521400373077833,
    0.006266359637067328,
    0.004525920014933919,
    0.003994286381649245,
    0.007136942492693418,
    0.008538620503329892,
    0.004689694707369444,
    0.0014117241742710473,
    0.0013036522955554165,
    0.0018474021706421683,
    0.0011418321739631275,
    0.0022013206905613088,
    0.0017733348602219855,
    0.00029132184161651735,
    0.000928275139208852,
    0.00017000963917336378,
    0.0002399910763658777,
    0.0016097515860308944,
    0.0011095759494516243,
    0.0009124036196167368,
    0.00044914760390770867,
    0.00020887075058165125,
    0.00042367818556129,
    0.00037311852771359496,
    0.00044693443322647847,
    7.868497593199519e-05
  ],
  "mz_fft_pos": [
    0.009445807479782568,
    0.02162352594648184,
    0.03572552928681899,
    0.039074455134233126,
    0.025017688987730987,
    0.026708242546292844,
    0.06835201258502002,
    0.04996167305520678,
    0.031815733036069146,
    0.07535346927774463,
    0.06291753757398405,
    0.02773921292782271,
    0.03166027623178737,
    0.007015131600019787,
    0.025535302605156955,
    0.018278438315195662,
    0.02378967577621403,
    0.0361283228240891,
    0.028465544248979437,
    0.01766827706276417,
    0.01611985485551843,
    0.028184352421296865,
    0.03366002900644256,
    0.03001700244429268,
    0.026962741424737105,
    0.02609834491274554,
    0.01801782063836281,
    0.011997994464220538,
    0.009259039783513862,
    0.005531150313611166,
    0.012746877573162542,
    0.014115086527601215,
    0.01165966466894375,
    0.01081726878144116,
    0.009869861199178778,
    0.008841682003974878,
    0.0034440965327757482,
    0.005841916287728443,
    0.005867216172299858,
    0.005499930473413157,
    0.0034133091122126092,
    0.0017526165570216773,
    0.00415006527139716,
    0.0020749816010633072,
    0.0005583462255746123,
    0.001481482142650187,
    0.0015206297001194569,
    0.0007356065265060614,
    0.0004816633514084147,
    0.0003789275141931274,
    0.0007701186393267946,
    0.000403542886421886,
    0.0008907532246933814,
    0.0004562709605835573,
    0.00034156624071880986,
    0.0004240914950950146,
    0.00032864455364461085,
    0.00021187440937738553,
    0.00013323729956471545,
    8.53145639716346e-05,
    2.9687776011234464e-05,
    1.7837956126408474e-05,
    8.930273883221643e-06,
    7.517972250193381e-07,
    1.4889802236184302e-08
  ]
}