{
  "times": [
    0.0,
    0.10101010101010101,
    0.20202020202020202,
    0.30303030303030304,
    0.40404040404040403,
    0.5050505050505051,
    0.6060606060606061,
    0.7070707070707071,
    0.8080808080808081,
    0.9090909090909091,
    1.0101010101010102,
    1.1111111111111112,
    1.2121212121212122,
    1.3131313131313131,
    1.4141414141414141,
    1.5151515151515151,
    1.6161616161616161,
    1.7171717171717171,
    1.8181818181818181,
    1.9191919191919191,
    2.0202020202020203,
    2.121212121212121,
    2.2222222222222223,
    2.323232323232323,
    2.4242424242424243,
    2.525252525252525,
    2.6262626262626263,
    2.727272727272727,
    2.8282828282828283,
    2.929292929292929,
    3.0303030303030303,
    3.131313131313131,
    3.2323232323232323,
    3.3333333333333335,
    3.4343434343434343,
    3.5353535353535355,
    3.6363636363636362,
    3.7373737373737375,
    3.8383838383838382,
    3.9393939393939394,
    4.040404040404041,
    4.141414141414141,
    4.242424242424242,
    4.343434343434343,
    4.444444444444445,
    4.545454545454545,
    4.646464646464646,
    4.747474747474747,
    4.848484848484849,
    4.94949494949495,
    5.05050505050505,
    5.151515151515151,
    5.252525252525253,
    5.353535353535354,
    5.454545454545454,
    5.555555555555555,
    5.656565656565657,
    5.757575757575758,
    5.858585858585858,
    5.959595959595959,
    6.0606060606060606,
    6.161616161616162,
    6.262626262626262,
    6.363636363636363,
    6.4646464646464645,
    6.565656565656566,
    6.666666666666667,
    6.767676767676767,
    6.8686868686868685,
    6.96969696969697,
    7.070707070707071,
    7.171717171717171,
    7.2727272727272725,
    7.373737373737374,
    7.474747474747475,
    7.575757575757575,
    7.6767676767676765,
    7.777777777777778,
    7.878787878787879,
    7.979797979797979,
    8.080808080808081,
    8.181818181818182,
    8.282828282828282,
    8.383838383838384,
    8.484848484848484,
    8.585858585858587,
    8.686868686868687,
    8.787878787878787,
    8.88888888888889,
    8.98989898989899,
    9.09090909090909,
    9.191919191919192,
    9.292929292929292,
    9.393939393939394,
    9.494949494949495,
    9.595959595959595,
    9.696969696969697,
    9.797979797979798,
    9.8989898989899,
    10.0
  ],
  "mx": [
    7.997075224253081e-17,
    0.003844330997263872,
    0.009462076023958398,
    0.0519609025445396,
    0.05206220749258141,
    0.010125978055443099,
    0.030395877685087076,
    0.14305063073188293,
    0.16951039363667814,
    0.09360710846338638,
    0.024372238680655578,
    0.00424047374467863,
    -0.008891852824764731,
    -0.059991472407786975,
    -0.13013870240884365,
    -0.11191709520005111,
    -0.032796343002530724,
    0.020207380039382716,
    0.026315024206629557,
    -0.0007701820114587928,
    0.01353344265360309,
    0.045004929741168966,
    0.03844952679058948,
    0.017518493664096135,
    0.003807315973966929,
    0.007788416626322683,
    0.048668042995712965,
    0.07438181703424468,
    0.05257448049977391,
    0.025049650601284577,
    0.00983114662733113,
    -0.0032913387039045913,
    -0.010938590883740325,
    -0.018551805462687233,
    -0.03073370680807224,
    -0.05006232885595552,
    -0.07130931075899803,
    -0.056349274231204685,
    -0.014393073710766546,
    -0.002221838362116792,
    -0.0019632110290543747,
    0.005456349118101242,
    -4.6303641575847726e-05,
    0.00571151153453852,
    0.02112536704311597,
    0.0279821475136486,
    0.0068621114244145865,
    -0.011023083138444929,
    -0.02022064238960447,
    -0.02436869943369594,
    -0.013758037512935733,
    -0.0013569018776341134,
    -0.01630244547751187,
    -0.04466694837262088,
    -0.036054003426674364,
    0.013771162496794175,
    0.019757700163798287,
    -0.029760566124022975,
    -0.09545967583028567,
    -0.13685203049626066,
    -0.10133974491924178,
    0.00824418906780792,
    0.12256592808465896,
    0.17532476464428787,
    0.15585646657950458,
    0.06626668893949088,
    -0.0027785268027083663,
    0.008550019216745117,
    0.00765245068854446,
    0.015339576141939542,
    0.00691205564567085,
    -0.05519501527945294,
    -0.07445902754630822,
    -0.0386349381428258,
    -0.004409905233309005,
    -0.005493696328133388,
    -0.039065156910812845,
    -0.078164104348901,
    -0.08078754281937232,
    -0.0432356146903025,
    -0.021396525595730638,
    -0.043249008601663,
    -0.05939053823593767,
    -0.0476124075930102,
    -0.03299423967713741,
    0.004436455443395901,
    0.0047573718734821085,
    -0.030058717980322662,
    -0.03879755134559636,
    0.012656086640546007,
    0.026806532392136696,
    0.011659444365160908,
    0.002757830262819623,
    -0.014819826434171585,
    -0.019706924462560275,
    0.006881255558890123,
    0.014927734854202249,
    -0.011279345894455844,
    -0.038194099905501204,
    -0.04195934997188348
  ],
  "my": [
    0.0,
    -0.008594282516210456,
    -0.028915275676384532,
    -0.01832579954811773,
    -0.023739231029928327,
    -0.00672551445635749,
    -0.07488441759412366,
    -0.17147257994928916,
    -0.08415599345792513,
    -0.002227455084690548,
    0.008137067044427623,
    0.0331610384925919,
    0.061860394612632416,
    0.05896982511794222,
    0.007937493544894614,
    -0.008989431630589139,
    -0.006330903392433418,
    -0.02433917501313085,
    -0.053857956802347264,
    -0.047719726240848234,
    -0.008638124499140249,
    0.0744062195459241,
    0.08992529510755831,
    0.029514142449116498,
    -0.021170411268853134,
    -0.008315103420276132,
    -0.012691747232950796,
    -0.0275854109974616,
    -0.04196698526072482,
    -0.029061629311467396,
    -0.012744502162981512,
    -0.0023027379252267607,
    0.02152510436854924,
    0.026358457567197773,
    0.009698434927411924,
    -0.03290242691097201,
    -0.04677871752297804,
    -0.03949018486192969,
    -0.052728791611000636,
    -0.055264962912981906,
    -0.04922993922869562,
    -0.02400887990229752,
    -0.0004958853350034351,
    -0.0038524334108864244,
    -0.016971039231736606,
    -0.013493706317202208,
    0.01680561792169751,
    0.0238273059099827,
    -0.0068198533082950066,
    -0.032321911544743086,
    -0.02407183813443638,
    -0.00901499518595555,
    0.018913887157741012,
    0.02086379097815431,
    0.0011466765217451103,
    0.019416000141805556,
    0.05859877106963786,
    0.04773721256860168,
    0.008970016942352985,
    0.0009498939857573441,
    -0.017782836019217402,
    0.0004709904664261688,
    0.1584341535214678,
    0.3031982014145785,
    0.28745149172993706,
    0.16155124404441149,
    0.046228743282192175,
    0.013382342712853285,
    0.0035649456875883876,
    0.01578799639083279,
    0.0094119127050516,
    -0.011766288656463684,
    -0.016833072173181397,
    -0.0016847850822266515,
    0.014454641125654862,
    0.017246058193118433,
    0.02044573951405648,
    0.05114159220449863,
    0.061857606505357654,
    0.03917952437596047,
    0.03655262629150883,
    0.04013964337407802,
    0.0009179543640889243,
    -0.03256568267076975,
    -0.03068294010420049,
    0.006640790349080073,
    0.03187203121882877,
    -0.016621379423779177,
    -0.08262843658810597,
    -0.05360026147300444,
    0.01727968516478086,
    0.03614767231096493,
    0.02841505562673834,
    0.014288484224098012,
    0.028857027175546036,
    0.022076568633252306,
    0.02110278321236956,
    0.026346741215427415,
    0.010993719637581972,
    -0.01850207981111687
  ],