{
  "positive_frequencies": [
    0.0,
    0.07734375,
    0.1546875,
    0.23203125000000002,
    0.309375,
    0.38671875,
    0.46406250000000004,
    0.54140625,
    0.61875,
    0.6960937500000001,
    0.7734375,
    0.85078125,
    0.9281250000000001,
    1.0054687500000001,
    1.0828125,
    1.16015625,
    1.2375,
    1.31484375,
    1.3921875000000001,
    1.46953125,
    1.546875,
    1.62421875,
    1.7015625,
    1.7789062500000001,
    1.8562500000000002,
    1.93359375,
    2.0109375000000003,
    2.08828125,
    2.165625,
    2.24296875,
    2.3203125,
    2.3976562500000003,
    2.475,
    2.55234375,
    2.6296875,
    2.70703125,
    2.7843750000000003,
    2.86171875,
    2.9390625,
    3.01640625,
    3.09375,
    3.1710937500000003,
    3.2484375,
    3.32578125,
    3.403125,
    3.48046875,
    3.5578125000000003,
    3.63515625,
    3.7125000000000004,
    3.78984375,
    3.8671875,
    3.9445312500000003,
    4.0218750000000005,
    4.09921875,
    4.1765625,
    4.25390625,
    4.33125,
    4.4085937500000005,
    4.4859375,
    4.56328125,
    4.640625,
    4.71796875,
    4.7953125000000005,
    4.87265625,
    4.95
  ],
  "mx_fft_pos": [
    0.0051618126159960155,
    0.004273671956097348,
    0.0031561991415590736,
    0.008906419710149232,
    0.008342997460435167,
    0.008578254829902461,
    0.019040298003297346,
    0.01738629694184236,
    0.007309861776159836,
    0.006534609234669726,
    0.009559098680439464,
    0.015112135153488852,
    0.013871920703922156,
    0.009003175274196388,
    0.01221338630455827,
    0.010773762236112719,
    0.008997536754900372,
    0.010521512985163904,
    0.00991464386923163,
    0.00883808373378511,
    0.009647780080400604,
    0.012639971235396983,
    0.013780074285774699,
    0.008945870746737522,
    0.0017369563286368044,
    0.0021312977793224996,
    0.002032044605554147,
    0.0027582684095840636,
    0.0004116552109484709,
    0.0019794488720210894,
    0.0020077464464449196,
    0.0012720009735655113,
    0.0007858433567680832,
    0.0008668321095048014,
    0.0008908727714272678,
    0.0017176425706148253,
    0.0017141960799019695,
    0.0014125727184176268,
    0.0008946784569130301,
    0.001113529379000487,
    0.0014151410294246853,
    0.0015603290001290375,
    0.001005596173899507,
    0.0008523756248807389,
    0.0013894496064812336,
    0.0013055284225369185,
    0.0004011737043235828,
    0.0006491097633887104,
    0.0006470653343826412,
    0.0003709993078202464,
    0.0003219399520598184,
    0.0003297144630972427,
    0.0006123446836793095,
    0.0005298678454035917,
    0.0003851330386006252,
    0.00028907591646349235,
    0.00010461238817284007,
    0.00021279231072572017,
    0.00019051687598454974,
    8.752462271052863e-05,
    8.229992235977286e-05,
    0.00018853424711130697,
    0.0001265707173663888,
    0.00016216241585218286,
    0.0002143119228029705
  ],
  "my_fft_pos": [
    0.013951004688475623,
    0.018437693624663687,
    0.022580467456281363,
    0.020904387357175307,
    0.013974569347637482,
    0.009285485805588524,
    0.011027927578078108,
    0.01409647804048466,
    0.01564404998487392,
    0.013866373201478013,
    0.008688189576046786,
    0.010285193146581223,
    0.018564721909872704,
    0.015867689550372533,
    0.008574182815411951,
    0.01225602888743524,
    0.013040470893881313,
    0.011733030160083742,
    0.011184004143208614,
    0.00857971370625865,
    0.007287050301282898,
    0.010200021406887961,
    0.01045201179681546,
    0.00823065589657698,
    0.010173327890707275,
    0.008389209739767152,
    0.0038732690893262447,
    0.00119365495216937,
    0.0023963987041012193,
    0.0036778411855226457,
    0.005556413108065305,
    0.003534421732941089,
    0.000901135093064877,
    0.002323713206888772,
    0.003536294652932104,
    0.0029734431619060893,
    0.0021341064761067592,
    0.002817129821345013,
    0.003031538720156819,
    0.0019040916644307766,
    0.001774332225883129,
    0.0019332229464793754,
    0.0011807881719704894,
    0.0006590527019393312,
    0.0006064612412482512,
    0.0004974546957537093,
    0.0005183820729028004,
    0.0003263699270001203,
    0.0003196211570224821,
    0.000386374394945406,
    0.0008613977089476451,
    0.0008201394608842726,
    0.000544030453981072,
    0.00010065931538690976,
    0.0004832901931856132,
    0.0007021905914474681,
    0.0005002352155762446,
    0.00019250860152406318,
    0.0003232726895937441,
    0.00029809401371122806,
    5.3709545901868445e-05,
    0.00040777661895800973,
    0.000404738546951274,
    4.895231468770061e-05,
    0.0002268373649797284
  ],
  "mz_fft_pos": [
    0.010079975444814948,
    0.022753307892763988,
    0.038552585365422665,
    0.04177729952341708,
    0.025393466837777653,
    0.004233123239035117,
    0.0072848948529706395,
    0.0032613728144237643,
    0.006037637332408575,
    0.019359581423918148,
    0.02277571208778671,
    0.016512608042270942,
    0.011987532875781299,
    0.008831628081021498,
    0.008036751558187843,
    0.012171864592951281,
    0.013019344181750752,
    0.004293423963442379,
    0.004519122399679174,
    0.007981092023819397,
    0.010625252730411216,
    0.00776940804509812,
    0.004828295410363475,
    0.011429285004421204,
    0.006230366762930719,
    0.006217633467745709,
    0.005485902943909629,
    0.002767572909260227,
    0.0023943114895847426,
    0.00013841079052710284,
    0.0013357539308957653,
    0.0023001273299388444,
    0.0019874595936412664,
    0.0006667257915964682,
    0.0005218209776820869,
    0.000457489940013408,
    0.0004915794188487357,
    0.00010979222987083842,
    0.0008183914960986874,
    0.0007859644831427879,
    0.0003452440446440357,
    0.00011047551099394041,
    3.10276335622214e-05,
    0.0001270379875582047,
    0.00021006797598231486,
    0.00011365198165646362,
    0.00014251831692724422,
    0.0001792809958263288,
    5.101434250112096e-05,
    9.602170383217597e-05,
    4.791353309672967e-05,
    3.127427850482588e-05,
    8.006209438755729e-06,
    3.646529940886443e-05,
    2.9173155234556366e-05,
    2.1787793773729258e-05,
    2.2462650014396542e-05,
    8.286173738253112e-06,
    6.0906129205573045e-06,
    4.7329227285993e-06,
    7.76228016015348e-06,
    2.7264254665160558e-06,
    4.267682598103078e-06,
    1.6441188948604152e-06,
    1.8636936854732334e-06
  ]
}