{
  "positive_frequencies": [
    0.0,
    0.07734375,
    0.1546875,
    0.23203125000000002,
    0.309375,
    0.38671875,
    0.46406250000000004,
    0.54140625,
    0.61875,
    0.6960937500000001,
    0.7734375,
    0.85078125,
    0.9281250000000001,
    1.0054687500000001,
    1.0828125,
    1.16015625,
    1.2375,
    1.31484375,
    1.3921875000000001,
    1.46953125,
    1.546875,
    1.62421875,
    1.7015625,
    1.7789062500000001,
    1.8562500000000002,
    1.93359375,
    2.0109375000000003,
    2.08828125,
    2.165625,
    2.24296875,
    2.3203125,
    2.3976562500000003,
    2.475,
    2.55234375,
    2.6296875,
    2.70703125,
    2.7843750000000003,
    2.86171875,
    2.9390625,
    3.01640625,
    3.09375,
    3.1710937500000003,
    3.2484375,
    3.32578125,
    3.403125,
    3.48046875,
    3.5578125000000003,
    3.63515625,
    3.7125000000000004,
    3.78984375,
    3.8671875,
    3.9445312500000003,
    4.0218750000000005,
    4.09921875,
    4.1765625,
    4.25390625,
    4.33125,
    4.4085937500000005,
    4.4859375,
    4.56328125,
    4.640625,
    4.71796875,
    4.7953125000000005,
    4.87265625,
    4.95
  ],
  "mx_fft_pos": [
    0.003036242080012281,
    0.002176584957650517,
    0.0012288630087323486,
    0.0019792238033880917,
    0.003917433607814491,
    0.003387599184710395,
    0.0014093618610017324,
    0.0008249231931477693,
    0.0008238489177201838,
    0.004105633535955354,
    0.00621544047957684,
    0.005553827256224916,
    0.005484509766764356,
    0.005920043067110189,
    0.0038630862497563284,
    0.0017976049166292104,
    0.0008526775124884953,
    7.024949832536711e-05,
    0.0006461285184013966,
    0.0019161401312487662,
    0.003555867817168771,
    0.003901694616836067,
    0.0018307578919906733,
    0.0013257709855663505,
    0.002307202319826238,
    0.0018485368860466304,
    0.0020834805778598953,
    0.0034666655274992837,
    0.004668560466699751,
    0.004143788096463947,
    0.0023686127009887796,
    0.0008534606672367559,
    0.0006291246566240718,
    0.0010208104316684506,
    0.0017183686098834392,
    0.0050607963052927505,
    0.005840273573512589,
    0.0035630674966703126,
    0.0013828211915603897,
    0.0017512296908194106,
    0.0035895689304190816,
    0.003735043858219112,
    0.002563253965027881,
    0.0029248985219389977,
    0.003473606044673398,
    0.002361459619919653,
    0.001028672096018101,
    0.0027528995210350017,
    0.004234168404524322,
    0.003740362722061122,
    0.0010955041987355284,
    0.00245497229521057,
    0.005361350014995794,
    0.00572354697951341,
    0.0033259288219084897,
    0.0016484571768468203,
    0.0019962418786623,
    0.0018609316803000087,
    0.001308714935347058,
    0.0019651817535279465,
    0.0019512113853874372,
    0.001574441394637571,
    0.0022920714919172623,
    0.0028217382750007408,
    0.0032193451387958643
  ],
  "my_fft_pos": [
    0.002353000142675728,
    0.0015990389426614121,
    0.001052722838488512,
    0.003291226752510572,
    0.003662157468533504,
    0.002173240813340461,
    0.00026488156878162896,
    0.0014209285304999802,
    0.0024802476697930523,
    0.0010210658129336566,
    0.0028544429248981568,
    0.004607028308522,
    0.00352380622659416,
    0.003986578877498016,
    0.003573053563576153,
    0.0020479648296247085,
    0.0023600514214023953,
    0.0037849237655966424,
    0.0032462807406472938,
    0.0008036262884042719,
    0.0003956630668790425,
    0.0006276879423491286,
    0.0030167841649830756,
    0.006049266681091022,
    0.005111234220932591,
    0.0015077260893529695,
    0.001214009204861681,
    0.0016075710156950942,
    0.002638295423223366,
    0.004387050629990312,
    0.005080840272392612,
    0.0034204680503771303,
    0.0006418127479192793,
    0.002418802161339642,
    0.004206574088295751,
    0.0024105648435787225,
    0.002633454804422558,
    0.0039816322859239014,
    0.002884734360018041,
    0.0009751849204867131,
    0.0003806549312580386,
    0.0006901484085145594,
    0.00010198168058971009,
    0.0008255122625007511,
    0.002146853964031654,
    0.003962774290548599,
    0.004137863499582906,
    0.003672133762172133,
    0.0019275169512992902,
    0.0017147212881489645,
    0.0037376356204597942,
    0.005298485449801665,
    0.004954744195544664,
    0.0028925605361731703,
    0.0040292249419769735,
    0.0051774762282397946,
    0.0041317205145854595,
    0.0039728869703181575,
    0.0034915175686425,
    0.00233491651494753,
    0.0023823943400201526,
    0.0021548388320866275,
    0.0009144210483178095,
    0.001400349784368244,
    0.0026105076954415895
  ],
  "mz_fft_pos": [
    0.0007795806210262226,
    0.0006023234925549241,
    0.0005988678683457213,
    0.00037123724929133536,
    0.0012166236638698309,
    0.0011144068612587126,
    0.00039761987794807875,
    0.0014879171261545838,
    0.0024229147186321585,
    0.0020799703273161937,
    0.00121782747381665,
    0.0021823497189738922,
    0.002188934422726273,
    0.0006816907722185531,
    0.0020842606675788343,
    0.0009796415961545633,
    0.0024115661526340052,
    0.002676558778783176,
    0.001845584508203461,
    0.0018582669417209496,
    0.0009758957894783976,
    0.000530852902643067,
    0.001468230508968191,
    0.0021753956415098063,
    0.0022672258709775595,
    0.00138696736526012,
    0.0012018427731806977,
    0.0006341635641340978,
    0.0027655654004452427,
    0.004209213671752398,
    0.0036625166591434098,
    0.002087445040740428,
    0.000992088801927956,
    0.0004366534253324616,
    0.00013859184005394562,
    0.0006900050294110842,
    0.0018288633172591458,
    0.002884309872283344,
    0.002543306007581197,
    0.001345120589066793,
    0.0016997149131989676,
    0.0018515514580705696,
    0.001193635115169006,
    0.0023921696975647876,
    0.0035475384717849954,
    0.002689270263125992,
    0.0006483389086324022,
    0.0016073600936418006,
    0.002427819455702264,
    0.0027917217664313442,
    0.0026808457833026825,
    0.0017472809875201942,
    0.001471327457120367,
    0.0019634286939628886,
    0.002922499754131881,
    0.003231311753231283,
    0.0023458215839983103,
    0.0010071537362283745,
    0.0006581783983182027,
    0.00155444820152468,
    0.00220958040648203,
    0.003627347136488126,
    0.003672794887730493,
    0.002313423251543407,
    0.0013605399088430484
  ]
}