{
  "positive_frequencies": [
    0.0,
    0.07734375,
    0.1546875,
    0.23203125000000002,
    0.309375,
    0.38671875,
    0.46406250000000004,
    0.54140625,
    0.61875,
    0.6960937500000001,
    0.7734375,
    0.85078125,
    0.9281250000000001,
    1.0054687500000001,
    1.0828125,
    1.16015625,
    1.2375,
    1.31484375,
    1.3921875000000001,
    1.46953125,
    1.546875,
    1.62421875,
    1.7015625,
    1.7789062500000001,
    1.8562500000000002,
    1.93359375,
    2.0109375000000003,
    2.08828125,
    2.165625,
    2.24296875,
    2.3203125,
    2.3976562500000003,
    2.475,
    2.55234375,
    2.6296875,
    2.70703125,
    2.7843750000000003,
    2.86171875,
    2.9390625,
    3.01640625,
    3.09375,
    3.1710937500000003,
    3.2484375,
    3.32578125,
    3.403125,
    3.48046875,
    3.5578125000000003,
    3.63515625,
    3.7125000000000004,
    3.78984375,
    3.8671875,
    3.9445312500000003,
    4.0218750000000005,
    4.09921875,
    4.1765625,
    4.25390625,
    4.33125,
    4.4085937500000005,
    4.4859375,
    4.56328125,
    4.640625,
    4.71796875,
    4.7953125000000005,
    4.87265625,
    4.95
  ],
  "mx_fft_pos": [
    0.0032790639434267304,
    0.003266531316380786,
    0.002240336630198427,
    0.0012638470921606906,
    0.0050509220976371165,
    0.007003382221249655,
    0.007476148448647568,
    0.006626425579780934,
    0.0054337368108650285,
    0.004135098614142878,
    0.0026618100126819234,
    0.003035065609992913,
    0.0038730908401848037,
    0.005330521329756266,
    0.005805812446724012,
    0.002878691112237734,
    0.0014764801385826645,
    0.0034906409333614196,
    0.0042488762360603635,
    0.005836705894629728,
    0.006760575743961864,
    0.005581470812978207,
    0.0028752272385113454,
    0.0022642125026104895,
    0.0024634127353086745,
    0.0022717239647839504,
    0.0009552288994441725,
    0.0006976591734235181,
    0.0009265413259871206,
    0.001587229368182272,
    0.0033638595214601718,
    0.004253947005339714,
    0.003569702608087536,
    0.002154793185838721,
    0.0014550440094293446,
    0.001781207749269739,
    0.0018787208188998806,
    0.0024015302299929212,
    0.0025997824506665827,
    0.001872788928315998,
    0.002867795497738416,
    0.003498874661631508,
    0.0021535353769506203,
    0.001261841083972427,
    0.0018027852119217374,
    0.0010912249591246992,
    0.002416669955156395,
    0.0014830472410478732,
    0.0009431872798894563,
    0.0007696242656900172,
    0.0013240504753290333,
    0.0015390998092723316,
    0.0016059526287772817,
    0.0019525631566529305,
    0.0005368893211640301,
    0.0005937582141917811,
    0.0004949989391611024,
    0.0003835385713252086,
    0.0007780397549928418,
    0.0008776308050517287,
    0.0009495610064594168,
    0.0005105449420856157,
    0.00019259290544768363,
    0.0007044841592357614,
    0.0010725451316129448
  ],
  "my_fft_pos": [
    0.0025965048880741692,
    0.0014991664163472387,
    0.00044918137473151795,
    0.0018150130905282104,
    0.003743002947489567,
    0.0040854672963218765,
    0.0050341674777641485,
    0.006547410040805208,
    0.005636046694934973,
    0.003720418174895817,
    0.0031637300192386315,
    0.003134056911515205,
    0.0022276992820538517,
    0.0026488006543091648,
    0.005520503556102946,
    0.004598915255097142,
    0.0008630228852507145,
    0.004841117956878593,
    0.0076593130333509375,
    0.006564198924404738,
    0.0031639051225868403,
    0.0017261413173604806,
    0.0008852890912892414,
    0.0013515095480933883,
    0.0026339898897769494,
    0.0026875633845861915,
    0.0016587576372715728,
    0.0019318178449538523,
    0.0029012062343678545,
    0.003778002214533709,
    0.0030101461098735903,
    0.0013120350028726598,
    0.0025961298436574264,
    0.0025602502306263392,
    0.002449780058713089,
    0.004217976303976758,
    0.0040615218823492226,
    0.0020185652782785473,
    2.4962231576164602e-05,
    0.000775449046782767,
    0.000759066286224306,
    0.001736579700033645,
    0.003017030004437278,
    0.002582421641254031,
    0.0008885302712289264,
    0.0008742081537425819,
    0.0013284784745783347,
    0.0006363876087362498,
    0.0010199808260064345,
    0.0008080121718726943,
    0.0004421574784444168,
    0.00023397199264715967,
    0.00016277133588303778,
    0.0003745714290896232,
    0.00012277923264882148,
    0.000886417642543378,
    0.0009861809799117122,
    0.0005941949056716121,
    0.0009084861787612662,
    0.0014756564258545507,
    0.0008106961720963997,
    0.0010604936371888824,
    0.0018084942695931014,
    0.0012813490638722658,
    0.0008580556102461906
  ],
  "mz_fft_pos": [
    0.006068350742960598,
    0.00526098153783625,
    0.0028138499255897773,
    0.0025824338027977713,
    0.0010884414685542845,
    0.0031187664138419783,
    0.005365579182997689,
    0.00527291249915242,
    0.006107595658287849,
    0.00739094124196766,
    0.006179929053983308,
    0.0050534641837882985,
    0.00518096096809033,
    0.004367299326553563,
    0.004268627939395844,
    0.003780495833749982,
    0.00216246381386936,
    0.0015578445718730258,
    0.0034892918053261402,
    0.005469673410850188,
    0.005385791304727522,
    0.0032019434449928543,
    0.001567202882654132,
    0.0028960319119686008,
    0.0035616141283008394,
    0.0031778318869939044,
    0.0025312719309292203,
    0.003031661805327779,
    0.004484908902969536,
    0.0067306349550754615,
    0.007363412910293718,
    0.00515274092497909,
    0.0025038842319201563,
    0.0017885790911436191,
    0.0011606890010637946,
    0.00039992700440604384,
    0.002039805186587585,
    0.0019352922800498116,
    0.0009508676554947177,
    0.0022599300508170488,
    0.0036102766837074764,
    0.0041143392383213295,
    0.0033008496248655233,
    0.0011531046616033455,
    0.001264609255850687,
    0.002165184572469959,
    0.001907206655836712,
    0.0017609525715479193,
    0.0015540698077526757,
    0.0007820787716693142,
    0.0006282142669201607,
    0.0012283818803599412,
    0.001475237331015608,
    0.0018080354184220756,
    0.0016175816645762112,
    0.00038869494247895244,
    0.0006555329963780532,
    0.0009177985173722779,
    0.0014600762369366919,
    0.0013619191546457108,
    0.00010592536555740986,
    0.0007975783089239891,
    0.0007458535622352149,
    0.0009887742518997896,
    0.0005206254359928325
  ]
}