{
  "positive_frequencies": [
    0.0,
    0.07734375,
    0.1546875,
    0.23203125000000002,
    0.309375,
    0.38671875,
    0.46406250000000004,
    0.54140625,
    0.61875,
    0.6960937500000001,
    0.7734375,
    0.85078125,
    0.9281250000000001,
    1.0054687500000001,
    1.0828125,
    1.16015625,
    1.2375,
    1.31484375,
    1.3921875000000001,
    1.46953125,
    1.546875,
    1.62421875,
    1.7015625,
    1.7789062500000001,
    1.8562500000000002,
    1.93359375,
    2.0109375000000003,
    2.08828125,
    2.165625,
    2.24296875,
    2.3203125,
    2.3976562500000003,
    2.475,
    2.55234375,
    2.6296875,
    2.70703125,
    2.7843750000000003,
    2.86171875,
    2.9390625,
    3.01640625,
    3.09375,
    3.1710937500000003,
    3.2484375,
    3.32578125,
    3.403125,
    3.48046875,
    3.5578125000000003,
    3.63515625,
    3.7125000000000004,
    3.78984375,
    3.8671875,
    3.9445312500000003,
    4.0218750000000005,
    4.09921875,
    4.1765625,
    4.25390625,
    4.33125,
    4.4085937500000005,
    4.4859375,
    4.56328125,
    4.640625,
    4.71796875,
    4.7953125000000005,
    4.87265625,
    4.95
  ],
  "mx_fft_pos": [
    0.0743136260530348,
    0.08204009191324958,
    0.084570642455678,
    0.062354684312066144,
    0.026751018801331208,
    0.007925806187367483,
    0.03694935673576963,
    0.04778196248641828,
    0.04487887187463531,
    0.048022725252360086,
    0.04856513804834262,
    0.04808132896647463,
    0.05470851140271708,
    0.04425883903810683,
    0.011022445223716598,
    0.04264054913147119,
    0.04006480386705387,
    0.004999781876693331,
    0.024325800453929257,
    0.017543663973335975,
    0.002810350076198437,
    0.010798337651756178,
    0.02477237841249234,
    0.03951207876764328,
    0.045565373859268954,
    0.03428321020123806,
    0.017492858501128517,
    0.00915884983023509,
    0.009253834063245755,
    0.00648847671697033,
    0.015980536175825857,
    0.018620711103964266,
    0.011808988862613811,
    0.010897986453482278,
    0.012142904339903332,
    0.005504231019407327,
    0.0009880875592464704,
    0.0026401189331258313,
    0.007392485528220821,
    0.009275331308239656,
    0.006032717332956416,
    0.00211265123239251,
    0.00206577005137293,
    0.0031003425744248964,
    0.0022584514896824247,
    0.0005836856993921757,
    0.0007892809636828691,
    0.0034901035431297027,
    0.0037770905087384076,
    0.0008967422588922478,
    0.0014135356910579963,
    0.002655318347045475,
    0.002007500215775868,
    0.0010032778153499155,
    0.0012679720420214974,
    0.0008267418745275247,
    0.0004844864598496878,
    0.0005946759264959957,
    0.00038591618760010606,
    0.0005573058195368046,
    0.00019144054723408647,
    0.0004891655984949812,
    0.0003755921532362991,
    0.00019523219964711483,
    0.0004949756040218922
  ],
  "my_fft_pos": [
    0.0300304650925918,
    0.04774280247322293,
    0.05285319391996052,
    0.036394216300749,
    0.026057065270216336,
    0.025350524047868635,
    0.027059555930195472,
    0.0318745343863959,
    0.03654720447487507,
    0.03286525136968747,
    0.030690301855467044,
    0.0349113261447016,
    0.030675377785099604,
    0.03357561866166491,
    0.05061110537625558,
    0.05510629709279272,
    0.02945358481704742,
    0.017602031358148026,
    0.0320435993629598,
    0.03223285057464989,
    0.020631830329006177,
    0.03147396570603633,
    0.0345621102835109,
    0.02679485762014652,
    0.006585967474277671,
    0.016778052353346673,
    0.022468360880973374,
    0.01942713816878719,
    0.019225863753496275,
    0.021810694487903706,
    0.02030495948435213,
    0.012660678924272728,
    0.008436687740520362,
    0.005625478765967401,
    0.006865950993580438,
    0.005934228718627596,
    0.012876813314187462,
    0.010578747893399987,
    0.006261491353664283,
    0.008521400373077838,
    0.006266359637067331,
    0.004525920014933913,
    0.003994286381649243,
    0.007136942492693412,
    0.008538620503329887,
    0.00468969470736944,
    0.0014117241742710492,
    0.001303652295555407,
    0.0018474021706421692,
    0.0011418321739631327,
    0.0022013206905613005,
    0.0017733348602219756,
    0.00029132184161652835,
    0.0009282751392088536,
    0.00017000963917335958,
    0.00023999107636588502,
    0.001609751586030896,
    0.001109575949451624,
    0.0009124036196167434,
    0.0004491476039077181,
    0.00020887075058165347,
    0.00042367818556129656,
    0.0003731185277135929,
    0.0004469344332264852,
    7.868497593200408e-05
  ],
  "mz_fft_pos": [
    0.009445807479782575,
    0.021623525946481842,
    0.035725529286819,
    0.03907445513423313,
    0.025017688987730997,
    0.026708242546292834,
    0.06835201258502002,
    0.04996167305520678,
    0.031815733036069146,
    0.07535346927774464,
    0.06291753757398402,
    0.027739212927822707,
    0.03166027623178736,
    0.007015131600019791,
    0.025535302605156966,
    0.01827843831519566,
    0.02378967577621403,
    0.03612832282408911,
    0.028465544248979454,
    0.01766827706276418,
    0.016119854855518426,
    0.02818435242129686,
    0.033660029006442556,
    0.030017002444292677,
    0.0269627414247371,
    0.02609834491274553,
    0.018017820638362814,
    0.011997994464220533,
    0.009259039783513865,
    0.005531150313611164,
    0.012746877573162532,
    0.014115086527601205,
    0.011659664668943743,
    0.010817268781441158,
    0.00986986119917877,
    0.008841682003974876,
    0.003444096532775746,
    0.005841916287728442,
    0.005867216172299854,
    0.005499930473413159,
    0.003413309112212611,
    0.001752616557021679,
    0.004150065271397147,
    0.002074981601063297,
    0.0005583462255746158,
    0.0014814821426501813,
    0.0015206297001194439,
    0.0007356065265060592,
    0.00048166335140841085,
    0.00037892751419312074,
    0.0007701186393267897,
    0.0004035428864218772,
    0.0008907532246933864,
    0.0004562709605835633,
    0.00034156624071882336,
    0.0004240914950950151,
    0.0003286445536446127,
    0.00021187440937738567,
    0.00013323729956472952,
    8.53145639716517e-05,
    2.9687776011251625e-05,
    1.7837956126412658e-05,
    8.930273883218062e-06,
    7.517972250159638e-07,
    1.4889802220086067e-08
  ]
}