{
  "positive_frequencies": [
    0.0,
    0.07734375,
    0.1546875,
    0.23203125000000002,
    0.309375,
    0.38671875,
    0.46406250000000004,
    0.54140625,
    0.61875,
    0.6960937500000001,
    0.7734375,
    0.85078125,
    0.9281250000000001,
    1.0054687500000001,
    1.0828125,
    1.16015625,
    1.2375,
    1.31484375,
    1.3921875000000001,
    1.46953125,
    1.546875,
    1.62421875,
    1.7015625,
    1.7789062500000001,
    1.8562500000000002,
    1.93359375,
    2.0109375000000003,
    2.08828125,
    2.165625,
    2.24296875,
    2.3203125,
    2.3976562500000003,
    2.475,
    2.55234375,
    2.6296875,
    2.70703125,
    2.7843750000000003,
    2.86171875,
    2.9390625,
    3.01640625,
    3.09375,
    3.1710937500000003,
    3.2484375,
    3.32578125,
    3.403125,
    3.48046875,
    3.5578125000000003,
    3.63515625,
    3.7125000000000004,
    3.78984375,
    3.8671875,
    3.9445312500000003,
    4.0218750000000005,
    4.09921875,
    4.1765625,
    4.25390625,
    4.33125,
    4.4085937500000005,
    4.4859375,
    4.56328125,
    4.640625,
    4.71796875,
    4.7953125000000005,
    4.87265625,
    4.95
  ],
  "mx_fft_pos": [
    0.07431362605303482,
    0.08204009191324958,
    0.084570642455678,
    0.06235468431206615,
    0.026751018801331218,
    0.007925806187367471,
    0.03694935673576962,
    0.047781962486418285,
    0.044878871874635316,
    0.048022725252360086,
    0.04856513804834262,
    0.04808132896647463,
    0.0547085114027171,
    0.04425883903810683,
    0.011022445223716586,
    0.042640549131471195,
    0.04006480386705388,
    0.004999781876693336,
    0.024325800453929264,
    0.017543663973335975,
    0.0028103500761984413,
    0.010798337651756173,
    0.02477237841249234,
    0.039512078767643274,
    0.045565373859268954,
    0.03428321020123806,
    0.017492858501128514,
    0.009158849830235086,
    0.009253834063245753,
    0.006488476716970337,
    0.015980536175825868,
    0.018620711103964273,
    0.011808988862613824,
    0.010897986453482288,
    0.012142904339903332,
    0.005504231019407332,
    0.0009880875592464728,
    0.0026401189331258287,
    0.00739248552822082,
    0.00927533130823965,
    0.006032717332956405,
    0.0021126512323924986,
    0.0020657700513729274,
    0.00310034257442489,
    0.00225845148968241,
    0.0005836856993921728,
    0.0007892809636828634,
    0.0034901035431296966,
    0.003777090508738396,
    0.0008967422588922466,
    0.0014135356910580012,
    0.0026553183470454838,
    0.002007500215775873,
    0.00100327781534992,
    0.0012679720420214937,
    0.0008267418745275221,
    0.00048448645984969013,
    0.0005946759264959926,
    0.00038591618760010763,
    0.0005573058195368024,
    0.00019144054723407546,
    0.0004891655984949701,
    0.0003755921532362851,
    0.00019523219964711136,
    0.0004949756040218922
  ],
  "my_fft_pos": [
    0.030030465092591784,
    0.0477428024732229,
    0.05285319391996052,
    0.036394216300749016,
    0.026057065270216336,
    0.025350524047868642,
    0.027059555930195472,
    0.031874534386395904,
    0.036547204474875084,
    0.032865251369687466,
    0.030690301855467034,
    0.0349113261447016,
    0.03067537778509961,
    0.0335756186616649,
    0.05061110537625558,
    0.05510629709279272,
    0.029453584817047424,
    0.017602031358148026,
    0.0320435993629598,
    0.032232850574649884,
    0.020631830329006173,
    0.03147396570603634,
    0.034562110283510916,
    0.02679485762014652,
    0.006585967474277671,
    0.01677805235334668,
    0.02246836088097337,
    0.019427138168787182,
    0.019225863753496265,
    0.02181069448790371,
    0.020304959484352132,
    0.012660678924272735,
    0.008436687740520357,
    0.005625478765967399,
    0.00686595099358043,
    0.005934228718627599,
    0.01287681331418747,
    0.010578747893399989,
    0.006261491353664285,
    0.008521400373077836,
    0.006266359637067328,
    0.004525920014933905,
    0.003994286381649236,
    0.007136942492693412,
    0.008538620503329888,
    0.004689694707369441,
    0.0014117241742710477,
    0.001303652295555409,
    0.001847402170642167,
    0.0011418321739631338,
    0.002201320690561311,
    0.0017733348602219777,
    0.0002913218416165301,
    0.0009282751392088611,
    0.00017000963917336413,
    0.00023999107636587733,
    0.0016097515860308918,
    0.0011095759494516176,
    0.0009124036196167406,
    0.00044914760390771664,
    0.0002088707505816611,
    0.0004236781855612853,
    0.000373118527713583,
    0.00044693443322646806,
    7.868497593198631e-05
  ],
  "mz_fft_pos": [
    0.009445807479782561,
    0.021623525946481842,
    0.03572552928681899,
    0.03907445513423313,
    0.025017688987730987,
    0.026708242546292848,
    0.06835201258502005,
    0.049961673055206796,
    0.031815733036069146,
    0.07535346927774463,
    0.06291753757398405,
    0.027739212927822714,
    0.03166027623178736,
    0.007015131600019791,
    0.02553530260515695,
    0.018278438315195662,
    0.023789675776214034,
    0.03612832282408911,
    0.028465544248979444,
    0.017668277062764186,
    0.016119854855518433,
    0.028184352421296858,
    0.03366002900644255,
    0.030017002444292666,
    0.0269627414247371,
    0.02609834491274553,
    0.018017820638362814,
    0.011997994464220549,
    0.009259039783513875,
    0.005531150313611178,
    0.012746877573162533,
    0.014115086527601206,
    0.011659664668943748,
    0.010817268781441158,
    0.009869861199178785,
    0.008841682003974888,
    0.0034440965327757573,
    0.005841916287728448,
    0.005867216172299866,
    0.0054999304734131595,
    0.003413309112212613,
    0.0017526165570216792,
    0.004150065271397142,
    0.0020749816010633038,
    0.000558346225574624,
    0.001481482142650177,
    0.0015206297001194482,
    0.0007356065265060569,
    0.00048166335140841757,
    0.0003789275141931153,
    0.0007701186393267724,
    0.0004035428864218933,
    0.0008907532246933931,
    0.0004562709605835656,
    0.0003415662407188274,
    0.000424091495095024,
    0.0003286445536446124,
    0.00021187440937738312,
    0.00013323729956472125,
    8.531456397163849e-05,
    2.9687776011241752e-05,
    1.783795612640711e-05,
    8.930273883214274e-06,
    7.517972250175075e-07,
    1.4889802238404748e-08
  ]
}