{
  "positive_frequencies": [
    0.0,
    0.07734375,
    0.1546875,
    0.23203125000000002,
    0.309375,
    0.38671875,
    0.46406250000000004,
    0.54140625,
    0.61875,
    0.6960937500000001,
    0.7734375,
    0.85078125,
    0.9281250000000001,
    1.0054687500000001,
    1.0828125,
    1.16015625,
    1.2375,
    1.31484375,
    1.3921875000000001,
    1.46953125,
    1.546875,
    1.62421875,
    1.7015625,
    1.7789062500000001,
    1.8562500000000002,
    1.93359375,
    2.0109375000000003,
    2.08828125,
    2.165625,
    2.24296875,
    2.3203125,
    2.3976562500000003,
    2.475,
    2.55234375,
    2.6296875,
    2.70703125,
    2.7843750000000003,
    2.86171875,
    2.9390625,
    3.01640625,
    3.09375,
    3.1710937500000003,
    3.2484375,
    3.32578125,
    3.403125,
    3.48046875,
    3.5578125000000003,
    3.63515625,
    3.7125000000000004,
    3.78984375,
    3.8671875,
    3.9445312500000003,
    4.0218750000000005,
    4.09921875,
    4.1765625,
    4.25390625,
    4.33125,
    4.4085937500000005,
    4.4859375,
    4.56328125,
    4.640625,
    4.71796875,
    4.7953125000000005,
    4.87265625,
    4.95
  ],
  "mx_fft_pos": [
    0.07431362605303482,
    0.08204009191324958,
    0.084570642455678,
    0.06235468431206612,
    0.026751018801331208,
    0.007925806187367476,
    0.03694935673576964,
    0.04778196248641829,
    0.04487887187463532,
    0.04802272525236009,
    0.04856513804834261,
    0.04808132896647461,
    0.05470851140271708,
    0.04425883903810683,
    0.011022445223716593,
    0.042640549131471195,
    0.040064803867053876,
    0.004999781876693337,
    0.02432580045392926,
    0.017543663973335975,
    0.0028103500761984274,
    0.010798337651756178,
    0.02477237841249234,
    0.03951207876764328,
    0.045565373859268954,
    0.034283210201238055,
    0.01749285850112851,
    0.009158849830235084,
    0.009253834063245753,
    0.00648847671697033,
    0.015980536175825857,
    0.01862071110396427,
    0.01180898886261382,
    0.010897986453482285,
    0.012142904339903338,
    0.005504231019407336,
    0.0009880875592464709,
    0.0026401189331258256,
    0.0073924855282208116,
    0.009275331308239647,
    0.006032717332956402,
    0.002112651232392499,
    0.002065770051372921,
    0.0031003425744248842,
    0.0022584514896824117,
    0.0005836856993921744,
    0.0007892809636828651,
    0.003490103543129708,
    0.0037770905087384093,
    0.0008967422588922682,
    0.0014135356910580062,
    0.002655318347045489,
    0.0020075002157758743,
    0.0010032778153499066,
    0.0012679720420214937,
    0.0008267418745275262,
    0.00048448645984968975,
    0.0005946759264959907,
    0.0003859161876001111,
    0.0005573058195368012,
    0.00019144054723407435,
    0.0004891655984949686,
    0.00037559215323628705,
    0.0001952321996471124,
    0.0004949756040218878
  ],
  "my_fft_pos": [
    0.030030465092591788,
    0.047742802473222906,
    0.05285319391996052,
    0.036394216300748995,
    0.026057065270216326,
    0.025350524047868635,
    0.027059555930195472,
    0.0318745343863959,
    0.036547204474875084,
    0.03286525136968747,
    0.03069030185546705,
    0.03491132614470161,
    0.030675377785099614,
    0.03357561866166491,
    0.05061110537625558,
    0.05510629709279272,
    0.02945358481704742,
    0.01760203135814802,
    0.0320435993629598,
    0.032232850574649884,
    0.020631830329006173,
    0.03147396570603633,
    0.0345621102835109,
    0.02679485762014651,
    0.006585967474277666,
    0.016778052353346683,
    0.022468360880973374,
    0.01942713816878719,
    0.019225863753496268,
    0.021810694487903695,
    0.02030495948435213,
    0.012660678924272748,
    0.008436687740520369,
    0.005625478765967405,
    0.006865950993580441,
    0.005934228718627592,
    0.012876813314187467,
    0.010578747893399989,
    0.006261491353664285,
    0.008521400373077845,
    0.006266359637067335,
    0.004525920014933915,
    0.003994286381649248,
    0.007136942492693418,
    0.008538620503329885,
    0.0046896947073694325,
    0.0014117241742710438,
    0.0013036522955554083,
    0.0018474021706421644,
    0.0011418321739631253,
    0.0022013206905613088,
    0.0017733348602219862,
    0.0002913218416165186,
    0.0009282751392088565,
    0.00017000963917336435,
    0.0002399910763658905,
    0.001609751586030903,
    0.0011095759494516313,
    0.0009124036196167358,
    0.00044914760390771003,
    0.00020887075058166095,
    0.00042367818556129173,
    0.0003731185277135917,
    0.00044693443322648096,
    7.868497593199741e-05
  ],
  "mz_fft_pos": [
    0.009445807479782575,
    0.02162352594648184,
    0.03572552928681899,
    0.03907445513423314,
    0.025017688987730997,
    0.026708242546292848,
    0.06835201258502002,
    0.04996167305520679,
    0.031815733036069146,
    0.07535346927774464,
    0.06291753757398404,
    0.02773921292782271,
    0.03166027623178736,
    0.007015131600019789,
    0.025535302605156955,
    0.01827843831519566,
    0.023789675776214037,
    0.03612832282408911,
    0.02846554424897945,
    0.017668277062764175,
    0.016119854855518416,
    0.02818435242129685,
    0.03366002900644255,
    0.030017002444292663,
    0.026962741424737095,
    0.026098344912745538,
    0.018017820638362814,
    0.011997994464220542,
    0.009259039783513879,
    0.005531150313611176,
    0.012746877573162532,
    0.014115086527601198,
    0.01165966466894374,
    0.010817268781441151,
    0.009869861199178782,
    0.008841682003974883,
    0.0034440965327757495,
    0.005841916287728444,
    0.005867216172299857,
    0.005499930473413155,
    0.003413309112212607,
    0.001752616557021679,
    0.004150065271397154,
    0.0020749816010633103,
    0.0005583462255746079,
    0.001481482142650173,
    0.0015206297001194404,
    0.0007356065265060637,
    0.0004816633514084158,
    0.00037892751419312144,
    0.000770118639326783,
    0.0004035428864218955,
    0.0008907532246933935,
    0.0004562709605835613,
    0.00034156624071881095,
    0.000424091495095004,
    0.00032864455364460825,
    0.00021187440937737726,
    0.00013323729956472293,
    8.531456397164701e-05,
    2.968777601125039e-05,
    1.7837956126403317e-05,
    8.930273883208987e-06,
    7.517972250081829e-07,
    1.4889802238404748e-08
  ]
}