{
  "times": [
    0.0,
    1.1111111111111112,
    2.2222222222222223,
    3.3333333333333335,
    4.444444444444445,
    5.555555555555555,
    6.666666666666667,
    7.777777777777779,
    8.88888888888889,
    10.0
  ],
  "mx": [
    1.0,
    -0.03707814229307002,
    -0.020043534534115833,
    0.008450227808489856,
    -0.04958451191615168,
    -0.006076933138659098,
    0.021235281210629436,
    0.022146142586642655,
    -0.012094897076990668,
    0.013364439644140753
  ],
  "my": [
    0.0,
    -0.049776816811582886,
    0.025347614056396434,
    -0.03564657640322284,
    0.016815937877613887,
    -0.018393118710529087,
    0.016279213695962427,
    -0.015085922864226295,
    -0.023602699675774573,
    0.007763162511376353
  ],
  "mz": [
    1.0842021724855044e-17,
    -0.034418608382988894,
    -0.014695174367121748,
    0.02492808044845835,
    -0.016748795124284864,
    0.002493768382373707,
    0.016512119257334378,
    0.01517678202959491,
    0.028876025611634406,
    -0.007411192715122501
  ]
}