{
  "positive_frequencies": [
    0.0,
    0.056249999999999994,
    0.11249999999999999,
    0.16874999999999998,
    0.22499999999999998,
    0.28125,
    0.33749999999999997,
    0.39374999999999993,
    0.44999999999999996
  ],
  "mx_fft_pos": [
    0.0073204642519915045,
    0.009351273370009938,
    0.011146768070900733,
    0.011561784028093703,
    0.012533935301712632,
    0.012078171178072389,
    0.009886309952048613,
    0.009125729660320646,
    0.00942322969249142
  ],
  "my_fft_pos": [
    0.004079806851073205,
    0.0027057700306872988,
    0.0017349824223758348,
    0.0027188958400038914,
    0.0026081133969816065,
    0.001517325344193032,
    0.008455761333332767,
    0.015654942804266266,
    0.01857193394657375
  ],
  "mz_fft_pos": [
    0.003361118870900111,
    0.004300161392792469,
    0.0031101239871230315,
    0.0034797815480225916,
    0.006554403045667208,
    0.007834605517692302,
    0.008003188777691402,
    0.0069459795091811275,
    0.005982521448684404
  ]
}