{
  "positive_frequencies": [
    0.0,
    0.07734375,
    0.1546875,
    0.23203125000000002,
    0.309375,
    0.38671875,
    0.46406250000000004,
    0.54140625,
    0.61875,
    0.6960937500000001,
    0.7734375,
    0.85078125,
    0.9281250000000001,
    1.0054687500000001,
    1.0828125,
    1.16015625,
    1.2375,
    1.31484375,
    1.3921875000000001,
    1.46953125,
    1.546875,
    1.62421875,
    1.7015625,
    1.7789062500000001,
    1.8562500000000002,
    1.93359375,
    2.0109375000000003,
    2.08828125,
    2.165625,
    2.24296875,
    2.3203125,
    2.3976562500000003,
    2.475,
    2.55234375,
    2.6296875,
    2.70703125,
    2.7843750000000003,
    2.86171875,
    2.9390625,
    3.01640625,
    3.09375,
    3.1710937500000003,
    3.2484375,
    3.32578125,
    3.403125,
    3.48046875,
    3.5578125000000003,
    3.63515625,
    3.7125000000000004,
    3.78984375,
    3.8671875,
    3.9445312500000003,
    4.0218750000000005,
    4.09921875,
    4.1765625,
    4.25390625,
    4.33125,
    4.4085937500000005,
    4.4859375,
    4.56328125,
    4.640625,
    4.71796875,
    4.7953125000000005,
    4.87265625,
    4.95
  ],
  "mx_fft_pos": [
    0.0743136260530348,
    0.08204009191324958,
    0.084570642455678,
    0.06235468431206615,
    0.026751018801331208,
    0.00792580618736748,
    0.03694935673576964,
    0.047781962486418285,
    0.04487887187463531,
    0.048022725252360086,
    0.04856513804834262,
    0.04808132896647461,
    0.05470851140271708,
    0.04425883903810683,
    0.011022445223716586,
    0.042640549131471195,
    0.04006480386705387,
    0.004999781876693331,
    0.024325800453929246,
    0.01754366397333597,
    0.0028103500761984413,
    0.010798337651756171,
    0.02477237841249233,
    0.03951207876764328,
    0.04556537385926896,
    0.03428321020123806,
    0.017492858501128517,
    0.009158849830235087,
    0.009253834063245753,
    0.006488476716970327,
    0.015980536175825864,
    0.018620711103964276,
    0.01180898886261382,
    0.010897986453482288,
    0.012142904339903332,
    0.005504231019407323,
    0.000988087559246482,
    0.0026401189331258217,
    0.007392485528220804,
    0.00927533130823964,
    0.006032717332956406,
    0.002112651232392509,
    0.002065770051372924,
    0.003100342574424897,
    0.0022584514896824164,
    0.0005836856993921757,
    0.00078928096368286,
    0.0034901035431296897,
    0.0037770905087383955,
    0.0008967422588922499,
    0.0014135356910579928,
    0.0026553183470454846,
    0.002007500215775876,
    0.0010032778153499066,
    0.0012679720420214866,
    0.0008267418745275064,
    0.0004844864598496729,
    0.0005946759264959916,
    0.0003859161876001071,
    0.0005573058195367909,
    0.00019144054723407617,
    0.0004891655984949809,
    0.000375592153236297,
    0.0001952321996471131,
    0.0004949756040218922
  ],
  "my_fft_pos": [
    0.030030465092591784,
    0.047742802473222906,
    0.05285319391996052,
    0.03639421630074901,
    0.02605706527021634,
    0.025350524047868642,
    0.027059555930195475,
    0.031874534386395904,
    0.036547204474875084,
    0.032865251369687466,
    0.03069030185546704,
    0.0349113261447016,
    0.03067537778509961,
    0.03357561866166491,
    0.05061110537625558,
    0.05510629709279272,
    0.02945358481704742,
    0.017602031358148033,
    0.03204359936295981,
    0.032232850574649884,
    0.020631830329006177,
    0.03147396570603634,
    0.034562110283510916,
    0.02679485762014652,
    0.006585967474277673,
    0.01677805235334667,
    0.022468360880973374,
    0.019427138168787196,
    0.01922586375349626,
    0.021810694487903695,
    0.02030495948435213,
    0.012660678924272743,
    0.008436687740520367,
    0.005625478765967394,
    0.006865950993580426,
    0.0059342287186276025,
    0.01287681331418747,
    0.010578747893399987,
    0.006261491353664285,
    0.008521400373077847,
    0.0062663596370673355,
    0.00452592001493391,
    0.003994286381649242,
    0.007136942492693417,
    0.008538620503329892,
    0.004689694707369444,
    0.0014117241742710488,
    0.0013036522955554096,
    0.0018474021706421612,
    0.0011418321739631405,
    0.0022013206905613157,
    0.001773334860221989,
    0.0002913218416165127,
    0.0009282751392088523,
    0.00017000963917336142,
    0.00023999107636588974,
    0.0016097515860308959,
    0.0011095759494516176,
    0.0009124036196167406,
    0.00044914760390771523,
    0.00020887075058166008,
    0.0004236781855612868,
    0.0003731185277135956,
    0.00044693443322647646,
    7.868497593199964e-05
  ],
  "mz_fft_pos": [
    0.009445807479782574,
    0.02162352594648184,
    0.03572552928681897,
    0.039074455134233126,
    0.025017688987730977,
    0.026708242546292848,
    0.06835201258502005,
    0.049961673055206796,
    0.03181573303606915,
    0.07535346927774465,
    0.06291753757398405,
    0.027739212927822724,
    0.03166027623178737,
    0.007015131600019788,
    0.02553530260515695,
    0.01827843831519566,
    0.023789675776214044,
    0.03612832282408912,
    0.028465544248979454,
    0.01766827706276418,
    0.016119854855518433,
    0.028184352421296865,
    0.03366002900644257,
    0.030017002444292683,
    0.026962741424737105,
    0.02609834491274554,
    0.018017820638362818,
    0.011997994464220545,
    0.00925903978351387,
    0.0055311503136111695,
    0.012746877573162545,
    0.014115086527601215,
    0.01165966466894375,
    0.01081726878144116,
    0.009869861199178782,
    0.008841682003974885,
    0.003444096532775758,
    0.005841916287728439,
    0.005867216172299865,
    0.005499930473413168,
    0.003413309112212621,
    0.0017526165570216905,
    0.004150065271397158,
    0.0020749816010633033,
    0.0005583462255746149,
    0.0014814821426501754,
    0.0015206297001194382,
    0.0007356065265060583,
    0.00048166335140841925,
    0.0003789275141931178,
    0.0007701186393267848,
    0.0004035428864219009,
    0.000890753224693398,
    0.0004562709605835608,
    0.0003415662407188272,
    0.0004240914950950227,
    0.0003286445536446183,
    0.0002118744093773715,
    0.00013323729956472125,
    8.531456397164323e-05,
    2.9687776011241193e-05,
    1.78379561263922e-05,
    8.930273883209737e-06,
    7.517972250139933e-07,
    1.4889802237849637e-08
  ]
}