{
  "times": [
    0.0,
    0.10101010101010101,
    0.20202020202020202,
    0.30303030303030304,
    0.40404040404040403,
    0.5050505050505051,
    0.6060606060606061,
    0.7070707070707071,
    0.8080808080808081,
    0.9090909090909091,
    1.0101010101010102,
    1.1111111111111112,
    1.2121212121212122,
    1.3131313131313131,
    1.4141414141414141,
    1.5151515151515151,
    1.6161616161616161,
    1.7171717171717171,
    1.8181818181818181,
    1.9191919191919191,
    2.0202020202020203,
    2.121212121212121,
    2.2222222222222223,
    2.323232323232323,
    2.4242424242424243,
    2.525252525252525,
    2.6262626262626263,
    2.727272727272727,
    2.8282828282828283,
    2.929292929292929,
    3.0303030303030303,
    3.131313131313131,
    3.2323232323232323,
    3.3333333333333335,
    3.4343434343434343,
    3.5353535353535355,
    3.6363636363636362,
    3.7373737373737375,
    3.8383838383838382,
    3.9393939393939394,
    4.040404040404041,
    4.141414141414141,
    4.242424242424242,
    4.343434343434343,
    4.444444444444445,
    4.545454545454545,
    4.646464646464646,
    4.747474747474747,
    4.848484848484849,
    4.94949494949495,
    5.05050505050505,
    5.151515151515151,
    5.252525252525253,
    5.353535353535354,
    5.454545454545454,
    5.555555555555555,
    5.656565656565657,
    5.757575757575758,
    5.858585858585858,
    5.959595959595959,
    6.0606060606060606,
    6.161616161616162,
    6.262626262626262,
    6.363636363636363,
    6.4646464646464645,
    6.565656565656566,
    6.666666666666667,
    6.767676767676767,
    6.8686868686868685,
    6.96969696969697,
    7.070707070707071,
    7.171717171717171,
    7.2727272727272725,
    7.373737373737374,
    7.474747474747475,
    7.575757575757575,
    7.6767676767676765,
    7.777777777777778,
    7.878787878787879,
    7.979797979797979,
    8.080808080808081,
    8.181818181818182,
    8.282828282828282,
    8.383838383838384,
    8.484848484848484,
    8.585858585858587,
    8.686868686868687,
    8.787878787878787,
    8.88888888888889,
    8.98989898989899,
    9.09090909090909,
    9.191919191919192,
    9.292929292929292,
    9.393939393939394,
    9.494949494949495,
    9.595959595959595,
    9.696969696969697,
    9.797979797979798,
    9.8989898989899,
    10.0
  ],
  "mx": [
    0.9999999999999998,
    0.9135148892635608,
    0.7035414191660606,
    0.46746070961029873,
    0.2782303777517215,
    0.15559071090023116,
    0.0907222806149313,
    0.05907315296595055,
    0.036871798050557986,
    0.014014760716524815,
    -0.007450264999973594,
    -0.0176640097605607,
    -0.017387087291839035,
    -0.021121422482883536,
    -0.02812121349151138,
    -0.024989269088496094,
    -0.009346131007788425,
    0.009267204469328057,
    0.017353552662438047,
    0.014946587648693452,
    0.013602900922217527,
    0.01680219427360576,
    0.021495868680886685,
    0.02276252014187569,
    0.01903114632381378,
    0.017459090260018788,
    0.022050060607633534,
    0.02653955435396748,
    0.0230198329227862,
    0.016149307018703967,
    0.016397619443915948,
    0.022083870570208365,
    0.025044038804488456,
    0.02171502467173112,
    0.011429555659368852,
    -0.001001039084776223,
    -0.004165290087908819,
    0.004234646434528874,
    0.019477421837134634,
    0.033371702356461065,
    0.032671028323155035,
    0.01936093639076131,
    0.012964880134634198,
    0.018399909300417093,
    0.010510567236524694,
    -0.021770288181796174,
    -0.047054348019058306,
    -0.04231824903789522,
    -0.018973024044800016,
    0.003597698588815471,
    0.006991859426087876,
    -0.01397652725257676,
    -0.04018621798934731,
    -0.05810779721429774,
    -0.07786768460317789,
    -0.10299975766520877,
    -0.11743071510658079,
    -0.11742803413426227,
    -0.12006918762478287,
    -0.13123286518128538,
    -0.13563815030411572,
    -0.12253747115309394,
    -0.09769754607998825,
    -0.06881394097301813,
    -0.03929245718459304,
    -0.0171490205651264,
    -0.012996194879550347,
    -0.025436834925620582,
    -0.03611486163171708,
    -0.024193097502157937,
    0.0066242278630513724,
    0.027318417517694375,
    0.018595166058790587,
    -0.006851494347088858,
    -0.021986247823628142,
    -0.024836439213813274,
    -0.04257675324440896,
    -0.08350617532634041,
    -0.1121349550459074,
    -0.0946662159729828,
    -0.04535257904051128,
    -0.002848635747765082,
    0.012410373050038864,
    0.006672968086879576,
    -0.0007238540902509308,
    -0.00025697620813023046,
    0.001525389089923648,
    -0.002455745158624176,
    -0.011169261978815601,
    -0.020422167656838994,
    -0.02675679305664251,
    -0.028663574237280276,
    -0.029309346036703945,
    -0.026412644509616306,
    -0.014643810099526838,
    0.0003837014856200991,
    0.01105920558147619,
    0.018982138129412993,
    0.023364130425357368,
    0.019086673872911002
  ],
  "my": [
    -4.576029019123937e-17,
    0.0010122318895643828,
    -0.004422078000791095,
    -0.006983070465020383,
    -0.005960368397142753,
    0.00838895039066808,
    0.027926267773855082,
    0.022019887808009238,
    0.007569050108538703,
    0.010712871735105536,
    0.023913709990929274,
    0.036172150760422316,
    0.0307495782844684,
    0.00694402559803144,
    -0.010455838661230349,
    -0.013448959388153305,
    -0.008801756347092852,
    -0.002976096635348779,
    -0.002718772266313205,
    -0.0048113070076604555,
    -0.0008485818434634856,
    0.008248339752699218,
    0.010753043959824507,
    0.0027197239903151366,
    -0.006413899585031495,
    -0.01124664210333791,
    -0.01698603885396954,
    -0.02719475619447808,
    -0.03312302030982918,
    -0.027697320214946204,
    -0.016103162359987308,
    -0.002065004607032219,
    0.005551656202150244,
    -0.005507618607974312,
    -0.021088585298485108,
    -0.017817695118522093,
    -0.008239382636920086,
    -0.012079806518616395,
    -0.022672654110442385,
    -0.030423718933066207,
    -0.030975865319919218,
    -0.018074720664213683,
    0.003091568256169624,
    0.016736800601229708,
    0.016331346798391554,
    0.009647488245746507,
    0.009791471188650126,
    0.012746181556137421,
    0.015789628289407623,
    0.018335237564330815,
    0.0076705437701758954,
    -0.00627180302314452,
    -0.01127199207818137,
    -0.01886377243860255,
    -0.029521028133947816,
    -0.037239256072651626,
    -0.040610365350366356,
    -0.03423380037258014,
    -0.025805629434552762,
    -0.029866684667378005,
    -0.04293156853011664,
    -0.05158777470691453,
    -0.04839019277124407,
    -0.03784322704688407,
    -0.026519196505344473,
    -0.015899301798261815,
    -0.004388578758321478,
    0.010968111856532093,
    0.02370035690714086,
    0.023190024314350362,
    0.0149658948616352,
    0.00972958225732766,
    -0.0012469162921802885,
    -0.02035951992920444,
    -0.03526196727718772,
    -0.0460263034911674,
    -0.0483873097887729,
    -0.03411550996540252,
    -0.013237600723067632,
    -0.005653773200750033,
    -0.008279828247586123,
    -0.0010031477360503461,
    0.01074126648060215,
    0.011986143856707866,
    0.002940903267626276,
    -0.006265648473657461,
    -0.003626542902085176,
    0.005651566002512468,
    0.005598297885122098,
    -0.001967510367451613,
    -0.0012135578275586352,
    0.008462724385207208,
    0.0119634600331782,
    0.005993528296233706,
    0.00016630036602210344,
    -0.0011341565300127532,
    -0.00025906718639176637,
    -0.004252695542882886,
    -0.012003749257363248,
    -0.012839196171404187
  ],