{
  "positive_frequencies": [
    0.0,
    0.07734375,
    0.1546875,
    0.23203125000000002,
    0.309375,
    0.38671875,
    0.46406250000000004,
    0.54140625,
    0.61875,
    0.6960937500000001,
    0.7734375,
    0.85078125,
    0.9281250000000001,
    1.0054687500000001,
    1.0828125,
    1.16015625,
    1.2375,
    1.31484375,
    1.3921875000000001,
    1.46953125,
    1.546875,
    1.62421875,
    1.7015625,
    1.7789062500000001,
    1.8562500000000002,
    1.93359375,
    2.0109375000000003,
    2.08828125,
    2.165625,
    2.24296875,
    2.3203125,
    2.3976562500000003,
    2.475,
    2.55234375,
    2.6296875,
    2.70703125,
    2.7843750000000003,
    2.86171875,
    2.9390625,
    3.01640625,
    3.09375,
    3.1710937500000003,
    3.2484375,
    3.32578125,
    3.403125,
    3.48046875,
    3.5578125000000003,
    3.63515625,
    3.7125000000000004,
    3.78984375,
    3.8671875,
    3.9445312500000003,
    4.0218750000000005,
    4.09921875,
    4.1765625,
    4.25390625,
    4.33125,
    4.4085937500000005,
    4.4859375,
    4.56328125,
    4.640625,
    4.71796875,
    4.7953125000000005,
    4.87265625,
    4.95
  ],
  "mx_fft_pos": [
    0.023367436189518163,
    0.02670333748095185,
    0.02588362084815029,
    0.020715927903456145,
    0.015658147474668743,
    0.01387555551946459,
    0.014159158002210294,
    0.009712365130950374,
    0.009302329412401587,
    0.006475991708068878,
    0.003907055228527108,
    0.006564433386471297,
    0.008061768314972323,
    0.005180263929254703,
    0.0006131950689266802,
    0.003999019419787881,
    0.005703644243993302,
    0.0045536116047653116,
    0.0027201677435797844,
    0.002784778418931138,
    0.003116969986835563,
    0.0024211065640735,
    0.000377715180871984,
    0.002945015291607242,
    0.004251490835883061,
    0.0027188323232067877,
    0.00043219051492035564,
    0.0014953410959595804,
    0.002479934025263421,
    0.002265609420552944,
    0.0011209699099562756,
    0.00019669227111585388,
    0.0001697317523931701,
    0.00022147270162825876,
    0.0004418808013196821,
    0.0005683850634420551,
    0.0005596947356641566,
    0.000543642801292498,
    0.0004504063380939801,
    0.00037993669056847945,
    0.0002981522428470136,
    0.0001401787288215596,
    5.378822076077531e-05,
    6.516303963299833e-05,
    6.365676735615201e-05,
    5.181085539111974e-05,
    4.0454285673110184e-05,
    4.728361201879281e-05,
    5.390535519676936e-05,
    4.7706440717010826e-05,
    2.8069618250422678e-05,
    2.32204620581939e-05,
    1.5703572569974684e-05,
    1.2271333498267932e-05,
    1.77443166900532e-05,
    1.0543595552589338e-05,
    4.2852035072206345e-06,
    4.041855433727982e-06,
    4.553432474900056e-06,
    3.4458036779062717e-06,
    1.1756155088676374e-06,
    8.576044325676847e-07,
    8.818168088292529e-07,
    1.1418028654753182e-06,
    2.932732566995888e-07
  ],
  "my_fft_pos": [
    0.011043414030898932,
    0.00864825939262438,
    0.003645635192627874,
    0.004746847984025087,
    0.006905149230032162,
    0.00807054983452253,
    0.008497738254159889,
    0.007485344261743924,
    0.00491221597368749,
    0.0009473503821903142,
    0.004249625400883235,
    0.005886300776121401,
    0.0024065242317897755,
    0.0018815177372098783,
    0.0024920583778480763,
    0.001515456400584421,
    0.001170715485791945,
    0.0014440950803963405,
    0.0019569390406939087,
    0.0021987443381953457,
    0.0014965422527890996,
    0.0013123008193240348,
    0.001721530823865136,
    0.001807283740940302,
    0.002153401738968934,
    0.002368649195456713,
    0.0011188426974378036,
    0.0008229573823956065,
    0.0008802332614074217,
    0.00035729073469829625,
    0.0003518966093351194,
    0.00022394623720789936,
    0.00015168615674313399,
    0.00032337704803793194,
    0.00015941656670525074,
    0.00032319450301458773,
    0.000557003389844562,
    0.00037951024057677265,
    0.00034928278721181865,
    0.0005736035657726328,
    0.0004760688284905139,
    0.0002360388783851857,
    6.0046140905828727e-05,
    7.053083771298866e-05,
    0.00017178673635821987,
    0.0002287807112242677,
    0.00021419901318253974,
    0.0002012666913795378,
    0.00015635161983439447,
    7.553412731855693e-05,
    5.003509477339331e-05,
    6.943633926620086e-05,
    5.4384387774873274e-05,
    2.107782373008881e-05,
    1.651051363783604e-06,
    2.1926083413786532e-05,
    2.8473722257997056e-05,
    2.048967173243699e-05,
    8.316228044739259e-06,
    6.6878730072783045e-06,
    7.14238878986597e-06,
    5.975966698096948e-06,
    5.048009741998221e-06,
    4.0452821429726054e-06,
    3.531997772183715e-06
  ],
  "mz_fft_pos": [
    0.0031048045613078345,
    0.010362338633266506,
    0.013599914811487335,
    0.011512170586968594,
    0.008042964902112523,
    0.0029453033748880354,
    0.0038984278495314845,
    0.007293284942942397,
    0.008613286333057132,
    0.005381559054834637,
    0.002174280892714066,
    0.005541104809382414,
    0.0034351334025542407,
    0.0008494039739941873,
    0.0026441636473972306,
    0.002754823333109853,
    0.001352704410991495,
    0.001110297649026819,
    0.002303360252978999,
    0.0016725035640491176,
    0.0014131804833704407,
    0.001210759693554338,
    0.0009068758621748169,
    0.0008056339563370689,
    0.0008072188142087229,
    0.00072881302982046,
    0.0005466374803502688,
    0.00019632206869988296,
    0.00012130128511118777,
    0.00012097362541146893,
    0.00031236994788089357,
    0.0003601883578043167,
    0.0002140376797292201,
    0.00018767836778377217,
    0.00022174390118592498,
    7.64656911708471e-05,
    0.00016805219199353148,
    0.00019949165226696968,
    0.00011133733625956103,
    4.868945278088147e-05,
    0.00010551476605909232,
    6.541212650636916e-05,
    2.5597790350876517e-05,
    1.5450266394901387e-05,
    6.324182411548049e-06,
    3.0437899678755804e-05,
    3.344868647717926e-05,
    3.171366150427706e-05,
    3.121733907865368e-05,
    1.862654775994035e-05,
    1.8150602383516239e-06,
    4.104941690244121e-06,
    9.093494281422139e-07,
    5.042819384641955e-06,
    6.379705658861461e-06,
    4.953728185466259e-06,
    7.374082495585592e-06,
    7.344034091853706e-06,
    7.035318703993953e-06,
    5.577553958518222e-06,
    4.21394809574477e-06,
    3.6843681002441667e-06,
    3.75526214823127e-06,
    2.914175427476266e-06,
    2.621051083581405e-06
  ]
}