{
  "positive_frequencies": [
    0.0,
    0.07734375,
    0.1546875,
    0.23203125000000002,
    0.309375,
    0.38671875,
    0.46406250000000004,
    0.54140625,
    0.61875,
    0.6960937500000001,
    0.7734375,
    0.85078125,
    0.9281250000000001,
    1.0054687500000001,
    1.0828125,
    1.16015625,
    1.2375,
    1.31484375,
    1.3921875000000001,
    1.46953125,
    1.546875,
    1.62421875,
    1.7015625,
    1.7789062500000001,
    1.8562500000000002,
    1.93359375,
    2.0109375000000003,
    2.08828125,
    2.165625,
    2.24296875,
    2.3203125,
    2.3976562500000003,
    2.475,
    2.55234375,
    2.6296875,
    2.70703125,
    2.7843750000000003,
    2.86171875,
    2.9390625,
    3.01640625,
    3.09375,
    3.1710937500000003,
    3.2484375,
    3.32578125,
    3.403125,
    3.48046875,
    3.5578125000000003,
    3.63515625,
    3.7125000000000004,
    3.78984375,
    3.8671875,
    3.9445312500000003,
    4.0218750000000005,
    4.09921875,
    4.1765625,
    4.25390625,
    4.33125,
    4.4085937500000005,
    4.4859375,
    4.56328125,
    4.640625,
    4.71796875,
    4.7953125000000005,
    4.87265625,
    4.95
  ],
  "mx_fft_pos": [
    0.002695674567499694,
    0.004609676650133595,
    0.005912098796293871,
    0.006882405755139458,
    0.005406021935825896,
    0.0037629589814492702,
    0.006754895474234608,
    0.0057934900104354,
    0.004594309595193815,
    0.007622042665428367,
    0.007172916677748188,
    0.00811759984039386,
    0.01065623542819634,
    0.009095927449212601,
    0.01616059686197001,
    0.014062108093999373,
    0.010801862233962073,
    0.0077346213866948095,
    0.0029163134479630857,
    0.010593497196785713,
    0.012445374872284363,
    0.009420422229061132,
    0.005308049065578645,
    0.002543617432594254,
    0.004070028003130956,
    0.008405622090298303,
    0.010182909959342184,
    0.007290211618809305,
    0.004193586676897468,
    0.005943529076502424,
    0.009586900159639544,
    0.012227909827341026,
    0.012949691443281383,
    0.008224851550201653,
    0.001437685263676232,
    0.002537456510356589,
    0.0008955152629424829,
    0.005062267819148519,
    0.0074194311947396,
    0.010529609031452837,
    0.012019063875795388,
    0.007080233337211987,
    0.0027628636747084497,
    0.0076888610440656695,
    0.007658792086508168,
    0.0045921080965459025,
    0.0036133716835681454,
    0.004218943913578721,
    0.0024533063623202677,
    0.0014742898783087054,
    0.003606958261212723,
    0.003194954767222849,
    0.0038709467107794896,
    0.0037694130731461078,
    0.003187038419717512,
    0.0036413840880559338,
    0.003244369374047033,
    0.00140610493663927,
    0.0014167179737279007,
    0.0024801166076091185,
    0.0025595258262462216,
    0.0021094946642785982,
    0.002479726931624606,
    0.003944202551853753,
    0.004592264132682505
  ],
  "my_fft_pos": [
    0.00023131750572025434,
    0.0017469806690722225,
    0.0050826515010784536,
    0.009343603065211665,
    0.009147582263952368,
    0.007505111509836362,
    0.009070400632427358,
    0.014661274789810967,
    0.01654034362563582,
    0.011740226939345748,
    0.008778172587217706,
    0.002666833122194692,
    0.007164120087376127,
    0.010590243266768289,
    0.007151665122950648,
    0.007264429193396724,
    0.006073627013038402,
    0.002711400318329599,
    0.008386850055550532,
    0.016116819696536687,
    0.015701778493118032,
    0.006338537744343922,
    0.005329003118395006,
    0.011478345095656812,
    0.008129577134658846,
    0.0008277126179946605,
    0.007135453254059026,
    0.008826130448727489,
    0.007991045546370945,
    0.008262312727652436,
    0.009028360935169592,
    0.008314109398434693,
    0.006110091629429948,
    0.0031250177477831547,
    0.0011670560030193613,
    0.002880291958006511,
    0.004935771526626565,
    0.0033434023283445474,
    0.0019189608102882152,
    0.0031828401183089166,
    0.006144159250741748,
    0.006383594394982039,
    0.004582711031396253,
    0.004579219355173102,
    0.0031624217599108316,
    0.002190303613838333,
    0.004178171327547229,
    0.006047440293175302,
    0.00445522044485101,
    0.001296923339670161,
    0.0029515585247341376,
    0.0024500960990005726,
    0.0011270116716234951,
    0.0020074138030262353,
    0.0037105845676410525,
    0.003840216084316048,
    0.0027022115450641942,
    0.0014589490049783742,
    0.0013091016015302245,
    0.0016476708445751932,
    0.0008896111886793444,
    0.001993085017441846,
    0.002507375667046224,
    0.001231426235890508,
    0.00013530686663375979
  ],
  "mz_fft_pos": [
    0.0031260685127918546,
    0.004842317437364632,
    0.004703511788255373,
    0.020042742266335734,
    0.036320565440372946,
    0.04001522093111903,
    0.03087955750990413,
    0.01601024987851206,
    0.0031738389852986777,
    0.008126131206973171,
    0.011443927761506696,
    0.009232694076687288,
    0.009792265482397972,
    0.004868814007015761,
    0.01602883599905376,
    0.0237533674859978,
    0.014375450736924504,
    0.003363626000314763,
    0.007867037637752941,
    0.011707582113195858,
    0.011812775695396587,
    0.008886906264843493,
    0.0038256234818257974,
    0.004952965417177794,
    0.017394065153101684,
    0.022099270841343985,
    0.011571570262961866,
    0.0017900770040350281,
    0.002523605931412636,
    0.005626178564594301,
    0.005558882114500027,
    0.013070241547328297,
    0.014412728173497435,
    0.008914866260710927,
    0.005623941226216278,
    0.005652757691057156,
    0.005200714009550979,
    0.0022943713950154933,
    0.0011906128449437495,
    0.001560067982962775,
    0.0010843606771825632,
    0.003952222674488104,
    0.004238417973693272,
    0.0003971168460080937,
    0.002081758851069947,
    0.0020161974292211508,
    0.0013665204137948228,
    0.0021412343318487075,
    0.004634371379126169,
    0.00303611666500489,
    0.001470292361684599,
    0.00257572476936022,
    0.0016106713547792222,
    0.0009760740908512584,
    0.0008872982016485431,
    0.0012263664765172545,
    0.0012221103978923272,
    0.0014706291173164085,
    0.0011484340673339707,
    0.0006991773691555912,
    0.00022947663123786208,
    0.0002683420116834799,
    0.00024253049882284945,
    0.00015100866851765625,
    0.0002828281100018842
  ]
}