{
  "positive_frequencies": [
    0.0,
    0.07734375,
    0.1546875,
    0.23203125000000002,
    0.309375,
    0.38671875,
    0.46406250000000004,
    0.54140625,
    0.61875,
    0.6960937500000001,
    0.7734375,
    0.85078125,
    0.9281250000000001,
    1.0054687500000001,
    1.0828125,
    1.16015625,
    1.2375,
    1.31484375,
    1.3921875000000001,
    1.46953125,
    1.546875,
    1.62421875,
    1.7015625,
    1.7789062500000001,
    1.8562500000000002,
    1.93359375,
    2.0109375000000003,
    2.08828125,
    2.165625,
    2.24296875,
    2.3203125,
    2.3976562500000003,
    2.475,
    2.55234375,
    2.6296875,
    2.70703125,
    2.7843750000000003,
    2.86171875,
    2.9390625,
    3.01640625,
    3.09375,
    3.1710937500000003,
    3.2484375,
    3.32578125,
    3.403125,
    3.48046875,
    3.5578125000000003,
    3.63515625,
    3.7125000000000004,
    3.78984375,
    3.8671875,
    3.9445312500000003,
    4.0218750000000005,
    4.09921875,
    4.1765625,
    4.25390625,
    4.33125,
    4.4085937500000005,
    4.4859375,
    4.56328125,
    4.640625,
    4.71796875,
    4.7953125000000005,
    4.87265625,
    4.95
  ],
  "mx_fft_pos": [
    0.07431362605303482,
    0.08204009191324958,
    0.084570642455678,
    0.062354684312066144,
    0.026751018801331197,
    0.007925806187367488,
    0.03694935673576964,
    0.0477819624864183,
    0.04487887187463532,
    0.04802272525236011,
    0.04856513804834262,
    0.04808132896647461,
    0.05470851140271708,
    0.04425883903810683,
    0.011022445223716591,
    0.04264054913147119,
    0.040064803867053876,
    0.004999781876693335,
    0.02432580045392926,
    0.017543663973335975,
    0.00281035007619844,
    0.010798337651756187,
    0.024772378412492344,
    0.039512078767643295,
    0.045565373859268954,
    0.034283210201238055,
    0.017492858501128524,
    0.009158849830235094,
    0.009253834063245757,
    0.006488476716970335,
    0.01598053617582586,
    0.018620711103964266,
    0.011808988862613824,
    0.010897986453482288,
    0.012142904339903338,
    0.005504231019407339,
    0.000988087559246464,
    0.00264011893312582,
    0.00739248552822081,
    0.00927533130823965,
    0.006032717332956406,
    0.002112651232392503,
    0.0020657700513729226,
    0.0031003425744248964,
    0.0022584514896824255,
    0.0005836856993921855,
    0.0007892809636828682,
    0.003490103543129699,
    0.0037770905087384054,
    0.0008967422588922485,
    0.0014135356910579884,
    0.0026553183470454807,
    0.0020075002157758765,
    0.0010032778153499153,
    0.0012679720420214894,
    0.0008267418745275097,
    0.0004844864598496918,
    0.0005946759264959986,
    0.0003859161876001145,
    0.0005573058195368062,
    0.00019144054723408056,
    0.0004891655984949827,
    0.0003755921532363012,
    0.0001952321996471064,
    0.0004949756040218922
  ],
  "my_fft_pos": [
    0.030030465092591784,
    0.04774280247322291,
    0.05285319391996053,
    0.036394216300749,
    0.026057065270216326,
    0.025350524047868642,
    0.027059555930195472,
    0.0318745343863959,
    0.03654720447487507,
    0.032865251369687466,
    0.030690301855467044,
    0.0349113261447016,
    0.030675377785099614,
    0.03357561866166491,
    0.050611105376255565,
    0.05510629709279273,
    0.02945358481704741,
    0.017602031358148026,
    0.03204359936295982,
    0.032232850574649884,
    0.02063183032900617,
    0.03147396570603634,
    0.034562110283510916,
    0.026794857620146516,
    0.006585967474277666,
    0.01677805235334668,
    0.022468360880973384,
    0.019427138168787203,
    0.019225863753496275,
    0.021810694487903716,
    0.020304959484352132,
    0.012660678924272745,
    0.008436687740520369,
    0.005625478765967405,
    0.006865950993580431,
    0.005934228718627593,
    0.012876813314187465,
    0.010578747893399996,
    0.0062614913536642915,
    0.008521400373077845,
    0.006266359637067339,
    0.0045259200149339145,
    0.0039942863816492345,
    0.007136942492693408,
    0.008538620503329885,
    0.0046896947073694455,
    0.0014117241742710514,
    0.0013036522955554239,
    0.001847402170642174,
    0.0011418321739631357,
    0.0022013206905613157,
    0.0017733348602219862,
    0.0002913218416165238,
    0.000928275139208854,
    0.00017000963917335462,
    0.00023999107636588275,
    0.0016097515860309026,
    0.0011095759494516315,
    0.0009124036196167337,
    0.0004491476039077183,
    0.00020887075058165992,
    0.00042367818556129276,
    0.00037311852771358575,
    0.00044693443322647646,
    7.868497593199741e-05
  ],
  "mz_fft_pos": [
    0.00944580747978257,
    0.02162352594648184,
    0.035725529286819,
    0.03907445513423313,
    0.025017688987730977,
    0.026708242546292848,
    0.06835201258502002,
    0.04996167305520678,
    0.03181573303606914,
    0.07535346927774463,
    0.06291753757398404,
    0.02773921292782271,
    0.03166027623178736,
    0.007015131600019787,
    0.025535302605156972,
    0.018278438315195662,
    0.023789675776214034,
    0.03612832282408911,
    0.028465544248979464,
    0.017668277062764186,
    0.016119854855518426,
    0.028184352421296858,
    0.03366002900644255,
    0.030017002444292666,
    0.02696274142473708,
    0.02609834491274551,
    0.018017820638362807,
    0.011997994464220538,
    0.009259039783513863,
    0.005531150313611166,
    0.01274687757316254,
    0.014115086527601208,
    0.011659664668943746,
    0.010817268781441165,
    0.009869861199178785,
    0.008841682003974886,
    0.0034440965327757534,
    0.005841916287728455,
    0.005867216172299877,
    0.005499930473413173,
    0.003413309112212621,
    0.0017526165570216881,
    0.00415006527139716,
    0.002074981601063305,
    0.0005583462255746054,
    0.0014814821426501756,
    0.0015206297001194424,
    0.0007356065265060573,
    0.00048166335140841204,
    0.0003789275141931163,
    0.0007701186393267828,
    0.00040354288642188333,
    0.0008907532246933843,
    0.00045627096058356256,
    0.0003415662407188211,
    0.00042409149509501867,
    0.0003286445536446226,
    0.00021187440937738746,
    0.0001332372995647196,
    8.531456397163772e-05,
    2.9687776011239638e-05,
    1.783795612639532e-05,
    8.930273883200911e-06,
    7.517972250023726e-07,
    1.4889802237849637e-08
  ]
}