{
  "times": [
    0.0,
    0.10101010101010101,
    0.20202020202020202,
    0.30303030303030304,
    0.40404040404040403,
    0.5050505050505051,
    0.6060606060606061,
    0.7070707070707071,
    0.8080808080808081,
    0.9090909090909091,
    1.0101010101010102,
    1.1111111111111112,
    1.2121212121212122,
    1.3131313131313131,
    1.4141414141414141,
    1.5151515151515151,
    1.6161616161616161,
    1.7171717171717171,
    1.8181818181818181,
    1.9191919191919191,
    2.0202020202020203,
    2.121212121212121,
    2.2222222222222223,
    2.323232323232323,
    2.4242424242424243,
    2.525252525252525,
    2.6262626262626263,
    2.727272727272727,
    2.8282828282828283,
    2.929292929292929,
    3.0303030303030303,
    3.131313131313131,
    3.2323232323232323,
    3.3333333333333335,
    3.4343434343434343,
    3.5353535353535355,
    3.6363636363636362,
    3.7373737373737375,
    3.8383838383838382,
    3.9393939393939394,
    4.040404040404041,
    4.141414141414141,
    4.242424242424242,
    4.343434343434343,
    4.444444444444445,
    4.545454545454545,
    4.646464646464646,
    4.747474747474747,
    4.848484848484849,
    4.94949494949495,
    5.05050505050505,
    5.151515151515151,
    5.252525252525253,
    5.353535353535354,
    5.454545454545454,
    5.555555555555555,
    5.656565656565657,
    5.757575757575758,
    5.858585858585858,
    5.959595959595959,
    6.0606060606060606,
    6.161616161616162,
    6.262626262626262,
    6.363636363636363,
    6.4646464646464645,
    6.565656565656566,
    6.666666666666667,
    6.767676767676767,
    6.8686868686868685,
    6.96969696969697,
    7.070707070707071,
    7.171717171717171,
    7.2727272727272725,
    7.373737373737374,
    7.474747474747475,
    7.575757575757575,
    7.6767676767676765,
    7.777777777777778,
    7.878787878787879,
    7.979797979797979,
    8.080808080808081,
    8.181818181818182,
    8.282828282828282,
    8.383838383838384,
    8.484848484848484,
    8.585858585858587,
    8.686868686868687,
    8.787878787878787,
    8.88888888888889,
    8.98989898989899,
    9.09090909090909,
    9.191919191919192,
    9.292929292929292,
    9.393939393939394,
    9.494949494949495,
    9.595959595959595,
    9.696969696969697,
    9.797979797979798,
    9.8989898989899,
    10.0
  ],
  "mx": [
    0.08441625214488781,
    0.0767763360243066,
    0.04666916775290808,
    0.016115024914293823,
    -0.004450433260387011,
    -0.020037818461264956,
    -0.024332659028772508,
    -0.03551394768650513,
    -0.09563849936264893,
    -0.17239600914880315,
    -0.21356461009032549,
    -0.2180312983043139,
    -0.19607358820359097,
    -0.15723647191782986,
    -0.115137357099602,
    -0.08458891554868306,
    -0.07544551336425763,
    -0.04365049900558619,
    0.021488542322837527,
    0.07170481592265965,
    0.0678258243007468,
    0.0364936591200439,
    0.020291574611829583,
    -0.0024404748948651236,
    -0.039918184865403085,
    -0.0715169883734273,
    -0.0956736646639305,
    -0.1169610482709511,
    -0.10277058169224881,
    -0.039347905285504706,
    0.01063740719236781,
    -0.0024101386007056706,
    -0.022938253780976248,
    0.0025640257431991643,
    0.04304525032674692,
    0.0829657278095664,
    0.11494465152080507,
    0.12129264061132883,
    0.1036924993832728,
    0.04644151001933576,
    -0.024570015321076142,
    -0.032034467648349704,
    0.027089582211312257,
    0.0729640394522551,
    0.06955238231496147,
    0.049691200536785135,
    0.022426024803530065,
    -0.022062146342117433,
    -0.05668773791363221,
    -0.02934804344624315,
    0.033028943556402644,
    0.07196674237749907,
    0.08501735772328423,
    0.0729504981378913,
    0.04110016894626004,
    0.012160475263069912,
    -0.007308661851508176,
    -0.021749400486733857,
    -0.02429889442369646,
    -0.04173427541259156,
    -0.10890182657209496,
    -0.18221246179266068,
    -0.21633627031300773,
    -0.21620325453041045,
    -0.19034086262051936,
    -0.1504419277117672,
    -0.10857463662277421,
    -0.08229653296403662,
    -0.0730693544901203,
    -0.03438637029122851,
    0.03225608045225337,
    0.07503609134388999,
    0.06290179913533658,
    0.032706848335436384,
    0.01791929335597153,
    -0.008098440913350673,
    -0.045887815670198534,
    -0.07565278477199067,
    -0.0997052517687375,
    -0.11828058796923108,
    -0.09489112752553074,
    -0.02800248566528464,
    0.012668662078273727,
    -0.00781084777448522,
    -0.021686231623034437,
    0.00914584257275567,
    0.04954816352872569,
    0.08931579275731034,
    0.11788417951648161,
    0.12007246812097537,
    0.09757797715809093,
    0.03359597635900021,
    -0.03157079962462859,
    -0.025370514169803217,
    0.03774519777082994,
    0.07522190101025392,
    0.06658235267869607,
    0.04610343391963663,
    0.01627277413318063,
    -0.029939170203083214
  ],
  "my": [
    0.11187059548522285,
    0.08989291561224404,
    0.06948158239052638,
    0.0523832193270835,
    0.0076627358622716425,
    -0.05213183847782838,
    -0.0306415621528865,
    0.03030554099964306,
    -0.007913345501858782,
    -0.09539431122343323,
    -0.1309295117266741,
    -0.13293581758860518,
    -0.15810418612482244,
    -0.1815317619911971,
    -0.1224966138761561,
    0.012332784379156393,
    0.10914806183573399,
    0.15456058195124134,
    0.1750526623828985,
    0.17207043108920608,
    0.13423546972801623,
    0.07659387712082731,
    0.023594893837950565,
    -0.05025701224984337,
    -0.10534273815600514,
    -0.11216716053187209,
    -0.10450173627293433,
    -0.11273770922653477,
    -0.11728778214729076,
    -0.06331008263747241,
    0.02610899680960606,
    0.05997164088642237,
    0.03876591932282632,
    0.010394172573408843,
    -0.023642302522716367,
    -0.038067062140953255,
    -0.02807645358300747,
    -0.021492040435787393,
    -0.023689787658170928,
    -0.01672399464235474,
    0.016501829353924167,
    0.06719977116007281,
    0.10530236525364198,
    0.09055023402449547,
    0.05307285402542296,
    0.05836568675819339,
    0.09899188571671425,
    0.10921078875149196,
    0.09176830231441482,
    0.10729394459838953,
    0.1344919168309314,
    0.12862466739387746,
    0.10844824418830093,
    0.08614458264870595,
    0.06690618875513561,
    0.047904797409003955,
    -0.003246624595359947,
    -0.05615100362108678,
    -0.018837892350220906,
    0.03220600884274207,
    -0.022482444843229404,
    -0.10586158650823714,
    -0.13157131637225142,
    -0.1349552792067134,
    -0.1639666878172883,
    -0.1794357972059438,
    -0.10276834190993721,
    0.032934108880714276,
    0.11895406017674216,
    0.15948374672679957,
    0.17625579616657336,
    0.16864554954470906,
    0.12485249703803038,
    0.06814495502578893,
    0.013002132586823518,
    -0.062367643600109185,
    -0.10927416695038655,
    -0.11077319475418321,
    -0.10447070415133909,
    -0.11520246248163987,
    -0.11342790753397719,
    -0.04864735792263288,
    0.03711514498577609,
    0.05859147901871985,
    0.03423328490542046,
    0.005058240053896819,
    -0.028253932902237648,
    -0.037362459001829204,
    -0.026226611839381807,
    -0.02154638242813664,
    -0.023798123301444127,
    -0.013214121938866393,
    0.024154769928412936,
    0.07551707793048135,
    0.1069392707761319,
    0.08395292874789267,
    0.04997052148584731,
    0.06420675530457137,
    0.10412234128517744,
    0.10653546832729752
  ],